item_id,fonte,ano,codificacao,descritor,numero,numero_pdf,topico_saeb,pagina_inicio,pagina_fim,enunciado,alt_a,alt_b,alt_c,alt_d,gabarito_inline,n_imagens,formula_corrompida,expressao_vetorial,observacoes,texto_original,origem_item,gabarito,lote,termos_deiticos,sinal_imagem,sinal_deitico,depende_figura,alternativas_completas,apto_verificacao,gabarito_revisado,duplicata_de,revisao
sedu_ama5_2023t1-D002_M-01,sedu_ama5_2023t1,5,PAEBES_M,D002_M,1,1,(fonte sem tópico SAEB),4,5,Observe a reta numérica abaixo. Ela está dividida em segmentos de mesma medida. Qual é o número representado pelo ponto P?,25,26,30,35,,1,False,False,,"(SADEAM). Observe a reta numérica abaixo. Ela está dividida em segmentos de mesma medida.
Qual é o número representado pelo ponto P?
A) 25
B) 26
C) 30
D) 35",SADEAM,C,1,abaixo,True,True,True,True,False,C,,
sedu_ama5_2023t1-D002_M-02,sedu_ama5_2023t1,5,PAEBES_M,D002_M,2,2,(fonte sem tópico SAEB),5,5,Observe abaixo a reta numérica que Beatriz desenhou. Essa reta está dividida em segmentos de mesma medida. Qual é o número representado pelo ponto T nessa reta?,631,635,636,640,,1,False,False,,"(SAEPE). Observe abaixo a reta numérica que Beatriz desenhou. Essa reta está dividida em segmentos de mesma medida.
Qual é o número representado pelo ponto T nessa reta?
A) 631
B) 635
C) 636
D) 640",SAEPE,B,1,abaixo,True,True,True,True,False,B,,
sedu_ama5_2023t1-D002_M-03,sedu_ama5_2023t1,5,PAEBES_M,D002_M,3,3,(fonte sem tópico SAEB),5,5,Observe a reta numérica abaixo. Ela está dividida em partes iguais. Qual é o número representado pelo ponto R nessa reta numérica?,29,31,32,33,,1,False,False,,"(SAEMI - PE). Observe a reta numérica abaixo. Ela está dividida em partes iguais.
Qual é o número representado pelo ponto R nessa reta numérica?
A) 29
B) 31
C) 32
D) 33",SAEMI - PE,B,1,abaixo,True,True,True,True,False,B,,
sedu_ama5_2023t1-D005_M-01,sedu_ama5_2023t1,5,PAEBES_M,D005_M,1,1,(fonte sem tópico SAEB),8,8,A professora pediu a Júlia para decompor um número e ela fez da seguinte forma: 3 x 1000 + 5 x 100 + 7. Qual foi o número pedido pela professora?,357,3 057,3 507,3 570,,0,False,False,,"(SEAPE). A professora pediu a Júlia para decompor um número e ela fez da seguinte forma:
3 x 1000 + 5 x 100 + 7.
Qual foi o número pedido pela professora?
A) 357
B) 3 057
C) 3 507
D) 3 570",SEAPE,C,1,,False,False,False,True,True,C,,
sedu_ama5_2023t1-D005_M-02,sedu_ama5_2023t1,5,PAEBES_M,D005_M,2,2,(fonte sem tópico SAEB),8,8,A calculadora de Suely registrava o seguinte número 28 364 Um possível cálculo para esse número pode ter sido,2×10.000 + 8×10.000 + 3×100 + 6×10 + 4×1,2×10.000 + 8×1.000 + 3×100 + 6×10 + 4×1.,2×10.000 + 8×100 + 3×10 + 6×10 + 4×1.,2×100.000 + 8×10 + 3×10 + 6×10 + 4×1.,,0,False,False,,"(PORTAL MEC- ADAPTADA) A calculadora de Suely registrava o seguinte número
28 364
Um possível cálculo para esse número pode ter sido
A) 2×10.000 + 8×10.000 + 3×100 + 6×10 + 4×1
B) 2×10.000 + 8×1.000 + 3×100 + 6×10 + 4×1.
C) 2×10.000 + 8×100 + 3×10 + 6×10 + 4×1.
D) 2×100.000 + 8×10 + 3×10 + 6×10 + 4×1.",PORTAL MEC- ADAPTADA,B,1,,False,False,False,True,True,B,,
sedu_ama5_2023t1-D005_M-03,sedu_ama5_2023t1,5,PAEBES_M,D005_M,3,3,(fonte sem tópico SAEB),8,8,"Uma escola recebeu a doação de 3 caixas de 1 000 livros, mais 8 caixas de 100 livros, mais 5 pacotes de 10 livros, mais 9 livros. Esta escola recebeu",3 589 livros.,3 859 livros.,30 859 livros.,38 590 livros.,,0,False,False,,"(PROVA BRASIL) Uma escola recebeu a doação de 3 caixas de 1 000 livros, mais 8 caixas de 100 livros, mais 5 pacotes de 10
livros, mais 9 livros.
Esta escola recebeu
A) 3 589 livros.
B) 3 859 livros.
C) 30 859 livros.
D) 38 590 livros.",PROVA BRASIL,B,1,,False,False,False,True,True,B,,
sedu_ama5_2023t1-D011_M-01,sedu_ama5_2023t1,5,PAEBES_M,D011_M,1,1,(fonte sem tópico SAEB),11,11,Ana fez suco com 1/4 das laranjas que comprou. Qual foi a porcentagem de laranjas que Ana usou para fazer esse suco?,50%,40%,25%,10%,,0,False,False,,"Ana fez suco com
1/4  das laranjas que comprou.
Qual foi a porcentagem de laranjas que Ana usou para fazer esse suco?
A) 50%
B) 40%
C) 25%
D) 10%",,C,1,,False,False,False,True,True,C,,
sedu_ama5_2023t1-D011_M-02,sedu_ama5_2023t1,5,PAEBES_M,D011_M,2,2,(fonte sem tópico SAEB),11,11,José foi ao aniversário de seu primo e comeu 3/10 dos docinhos que foram servidos. De que outra maneira essa fração pode ser representada?,"3,3",3,"0,3 acertar gabarito","0,03",,0,False,False,,"(PAEBES). José foi ao aniversário de seu primo e comeu
3/10 dos docinhos que foram servidos.
De que outra maneira essa fração pode ser representada?
A) 3,3
B) 3
C) 0,3 acertar gabarito
D) 0,03",PAEBES,C,1,,False,False,False,True,True,C,,"observacao: Alternativa C traz a anotação editorial 'acertar gabarito', impressa no próprio PDF; mantida por fidelidade."
sedu_ama5_2023t1-D011_M-03,sedu_ama5_2023t1,5,PAEBES_M,D011_M,3,3,(fonte sem tópico SAEB),11,12,Observe a figura abaixo. A fração que corresponde à parte colorida na figura acima é,1/4,4/2,6/2,2/6,,1,True,False,,"(SAEP 2013). Observe a figura abaixo.
A fração que corresponde à parte colorida na figura acima é
A)
1/4
B)
4/2
C)
6/2
D)
2/6",SAEP 2013,D,1,abaixo|acima|figura,True,True,True,True,False,D,,
sedu_ama5_2023t1-D014_M-01,sedu_ama5_2023t1,5,PAEBES_M,D014_M,1,1,(fonte sem tópico SAEB),4,4,"Com os algarismos 4, 7 e 5, Carlos escreveu um número em que o 7 vale 700 unidades e o 4 vale 40 unidades. O número escrito por Carlos.",547,574,745,754,,0,False,False,,"(Saresp - 2010). Com os algarismos 4, 7 e 5, Carlos escreveu um número em que o 7 vale 700 unidades e o 4 vale 40 unidades. O
número escrito por Carlos.
A) 547
B) 574
C) 745
D) 754",Saresp - 2010,C,1,,False,False,False,True,True,C,,
sedu_ama5_2023t1-D014_M-02,sedu_ama5_2023t1,5,PAEBES_M,D014_M,2,2,(fonte sem tópico SAEB),4,4,Luísa está concorrendo a um sorteio com o número 5 798. O algarismo que ocupa a ordem das dezenas nesse número é,9,8,7,5,,0,False,False,,"(SAERO). Luísa está concorrendo a um sorteio com o número 5 798. O algarismo que ocupa a ordem das dezenas nesse número é
A) 9
B) 8
C) 7
D) 5",SAERO,A,1,,False,False,False,True,True,A,,
sedu_ama5_2023t1-D014_M-03,sedu_ama5_2023t1,5,PAEBES_M,D014_M,3,3,(fonte sem tópico SAEB),4,4,Observe o número no quadro abaixo. 3905 Qual é o valor posicional do algarismo 9 nesse número?,9,90,900,9 000,,0,False,False,,"(SAERJ). Observe o número no quadro abaixo.
3905
Qual é o valor posicional do algarismo 9 nesse número?
A) 9
B) 90
C) 900
D) 9 000",SAERJ,C,1,abaixo,False,True,True,True,False,C,,
sedu_ama5_2023t1-D022_M-01,sedu_ama5_2023t1,5,PAEBES_M,D022_M,1,1,(fonte sem tópico SAEB),5,5,Marcos percorreu 15 quilômetros de uma corrida cujo trajeto total é de 45 quilômetros. Quantos quilômetros ele ainda precisaria percorrer para completar essa corrida?,15,30,31,45,,0,False,False,,"(SAEMI - PE). Marcos percorreu 15 quilômetros de uma corrida cujo trajeto total é de 45 quilômetros. Quantos quilômetros ele ainda
precisaria percorrer para completar essa corrida?
A) 15
B) 30
C) 31
D) 45",SAEMI - PE,B,1,,False,False,False,True,True,B,,
sedu_ama5_2023t1-D022_M-02,sedu_ama5_2023t1,5,PAEBES_M,D022_M,2,2,(fonte sem tópico SAEB),5,6,"Em um restaurante foram servidas 123 refeições na segunda-feira, 151 refeições na terça-feira e, na quarta-feira, 164. Considerando esses três dias, quantas refeições foram servidas, no total, nesse restaurante?",274,315,338,438,,0,False,False,,"(SAEMI - PE). Em um restaurante foram servidas 123 refeições na segunda-feira, 151 refeições na terça-feira e, na quarta-feira, 164.
Considerando esses três dias, quantas refeições foram servidas, no total, nesse restaurante?
A) 274
B) 315
C) 338
D) 438",SAEMI - PE,D,1,,False,False,False,True,True,D,,
sedu_ama5_2023t1-D022_M-03,sedu_ama5_2023t1,5,PAEBES_M,D022_M,3,3,(fonte sem tópico SAEB),6,6,"O circo chegou na cidade e a fila se formou para os primeiros espetáculos da noite. Já entraram 540 pessoas e ainda há na fila 932 pessoas. Quantas pessoas não conseguirão assistir ao primeiro espetáculo, se o circo só tem 1200 lugares?",268,272,1 472,2 672,,0,False,False,,"(SAEB 2013). O circo chegou na cidade e a fila se formou para os primeiros espetáculos da noite. Já entraram 540 pessoas e ainda
há na fila 932 pessoas. Quantas pessoas não conseguirão assistir ao primeiro espetáculo, se o circo só tem 1200 lugares?
A) 268
B) 272
C) 1 472
D) 2 672",SAEB 2013,B,1,,False,False,False,True,True,B,,
sedu_ama5_2023t1-D023_M-01,sedu_ama5_2023t1,5,PAEBES_M,D023_M,1,1,(fonte sem tópico SAEB),9,9,"Joana foi ao mercado com sua mãe e viu o cartaz abaixo. Caso elas decidam comprar 6 mamões, quanto pagarão por eles?",4 reais.,8 reais.,12 reais.,24 reais.,,1,False,False,,"(Sobral-CE - adaptado). Joana foi ao mercado com sua mãe e viu o cartaz abaixo.
Caso elas decidam comprar 6 mamões, quanto pagarão por eles?
A) 4 reais.
B) 8 reais.
C) 12 reais.
D) 24 reais.",Sobral-CE - adaptado,B,1,abaixo,True,True,True,True,False,B,,
sedu_ama5_2023t1-D023_M-02,sedu_ama5_2023t1,5,PAEBES_M,D023_M,2,2,(fonte sem tópico SAEB),9,9,Marcelo foi a uma lanchonete em que o cliente monta seu próprio sanduíche. O cliente pode escolher entre 3 variedades de pães e 6 tipos de recheios. De quantas maneiras diferentes Marcelo pode montar um sanduíche escolhendo uma variedade de pão e um tipo de recheio?,2,3,9,18,,0,False,False,,"(SAEPE).  Marcelo foi a uma lanchonete em que o cliente monta seu próprio sanduíche. O cliente pode escolher entre 3 variedades
de pães e 6 tipos de recheios.
De quantas maneiras diferentes Marcelo pode montar um sanduíche escolhendo uma variedade de pão e um tipo de recheio?
A) 2
B) 3
C) 9
D)18",SAEPE,D,1,,False,False,False,True,True,D,,
sedu_ama5_2023t1-D023_M-03,sedu_ama5_2023t1,5,PAEBES_M,D023_M,3,3,(fonte sem tópico SAEB),9,9,"Luciana comprou um armário com 5 prateleiras. Ela organizou 255 miniaturas nessas prateleiras, colocando a mesma quantidade em cada uma delas. Quantas miniaturas foram colocadas em cada prateleira desse armário?",1 275,250,51,15,,0,False,False,,"(SAEMI - PE). Luciana comprou um armário com 5 prateleiras. Ela organizou 255 miniaturas nessas prateleiras, colocando a mesma
quantidade em cada uma delas.
Quantas miniaturas foram colocadas em cada prateleira desse armário?
A) 1 275
B) 250
C) 51
D) 15",SAEMI - PE,C,1,,False,False,False,True,True,C,,
sedu_ama5_2023t1-D044_M-01,sedu_ama5_2023t1,5,PAEBES_M,D044_M,1,1,(fonte sem tópico SAEB),6,6,A figura abaixo mostra um teatro onde as cadeiras da plateia são numeradas de 1 a 25. Mara recebeu um ingresso de presente que dizia o seguinte: Qual é a cadeira de Mara?,12,13,22,23,,2,False,False,,"(Prova Brasil). A figura abaixo mostra um teatro onde as cadeiras da plateia são numeradas de 1 a 25.
Mara recebeu um ingresso de presente que dizia o seguinte:
Qual é a cadeira de Mara?
A) 12
B) 13
C) 22
D) 23",Prova Brasil,B,1,abaixo|figura,True,True,True,True,False,B,,
sedu_ama5_2023t1-D044_M-02,sedu_ama5_2023t1,5,PAEBES_M,D044_M,2,2,(fonte sem tópico SAEB),6,7,Observe o parque de diversões representado abaixo: Assinale a alternativa que mostra a localização do carrossel.,N3.,P3.,N2.,P2,,1,False,False,,"Observe o parque de diversões representado abaixo:
Assinale a alternativa que mostra a localização do carrossel.
A) N3.
B) P3.
C) N2.
D) P2",,D,1,abaixo,True,True,True,True,False,D,,
sedu_ama5_2023t1-D044_M-03,sedu_ama5_2023t1,5,PAEBES_M,D044_M,3,3,(fonte sem tópico SAEB),7,8,"O desenho a seguir mostra uma estante onde são guardados diversos livros. Um aluno está de frente para essa estante. Nessa posição, o livro de Música é o terceiro a partir de sua:","esquerda, na prateleira do meio.","direita, na prateleira de cima.","esquerda, na prateleira de cima.","direita, na prateleira do meio.",,1,False,False,,"(Prova Brasil). O desenho a seguir mostra uma estante onde são guardados diversos livros.
Um aluno está de frente para essa estante.
Nessa posição, o livro de Música é o terceiro a partir de sua:
A) esquerda, na prateleira do meio.
B) direita, na prateleira de cima.
C) esquerda, na prateleira de cima.
D) direita, na prateleira do meio.",Prova Brasil,D,1,a seguir|desenho,True,True,True,True,False,D,,
sedu_ama5_2023t1-D060_M-01,sedu_ama5_2023t1,5,PAEBES_M,D060_M,1,1,(fonte sem tópico SAEB),13,13,"Um quiosque de praia vendeu, em um dia, 72 copos de água mineral com 100 ml cada. Nesse dia, quantos litros de água mineral, no total, foram vendidos nesse quiosque?","7,2 L",72 L,720 L,7 200 L,,0,False,False,,"(SAEMI - PE). Um quiosque de praia vendeu, em um dia, 72 copos de água mineral com 100 ml cada.
Nesse dia, quantos litros de água mineral, no total, foram vendidos nesse quiosque?
A) 7,2 L
B) 72 L
C) 720 L
D) 7 200 L",SAEMI - PE,A,1,,False,False,False,True,True,A,,
sedu_ama5_2023t1-D060_M-02,sedu_ama5_2023t1,5,PAEBES_M,D060_M,2,2,(fonte sem tópico SAEB),13,13,"Dona Clara está fazendo bolinhos de 60 g cada um. Quantos desses bolinhos ela fará com 1,2 kg de massa?",20,50,72,200,,0,False,False,,"(SAEB 2013). Dona Clara está fazendo bolinhos de 60 g cada um.
Quantos desses bolinhos ela fará com 1,2 kg de massa?
A) 20
B) 50
C) 72
D) 200",SAEB 2013,A,1,,False,False,False,True,True,A,,
sedu_ama5_2023t1-D060_M-03,sedu_ama5_2023t1,5,PAEBES_M,D060_M,3,3,(fonte sem tópico SAEB),13,13,Em um mercadinho encontram-se dois tipos de leite como podemos verificar na figura abaixo. Marcela vai comprar 2 litros de leite desnatado. O número de embalagem que Marcela vai comprar é igual a,2 embalagens.,4 embalagens.,6 embalagens.,8 embalagens.,,1,False,False,,"(SAEP 2013). Em um mercadinho encontram-se dois tipos de leite como podemos verificar na figura abaixo.
Marcela vai comprar 2 litros de leite desnatado. O número de embalagem que Marcela vai comprar é igual a
A) 2 embalagens.
B) 4 embalagens.
C) 6 embalagens.
D) 8 embalagens.",SAEP 2013,D,1,abaixo|figura,True,True,True,True,False,D,,
sedu_ama5_2023t1-D106_M-01,sedu_ama5_2023t1,5,PAEBES_M,D106_M,1,1,(fonte sem tópico SAEB),12,12,"Carla mediu o comprimento da mesa da cozinha de sua casa para comprar uma toalha. Como ela não tinha um instrumento de medida adequado, usou a medida aproximada do comprimento do palmo de sua mão. Observe abaixo o procedimento que ela usou para medir a mesa. Qual é a medida aproximada do comprimento dessa mesa que Carla mediu?",44 cm,88 cm,110 cm,132 cm,,1,False,False,,"(SAEGO). Carla mediu o comprimento da mesa da cozinha de sua casa para comprar uma toalha. Como ela não tinha um
instrumento de medida adequado, usou a medida aproximada do comprimento do palmo de sua mão. Observe abaixo o
procedimento que ela usou para medir a mesa.
Qual é a medida aproximada do comprimento dessa mesa que Carla mediu?
A) 44 cm
B) 88 cm
C) 110 cm
D) 132 cm",SAEGO,D,1,abaixo,True,True,True,True,False,D,,
sedu_ama5_2023t1-D106_M-02,sedu_ama5_2023t1,5,PAEBES_M,D106_M,2,2,(fonte sem tópico SAEB),12,12,"Pedro e Lauro mediram a largura de uma mesma janela em palmos. Para Pedro, deu 15 palmos, para Lauro de 13 palmos. Podemos concluir, então, que",Pedro tem o palmo mais curto.,Lauro tem o palmo mais curto.,o palmo de Pedro é igual ao palmo de Lauro.,o palmo de Pedro é maior que o palmo de Lauro.,,0,False,False,,"Pedro e Lauro mediram a largura de uma mesma janela em palmos. Para Pedro, deu 15 palmos, para Lauro de 13 palmos.
Podemos concluir, então, que
A) Pedro tem o palmo mais curto.
B) Lauro tem o palmo mais curto.
C) o palmo de Pedro é igual ao palmo de Lauro.
D) o palmo de Pedro é maior que o palmo de Lauro.",,A,1,,False,False,False,True,True,A,,
sedu_ama5_2023t1-D106_M-03,sedu_ama5_2023t1,5,PAEBES_M,D106_M,3,3,(fonte sem tópico SAEB),12,13,"Fernando comprou uma garrafa de 2,5 litros de refrigerante com seus amigos. Sabendo que um copo contém 200 ml de refrigerante, quantos copos Caio conseguirá encher e qual a quantidade de refrigerante irá restar na garrafa?",12 copos e 5 ml.,25 copos e 500 ml.,12 copos e 100 ml.,10 copos e 100 ml.,,0,False,False,,"(SAEP 2013). Fernando comprou uma garrafa de 2,5 litros de refrigerante com seus amigos.
Sabendo que um copo contém 200 ml de refrigerante, quantos copos Caio conseguirá encher e qual a quantidade de refrigerante irá
restar na garrafa?
A) 12 copos e 5 ml.
B) 25 copos e 500 ml.
C) 12 copos e 100 ml.
D) 10 copos e 100 ml.",SAEP 2013,C,1,,False,False,False,True,True,C,,
sedu_ama5_2023t1-D114_M-01,sedu_ama5_2023t1,5,PAEBES_M,D114_M,1,1,(fonte sem tópico SAEB),10,10,Marina comprou as mercadorias abaixo em uma papelaria. Quantos reais ela pagou por essa compra?,"R$ 11,00","R$ 11,40","R$ 12,40","R$ 124,00",,1,False,False,,"(SADEAM). Marina comprou as mercadorias abaixo em uma papelaria.
Quantos reais ela pagou por essa compra?
A) R$ 11,00
B) R$ 11,40
C) R$ 12,40
D) R$ 124,00",SADEAM,C,1,abaixo,True,True,True,True,False,C,,
sedu_ama5_2023t1-D114_M-02,sedu_ama5_2023t1,5,PAEBES_M,D114_M,2,2,(fonte sem tópico SAEB),10,10,"Carol fez compras em uma loja, gastou R$ 46,00. Se Carol recebeu R$ 5,00 de troco, que quantia ela deu para pagar as compras?","R$ 41,00","R$ 46,00","R$ 51,00","R$ 56,00",,0,False,False,,"(SAEB 2013). Carol fez compras em uma loja, gastou R$ 46,00.
Se Carol recebeu R$ 5,00 de troco, que quantia ela deu para pagar as compras?
A) R$ 41,00
B) R$ 46,00
C) R$ 51,00
D) R$ 56,00",SAEB 2013,C,1,,False,False,False,True,True,C,,
sedu_ama5_2023t1-D114_M-03,sedu_ama5_2023t1,5,PAEBES_M,D114_M,3,3,(fonte sem tópico SAEB),10,11,"Samuel economizou R$2 000,00 durante um ano para comprar os produtos abaixo. Depois de realizar essa compra, quanto sobrou para Samuel de suas economias?","R$ 1.744,90","R$ 1.366,10","R$ 476,20","R$ 255,10",,1,False,False,,"(PAEBES).  Samuel economizou R$2 000,00 durante um ano para comprar os produtos abaixo.
Depois de realizar essa compra, quanto sobrou para Samuel de suas economias?
A) R$ 1.744,90
B) R$ 1.366,10
C) R$ 476,20
D) R$ 255,10",PAEBES,D,1,abaixo,True,True,True,True,False,D,,
sedu_ama5_2024t3-D022_M-01,sedu_ama5_2024t3,5,PAEBES_M,D022_M,1,1,(fonte sem tópico SAEB),5,5,"Em 2022, o Censo do IBGE mostrou que, no Espírito Santo, o número de matrículas no ensino fundamental no estado foi de 501 919 estudantes. Se, em 2023, o número de matrículas caiu para 498 357, qual foi a redução total de matrículas no ensino fundamental de 2022 para 2023? Dados extraídos de: https://cidades.ibge.gov.br/brasil/es/panorama em 18/10/2024.",3 562 matrículas.,2 562 matrículas.,5 562 matrículas.,4 562 matrículas.,,0,False,False,,"Em 2022, o Censo do IBGE mostrou que, no Espírito Santo, o número de matrículas no ensino
fundamental no estado foi de 501 919 estudantes. Se, em 2023, o número de matrículas caiu
para 498 357, qual foi a redução total de matrículas no ensino fundamental de 2022 para 2023?
Dados extraídos de: https://cidades.ibge.gov.br/brasil/es/panorama em 18/10/2024.
A) 3 562 matrículas.
B) 2 562 matrículas.
C) 5 562 matrículas.
D) 4 562 matrículas.",,A,1,,False,False,False,True,True,A,,
sedu_ama5_2024t3-D022_M-02,sedu_ama5_2024t3,5,PAEBES_M,D022_M,2,2,(fonte sem tópico SAEB),5,5,Camila resolveu aproveitar as ofertas da semana de uma loja de departamentos. Comprou à vista uma unidade de cada mercadoria. Quanto Camila economizou em relação ao preço normal?,"R$ 240,00.","R$ 230,00.","R$ 190,00.","R$ 150,00.",,2,False,False,,"(Prova Rio). Camila resolveu aproveitar as ofertas da semana de uma loja de departamentos.
Comprou à vista uma unidade de cada mercadoria.
Quanto Camila economizou em relação ao preço normal?
A) R$ 240,00.
B) R$ 230,00.
C) R$ 190,00.
D) R$ 150,00.",Prova Rio,A,1,,True,False,True,True,False,A,,
sedu_ama5_2024t3-D022_M-03,sedu_ama5_2024t3,5,PAEBES_M,D022_M,3,3,(fonte sem tópico SAEB),6,6,"Uma professora deixou uma certa conta em seu quadro, mas algum estudante apagou três algarismos das parcelas desta conta: Qual o valor da soma dos algarismos apagados?",165.,19.,21.,2.,,3,False,False,,"(Projeto (pro)seguir) - DC- Adaptada). Uma professora deixou uma certa conta em seu quadro,
mas algum estudante apagou três algarismos das parcelas desta conta:
Qual o valor da soma dos algarismos apagados?
A) 165.
B) 19.
C) 21.
D) 2.",Projeto (pro)seguir) - DC- Adaptada,C,1,,True,False,True,True,False,C,,
sedu_ama5_2024t3-D023_M-01,sedu_ama5_2024t3,5,PAEBES_M,D023_M,1,1,(fonte sem tópico SAEB),7,7,"Em uma loja de informática, Paulo comprou: um computador no valor de 2 200 reais, uma impressora por 800 reais e três cartuchos que custam 90 reais cada um. Os objeto s foram pagos em 5 parcelas iguais. O valor de cada parcela, em reais, foi igual a:",414.,494.,600.,654.,,1,False,False,,"(Prova Brasil). Em uma loja de informática, Paulo comprou: um computador no valor de 2 200
reais, uma impressora por 800 reais e três cartuchos que custam 90 reais cada um. Os objeto
s foram pagos em 5 parcelas iguais.  O valor de cada parcela, em reais, foi igual a:
A) 414.
B) 494.
C) 600.
D) 654.",Prova Brasil,D,1,,True,False,True,True,False,D,,
sedu_ama5_2024t3-D023_M-02,sedu_ama5_2024t3,5,PAEBES_M,D023_M,2,2,(fonte sem tópico SAEB),7,7,"Num cinema, há 12 fileiras com 16 poltronas e 15 fileiras com 18 poltronas. O número total de poltronas é:",192.,270.,462.,480.,,0,False,False,,"(Prova Brasil). Num cinema, há 12 fileiras com 16 poltronas e 15 fileiras com 18 poltronas.
O número total de poltronas é:
A) 192.
B) 270.
C) 462.
D) 480.",Prova Brasil,C,1,,False,False,False,True,True,C,sedu_ama9_2023t1-D035_M-02,duplicata: Mesmo item no caderno AMA do 5º ano (D023_M) e no do 9º ano (D035_M); gabaritos iguais.
sedu_ama5_2024t3-D023_M-03,sedu_ama5_2024t3,5,PAEBES_M,D023_M,3,3,(fonte sem tópico SAEB),7,7,"No mês de janeiro foi feita uma liquidação em uma loja. Um rapaz comprou duas calças de 94 reais cada, três camisas de 65 reais cada, um tênis de 125 reais, um boné e um a sandália de 49 reais cada um. Desse total, o rapaz pagou 156 reais à vista e o restante dividiu em 3 vezes sem juros no cartão. Qual foi o valor pago em cada uma dessas parcelas?",59 reais.,150 reais.,202 reais.,254 reais.,,0,False,False,,"(PAEBES). No mês de janeiro foi feita uma liquidação em uma loja. Um rapaz comprou duas
calças de 94 reais cada, três camisas de 65 reais cada, um tênis de 125 reais, um boné e um
a sandália de 49 reais cada um. Desse total, o rapaz pagou 156 reais à vista e o restante dividiu
em 3 vezes sem juros no cartão. Qual foi o valor pago em cada uma dessas parcelas?
A) 59 reais.
B) 150 reais.
C) 202 reais.
D) 254 reais.",PAEBES,B,1,,False,False,False,True,True,B,sedu_es_9ef-D19-03,duplicata: Mesmo item (PAEBES) publicado no banco do 9º ano como D19 e no caderno AMA do 5º ano como D023_M. Aqui o gabarito (B) está correto.; observacao: Texto extraído 'um a sandália'; no PDF está 'uma sandália' (a camada de texto põe o 'a' na linha seguinte).
sedu_ama5_2024t3-D024_M-01,sedu_ama5_2024t3,5,PAEBES_M,D024_M,1,1,(fonte sem tópico SAEB),8,8,"Monique tem R$ 66,00 reais para comprar 3 camisetas. Cada camiseta custa R$ 10,75. Quanto ela receberá de troco?","R$ 33,75.","R$ 32,25.","R$ 32,15.","R$ 30,25.",,0,False,False,,"(SIMAVE). Monique tem R$ 66,00 reais para comprar 3 camisetas. Cada camiseta custa R$ 10,75.
Quanto ela receberá de troco?
A) R$ 33,75.
B) R$ 32,25.
C) R$ 32,15.
D) R$ 30,25.",SIMAVE,A,1,,False,False,False,True,True,A,,
sedu_ama5_2024t3-D024_M-02,sedu_ama5_2024t3,5,PAEBES_M,D024_M,2,2,(fonte sem tópico SAEB),8,8,"A Ana recebeu, no dia do seu aniversário, uma caixa com 15 bombons representada na figura abaixo. No mesmo dia comeu dos bombons da caixa. A quantidade de bombons que Ana comeu nesse dia foi de",5.,15.,12.,10.,,1,False,True,,"(GAVE- Adaptada). A Ana recebeu, no dia do seu aniversário, uma caixa com 15 bombons
representada na figura abaixo.
No mesmo dia comeu       dos bombons da caixa. A quantidade de bombons que Ana comeu
nesse dia foi de
A) 5.
B) 15.
C) 12.
D) 10.",GAVE- Adaptada,D,1,abaixo|figura,True,True,True,True,False,D,,
sedu_ama5_2024t3-D024_M-03,sedu_ama5_2024t3,5,PAEBES_M,D024_M,3,3,(fonte sem tópico SAEB),8,8,"Ana foi à CEASA e comprou 18,5 kg de tomates. O preço do quilo de tomate era de R$ 5,50 no dia da compra. Qual o valor total que Ana pagou pelos tomates?","R$ 101,75.","R$ 90,50.","R$ 3,36.","R$ 18,50.",,1,False,False,,"Ana foi à CEASA e comprou 18,5 kg de tomates. O preço do quilo de tomate era de R$ 5,50 no dia
da compra. Qual o valor total que Ana pagou pelos tomates?
A) R$ 101,75.
B) R$  90,50.
C) R$ 3,36.
D) R$ 18,50.",,A,1,,True,False,True,True,False,A,,
sedu_ama5_2024t3-D042_M-01,sedu_ama5_2024t3,5,PAEBES_M,D042_M,1,1,(fonte sem tópico SAEB),9,9,"O Parque Estadual da Pedra Azul, localizado no município de Domingos Martins, atrai muitos turistas por suas beleza s naturais . U m grup o d e visitante s est á organizand o um passeio, e há 3 trilhas diferentes que eles podem escolh er. Além disso, eles podem visitar 2 cachoeiras distintas dur ante o passeio. Se os visitantes podem fazer uma trilha e vi sitar uma cachoeira, quantas combinações diferentes de trilha e cachoeira eles podem escolher?",3 combinações.,4 combinações.,5 combinações.,6 combinações.,,1,False,False,,"O Parque Estadual da Pedra Azul, localizado no município de
Domingos Martins, atrai muitos turistas por suas beleza
s naturais . U m grup o d e visitante s est á organizand o
um passeio, e há 3 trilhas diferentes que eles podem escolh
er. Além disso, eles podem visitar 2 cachoeiras distintas dur
ante o passeio. Se os visitantes podem fazer uma trilha e vi
sitar uma cachoeira, quantas combinações diferentes de trilha e
cachoeira eles podem escolher?
A) 3 combinações.
B) 4 combinações.
C) 5 combinações.
D) 6 combinações.",,D,1,,True,False,True,True,False,D,,
sedu_ama5_2024t3-D042_M-02,sedu_ama5_2024t3,5,PAEBES_M,D042_M,2,2,(fonte sem tópico SAEB),9,9,"Durante um concurso de talentos, os participantes podem escolher entre 4 tipos de apresentação (canto, dança, mágica ou teatro) e 3 acessórios diferentes (chapéu, lenço ou óculos). Quantas combinações diferentes de apresentação e acessório podem ser feitas?",10 combinações.,11 combinações.,12 combinações.,15 combinações.,,0,False,False,,"Durante um concurso de talentos, os participantes podem escolher entre 4 tipos de
apresentação (canto, dança, mágica ou teatro) e 3 acessórios diferentes (chapéu, lenço ou
óculos). Quantas combinações diferentes de apresentação e acessório podem ser feitas?
A) 10 combinações.
B) 11 combinações.
C) 12 combinações.
D) 15 combinações.",,C,1,,False,False,False,True,True,C,,
sedu_ama5_2024t3-D042_M-03,sedu_ama5_2024t3,5,PAEBES_M,D042_M,3,3,(fonte sem tópico SAEB),9,9,"Uma pizzaria de São Roque do Canaã oferece 4 sabores de pizza (marguerita, calabresa, quatro queijos e frango com catupiry) e 2 tamanhos (pequena e grande). Quantas combinações diferentes de sabor e tamanho de pizza podem ser feitas?",6 combinações.,7 combinações.,8 combinações.,10 combinações.,,0,False,False,,"Uma pizzaria de São Roque do Canaã oferece 4 sabores de pizza (marguerita, calabresa, quatro
queijos e frango com catupiry) e 2 tamanhos (pequena e grande). Quantas combinações
diferentes de sabor e tamanho de pizza podem ser feitas?
A) 6 combinações.
B) 7 combinações.
C) 8 combinações.
D) 10 combinações.",,C,1,,False,False,False,True,True,C,,
sedu_ama5_2024t3-D113_M-01,sedu_ama5_2024t3,5,PAEBES_M,D113_M,1,1,(fonte sem tópico SAEB),10,10,"Os desenhos a seguir representam o formato de um jardim que será construído em uma praça da cidade. Inicialmente pensou-se num jardim pequeno, mas devido ao grand e entusiasmo que causou na população da cidade, o prefeito solicitou que fizessem um no vo projeto, com desenho maior. O O novo projeto terá área:",2 vezes maior que o primeiro.,3 vezes maior que o primeiro.,4 vezes maior que o primeiro.,6 vezes maior que o primeiro.,,1,False,False,,"(SEPR). Os desenhos a seguir representam o formato de um jardim que será construído em
uma praça da cidade. Inicialmente pensou-se num jardim pequeno, mas devido ao grand
e entusiasmo que causou na população da cidade, o prefeito solicitou que fizessem um no
vo projeto, com desenho maior.  O O novo projeto terá área:
A) 2 vezes maior que o primeiro.
B) 3 vezes maior que o primeiro.
C) 4 vezes maior que o primeiro.
D) 6 vezes maior que o primeiro.",SEPR,C,1,a seguir|desenho,True,True,True,True,False,C,,
sedu_ama5_2024t3-D113_M-02,sedu_ama5_2024t3,5,PAEBES_M,D113_M,2,2,(fonte sem tópico SAEB),10,10,A figura 2 é uma ampliação da figura 1. Quantas vezes o perímetro da figura 2 é maior que o perímetro da figura 1?,Duas.,Três.,Quatro.,Nove.,,1,False,False,,"(SAEPE). A figura 2 é uma ampliação da figura 1.
Quantas vezes o perímetro da figura 2 é maior que o perímetro da figura 1?
A) Duas.
B) Três.
C) Quatro.
D) Nove.",SAEPE,B,1,figura,True,True,True,True,False,B,,
sedu_ama5_2024t3-D113_M-03,sedu_ama5_2024t3,5,PAEBES_M,D113_M,3,3,(fonte sem tópico SAEB),11,11,"Na malha quadriculada abaixo, a área de cada quadradinho mede 1 cm². Paulo desenhou o retângulo que está sombreado nessa malha. Se Paulo desenhasse um retângulo cujos lados tivessem o dobro das medidas dos lados desse retângulo, qual seria a medida da área do novo retângulo?",6 cm².,12 cm².,18 cm².,24 cm².,,1,False,True,,"(AvaliaBH). Na malha quadriculada abaixo, a área de cada quadradinho mede 1 cm². Paulo
desenhou o retângulo que está sombreado nessa malha.
Se Paulo desenhasse um retângulo cujos lados tivessem o dobro das medidas dos lados
desse retângulo, qual seria a medida da área do novo retângulo?
A) 6 cm².
B) 12 cm².
C) 18 cm².
D) 24 cm².",AvaliaBH,D,1,abaixo|malha,True,True,True,True,False,D,,
sedu_ama5_2025t3-D013_M-01,sedu_ama5_2025t3,5,PAEBES_M,D013_M,1,1,(fonte sem tópico SAEB),5,5,"Mariana usou 0,5 litro de leite em uma receita de vitamina de frutas. Qual é a fração que representa essa quantidade de leite que Mariana usou nessa receita?",,,,,,0,False,True,,"(PAEBES). Mariana usou 0,5 litro de leite em uma receita de vitamina de frutas. Qual é a
fração que representa essa quantidade de leite que Mariana usou nessa receita?
A)
B)
C)
D)",PAEBES,B,1,,False,False,False,False,False,B,sedu_ama9_2023t1-D013_M-03,"duplicata: Mesmo item em cadernos do 5º e do 9º ano, mesmo descritor; gabaritos iguais."
sedu_ama5_2025t3-D013_M-02,sedu_ama5_2025t3,5,PAEBES_M,D013_M,2,2,(fonte sem tópico SAEB),5,5,No jogo “Encontrando Números Iguais” são lançados 5 dados especialmente preparados para isso. Observe esta jogada: Os dados com números iguais são:,"1, 2 e 4.","1, 3 e 4.","2, 3 e 5.","3, 4 e 5.",,1,False,False,,"(Saresp). No jogo “Encontrando Números Iguais” são lançados 5 dados especialmente
preparados para isso. Observe esta jogada: Os dados com números iguais são:
A) 1, 2 e 4.
B) 1, 3 e 4.
C) 2, 3 e 5.
D) 3, 4 e 5.",Saresp,B,1,,True,False,True,True,False,B,,
sedu_ama5_2025t3-D013_M-03,sedu_ama5_2025t3,5,PAEBES_M,D013_M,3,3,(fonte sem tópico SAEB),5,5,A figura ao lado mostra um pentágono dividido em triângulos iguais. A porcentagem desse pentágono que está pintada de cinza é,20%,30%,40%,50%,,1,False,False,,"(SISPAE). A figura ao lado mostra um pentágono dividido em triângulos iguais.
A porcentagem desse pentágono que está pintada de cinza é
A) 20%
B) 30%
C) 40%
D) 50%",SISPAE,C,1,ao lado|figura,True,True,True,True,False,C,,
sedu_ama5_2025t3-D013_M-04,sedu_ama5_2025t3,5,PAEBES_M,D013_M,4,4,(fonte sem tópico SAEB),6,6,Uma professora de Matemática pediu a seus alunos que representassem um mesmo número racional de três formas diferentes. Observe abaixo como quatro alunos representaram o número que escolheram. Um desses alunos acertou todas as representações do número racional. Qual é esse aluno?,Alice.,Dilma.,Lucas.,Meire.,,1,False,False,,"(SADEAM). Uma professora de Matemática pediu a seus alunos que representassem um
mesmo número racional de três formas diferentes. Observe abaixo como quatro alunos
representaram o número que escolheram.
Um desses alunos acertou todas as representações do número racional. Qual é esse aluno?
A) Alice.
B) Dilma.
C) Lucas.
D) Meire.",SADEAM,C,1,abaixo,True,True,True,True,False,C,sedu_ama9_2023t1-D011_M-02,duplicata: Mesmo item no 5º ano (D013_M) e no 9º ano (D011_M); gabaritos iguais.
sedu_ama5_2025t3-D013_M-05,sedu_ama5_2025t3,5,PAEBES_M,D013_M,5,5,(fonte sem tópico SAEB),6,6,"Qual é a fração que corresponde ao número 1,43?",,,,,,0,False,True,,"(SPAECE). Qual é a fração que corresponde ao número 1,43?
A)
B)
C)
D)",SPAECE,D,1,,False,False,False,False,False,D,,
sedu_ama5_2025t3-D013_M-06,sedu_ama5_2025t3,5,PAEBES_M,D013_M,6,6,(fonte sem tópico SAEB),7,7,Observe o número racional no quadro abaixo. A representação decimal desse número é:,"0,80","1,25","4,50","5,40",,1,False,False,,"(SAEP). Observe o número racional no quadro abaixo.
A representação decimal desse número é:
A) 0,80
B) 1,25
C) 4,50
D) 5,40",SAEP,B,1,abaixo,True,True,True,True,False,B,,
sedu_ama5_2025t3-D013_M-07,sedu_ama5_2025t3,5,PAEBES_M,D013_M,7,7,(fonte sem tópico SAEB),7,7,"Observe as figuras e suas equivalências. Baseado nessas informações, qual número representa a figura abaixo?","3,31.","3,13.","1,33.","0,31.",,2,False,False,,"(Gestar). Observe as figuras e suas equivalências.
Baseado nessas informações, qual número representa a figura abaixo?
A) 3,31.
B) 3,13.
C) 1,33.
D) 0,31.",Gestar,B,1,abaixo|figura,True,True,True,True,False,B,,
sedu_ama5_2025t3-D013_M-08,sedu_ama5_2025t3,5,PAEBES_M,D013_M,8,8,(fonte sem tópico SAEB),7,7,Cada uma das figuras seguintes está dividida em 16 partes iguais. Em qual delas a parte cinza corresponde a da área total?,,,,A) A B) B C) C D) D,,2,True,True,,"(S.P.Joinvile). Cada uma das figuras seguintes está dividida em 16 partes iguais. Em qual delas a
parte cinza corresponde a      da área total?
A)
B)
C)
D)
A) A
B) B
C) C
D) D",S.P.Joinvile,C,1,,True,False,True,False,False,C,,
sedu_ama5_2025t3-D065_M-01,sedu_ama5_2025t3,5,PAEBES_M,D065_M,1,1,(fonte sem tópico SAEB),8,8,"Observe os números em alguns cartões a seguir: Sorteando ao acaso um desses cartões, qual é a probabilidade de sair um número par?",,,,,,1,False,True,,"(BPW -- ADAPTADA). Observe os números em alguns cartões a seguir:
Sorteando ao acaso um desses cartões, qual é a probabilidade de sair um número par?
A)            B)             C)           D)",BPW -- ADAPTADA,D,1,a seguir,True,True,True,False,False,D,,
sedu_ama5_2025t3-D065_M-02,sedu_ama5_2025t3,5,PAEBES_M,D065_M,2,2,(fonte sem tópico SAEB),8,8,"Observe o conteúdo da caixa: A caixa contém bolas de três cores (todas do mesmo tamanho): 3 bolas vermelhas 2 bolas azuis 1 bola verde Se uma bola for retirada ao acaso, qual é a probabilidade de ser vermelha?",,,,,,1,True,True,,"(GEIEF -SEDU). Observe o conteúdo da caixa:
A caixa contém bolas de três cores (todas do mesmo tamanho):
3 bolas vermelhas
2 bolas azuis
1 bola verde
Se uma bola for retirada ao acaso, qual é a probabilidade de ser vermelha?
A)
B)
C)
D)",GEIEF -SEDU,D,1,,True,False,True,False,False,D,,
sedu_ama5_2025t3-D065_M-03,sedu_ama5_2025t3,5,PAEBES_M,D065_M,3,3,(fonte sem tópico SAEB),8,8,"O jogo de varetas é composto de palitos de mesmo tamanho, nas quantidades: · 5 amarelos; · 7 vermelhos; · 7 verdes; · 1 preto; · 5 azuis. Esses palitos são guardados em um recipiente cilindro. Ana irá retirar um palito do recipiente sem olhar. Qual é a probabilidade dela retirar um palito verde?",,,,,,0,False,True,,"(BPW). O jogo de varetas é composto de palitos de mesmo tamanho, nas quantidades:
· 5 amarelos;
· 7 vermelhos;
· 7 verdes;
· 1 preto;
· 5 azuis.
Esses palitos são guardados em um recipiente cilindro. Ana irá retirar um palito do recipiente sem
olhar. Qual é a probabilidade dela retirar um palito verde?
A)            B)            C)              D)",BPW,C,1,,False,False,False,False,False,C,,
sedu_ama5_2025t3-D065_M-04,sedu_ama5_2025t3,5,PAEBES_M,D065_M,4,4,(fonte sem tópico SAEB),9,9,"No lançamento de um dado honesto, qual é a probabilidade de sair um número menor do que 4?",,,,,,1,False,True,,"(BPW). No lançamento de um dado honesto, qual é a probabilidade de sair um número menor
do que 4?
A)             B)               C)                D)",BPW,C,1,,True,False,True,False,False,C,,
sedu_ama5_2025t3-D065_M-05,sedu_ama5_2025t3,5,PAEBES_M,D065_M,5,5,(fonte sem tópico SAEB),9,9,Um estudante joga duas moedas para cima. Qual a probabilidade de sair duas caras?,,,,,,0,False,True,,"(GEIEF -SEDU) Um estudante  joga duas moedas para cima. Qual a probabilidade de sair duas caras?
A)            B)            C)          D)",GEIEF -SEDU,C,1,,False,False,False,False,False,C,,
sedu_ama5_2025t3-D065_M-06,sedu_ama5_2025t3,5,PAEBES_M,D065_M,6,6,(fonte sem tópico SAEB),9,9,Jogam-se dois dados idênticos e enumerados de 1 a 6 e anota-se a soma dos números das faces voltadas para cima como mostra a tabela a seguir. A probabilidade que a soma seja 8 é:,,,,,,1,False,True,,"(BPW- ADAPTADA). Jogam-se dois dados idênticos e enumerados de 1 a 6 e anota-se a soma dos
números das faces voltadas para cima como mostra a tabela a seguir.
A probabilidade que a soma seja 8 é:
A)           B)           C)           D)",BPW- ADAPTADA,D,1,a seguir|tabela,True,True,True,False,False,D,,
sedu_ama5_2025t3-D111_M-01,sedu_ama5_2025t3,5,PAEBES_M,D111_M,1,1,(fonte sem tópico SAEB),10,10,Observe a barraca que Mauro vai levar para o acampamento da escola. Ela tem a forma de uma pirâmide quadrangular. Qual é o molde da pirâmide quadrangular?,,,,,,1,False,False,alternativas não localizadas no texto,"(Prova Brasil). Observe a barraca que Mauro vai levar para o acampamento da escola. Ela tem a
forma de uma pirâmide quadrangular.
Qual é o molde da pirâmide quadrangular?",Prova Brasil,C,1,,True,False,True,False,False,C,,
sedu_ama5_2025t3-D111_M-02,sedu_ama5_2025t3,5,PAEBES_M,D111_M,2,2,(fonte sem tópico SAEB),10,10,"Veja abaixo a planificação da caixa que Isabel vai montar. Depois de montada, essa caixa terá a forma de qual sólido?",Cilindro.,Cubo.,Bloco retangular.,Pirâmide.,,1,False,False,,"(SAEGO). Veja abaixo a planificação da caixa que Isabel vai montar.
Depois de montada, essa caixa terá a forma de qual sólido?
A) Cilindro.
B) Cubo.
C) Bloco retangular.
D) Pirâmide.",SAEGO,C,1,abaixo,True,True,True,True,False,C,,
sedu_ama5_2025t3-D111_M-03,sedu_ama5_2025t3,5,PAEBES_M,D111_M,3,3,(fonte sem tópico SAEB),11,11,Iracema quer construir um vaso de cartolina para colocar flores de papel. Pensou em um vaso na forma de um cubo sem tampa que tenha uma flor desenhada em faces opostas. Veja o desenho do vaso que ela quer construir. Qual é o molde correto para fazer esse vaso?,,,,,,4,False,False,alternativas não localizadas no texto,"(SADEAM – AM). Iracema quer construir um vaso de cartolina para colocar flores de papel.
Pensou em um vaso na forma de um cubo sem tampa que tenha uma flor desenhada em faces
opostas.
Veja o desenho do vaso que ela quer construir.
Qual é o molde correto para fazer esse vaso?",SADEAM – AM,D,1,desenho,True,True,True,False,False,D,,
sedu_ama5_2025t3-D111_M-04,sedu_ama5_2025t3,5,PAEBES_M,D111_M,4,4,(fonte sem tópico SAEB),11,11,Veja o sólido abaixo. Uma das planificações desse sólido é:,,,,,,2,False,False,alternativas não localizadas no texto,"(Prova Brasil). Veja o sólido abaixo.
Uma das planificações desse sólido é:",Prova Brasil,C,1,abaixo,True,True,True,False,False,C,,
sedu_ama5_2025t3-D111_M-05,sedu_ama5_2025t3,5,PAEBES_M,D111_M,5,5,(fonte sem tópico SAEB),12,12,Observe o bumbo que Beto gosta de tocar. Ele tem a forma de um cilindro. Qual é o molde do cilindro?,,,,,,2,False,False,alternativas não localizadas no texto,"(Prova Brasil). Observe o bumbo que Beto gosta de tocar. Ele tem a forma de um cilindro.
Qual é o molde do cilindro?",Prova Brasil,D,1,,True,False,True,False,False,D,,
sedu_ama5_2025t3-D111_M-06,sedu_ama5_2025t3,5,PAEBES_M,D111_M,6,6,(fonte sem tópico SAEB),12,12,Observe a figura planificada A planificação ao lado corresponde à figura: abaixo.,,,,,,2,False,False,alternativas não localizadas no texto,"(SAEP 2013). Observe a figura planificada
A planificação ao lado corresponde à figura:
abaixo.",SAEP 2013,A,1,abaixo|ao lado|figura,True,True,True,False,False,A,,
sedu_ama5_2025t3-D112_M-01,sedu_ama5_2025t3,5,PAEBES_M,D112_M,1,1,(fonte sem tópico SAEB),13,13,Observe abaixo as formas geométricas que Ricardo recortou. 1 2 3 4 Quais desses recortes representam quadriláteros?,1 e 2.,1 e 4.,2 e 3.,2 e 4.,,1,True,False,,"(SAEPE). Observe abaixo as formas geométricas que Ricardo recortou.
1
2
3
4
Quais desses recortes representam quadriláteros?
A) 1 e 2.
B) 1 e 4.
C) 2 e 3.
D) 2 e 4.",SAEPE,D,1,abaixo,True,True,True,True,False,D,,
sedu_ama5_2025t3-D112_M-02,sedu_ama5_2025t3,5,PAEBES_M,D112_M,2,2,(fonte sem tópico SAEB),13,13,Observe abaixo as formas geométricas que Carol desenhou e recortou. Qual desses desenhos representa um quadrado?,1,2,3,4,,1,False,False,,"(PAEBES). Observe abaixo as formas geométricas que Carol desenhou e recortou.
Qual desses desenhos representa um quadrado?
A) 1
B) 2
C) 3
D) 4",PAEBES,C,1,abaixo,True,True,True,True,False,C,,
sedu_ama5_2025t3-D112_M-03,sedu_ama5_2025t3,5,PAEBES_M,D112_M,3,3,(fonte sem tópico SAEB),13,13,Mateus usou 13 figuras geométricas para desenhar o barco abaixo. Quantos triângulos ele usou para desenhar esse barco?,1,3,4,5,,1,False,False,,"(SAEMI - PE). Mateus usou 13 figuras geométricas para desenhar o barco abaixo.
Quantos triângulos ele usou para desenhar esse barco?
A) 1
B) 3
C) 4
D) 5",SAEMI - PE,D,1,abaixo,True,True,True,True,False,D,,
sedu_ama5_2025t3-D112_M-04,sedu_ama5_2025t3,5,PAEBES_M,D112_M,4,4,(fonte sem tópico SAEB),14,14,Assinale a alternativa que mostra o número do quadrilátero que tem seus quatro ângulos retos.,I.,II.,III.,IV.,,1,False,False,,"(SARESP) Assinale a alternativa que mostra o número do quadrilátero que tem seus quatro
ângulos retos.
A) I.
B) II.
C) III.
D) IV.",SARESP,A,1,,True,False,True,True,False,A,,
sedu_ama5_2025t3-D112_M-05,sedu_ama5_2025t3,5,PAEBES_M,D112_M,5,5,(fonte sem tópico SAEB),14,14,Veja as figuras geométricas abaixo. Qual dessas figuras representa um pentágono?,4,3,2,1,,1,False,False,,"(SAEPI).
Veja as figuras geométricas abaixo.
Qual dessas figuras representa um pentágono?
A) 4
B) 3
C) 2
D) 1",SAEPI,B,1,abaixo,True,True,True,True,False,B,,
sedu_ama5_2025t3-D112_M-06,sedu_ama5_2025t3,5,PAEBES_M,D112_M,6,6,(fonte sem tópico SAEB),14,14,"Mariana colou diferentes figuras numa página de seu caderno de Matemática, como mostra o desenho abaixo. Essas figuras têm em comum",o mesmo tamanho.,o mesmo número de lados.,a forma de quadrado.,a forma de retângulo.,,1,False,False,,"(BPW). Mariana colou diferentes figuras numa página de seu caderno de Matemática, como
mostra o desenho abaixo.
Essas figuras têm em comum
A) o mesmo tamanho.
B) o mesmo número de lados.
C) a forma de quadrado.
D) a forma de retângulo.",BPW,B,1,abaixo|desenho,True,True,True,True,False,B,,
sedu_ama5_2025t3-D113_M-01,sedu_ama5_2025t3,5,PAEBES_M,D113_M,1,1,(fonte sem tópico SAEB),15,15,Veja o desenho que Ana fez na malha quadriculada abaixo. Qual imagem representa a ampliação da figura que Ana desenhou?,,,,,,3,False,False,alternativas não localizadas no texto,"(SEAPE). Veja o desenho que Ana fez na malha quadriculada abaixo.
Qual imagem representa a ampliação da figura que Ana desenhou?",SEAPE,C,1,abaixo|desenho|figura|imagem|malha,True,True,True,False,False,C,,
sedu_ama5_2025t3-D113_M-02,sedu_ama5_2025t3,5,PAEBES_M,D113_M,2,2,(fonte sem tópico SAEB),15,15,Paulo desenhou alguns trapézios na malha quadriculada abaixo. A figura que é uma redução da figura I é,II,III,IV,V,,1,False,False,,"(SAEGO-2012 – Adaptado). Paulo desenhou alguns trapézios na malha quadriculada abaixo.
A figura que é uma redução da figura I é
A) II
B) III
C) IV
D) V",SAEGO-2012 – Adaptado,A,1,abaixo|figura|malha,True,True,True,True,False,A,,
sedu_ama5_2025t3-D113_M-03,sedu_ama5_2025t3,5,PAEBES_M,D113_M,3,3,(fonte sem tópico SAEB),16,16,"Na malha quadriculada abaixo, o polígono II é uma ampliação do polígono I. De acordo com a figura II, qual é o valor do fator de ampliação?",,,2,3,,1,False,True,,"(SAERS). Na malha quadriculada abaixo, o polígono II é uma ampliação do polígono I.
De acordo com a figura II, qual é o valor do fator de ampliação?
A)
B)
C) 2
D) 3",SAERS,B,1,abaixo|figura|malha,True,True,True,False,False,B,,
sedu_ama5_2025t3-D113_M-04,sedu_ama5_2025t3,5,PAEBES_M,D113_M,4,4,(fonte sem tópico SAEB),16,16,A figura abaixo tem o formato da letra T e está representada em uma malha quadriculada. Qual das figuras abaixo representa uma redução dessa letra T?,A,B,C,D,,3,False,False,,"(PAEBES). A figura abaixo tem o formato da letra T e está representada em uma malha
quadriculada.
Qual das figuras abaixo representa uma redução dessa letra T?
A) A            B) B               C) C                D) D",PAEBES,D,1,abaixo|figura|malha,True,True,True,True,False,D,,
sedu_ama5_2025t3-D113_M-05,sedu_ama5_2025t3,5,PAEBES_M,D113_M,5,5,(fonte sem tópico SAEB),17,17,"O professor Bruno desenhou o triângulo hachurado numa malha quadriculada como mostra a figura abaixo: Então, ele fez a seguinte pergunta à turma: ""Se eu ampliar esse triângulo 5 vezes, como ficarão as medidas de seus lados e de seus ângulos?"" Alguns alunos responderam: O aluno que acertou a resposta foi:",Paulinho,Aninha,Marquinho,Betina,,6,False,False,,"(Projeto con(seguir) - ADAPTADA). O professor Bruno desenhou o triângulo hachurado numa
malha quadriculada como mostra a figura abaixo:
Então, ele fez a seguinte pergunta à turma:
""Se eu ampliar esse triângulo 5 vezes, como ficarão as medidas de seus lados e de seus
ângulos?""
Alguns alunos responderam:
O aluno que acertou a resposta foi:
A) Paulinho
B) Aninha
C) Marquinho
D) Betina",Projeto con(seguir) - ADAPTADA,C,1,abaixo|figura|malha,True,True,True,True,False,C,,
sedu_ama5_2025t3-D113_M-06,sedu_ama5_2025t3,5,PAEBES_M,D113_M,6,6,(fonte sem tópico SAEB),18,18,A figura abaixo foi dada para os alunos e algumas crianças resolveram ampliá-la. Veja as ampliações feitas por quatro crianças. Quem ampliou corretamente a figura?,Ana,Bernardo,Célia,Diana,,3,False,True,,"(MEARIM - MA) A figura abaixo foi dada para os alunos e algumas crianças resolveram ampliá-la.
Veja as ampliações feitas por quatro crianças.
Quem ampliou corretamente a figura?
A) Ana
B) Bernardo
C) Célia
D) Diana",MEARIM - MA,D,1,abaixo|figura,True,True,True,True,False,D,,
sedu_ama9_2023t1-D009_M-01,sedu_ama9_2023t1,9,PAEBES_M,D009_M,1,1,(fonte sem tópico SAEB),6,6,"Observe a reta numérica. A letra K está assinalando o número 0,18. O número que a letra M está marcando é","0,4","1,8","0,33","0,88",,1,False,False,,"(SAEP 2013). Observe a reta numérica.
A letra K está assinalando o número 0,18. O número que a letra M está marcando é
A) 0,4
B) 1,8
C) 0,33
D) 0,88",SAEP 2013,C,2,,True,False,True,True,False,C,,
sedu_ama9_2023t1-D009_M-02,sedu_ama9_2023t1,9,PAEBES_M,D009_M,2,2,(fonte sem tópico SAEB),6,7,"A figura abaixo mostra os pontos P e Q que correspondem a números racionais e foram posicionados na reta numerada do conjunto dos racionais. Os valores atribuídos a P e Q, conforme suas posições na reta numérica abaixo são:","P = - 0,2 e Q = – 0,3","P = - 0,3 e Q = – 0,2","P = - 0,6 e Q = – 0,7","P = - 0,7 e Q = – 0,6",,1,False,False,,"(Prova Brasil). A figura abaixo mostra os pontos P e Q que correspondem a números racionais e foram posicionados na reta
numerada do conjunto dos racionais.
Os valores atribuídos a P e Q, conforme suas posições na reta numérica abaixo são:
A) P = - 0,2 e Q = – 0,3
B) P = - 0,3 e Q = – 0,2
C) P = - 0,6 e Q = – 0,7
D) P = - 0,7 e Q = – 0,6",Prova Brasil,B,2,abaixo|figura,True,True,True,True,False,B,,
sedu_ama9_2023t1-D009_M-03,sedu_ama9_2023t1,9,PAEBES_M,D009_M,3,3,(fonte sem tópico SAEB),7,7,"Em uma aula de Matemática, o professor apresentou aos alunos uma reta numérica como a da figura a seguir. O professor marcou o número 11/4 nessa reta. Esse número foi marcado entre que pontos da reta numérica?",– 4 e – 3.,– 3 e – 2.,2 e 3.,3 e 4.,,1,False,False,,"(PROVA BRASIL 2009). Em uma aula de Matemática, o professor apresentou aos alunos uma reta numérica como a da figura a
seguir.
O professor marcou o número
11/4 nessa reta. Esse número foi marcado entre que pontos da reta numérica?
A) – 4 e – 3.
B) – 3 e – 2.
C) 2 e 3.
D) 3 e 4.",PROVA BRASIL 2009,C,2,a seguir|figura,True,True,True,True,False,C,,
sedu_ama9_2023t1-D010_M-01,sedu_ama9_2023t1,9,PAEBES_M,D010_M,1,1,(fonte sem tópico SAEB),8,8,"João Guedes resolveu a expressão, mas apagou o resultado. Resolva você também essa expressão e encontre o resultado.",-87,1,7,47,,1,False,False,,"(SEAP). João Guedes resolveu a expressão,
mas apagou o resultado.
Resolva você também essa expressão e encontre o resultado.
A) -87
B) 1
C) 7
D) 47",SEAP,C,2,,True,False,True,True,False,C,,
sedu_ama9_2023t1-D010_M-02,sedu_ama9_2023t1,9,PAEBES_M,D010_M,2,2,(fonte sem tópico SAEB),8,9,"Fazendo-se as operações indicadas em 0,74 + 0,5 –1,5 obtém-se:","-0,64.","-0,26.","0,26.","0,64.",,0,False,False,,"(Prova Brasil). Fazendo-se as operações indicadas em
0,74 + 0,5 –1,5
obtém-se:
A) -0,64.
B) -0,26.
C) 0,26.
D) 0,64.",Prova Brasil,B,2,,False,False,False,True,True,B,sedu_es_9ef-D25-04,duplicata: Mesmo item republicado; descritores equivalentes; gabaritos iguais.
sedu_ama9_2023t1-D010_M-03,sedu_ama9_2023t1,9,PAEBES_M,D010_M,3,3,(fonte sem tópico SAEB),9,9,O valor da expressão é:,3,7,9,√29,,1,False,False,,"(SAEB 2013). O valor da expressão é:
A) 3
B) 7
C) 9
D) √29",SAEB 2013,A,2,,True,False,True,True,False,A,,
sedu_ama9_2023t1-D011_M-01,sedu_ama9_2023t1,9,PAEBES_M,D011_M,1,1,(fonte sem tópico SAEB),10,10,"No Brasil, ¾ da população vive na zona urbana. De que outra forma podemos representar essa fração?",15%,25%,34%,75%,,0,False,False,,"(Prova Brasil). No Brasil, ¾ da população vive na zona urbana.
De que outra forma podemos representar essa fração?
A) 15%
B) 25%
C) 34%
D) 75%",Prova Brasil,D,2,,False,False,False,True,True,D,,
sedu_ama9_2023t1-D011_M-02,sedu_ama9_2023t1,9,PAEBES_M,D011_M,2,2,(fonte sem tópico SAEB),10,10,Uma professora de Matemática pediu a seus alunos que representassem um mesmo número racional de três formas diferentes. Observe abaixo como quatro alunos representaram o número que escolheram. Um desses alunos acertou todas as representações do número racional. Qual é esse aluno?,Alice.,Dilma.,Lucas.,Meire.,,1,False,False,,"(SADEAM). Uma professora de Matemática pediu a seus alunos que representassem um mesmo número racional de três formas
diferentes. Observe abaixo como quatro alunos representaram o número que escolheram.
Um desses alunos acertou todas as representações do número racional.
Qual é esse aluno?
A) Alice.
B) Dilma.
C) Lucas.
D) Meire.",SADEAM,C,2,abaixo,True,True,True,True,False,C,,
sedu_ama9_2023t1-D011_M-03,sedu_ama9_2023t1,9,PAEBES_M,D011_M,3,3,(fonte sem tópico SAEB),10,11,A fração 3/100 corresponde ao número decimal,"0,003.","0,3.","0,03.","0,0003.",,0,False,False,,"(Prova Brasil). A fração 3/100 corresponde ao número decimal
A) 0,003.
B) 0,3.
C) 0,03.
D) 0,0003.",Prova Brasil,C,2,,False,False,False,True,True,C,,
sedu_ama9_2023t1-D013_M-01,sedu_ama9_2023t1,9,PAEBES_M,D013_M,1,1,(fonte sem tópico SAEB),9,9,"A professora de 4ª série, corrigindo as avaliações da classe, viu que Pedro acertou 2/10 das questões. Represente esse número, usando a sua representação decimal.",5,"2,5","0,5","0,2",,0,False,False,,"(INEP) A professora de 4ª série, corrigindo as avaliações da classe, viu que Pedro acertou 2/10 das questões.
Represente esse número, usando a sua representação decimal.
A) 5
B) 2,5
C) 0,5
D) 0,2",INEP,D,2,,False,False,False,True,True,D,,
sedu_ama9_2023t1-D013_M-02,sedu_ama9_2023t1,9,PAEBES_M,D013_M,2,2,(fonte sem tópico SAEB),9,9,"Mirian vende doces no trabalho. Em um dia, ela levou 30 doces e vendeu 25. Qual é a fração que representa a razão entre a quantidade vendida e o total de doces levados por Mirian nesse dia?",30/25,25/30,5/25,5/30,,0,False,False,,"(PAEBES). Mirian vende doces no trabalho. Em um dia, ela levou 30 doces e vendeu 25.
Qual é a fração que representa a razão entre a quantidade vendida e o total de doces levados por Mirian nesse dia?
A) 30/25
B) 25/30
C) 5/25
D) 5/30",PAEBES,B,2,,False,False,False,True,True,B,sedu_es_9ef-D21-02,duplicata: Mesmo item republicado; descritores equivalentes; gabaritos iguais.
sedu_ama9_2023t1-D013_M-03,sedu_ama9_2023t1,9,PAEBES_M,D013_M,3,3,(fonte sem tópico SAEB),9,10,"Mariana usou 0,5 litro de leite em uma receita de vitamina de frutas. Qual é a fração que representa essa quantidade de leite que Mariana usou nessa receita?",¾,½,⅓,¼,,0,False,False,,"(PAEBES). Mariana usou 0,5 litro de leite em uma receita de vitamina de frutas.
Qual é a fração que representa essa quantidade de leite que Mariana usou nessa receita?
A)¾
B)½
C)⅓
D)¼",PAEBES,B,2,,False,False,False,True,True,B,,
sedu_ama9_2023t1-D024_M-01,sedu_ama9_2023t1,9,PAEBES_M,D024_M,1,1,(fonte sem tópico SAEB),11,12,"A estrada que liga Recife a Caruaru será recuperada em três etapas. Na primeira etapa, será recuperada ⅙ da estrada e na segunda etapa ¼ da estrada. Uma fração que corresponde a terceira etapa é",1/5,5/12,7/12,12/7,,0,False,False,,"(Prova Brasil). A estrada que liga Recife a Caruaru será recuperada em três etapas. Na primeira etapa, será recuperada ⅙ da
estrada e na segunda etapa ¼  da estrada.
Uma fração que corresponde a terceira etapa é
A) 1/5
B) 5/12
C) 7/12
D) 12/7",Prova Brasil,C,2,,False,False,False,True,True,C,,
sedu_ama9_2023t1-D024_M-02,sedu_ama9_2023t1,9,PAEBES_M,D024_M,2,2,(fonte sem tópico SAEB),12,12,"Dona Florinda compra uma dúzia de um certo produto por R$ 162,00 e vende cada unidade por R$ 15,50. Comprando e vendendo 20 dessas unidades ela terá","lucro de R$40,00.","lucro de R$310,00.","prejuízo de R$40,00.","prejuízo de R$270,00.",,0,False,False,,"(SAEP 2013). Dona Florinda compra uma dúzia de um certo produto por R$ 162,00 e vende cada unidade por R$ 15,50.
Comprando e vendendo 20 dessas unidades ela terá
A) lucro de R$40,00.
B) lucro de R$310,00.
C) prejuízo de R$40,00.
D)prejuízo de R$270,00.",SAEP 2013,A,2,,False,False,False,True,True,A,sedu_es_9ef-D26-03,duplicata: Mesmo item republicado; descritores equivalentes; gabaritos iguais.
sedu_ama9_2023t1-D024_M-03,sedu_ama9_2023t1,9,PAEBES_M,D024_M,3,3,(fonte sem tópico SAEB),12,12,No tanque de gasolina de um carro cabem 48 litros de combustível. Observe o marcador e calcule quantos litros há no tanque.,10 litros,12 litros,14 litros,16 litros,,1,False,False,,"(SAEP 2014). No tanque de gasolina de um carro cabem 48 litros de combustível.
Observe o marcador e calcule quantos litros há no tanque.
A) 10 litros
B) 12 litros
C) 14 litros
D) 16 litros",SAEP 2014,B,2,,True,False,True,True,False,B,sedu_es_9ef-D26-04,duplicata: Mesmo item republicado; descritores equivalentes; gabaritos iguais.
sedu_ama9_2023t1-D025_M-01,sedu_ama9_2023t1,9,PAEBES_M,D025_M,1,1,(fonte sem tópico SAEB),5,6,"Um relógio A bate a cada 15 minutos, outro relógio B bate a cada 20 minutos, e um terceiro relógio C, a cada 25 minutos. O menor intervalo de tempo decorrido entre duas batidas simultâneas dos três relógios, em horas, é igual a:",3,6,4,5,,0,False,False,,"(IF-CE 2020) Um relógio A bate a cada 15 minutos, outro relógio B bate a cada 20 minutos, e um terceiro relógio C, a cada 25 minutos.
O menor intervalo de tempo decorrido entre duas batidas simultâneas dos três relógios, em horas, é igual a:
A) 3
B) 6
C) 4
D) 5",IF-CE 2020,D,2,,False,False,False,True,True,D,,
sedu_ama9_2023t1-D025_M-02,sedu_ama9_2023t1,9,PAEBES_M,D025_M,2,2,(fonte sem tópico SAEB),6,6,"Sílvia e Márcio moram em cidades diferentes no interior. Sílvia vai à capital uma vez a cada 10 dias, e Márcio vai à capital uma vez a cada 12 dias. A última vez em que eles se encontraram na capital foi um sábado. O próximo encontro dos dois na capital ocorrerá em:",uma terça-feira.,uma quarta-feira.,um domingo.,um sábado.,,0,False,False,,"(Famema 2020) Sílvia e Márcio moram em cidades diferentes no interior. Sílvia vai à capital uma vez a cada 10 dias, e Márcio vai à
capital uma vez a cada 12 dias. A última vez em que eles se encontraram na capital foi um sábado.
O próximo encontro dos dois na capital ocorrerá em:
A) uma terça-feira.
B) uma quarta-feira.
C) um domingo.
D) um sábado.",Famema 2020,B,2,,False,False,False,True,True,B,,
sedu_ama9_2023t1-D025_M-03,sedu_ama9_2023t1,9,PAEBES_M,D025_M,3,3,(fonte sem tópico SAEB),6,6,"No alto da torre de uma emissora de televisão, duas luzes “piscam” com frequências diferentes. A primeira “pisca” 15 vezes por minuto e a segunda “pisca” 10 vezes por minuto. Se num certo instante, as luzes piscam simultaneamente, após quantos segundos elas voltarão a “piscar simultaneamente”?",12,20,15,30,,0,False,False,,"(Fuvest – SP) No alto da torre de uma emissora de televisão, duas luzes “piscam” com frequências diferentes. A primeira “pisca” 15
vezes por minuto e a segunda “pisca” 10 vezes por minuto.
Se num certo instante, as luzes piscam simultaneamente, após quantos segundos elas voltarão a “piscar simultaneamente”?
A) 12
B) 20
C) 15
D) 30",Fuvest – SP,D,2,,False,False,False,True,True,A,,gabarito_divergente: Luzes piscam a cada 4 s (15 por minuto) e a cada 6 s (10 por minuto): voltam a coincidir após 12 s (A). O PDF indica D (30).
sedu_ama9_2023t1-D029_M-01,sedu_ama9_2023t1,9,PAEBES_M,D029_M,1,1,(fonte sem tópico SAEB),11,11,"Para ligar a energia elétrica em seu apartamento, Felipe contratou um eletricista para medir a distância do poste da rede elétrica até seu imóvel. Essa distância foi representada, em metros, pela expressão: (2√10+6√17)m. Para fazer a ligação, a quantidade de fio a ser usado é duas vezes a medida fornecida por essa expressão. Nessas condições, Felipe comprará aproximadamente:","43,6 m de fio","58,4 m de fio","61,6 m de fio.","81,6 m de fio",,0,False,False,,"(Prova Brasil). Para ligar a energia elétrica em seu apartamento, Felipe contratou um eletricista para medir a distância do poste da
rede elétrica até seu imóvel. Essa distância foi representada, em metros, pela expressão: (2√10+6√17)m.
Para fazer a ligação, a quantidade de fio a ser usado é duas vezes a medida fornecida por essa expressão.
Nessas condições, Felipe comprará aproximadamente:
A) 43,6 m de fio
B) 58,4 m de fio
C) 61,6 m de fio.
D) 81,6 m de fio",Prova Brasil,C,2,,False,False,False,True,True,C,,
sedu_ama9_2023t1-D029_M-02,sedu_ama9_2023t1,9,PAEBES_M,D029_M,2,2,(fonte sem tópico SAEB),11,11,Observe a expressão numérica no quadro abaixo. O valor aproximado dessa expressão é,"9,6.","10,5.","21,0.","56,0.",,1,False,False,,"(SAEPE). Observe a expressão numérica no quadro abaixo.
O valor aproximado dessa expressão é
A) 9,6.
B) 10,5.
C) 21,0.
D) 56,0.",SAEPE,A,2,abaixo,True,True,True,True,False,A,sedu_es_9ef-D27-01,duplicata: Mesmo item republicado; D27 equivale a D029_M pela Correlação de descritores; gabaritos iguais.
sedu_ama9_2023t1-D029_M-03,sedu_ama9_2023t1,9,PAEBES_M,D029_M,3,3,(fonte sem tópico SAEB),11,11,Resolva a operação abaixo. O resultado aproximado dessa operação é,"0,50.","2,5.","3,1.","2,2.",,1,False,False,,"(SEAPE). Resolva a operação abaixo.
O resultado aproximado dessa operação é
A) 0,50.
B) 2,5.
C) 3,1.
D) 2,2.",SEAPE,C,2,abaixo,True,True,True,True,False,C,sedu_es_9ef-D27-04,duplicata: Mesmo item republicado; D27 equivale a D029_M pela Correlação de descritores; gabaritos iguais.
sedu_ama9_2023t1-D035_M-01,sedu_ama9_2023t1,9,PAEBES_M,D035_M,1,1,(fonte sem tópico SAEB),7,7,"Uma companhia aérea possui um programa de fidelidade segundo o qual os clientes acumulam pontos ao dar preferência para ela em suas viagens, podendo trocá-los, no futuro, por passagens aéreas ou descontos, de acordo com a promoção vigente. Joaquim, que participa desse programa, deseja adquirir uma passagem aérea dessa companhia utilizando seus pontos acumulados e foi informado de que, para isso, precisaria ter 33 684 pontos. Ele verificou que já possui 18 945 pontos acumulados em sua conta. Quantos pontos Joaquim ainda precisa acumular em sua conta para adquirir essa passagem aérea?",14 739,18 945,25 341,52 629,,0,False,False,,"(PAEBES). Uma companhia aérea possui um programa de fidelidade segundo o qual os clientes acumulam pontos ao dar preferência
para ela em suas viagens, podendo trocá-los, no futuro, por passagens aéreas ou descontos, de acordo com a promoção vigente.
Joaquim, que participa desse programa, deseja adquirir uma passagem aérea dessa companhia utilizando seus pontos acumulados e
foi informado de que, para isso, precisaria ter 33 684 pontos. Ele verificou que já possui 18 945 pontos acumulados em sua conta.
Quantos pontos Joaquim ainda precisa acumular em sua conta para adquirir essa passagem aérea?
A) 14 739
B) 18 945
C) 25 341
D) 52 629",PAEBES,A,2,,False,False,False,True,True,A,sedu_es_9ef-D19-01,"duplicata: Mesmo item; classificado como D035_M no caderno AMA (2023), enquanto o Detalhamento (2026) associa D19 a D148_M; gabaritos iguais."
sedu_ama9_2023t1-D035_M-02,sedu_ama9_2023t1,9,PAEBES_M,D035_M,2,2,(fonte sem tópico SAEB),8,8,"Num cinema, há 12 fileiras com 16 poltronas e 15 fileiras com 18 poltronas. O número total de poltronas é:",192,270,462,480,,0,False,False,,"(Prova Brasil). Num cinema, há 12 fileiras com 16 poltronas e 15 fileiras com 18 poltronas.
O número total de poltronas é:
A) 192
B) 270
C) 462
D) 480",Prova Brasil,C,2,,False,False,False,True,True,C,,
sedu_ama9_2023t1-D035_M-03,sedu_ama9_2023t1,9,PAEBES_M,D035_M,3,3,(fonte sem tópico SAEB),8,8,"A Rua Patos do Sul é muito movimentada. Em um minuto passam, aproximadamente, 16 carros. Como 1 hora tem 60 minutos, quantos carros, aproximadamente, passam pela Rua Patos do Sul durante 2 horas?",32 carros.,96 carros.,960 carros.,1920 carros.,,0,False,False,,"(SAERJ). A Rua Patos do Sul é muito movimentada. Em um minuto passam, aproximadamente, 16 carros.
Como 1 hora tem 60 minutos, quantos carros, aproximadamente, passam pela Rua Patos do Sul durante 2 horas?
A) 32 carros.
B) 96 carros.
C) 960 carros.
D) 1920 carros.",SAERJ,D,2,,False,False,False,True,True,D,,
sedu_ama9_2023t1-D038_M-01,sedu_ama9_2023t1,9,PAEBES_M,D038_M,1,1,(fonte sem tópico SAEB),4,4,"Alberto comprou uma televisão por R$ 750,00 para pagar em duas parcelas. A primeira parcela que corresponde a 40% do preço da televisão, ele pagou à vista. Quanto Alberto pagou pela primeira parcela?","R$ 280,00","R$ 300,00","R$ 450,00","R$ 710,00",,0,False,False,,"(SAEPE). Alberto comprou uma televisão por R$ 750,00 para pagar em duas parcelas. A primeira parcela que corresponde a 40% do
preço da televisão, ele pagou à vista.
Quanto Alberto pagou pela primeira parcela?
A) R$ 280,00
B) R$ 300,00
C) R$ 450,00
D) R$ 710,00",SAEPE,B,2,,False,False,False,True,True,B,,
sedu_ama9_2023t1-D038_M-02,sedu_ama9_2023t1,9,PAEBES_M,D038_M,2,2,(fonte sem tópico SAEB),4,4,"Seu Jaime está colocando cerâmica em uma parede, como mostra a figura abaixo. Para completar o trabalho com o mesmo tipo de cerâmica seu Jaime ainda teve que recobrir",10% dessa parede.,20% dessa parede.,40% dessa parede.,50% dessa parede.,,1,False,False,,"(SAEB 2012). Seu Jaime está colocando cerâmica em uma parede, como mostra a figura abaixo.
Para completar o trabalho com o mesmo tipo de cerâmica seu Jaime ainda teve que recobrir
A) 10% dessa parede.
B) 20% dessa parede.
C) 40% dessa parede.
D) 50% dessa parede.",SAEB 2012,C,2,abaixo|figura,True,True,True,True,False,C,,
sedu_ama9_2023t1-D038_M-03,sedu_ama9_2023t1,9,PAEBES_M,D038_M,3,3,(fonte sem tópico SAEB),4,4,"Marina quer comprar uma mochila que custa R$ 60,00, mas, para pagamento à vista, a loja oferece um desconto de 5%. Se Marina optar pelo pagamento à vista, ela vai pagar","R$30,00.","R$55,00.","R$57,00.","R$ 59,70.",,0,False,False,,"(SAEB 2013). Marina quer comprar uma mochila que custa R$ 60,00, mas, para pagamento à vista, a loja oferece um desconto de
5%.
Se Marina optar pelo pagamento à vista, ela vai pagar
A) R$30,00.
B) R$55,00.
C) R$57,00.
D) R$ 59,70.",SAEB 2013,C,2,,False,False,False,True,True,C,,
sedu_ama9_2023t1-D039_M-01,sedu_ama9_2023t1,9,PAEBES_M,D039_M,1,1,(fonte sem tópico SAEB),5,5,"A especificação técnica de uma impressora para a velocidade de impressão é dada pelo fabricante como 30 páginas por minuto, em preto e branco e 21 páginas coloridas por minuto. Uma gráfica utilizou essa impressora para fazer uma impressão de 420 páginas no modo preto e branco, levando 14 minutos. Qual será o tempo para realizar essa mesma impressão utilizando essa mesma impressora no modo colorido?","9,8 min",20 min,30 min,"46,6 min",,0,False,False,,"(PAEBES – 2015) A especificação técnica de uma impressora para a velocidade de impressão é dada pelo fabricante como 30 páginas
por minuto, em preto e branco e 21 páginas coloridas por minuto. Uma gráfica utilizou essa impressora para fazer uma impressão de
420 páginas no modo preto e branco, levando 14 minutos.
Qual será o tempo para realizar essa mesma impressão utilizando essa mesma impressora no modo colorido?
A) 9,8 min
B) 20 min
C) 30 min
D) 46,6 min",PAEBES – 2015,B,2,,False,False,False,True,True,B,,
sedu_ama9_2023t1-D039_M-02,sedu_ama9_2023t1,9,PAEBES_M,D039_M,2,2,(fonte sem tópico SAEB),5,5,"Para viajar aos Estados Unidos, Luísa foi a uma casa de câmbio trocar reais em dólar. Ela trocou 725 reais, recebendo o equivalente a 250 dólares. Após seu retorno ao Brasil, sobraram-lhe 50 dólares, que ela trocou novamente em reais. Mantendo o mesmo valor do dólar em ambas as trocas, quantos reais ela recebeu?",50,145,475,580,,0,False,False,,"(PAEBES – 2015) Para viajar aos Estados Unidos, Luísa foi a uma casa de câmbio trocar reais em dólar. Ela trocou 725 reais,
recebendo o equivalente a 250 dólares. Após seu retorno ao Brasil, sobraram-lhe 50 dólares, que ela trocou novamente em reais.
Mantendo o mesmo valor do dólar em ambas as trocas, quantos reais ela recebeu?
A) 50
B) 145
C) 475
D) 580",PAEBES – 2015,B,2,,False,False,False,True,True,B,,
sedu_ama9_2023t1-D039_M-03,sedu_ama9_2023t1,9,PAEBES_M,D039_M,3,3,(fonte sem tópico SAEB),5,5,"Um frasco de soro demora 2 horas para ser ministrado em um paciente, caso seja utilizado um gotejamento de 12 gotas por minuto. Se o número de gotas por minuto fosse 18, quanto tempo levaria para ministrar essa mesma quantidade de soro?",1 h,1 h 20 min,1 h 30 min,2 h 30 min,,0,False,False,,"(PAEBES – 2016) Um frasco de soro demora 2 horas para ser ministrado em um paciente, caso seja utilizado um gotejamento de 12
gotas por minuto.
Se o número de gotas por minuto fosse 18, quanto tempo levaria para ministrar essa mesma quantidade de soro?
A) 1 h
B) 1 h 20 min
C) 1 h 30 min
D) 2 h 30 min",PAEBES – 2016,B,2,,False,False,False,True,True,B,,
sedu_ama9_2024t3-D039_M-01,sedu_ama9_2024t3,9,PAEBES_M,D039_M,1,1,(fonte sem tópico SAEB),5,5,"Quantos quilogramas de semente são necessários para semear uma área de 240m², observando a recomendação de aplicar 1 kg de semente por 16 m² de terreno?",kg,"1,5 kg","2,125 kg",15 kg,,8,False,True,,"(Prova Brasil). Quantos quilogramas de semente são necessários para semear uma área de
240m², observando a recomendação de aplicar 1 kg de semente por 16 m² de terreno?
A)         kg
B) 1,5  kg
C) 2,125 kg
D) 15 kg",Prova Brasil,D,2,,True,False,True,True,False,D,,
sedu_ama9_2024t3-D039_M-02,sedu_ama9_2024t3,9,PAEBES_M,D039_M,2,2,(fonte sem tópico SAEB),5,5,Um criador tem 20 cavalos e gasta 72kg para trata-los por mês. A quantidade de kg de ração que gastará para tratar de 15 cavalos é,60 kg,35 kg,40 kg,54 kg,,1,False,False,,"(Prova Brasil 2011). Um criador tem 20 cavalos e gasta 72kg para trata-los por mês. A
quantidade de kg de ração que gastará para tratar de 15 cavalos é
A) 60 kg
B) 35 kg
C) 40 kg
D) 54 kg",Prova Brasil 2011,D,2,,True,False,True,True,False,D,,
sedu_ama9_2024t3-D039_M-03,sedu_ama9_2024t3,9,PAEBES_M,D039_M,3,3,(fonte sem tópico SAEB),6,6,"Alexandre trabalhou 30 dias durante 8 horas por dia em uma fábrica e recebeu R$ 1 500,00. Para receber R$ 2 000,00, trabalhando as mesmas 8 horas por dia, ele terá que trabalhar quantos dias nessa fábrica?",23,30,40,70,,125,False,False,,"(PAEBES). Alexandre trabalhou 30 dias durante 8 horas por dia em uma fábrica e recebeu R$ 1
500,00.
Para receber R$ 2 000,00, trabalhando as mesmas 8 horas por dia, ele terá que trabalhar
quantos dias nessa fábrica?
A) 23
B) 30
C) 40
D) 70",PAEBES,C,2,,True,False,True,True,False,C,,
sedu_ama9_2024t3-D049_M-01,sedu_ama9_2024t3,9,PAEBES_M,D049_M,1,1,(fonte sem tópico SAEB),9,9,"O balão que fazia propaganda para a empresa de amortecedores MOCOF era observado por duas crianças distantes 50 metros uma da outra. No instante em que essa s crianças observavam o balão, ele estava acima de um poste, com uma das crianças distante 10 metros desse poste. Além disso, as duas crianças e o balão estavam no mesmo plano vertical. A figura abaixo ilustra essa situação. A altura “h” que o balão estava do chão, em metros, n nesse instante é de",,,20,400,,1,False,True,,"(SAEPI). O balão que fazia propaganda para a empresa de amortecedores MOCOF era
observado por duas crianças distantes 50 metros uma da outra. No instante em que essa
s crianças observavam o balão, ele estava acima de um poste, com uma das crianças distante
10 metros desse poste. Além disso, as duas crianças e o balão estavam no mesmo plano vertical. A
figura abaixo ilustra essa situação.
A altura “h” que o balão estava do
chão, em metros, n nesse instante é de
A)
B)
C) 20
D) 400",SAEPI,C,2,abaixo|acima|figura,True,True,True,False,False,C,,
sedu_ama9_2024t3-D049_M-02,sedu_ama9_2024t3,9,PAEBES_M,D049_M,2,2,(fonte sem tópico SAEB),9,9,Uma prefeitura faz transporte de seus pacientes numa Van que tem uma porta móvel para facilitar o acesso dos deficientes físico. O comprimento da rampa de acesso na ambulância é,80 cm,100 cm,120 cm,140 cm,,1,False,False,,"(SAEGO-2012 – Adaptado). Uma prefeitura faz transporte de seus pacientes numa Van que tem
uma porta móvel para facilitar o acesso dos deficientes
físico.
O comprimento da rampa de acesso na ambulância é
A) 80 cm
B) 100 cm
C) 120 cm
D) 140 cm",SAEGO-2012 – Adaptado,B,2,,True,False,True,True,False,B,,
sedu_ama9_2024t3-D049_M-03,sedu_ama9_2024t3,9,PAEBES_M,D049_M,3,3,(fonte sem tópico SAEB),10,10,Igor precisa de uma ripa de madeira para escorar o degrau que está construindo. Veja os quadrinhos abaixo. A resposta correta para pergunta de Igor é,5 cm.,15 cm.,35 cm.,50 cm.,,1,False,True,,"(Prova Rio-adaptada). Igor precisa de uma ripa de madeira para escorar o degrau que está
construindo. Veja os quadrinhos abaixo.
A resposta correta para pergunta de Igor é
A) 5 cm.
B) 15 cm.
C) 35 cm.
D) 50 cm.",Prova Rio-adaptada,D,2,abaixo,True,True,True,True,False,D,,
sedu_ama9_2024t3-D057_M-01,sedu_ama9_2024t3,9,PAEBES_M,D057_M,1,1,(fonte sem tópico SAEB),7,7,A peça C é obtida encaixando as peças A e B uma na outra. A linha tracejada é um eixo de simetria destas peças. O perímetro da figura C é,29 cm,36 cm,58 cm,28 cm,,1,False,False,,"(GAVE). A peça C é obtida encaixando as peças A e B uma na outra. A linha tracejada é um eixo
de simetria destas peças.
O perímetro da figura C é
A) 29 cm
B) 36 cm
C) 58 cm
D) 28 cm",GAVE,B,2,figura,True,True,True,True,False,B,,
sedu_ama9_2024t3-D057_M-02,sedu_ama9_2024t3,9,PAEBES_M,D057_M,2,2,(fonte sem tópico SAEB),7,7,"Cléber deseja cercar um terreno retangular conforme representado abaixo. A quantidade mínima de arame, em metros, que ele deve comprar para dar 4 voltas no terreno é:",34,72,136,288,,1,False,False,,"(Projeto con(seguir)). Cléber deseja cercar um terreno retangular conforme representado
abaixo.
A quantidade mínima de arame, em metros, que ele deve
comprar para dar 4 voltas no terreno é:
A) 34
B) 72
C) 136
D) 288",Projeto con(seguir),C,2,abaixo,True,True,True,True,False,C,,
sedu_ama9_2024t3-D057_M-03,sedu_ama9_2024t3,9,PAEBES_M,D057_M,3,3,(fonte sem tópico SAEB),7,7,O desenho a seguir representa o contorno do pátio de uma escola. Sabendo-se que cada quadradinho do desenho abaixo mede 2 m de lado. Calcule quantos metros andaria uma pessoa que resolvesse contornar o pátio da escola.,24 m,48 m,50 m,52 m,,1,False,False,,"(SEPR). O desenho a seguir representa o contorno do pátio de uma escola. Sabendo-se que
cada quadradinho do desenho abaixo mede 2 m de lado.
Calcule quantos metros andaria uma pessoa que resolvesse contornar o pátio da escola.
A) 24 m
B) 48 m
C) 50 m
D) 52 m",SEPR,B,2,a seguir|abaixo|desenho,True,True,True,True,False,B,,
sedu_ama9_2024t3-D058_M-01,sedu_ama9_2024t3,9,PAEBES_M,D058_M,1,1,(fonte sem tópico SAEB),8,8,A área do quadrilátero da figura é,12 cm².,16 cm².,18 cm².,24 cm².,,1,False,False,,"(Prova Rio). A área do quadrilátero da figura é
A)12 cm².
B) 16 cm².
C) 18 cm².
D) 24 cm².",Prova Rio,C,2,figura,True,True,True,True,False,C,,
sedu_ama9_2024t3-D058_M-02,sedu_ama9_2024t3,9,PAEBES_M,D058_M,2,2,(fonte sem tópico SAEB),8,8,"A região Centro-Oeste do Brasil tem na agricultura uma de suas mais fortes atividades econômicas. O solo produtivo e o relevo com áreas planas facilitam a mecanização. É importante, entretanto, preservar a vegetação natural para reduzir o impac to ambient al da ativida de agrícol a. O desen ho abai xo represen ta a ár ea tot al de uma propriedade dessa região que manteve 20% de sua área intacta como área de preservação. Qual é a medida da área que foi mantida intacta nessa propriedade?","2,6 km².","3,6 km².",13 km².,18 km².,,1,False,False,,"(Supletivo 2011 – MG). A região Centro-Oeste do Brasil tem na agricultura uma de suas mais
fortes atividades econômicas. O solo produtivo e o relevo com áreas planas facilitam
a mecanização. É importante, entretanto, preservar a vegetação natural para reduzir o impac
to ambient al da ativida de agrícol a. O desen ho abai xo represen ta a ár ea tot al de uma
propriedade dessa região que manteve 20% de sua área intacta como área de preservação.
Qual é a medida da área que foi mantida
intacta nessa propriedade?
A) 2,6 km².
B) 3,6 km².
C) 13 km².
D) 18 km².",Supletivo 2011 – MG,A,2,,True,False,True,True,False,A,,
sedu_ama9_2024t3-D058_M-03,sedu_ama9_2024t3,9,PAEBES_M,D058_M,3,3,(fonte sem tópico SAEB),8,8,"O piso de entrada de um prédio está sendo reformado. Serão feitas duas jardineiras nas laterais, conforme indicado na figura, e o piso restante será revestido e m cerâmica. Qual é a área do piso que será revestido com cerâmica?",3 m².,6 m².,9 m².,12 m².,,1,False,False,,"(Prova Brasil). O piso de entrada de um prédio está sendo reformado. Serão feitas duas
jardineiras nas laterais, conforme indicado na figura, e o piso restante será revestido e
m cerâmica.
Qual é a área do piso que será revestido com cerâmica?
A) 3 m².
B) 6 m².
C) 9 m².
D) 12 m².",Prova Brasil,C,2,figura,True,True,True,True,False,C,,
sedu_ama9_2025t3g-D049_M-01,sedu_ama9_2025t3g,9,PAEBES_M,D049_M,1,1,(fonte sem tópico SAEB),14,14,"Na figura abaixo, as medidas do trapézio retângulo são dadas em centímetros. Quanto mede o lado desse trapézio?",5 cm,7 cm,12 cm,15 cm,,2,False,False,,"(Saerj). Na figura abaixo, as medidas do trapézio retângulo são dadas em centímetros.
Quanto mede o lado    desse trapézio?
A) 5 cm
B) 7 cm
C) 12 cm
D) 15 cm",Saerj,A,2,abaixo|figura,True,True,True,True,False,A,,
sedu_ama9_2025t3g-D049_M-02,sedu_ama9_2025t3g,9,PAEBES_M,D049_M,2,2,(fonte sem tópico SAEB),14,14,"Pipa é um quadrilátero que tem dois lados consecutivos e dois ângulos opostos com medidas iguais. Observe a figura: os lados e ângulos congruentes estão marcados de forma igual. Para construir uma pipa de papel de seda são colocadas duas varetas perpendiculares, nas diagonais do quadrilátero. Quantos centímetros de vareta, no mínimo, foram usados para construir a pipa representada na figura?",41,45,,,,1,False,True,,"(Saresp 2007). Pipa é um quadrilátero que tem dois lados consecutivos e dois ângulos opostos
com medidas iguais. Observe a figura: os lados e ângulos congruentes estão marcados de forma
igual. Para construir uma pipa de papel de seda são colocadas duas varetas perpendiculares,
nas diagonais do quadrilátero. Quantos centímetros de vareta, no mínimo, foram usados para
construir a pipa representada na figura?
A) 41
B) 45
C)
D)",Saresp 2007,B,2,figura,True,True,True,False,False,B,,
sedu_ama9_2025t3g-D049_M-03,sedu_ama9_2025t3g,9,PAEBES_M,D049_M,3,3,(fonte sem tópico SAEB),14,14,"O balão que fazia propaganda para a empresa de amortecedores MOCOF era observado por duas crianças distantes 50 metros uma da outra. No instante em que essas crianças observavam o balão, ele estava acima de um poste, com uma das crianças distante 10 metros desse poste. Além disso, as duas crianças e o balão estavam no mesmo plano vertical. A figura abaixo ilustra essa situação. A altura “h” que o balão estava do chão, em metros, nesse instante é de",,,20,400,,1,False,True,,"(SAEPI). O balão que fazia propaganda para a empresa de amortecedores MOCOF era
observado por duas crianças distantes 50 metros uma da outra. No instante em que essas
crianças observavam o balão, ele estava acima de um poste, com uma das crianças distante 10
metros desse poste. Além disso, as duas crianças e o balão estavam no mesmo plano vertical. A
figura abaixo ilustra essa situação.
A altura “h” que o balão estava do chão,
em metros, nesse instante é de
A)
B)
C) 20
D) 400",SAEPI,C,2,abaixo|acima|figura,True,True,True,False,False,C,sedu_ama9_2024t3-D049_M-01,duplicata: Mesmo item republicado em cadernos AMA de 2024 e 2025; gabaritos iguais.
sedu_ama9_2025t3g-D049_M-04,sedu_ama9_2025t3g,9,PAEBES_M,D049_M,4,4,(fonte sem tópico SAEB),15,15,"A figura abaixo mostra a estrutura de metal que sustenta o telhado de uma residência. Devido à presença da caixa d’água, as peças são cortadas com dois metros de comprimento e colocadas a meia distância das extremidades A e C da laje. Assim, ABD é um triângulo retângulo de catetos com três metros e dois metros. O comprimento da peça de metal com extremidades em A e B é aproximadamente de",3 metros.,"3,6 metros.","4,6 metros.","2,7 metros.",,1,False,False,,"(SAEP 2013). A figura abaixo mostra a estrutura de metal que sustenta o telhado de uma
residência. Devido à presença da caixa d’água, as peças são cortadas com dois metros de
comprimento e colocadas a meia distância das extremidades A e C da laje. Assim, ABD é um
triângulo retângulo de catetos com três metros e dois metros.
O comprimento da peça de metal com
extremidades em A e B é aproximadamente de
A) 3 metros.
B) 3,6 metros.
C) 4,6 metros.
D) 2,7 metros.",SAEP 2013,B,2,abaixo|figura,True,True,True,True,False,B,,
sedu_ama9_2025t3g-D049_M-05,sedu_ama9_2025t3g,9,PAEBES_M,D049_M,5,5,(fonte sem tópico SAEB),15,15,"Ao avistar um ninho de pombinhos no alto de um poste de 6 m de altura, um ciclista parou a uma distância de 6 m do poste para visualizar o ninho, conforme ilustra o desenho abaixo. A distância “x” do ninho até o ciclista é igual a","5,7 m","6,0 m","7,5 m","10,5 m",,1,False,False,,"(SAEMS). Ao avistar um ninho de pombinhos no alto de um poste de 6 m de altura, um ciclista
parou a uma distância de 6 m do poste para visualizar o ninho, conforme ilustra o desenho
abaixo.
A distância “x” do ninho até o ciclista é igual a
A) 5,7 m
B) 6,0 m
C) 7,5 m
D) 10,5 m",SAEMS,C,2,abaixo|desenho,True,True,True,True,False,C,,
sedu_ama9_2025t3g-D049_M-06,sedu_ama9_2025t3g,9,PAEBES_M,D049_M,6,6,(fonte sem tópico SAEB),15,15,"Um portão retangular com barras de metal teve sua estrutura reforçada por barras metálicas mais resistentes, formando um triângulo retângulo, conforme representado no desenho abaixo. O comprimento da barra PM, em metros, é, aproximadamente,","2,04","3,70","4,05","4,70",,1,False,False,,"(SAEGO). Um portão retangular com barras de metal teve sua estrutura reforçada por barras
metálicas mais resistentes, formando um triângulo retângulo, conforme representado no
desenho abaixo.
O comprimento da barra PM, em metros, é, aproximadamente,
A) 2,04
B) 3,70
C) 4,05
D) 4,70",SAEGO,C,2,abaixo|desenho,True,True,True,True,False,C,,
sedu_ama9_2025t3g-D049_M-07,sedu_ama9_2025t3g,9,PAEBES_M,D049_M,7,7,(fonte sem tópico SAEB),16,16,Uma formiga está no ponto A da malha mostrada na figura. A malha é formada por retângulos de 3 cm de largura por 4 cm de comprimento. A formiga só pode caminhar sobre os lados ou sobre as diagonais dos retângulos. Qual é a menor distância que a formiga deve percorrer para ir de A até B?,12 cm,14 cm,15 cm,18 cm 4,,1,False,False,,"(OBMEP). Uma formiga está no ponto A da malha mostrada na figura.
A malha é formada por retângulos de 3 cm de largura por 4 cm de comprimento. A formiga só
pode caminhar sobre os lados ou sobre as diagonais dos retângulos. Qual é a menor distância
que a formiga deve percorrer para ir de A até B?
A) 12 cm
B) 14 cm
C) 15 cm
D) 18 cm
4",OBMEP,B,2,figura|malha,True,True,True,True,False,B,,
sedu_ama9_2025t3g-D049_M-08,sedu_ama9_2025t3g,9,PAEBES_M,D049_M,8,8,(fonte sem tópico SAEB),16,16,O triângulo ABC é retângulo em B. O valor de h é:,"1,2 cm.","2,0 cm.","2,4 cm.","3,2 cm.",,1,False,False,,"(SMERJ) O triângulo ABC é retângulo em B. O valor de h é:
A) 1,2 cm.
B) 2,0 cm.
C) 2,4 cm.
D) 3,2 cm.",SMERJ,C,2,,True,False,True,True,False,C,,
sedu_ama9_2025t3g-D049_M-09,sedu_ama9_2025t3g,9,PAEBES_M,D049_M,9,9,(fonte sem tópico SAEB),16,16,"Na figura abaixo, a distância da casa à estrada é 1,2 km. Qual é a menor distância da árvore à caixa d’água?","2,5 km.",2 km.,"1,5 km.","0,9 km.",,1,False,False,,"(SMERJ) Na figura abaixo, a distância da casa à estrada é 1,2 km. Qual é a menor distância da
árvore à caixa d’água?
A) 2,5 km.
B) 2 km.
C) 1,5 km.
D) 0,9 km.",SMERJ,A,2,abaixo|figura,True,True,True,True,False,A,,
sedu_ama9_2025t3g-D049_M-10,sedu_ama9_2025t3g,9,PAEBES_M,D049_M,10,10,(fonte sem tópico SAEB),16,16,"Um bambu partiu-se a uma altura de 4 m do chão, e a parte de cima, ao cair, tocou o chão, a uma distância de 3 m da base do bambu. Qual era a altura do bambu antes de partir- se?",5 m.,7 m.,8 m.,9 m.,,1,False,False,,"(SMERJ) Um bambu partiu-se a uma altura de 4 m do chão, e a parte de cima, ao cair, tocou o
chão, a uma distância de 3 m da base do bambu. Qual era a altura do bambu antes de partir-
se?
A) 5 m.
B) 7 m.
C) 8 m.
D) 9 m.",SMERJ,D,2,,True,False,True,True,False,D,,
sedu_ama9_2025t3g-D058_M-01,sedu_ama9_2025t3g,9,PAEBES_M,D058_M,1,1,(fonte sem tópico SAEB),5,5,"Carlos comprou um terreno retangular cujas medidas estão representadas no desenho abaixo e, no centro dele, construiu uma casa de base também retangular medindo 6 metros de largura por 16 metros de comprimento. Ao redor da casa, ele plantou grama de forma a cobrir todo espaço que sobrou do terreno Quantos metros quadrados de grama Carlos plantou nesse terreno?",16,96,104,200,,1,False,False,,"(PAEBES). Carlos comprou um terreno retangular cujas medidas estão representadas no
desenho abaixo e, no centro dele, construiu uma casa de base também retangular medindo 6
metros de largura por 16 metros de comprimento. Ao redor da casa, ele plantou grama de
forma a cobrir todo espaço que sobrou do terreno
Quantos metros quadrados de grama Carlos plantou nesse terreno?
A) 16
B) 96
C) 104
D) 200",PAEBES,C,2,abaixo|desenho,True,True,True,True,False,C,sedu_es_9ef-D13-03,duplicata: Mesmo item republicado; descritores equivalentes; gabaritos iguais.
sedu_ama9_2025t3g-D058_M-02,sedu_ama9_2025t3g,9,PAEBES_M,D058_M,2,2,(fonte sem tópico SAEB),5,5,"Josefa quer revestir o piso da cozinha de sua casa. A forma desse cômodo é bastante irregular: veja, abaixo, a planta da cozinha. Ela precisa saber quanto mede a área total da cozinha para comprar o piso. Essa área é igual a:",1 m²,4 m²,6 m²,11 m²,,1,False,False,,"(SIMAVE). Josefa quer revestir o piso da cozinha de sua casa. A forma desse cômodo é bastante
irregular: veja, abaixo, a planta da cozinha.
Ela precisa saber quanto mede a área total da cozinha para comprar o piso.
Essa área é igual a:
A) 1 m²
B) 4 m²
C) 6 m²
D) 11 m²",SIMAVE,D,2,abaixo|planta,True,True,True,True,False,D,,
sedu_ama9_2025t3g-D058_M-03,sedu_ama9_2025t3g,9,PAEBES_M,D058_M,3,3,(fonte sem tópico SAEB),6,6,"Se para cobrir cada m² de telhado são usadas 20 telhas francesas, então para cobrir um telhado com as dimensões indicadas na figura abaixo serão necessárias:",1000 telhas,1200 telhas,1600 telhas,1800 telhas,,1,False,False,,"(Saresp – SP). Se para cobrir cada m² de telhado são usadas 20 telhas francesas, então para
cobrir um telhado com as dimensões indicadas na figura abaixo serão necessárias:
A) 1000 telhas
B) 1200 telhas
C) 1600 telhas
D) 1800 telhas",Saresp – SP,C,2,abaixo|figura,True,True,True,True,False,C,,
sedu_ama9_2025t3g-D058_M-04,sedu_ama9_2025t3g,9,PAEBES_M,D058_M,4,4,(fonte sem tópico SAEB),6,6,"O piso de entrada de um prédio está sendo reformado. Serão feitas duas jardineiras nas laterais, conforme indicado na figura, e o piso restante será revestido em cerâmica. Qual é a área do piso que será revestido com cerâmica?",3 m².,6 m².,9 m².,12 m².,,1,False,False,,"(Prova Brasil). O piso de entrada de um prédio está sendo reformado. Serão feitas duas
jardineiras nas laterais, conforme indicado na figura, e o piso restante será revestido em
cerâmica.
Qual é a área do piso que será revestido com cerâmica?
A) 3 m².
B) 6 m².
C) 9 m².
D) 12 m².",Prova Brasil,C,2,figura,True,True,True,True,False,C,sedu_ama9_2024t3-D058_M-03,duplicata: Mesmo item republicado em cadernos AMA de 2024 e 2025; gabaritos iguais.
sedu_ama9_2025t3g-D058_M-05,sedu_ama9_2025t3g,9,PAEBES_M,D058_M,5,5,(fonte sem tópico SAEB),7,7,"A área da região limitada por duas circunferências concêntricas, uma com raio 10 cm e a outra com raio 6 cm, é",64π cm²,60π cm²,52π cm²,16π cm²,,1,False,False,,"(SAEP - Adaptada) A área da região limitada por duas circunferências concêntricas, uma com
raio 10 cm e a outra com raio 6 cm, é
A) 64π cm²
B) 60π cm²
C) 52π cm²
D) 16π cm²",SAEP - Adaptada,A,2,,True,False,True,True,False,A,sedu_es_9ef-D13-01,duplicata: Mesmo item republicado; descritores equivalentes; gabaritos iguais.
sedu_ama9_2025t3g-D058_M-06,sedu_ama9_2025t3g,9,PAEBES_M,D058_M,6,6,(fonte sem tópico SAEB),7,7,"A figura que segue representa as dimensões de um lote. A quantidade necessária de grama, em m², para cobrir metade desse lote, é",30,40,50,60,,1,False,False,,"(SEDUC-GO - Adaptada) A figura que segue representa as dimensões de um lote.
A quantidade necessária de grama, em m², para cobrir metade desse lote, é
A) 30
B) 40
C) 50
D) 60",SEDUC-GO - Adaptada,D,2,figura,True,True,True,True,False,D,,
sedu_ama9_2025t3g-D058_M-07,sedu_ama9_2025t3g,9,PAEBES_M,D058_M,7,7,(fonte sem tópico SAEB),7,7,"Observe o desenho, na cor cinza, que Eva fez no papel quadriculado. Se cada quadrinho tem 1cm² de área, qual é área da figura que Eva desenhou?",9 cm²,10 cm²,11 cm²,12 cm²,,1,False,False,,"(SPAECE). Observe o desenho, na cor cinza, que Eva fez no papel quadriculado.
Se cada quadrinho tem 1cm² de área, qual é área da figura que Eva desenhou?
A) 9 cm²
B) 10 cm²
C) 11 cm²
D) 12 cm²",SPAECE,D,2,desenho|figura,True,True,True,True,False,D,,
sedu_ama9_2025t3g-D058_M-08,sedu_ama9_2025t3g,9,PAEBES_M,D058_M,8,8,(fonte sem tópico SAEB),8,8,"A área total da figura abaixo é formada pela soma dos três retângulos que a compõem. Sabendo que a unidade de medida é o cm, determine a área total dessa figura.",48 cm²,30 cm²,60 cm²,21 cm ²,,1,False,False,,"(SALTO - TO/Adaptada) A área total da figura abaixo é formada pela soma dos três retângulos
que a compõem.
Sabendo que a unidade de medida é o cm, determine a área total dessa figura.
A) 48 cm²
B) 30 cm²
C) 60 cm²
D) 21 cm ²",SALTO - TO/Adaptada,A,2,abaixo|figura,True,True,True,True,False,A,,
sedu_ama9_2025t3g-D058_M-09,sedu_ama9_2025t3g,9,PAEBES_M,D058_M,9,9,(fonte sem tópico SAEB),8,8,"Uma capa circular de lona será confeccionada para cobrir uma piscina de fibra de um clube. A dimensão externa dessa piscina, também circular, está apresentada na figura abaixo. A medida mínima dessa capa, em metros quadrados, deverá ser de",6π.,9 π.,12 π.,36 π.,,1,False,False,,"(SAEMS). Uma capa circular de lona será confeccionada para cobrir uma piscina de fibra de um
clube. A dimensão externa dessa piscina, também circular, está apresentada na figura abaixo.
A medida mínima dessa capa, em metros quadrados, deverá ser de
A) 6π.
B) 9 π.
C) 12 π.
D) 36 π.",SAEMS,B,2,abaixo|figura,True,True,True,True,False,B,,
sedu_ama9_2025t3g-D058_M-10,sedu_ama9_2025t3g,9,PAEBES_M,D058_M,10,10,(fonte sem tópico SAEB),8,8,"Uma piscina quadrada foi construída num terreno retangular, conforme figura a seguir: O proprietário deseja gramar todo o terreno em volta da piscina. Calcule quanto ele vai gastar sabendo-se que o 1m² de grama custa R$ 5,60.","R$ 89,60","R$ 358,40","R$ 448,00","R$ 537,60",,1,False,False,,"(SEPR). Uma piscina quadrada foi construída num terreno retangular, conforme figura a seguir:
O proprietário deseja gramar todo o terreno em volta da piscina. Calcule quanto ele vai gastar
sabendo-se que o 1m² de grama custa R$ 5,60.
A) R$ 89,60
B) R$ 358,40
C) R$ 448,00
D) R$ 537,60",SEPR,C,2,a seguir|figura,True,True,True,True,False,C,,
sedu_ama9_2025t3g-D060_M-01,sedu_ama9_2025t3g,9,PAEBES_M,D060_M,1,1,(fonte sem tópico SAEB),12,12,"Foram descarregados em um porto 7,8 toneladas de equipamentos eletrônicos e 4 500 quilogramas de materiais elétricos, importados por uma empresa. A quantidade total desses produtos, em quilogramas, é igual a","4 507,8",5 280,12 300,82 500,,0,False,False,,"(IPOJUCA - PE) Foram descarregados em um porto 7,8 toneladas de equipamentos eletrônicos e
4 500 quilogramas de materiais elétricos, importados por uma empresa. A quantidade total
desses produtos, em quilogramas, é igual a
A) 4 507,8
B) 5 280
C) 12 300
D) 82 500",IPOJUCA - PE,C,2,,False,False,False,True,True,C,sedu_es_9ef-D15-01,duplicata: Mesmo item republicado; descritores equivalentes; gabaritos iguais.
sedu_ama9_2025t3g-D060_M-02,sedu_ama9_2025t3g,9,PAEBES_M,D060_M,2,2,(fonte sem tópico SAEB),12,12,"Pedro vai comprar 2 litros de refrigerante. Ao chegar ao supermercado, a garrafa de refrigerante de 500 ml estava na promoção. Pedro precisa comprar quantas garrafas de 500 ml para levar os dois litros de refrigerantes que ele precisa?",3 garrafas.,2 garrafas.,4 garrafas.,5 garrafas.,,0,False,False,,"(SPAECE) Pedro vai comprar 2 litros de refrigerante. Ao chegar ao supermercado, a garrafa de
refrigerante de 500 ml estava na promoção. Pedro precisa comprar quantas garrafas de 500 ml
para levar os dois litros de refrigerantes que ele precisa?
A) 3 garrafas.
B) 2 garrafas.
C) 4 garrafas.
D) 5 garrafas.",SPAECE,C,2,,False,False,False,True,True,C,sedu_es_9ef-D15-03,duplicata: Mesmo item republicado; descritores equivalentes; gabaritos iguais.
sedu_ama9_2025t3g-D060_M-03,sedu_ama9_2025t3g,9,PAEBES_M,D060_M,3,3,(fonte sem tópico SAEB),12,12,"Observando uma garrafa de refrigerante, verificamos que seu conteúdo é de 280 ml. Esse conteúdo expresso em litro(s) é",280,"28,0","2,80","0,28",,1,False,False,,"(SAEB 2015) Observando uma garrafa de refrigerante, verificamos que seu conteúdo é de 280
ml. Esse conteúdo expresso em litro(s) é
A) 280
B) 28,0
C) 2,80
D) 0,28",SAEB 2015,D,2,,True,False,True,True,False,D,,
sedu_ama9_2025t3g-D060_M-04,sedu_ama9_2025t3g,9,PAEBES_M,D060_M,4,4,(fonte sem tópico SAEB),12,12,"Uma garrafa de refrigerante tem 1,5 litros de capacidade. Para comprarmos 9 litros deste refrigerante, devemos pedir",6 garrafas.,7 garrafas.,"7,5 garrafas.",8 garrafas.,,0,False,False,,"(SAEB 2013) Uma garrafa de refrigerante tem 1,5 litros de capacidade. Para comprarmos 9 litros
deste refrigerante, devemos pedir
A) 6 garrafas.
B) 7 garrafas.
C) 7,5 garrafas.
D) 8 garrafas.",SAEB 2013,A,2,,False,False,False,True,True,A,,
sedu_ama9_2025t3g-D060_M-05,sedu_ama9_2025t3g,9,PAEBES_M,D060_M,5,5,(fonte sem tópico SAEB),12,12,"Nas jarras seguintes, a quantidade expressa em litros está representada nas formas de fração e decimal. A jarra que mostra a quantidade expressa em formas equivalentes é",,,,,,4,False,False,,"(SAEP 2014) Nas jarras seguintes, a quantidade expressa em litros está representada nas formas
de fração e decimal. A jarra que mostra a quantidade expressa em formas equivalentes é
A)
B)
C)
D)",SAEP 2014,A,2,,True,False,True,False,False,A,,
sedu_ama9_2025t3g-D060_M-06,sedu_ama9_2025t3g,9,PAEBES_M,D060_M,6,6,(fonte sem tópico SAEB),13,13,Uma torneira desperdiça 125 ml de água durante 1 hora. Quantos litros de água desperdiçará em 24 horas?,"1,5","3,0","15,0","30,0",,0,False,False,,"(Prova Brasil) Uma torneira desperdiça 125 ml de água durante 1 hora. Quantos litros de água
desperdiçará em 24  horas?
A) 1,5
B) 3,0
C) 15,0
D) 30,0",Prova Brasil,B,2,,False,False,False,True,True,B,,
sedu_ama9_2025t3g-D060_M-07,sedu_ama9_2025t3g,9,PAEBES_M,D060_M,7,7,(fonte sem tópico SAEB),13,13,"O triátlon é um esporte composto por três modalidades: natação, ciclismo e corrida. Na cidade das Flores, será realizado um triátlon, em que os participantes terão que nadar 750 m, seguido de 20 km de ciclismo e, por último, 5000 m de corrida. Uma atleta que consegue completar as três etapas dessa competição percorreu:","20,00 km","25,75 km","32,50 km","77, 50 km",,0,False,False,,"(PAEBES) O triátlon é um esporte composto por três modalidades: natação, ciclismo e corrida.
Na cidade das Flores, será realizado um triátlon, em que os participantes terão que nadar 750
m, seguido de 20 km de ciclismo e, por último, 5000 m de corrida.
Uma atleta que consegue completar as três etapas dessa competição percorreu:
A) 20,00 km
B) 25,75 km
C) 32,50 km
D) 77, 50 km",PAEBES,B,2,,False,False,False,True,True,B,,
sedu_ama9_2025t3g-D060_M-08,sedu_ama9_2025t3g,9,PAEBES_M,D060_M,8,8,(fonte sem tópico SAEB),13,13,"Com o refrigerante contido em uma garrafa de 2 litros, é possível encher:",7 copos de 300 ml,5 copos de 500 ml,3 copos de 300 ml e 2 de 500 ml,2 copos de 300 ml e 3 de 500 ml,,0,False,False,,"(Projeto con(seguir)) Com o refrigerante contido em uma garrafa de 2 litros, é possível encher:
A) 7 copos de 300 ml
B) 5 copos de 500 ml
C) 3 copos de 300 ml e 2 de 500 ml
D) 2 copos de 300 ml e 3 de 500 ml",Projeto con(seguir),C,2,,False,False,False,True,True,C,,
sedu_ama9_2025t3g-D060_M-09,sedu_ama9_2025t3g,9,PAEBES_M,D060_M,9,9,(fonte sem tópico SAEB),13,13,"Uma empresa de transporte de combustível dispõe de três tipos de caminhões com diferentes capacidades para transportar seu produto. Na primeira semana do mês, o caminhão com capacidade de 9m³ fez 10 viagens com sua capacidade máxima; o caminhão com capacidade de 15m³ fez 5 viagens com sua capacidade máxima, e o caminhão com capacidade de 21m³ fez 3 viagens com capacidade máxima. Quantos litros de combustível foram transportados nessa semana pelos três caminhões?",228 000,45 000,2 280,450,,0,False,False,,"(SPAECE). Uma empresa de transporte de combustível dispõe de três tipos de caminhões com
diferentes capacidades para transportar seu produto. Na primeira semana do mês, o caminhão
com capacidade de 9m³ fez 10 viagens com sua capacidade máxima; o caminhão com
capacidade de 15m³ fez 5 viagens com sua capacidade máxima, e o caminhão com capacidade
de 21m³ fez 3 viagens com capacidade máxima.
Quantos litros de combustível foram transportados nessa semana pelos três caminhões?
A) 228 000
B) 45 000
C) 2 280
D) 450",SPAECE,A,2,,False,False,False,True,True,A,,
sedu_ama9_2025t3g-D060_M-10,sedu_ama9_2025t3g,9,PAEBES_M,D060_M,10,10,(fonte sem tópico SAEB),13,13,Um reservatório de água distribui cada dia cerca de 60.000 mℓ de água para cada casa de uma comunidade. Assim uma residência receberá água por dia cerca de,6 litros.,60 litros.,600 litros.,6000 litros. 7⁹,,0,False,False,,"(CPERB). Um reservatório de água distribui cada dia cerca de 60.000 mℓ de água para cada casa
de uma comunidade. Assim uma residência receberá água por dia cerca de
A) 6 litros.
B) 60 litros.
C) 600 litros.
D) 6000 litros.
7⁹",CPERB,B,2,,False,False,False,True,True,B,,
sedu_ama9_2025t3g-D062_M-01,sedu_ama9_2025t3g,9,PAEBES_M,D062_M,1,1,(fonte sem tópico SAEB),9,9,"Para a produção de um terrário foram utilizadas placas de vidro retangulares conforme as medidas indicadas no desenho abaixo. Disponível em: <http://apetrechosdajuh.blogspot.com.br/2011_03_01_archive.html>. Acesso em: 21 Abr. 2014. *Adaptado para fins didáticos. Para que o terrário se mantenha vivo, a quantidade de terra colocada deve equivaler a da capacidade total do recipiente utilizado. Qual é o volume de terra indicado para esse terrário?",1 000 cm³,2 000 cm³,3 000 cm³,4 000 cm³,,1,False,True,,"(PAEBES). Para a produção de um terrário foram utilizadas placas de vidro retangulares
conforme as medidas indicadas no desenho abaixo.
Disponível em: <http://apetrechosdajuh.blogspot.com.br/2011_03_01_archive.html>. Acesso em: 21 Abr. 2014. *Adaptado para fins didáticos.
Para que o terrário se mantenha vivo, a quantidade de terra colocada deve equivaler a   da
capacidade total do recipiente utilizado. Qual é o volume de terra indicado para esse terrário?
A) 1 000 cm³
B) 2 000 cm³
C) 3 000 cm³
D) 4 000 cm³",PAEBES,A,2,abaixo|desenho,True,True,True,True,False,A,,
sedu_ama9_2025t3g-D062_M-02,sedu_ama9_2025t3g,9,PAEBES_M,D062_M,2,2,(fonte sem tópico SAEB),9,9,"Para sustentar uma escultura, um artista construiu uma base de gesso composta por dois blocos retangulares, conforme representado na figura abaixo. Qual é a medida do volume mínimo de gesso que esse artista utilizou?",40 cm³,144 cm³,480 cm³,576 cm³,,1,False,False,,"(PAEBES). Para sustentar uma escultura, um artista construiu uma base de gesso composta por
dois blocos retangulares, conforme representado na figura abaixo.
Qual é a medida do volume mínimo de gesso que
esse artista utilizou?
A) 40 cm³
B) 144 cm³
C) 480 cm³
D) 576 cm³",PAEBES,D,2,abaixo|figura,True,True,True,True,False,D,,
sedu_ama9_2025t3g-D062_M-03,sedu_ama9_2025t3g,9,PAEBES_M,D062_M,3,3,(fonte sem tópico SAEB),9,9,"Uma substância estava armazenada em um recipiente no formato de um paralelepípedo retângulo e ocupava toda a capacidade desse recipiente. Essa substância foi completamente transferida para um recipiente de formato cilíndrico. As medidas internas desses dois recipientes estão indicadas no desenho abaixo. Considere: π = 3,14. Qual é a capacidade máxima restante desse cilindro após a transferência dessa substância?","38,8 m³","50,2 m³","62,8 m³","86,8 m³",,1,False,False,,"(SAEMI) Uma substância estava armazenada em um recipiente no formato de um
paralelepípedo retângulo e ocupava toda a capacidade desse recipiente. Essa substância foi
completamente transferida para um recipiente de formato cilíndrico. As medidas internas
desses dois recipientes estão indicadas no desenho abaixo.
Considere: π = 3,14.
Qual é a capacidade máxima restante desse
cilindro após a transferência dessa substância?
A) 38,8 m³
B) 50,2 m³
C) 62,8 m³
D) 86,8 m³",SAEMI,A,2,abaixo|desenho,True,True,True,True,False,A,sedu_es_9ef-D14-02,duplicata: Mesmo item republicado; descritores equivalentes; gabaritos iguais.
sedu_ama9_2025t3g-D062_M-04,sedu_ama9_2025t3g,9,PAEBES_M,D062_M,4,4,(fonte sem tópico SAEB),10,10,"Uma caixa d’água, com a forma de um paralelepípedo, mede 2m de comprimento por 3 m de largura e 1,5 m de altura. A figura abaixo ilustra essa caixa. O volume da caixa d’água, em m³, é:","6,5","6,0","9,0","7,5",,1,False,False,,"(Prova Brasil). Uma caixa d’água, com a forma de um paralelepípedo, mede 2m de comprimento
por 3 m de largura e 1,5 m de altura. A figura abaixo ilustra essa caixa.
O volume da caixa d’água, em m³, é:
A) 6,5
B) 6,0
C) 9,0
D) 7,5",Prova Brasil,C,2,abaixo|figura,True,True,True,True,False,C,,
sedu_ama9_2025t3g-D062_M-05,sedu_ama9_2025t3g,9,PAEBES_M,D062_M,5,5,(fonte sem tópico SAEB),10,10,"Um porta-lápis de madeira foi construído no formato cúbico, seguindo o modelo ilustrado a seguir. O cubo de dentro é vazio. A aresta do cubo maior mede 12 cm e a do cubo menor, que é interno, mede 8 cm. O volume de madeira utilizado na confecção desse objeto foi de",12 cm³.,64 cm³.,96 cm³,1216 cm³,,1,False,False,,"(ENEM 2010/Adaptada) Um porta-lápis de madeira foi construído no formato cúbico, seguindo o
modelo ilustrado a seguir. O cubo de dentro é vazio. A aresta do cubo maior mede 12 cm e a do
cubo menor, que é interno, mede 8 cm.
O volume de madeira utilizado na confecção desse objeto foi de
A) 12 cm³.
B) 64 cm³.
C) 96 cm³
D) 1216 cm³",ENEM 2010/Adaptada,D,2,a seguir,True,True,True,True,False,D,,
sedu_ama9_2025t3g-D062_M-06,sedu_ama9_2025t3g,9,PAEBES_M,D062_M,6,6,(fonte sem tópico SAEB),10,10,"Maria produz, em sua fábrica, um produto na forma cúbica. Para vender seus produtos ela acondiciona-os em caixa maiores. A quantidade produtos que Maria consegue colocar na caixa grande é",4,32,72,192,,1,False,False,,"(P.B 2015). Maria produz, em sua fábrica, um produto na forma cúbica. Para vender seus
produtos ela acondiciona-os em caixa maiores.
A quantidade produtos que Maria consegue colocar na caixa grande é
A) 4
B) 32
C) 72
D) 192",P.B 2015,D,2,,True,False,True,True,False,D,sedu_es_9ef-D14-04,duplicata: Mesmo item republicado; descritores equivalentes; gabaritos iguais.
sedu_ama9_2025t3g-D062_M-07,sedu_ama9_2025t3g,9,PAEBES_M,D062_M,7,7,(fonte sem tópico SAEB),11,11,"Uma fábrica embala 8 vidros de palmito em caixas de papelão cúbicas de 20 cm de lado. Para que possam ser melhor transportadas, essas caixas são colocadas, da melhor maneira possível, em caixotes de madeira de 80 cm de largura por 120 cm de comprimento por 60 cm de altura. O número de vidros de palmito em cada caixote é:",144,576,720,2304,,1,False,False,,"(Olimpíada de Matemática – SP) Uma fábrica embala 8 vidros de palmito em caixas de papelão
cúbicas de 20 cm de lado. Para que possam ser melhor transportadas, essas caixas são
colocadas, da melhor maneira possível, em caixotes de madeira de 80 cm de largura por 120 cm
de comprimento por 60 cm de altura. O número de vidros de palmito em cada caixote é:
A) 144
B) 576
C) 720
D) 2304",Olimpíada de Matemática – SP,B,2,,True,False,True,True,False,B,,
sedu_ama9_2025t3g-D062_M-08,sedu_ama9_2025t3g,9,PAEBES_M,D062_M,8,8,(fonte sem tópico SAEB),11,11,"Uma das empregadas da loja de doces colocou várias caixas iguais umas sobre as outras, formando um monte como o que vê na figura. O preço de uma caixa é de R$ 2,50. O valor pago por um cliente que compra todas as caixas do monte é","R$ 70,00","R$ 87,50","R$ 57,50","R$ 52,50",,1,False,False,,"(GAVE). Uma das empregadas da loja de doces colocou várias caixas iguais umas sobre as outras,
formando um monte como o que vê na figura.
O preço de uma caixa é de R$ 2,50. O valor pago por um cliente que compra todas as caixas do
monte é
A) R$ 70,00                 B) R$ 87,50                       C) R$ 57,50                 D) R$ 52,50",GAVE,B,2,figura,True,True,True,True,False,B,,
sedu_ama9_2025t3g-D062_M-09,sedu_ama9_2025t3g,9,PAEBES_M,D062_M,9,9,(fonte sem tópico SAEB),11,11,"A carroceria de um caminhão-Baú, como o da figura abaixo, tem medidas 3 m x 6 m x 4 m. Quantas viagens, no mínimo, esse caminhão terá de fazer para transportar 360 m³ de papel?",3,5,8,10,,1,False,False,,"(Saresp-2009). A carroceria de um caminhão-Baú, como o da figura abaixo, tem medidas 3 m x 6
m x 4 m.
Quantas viagens, no mínimo, esse caminhão
terá de fazer para transportar 360 m³ de papel?
A) 3
B) 5
C) 8
D) 10",Saresp-2009,B,2,abaixo|figura,True,True,True,True,False,B,,
sedu_ama9_2025t3g-D062_M-10,sedu_ama9_2025t3g,9,PAEBES_M,D062_M,10,10,(fonte sem tópico SAEB),11,11,"Um aquário possui o formato de um bloco retangular, cujas dimensões da base são 50 cm e 20 cm, e a água contida em seu interior está atingindo um nível de altura 15 cm (Figura 1). Mergulhando, a seguir, 5 bolas coloridas de metal, de volumes iguais, o nível de água do aquário atinge uma altura de 25 cm (Figura 2). Calcule o volume, em cm³, ocupado por cada bola.",15 000 cm³,10 000 cm³,2 000 cm³,1 000 cm³ 7⁷,,1,False,False,,"(Saresp-2010). Um aquário possui o formato de um bloco retangular, cujas dimensões da base
são 50 cm e 20 cm, e a água contida em seu interior está atingindo um nível de altura 15 cm
(Figura 1). Mergulhando, a seguir, 5 bolas coloridas de metal, de volumes iguais, o nível de água
do aquário atinge uma altura de 25 cm (Figura 2).
Calcule o volume, em cm³,
ocupado por cada bola.
A) 15 000 cm³
B) 10 000 cm³
C) 2 000 cm³
D) 1 000 cm³
7⁷",Saresp-2010,C,2,a seguir|figura,True,True,True,True,False,C,,
sedu_ama9_2025t3g-D121_M-01,sedu_ama9_2025t3g,9,PAEBES_M,D121_M,1,1,(fonte sem tópico SAEB),17,17,"Pedro desenhou algumas circunferências em alguns cartões, como mostram as figuras abaixo: Em qual dos cartões o segmento traçado representa o diâmetro da circunferência?",Cartão 1,Cartão 2,Cartão 3,Cartão 4,,1,False,False,,"(SAEGO 2013 - adaptado). Pedro desenhou algumas circunferências em alguns cartões, como
mostram as figuras abaixo:
Em qual dos cartões o segmento traçado representa o diâmetro da circunferência?
A) Cartão 1
B) Cartão 2
C) Cartão 3
D) Cartão 4",SAEGO 2013 - adaptado,B,2,abaixo,True,True,True,True,False,B,,
sedu_ama9_2025t3g-D121_M-02,sedu_ama9_2025t3g,9,PAEBES_M,D121_M,2,2,(fonte sem tópico SAEB),17,17,"Na ﬁgura abaixo, o ponto O é o centro da circunferência. A medida do diâmetro RP é igual a",,,,,,2,False,False,,"(SAERJ). Na ﬁgura abaixo, o ponto O é o centro da circunferência.
A medida do diâmetro RP  é igual a
A)
B)
C)
D)",SAERJ,,2,abaixo,True,True,True,False,False,,,
sedu_ama9_2025t3g-D121_M-03,sedu_ama9_2025t3g,9,PAEBES_M,D121_M,3,3,(fonte sem tópico SAEB),17,17,"Nas figuras, abaixo, estão desenhadas quatro circunferências, todas com o raio medindo 18 cm. A figura que indica a medida correta da corda é",,,,,,2,False,False,alternativas não localizadas no texto,"(Proeb). Nas figuras, abaixo, estão desenhadas quatro circunferências, todas com o raio
medindo 18 cm. A figura que indica a medida correta da corda é",Proeb,A,2,abaixo|figura,True,True,True,False,False,A,,
sedu_ama9_2025t3g-D121_M-04,sedu_ama9_2025t3g,9,PAEBES_M,D121_M,4,4,(fonte sem tópico SAEB),18,18,Na figura abaixo o ponto O é o centro da circunferência e o arco ABC mede 260º. Qual a medida do ângulo α ?,260º,130°,100º,50º,,1,False,False,,"(Projeto con(seguir)). Na figura abaixo o ponto O é o centro da circunferência e o arco ABC mede
260º.
Qual a medida do ângulo α ?
A) 260º
B) 130°
C) 100º
D) 50º",Projeto con(seguir),C,2,abaixo|figura,True,True,True,True,False,C,,
sedu_ama9_2025t3g-D121_M-05,sedu_ama9_2025t3g,9,PAEBES_M,D121_M,5,5,(fonte sem tópico SAEB),18,18,Qual é a medida do ângulo x inscrito na figura?,30°,40°,60°,120°,,1,False,False,,"(Corpo de Bombeiros – RJ). Qual é a medida do ângulo x inscrito na figura?
A) 30°
B) 40°
C) 60°
D) 120°",Corpo de Bombeiros – RJ,C,2,figura,True,True,True,True,False,C,,
sedu_ama9_2025t3g-D121_M-06,sedu_ama9_2025t3g,9,PAEBES_M,D121_M,6,6,(fonte sem tópico SAEB),18,18,"Na figura abaixo, a circunferência maior tem centro A e 4,3 cm de raio e a circunferência menor tem centro B, passa por A, e tem 1,5 cm de raio. O comprimento do segmento CD é igual a","1,3 cm","1,5 cm","2,8 cm","3,0 cm",,1,False,False,,"(SAEGO). Na figura abaixo, a circunferência maior tem centro A e 4,3 cm de raio e a
circunferência menor tem centro B, passa por A, e tem 1,5 cm de raio.
O comprimento do segmento CD é igual a
A) 1,3 cm
B) 1,5 cm
C) 2,8 cm
D) 3,0 cm",SAEGO,A,2,abaixo|figura,True,True,True,True,False,A,,
sedu_ama9_2025t3g-D121_M-07,sedu_ama9_2025t3g,9,PAEBES_M,D121_M,7,7,(fonte sem tópico SAEB),18,18,Gabriel vai calcular o diâmetro da circunferência de centro F representada abaixo. Para encontrar a medida do diâmetro dessa circunferência ele deve somar as medidas de quais segmentos?,FG e FH.,FG e FI.,FH e GH.,FI e GH.,,1,False,False,,"(SAEPE). Gabriel vai calcular o diâmetro da circunferência de centro F representada abaixo.
Para encontrar a medida do diâmetro dessa
circunferência ele deve somar as medidas de quais
segmentos?
A) FG e FH.
B) FG e FI.
C) FH e GH.
D) FI e GH.",SAEPE,A,2,abaixo,True,True,True,True,False,A,,
sedu_ama9_2025t3g-D121_M-08,sedu_ama9_2025t3g,9,PAEBES_M,D121_M,8,8,(fonte sem tópico SAEB),19,19,"Uma bicicleta antiga tem duas rodas de tamanhos diferentes, como mostra a figura abaixo. Quantas vezes o diâmetro da roda grande é maior que o diâmetro da roda pequena?",Duas.,Três.,Quatro.,Nove,,1,False,False,,"(SEAPE). Uma bicicleta antiga tem duas rodas de tamanhos diferentes, como mostra a figura
abaixo.
Quantas vezes o diâmetro da roda grande é maior que o diâmetro da roda pequena?
A) Duas.
B) Três.
C) Quatro.
D) Nove",SEAPE,B,2,abaixo|figura,True,True,True,True,False,B,,
sedu_ama9_2025t3g-D121_M-09,sedu_ama9_2025t3g,9,PAEBES_M,D121_M,9,9,(fonte sem tópico SAEB),19,19,"Na figura, as circunferência de centro A e B tocam-se no ponto X. A distância AB é:",maior que 6 cm.,6 cm,5 cm.,menor que 5 cm.,,1,False,False,,"(Imenes & Lellis). Na figura, as circunferência de centro A e B tocam-se no ponto X. A distância
AB é:
A) maior que 6 cm.
B) 6 cm
C) 5 cm.
D) menor que 5 cm.",Imenes & Lellis,B,2,figura,True,True,True,True,False,B,,
sedu_ama9_2025t3g-D121_M-10,sedu_ama9_2025t3g,9,PAEBES_M,D121_M,10,10,(fonte sem tópico SAEB),19,19,O triângulo abaixo foi construído unindo-se os centros de três circunferências tangentes de 5 cm de raio. Quanto mede cada lado desse triângulo?,30 cm,20 cm,15 cm,10 cm,,1,False,True,,"PAEBES). O triângulo abaixo foi construído unindo-se os centros de três circunferências
tangentes de 5 cm de raio.
Quanto mede cada lado desse triângulo?
A) 30 cm
B) 20 cm
C) 15 cm
D) 10 cm",PAEBES,D,2,abaixo,True,True,True,True,False,D,,observacao: O PDF imprime a origem como 'PAEBES).' sem o parêntese inicial; origem recuperada na extração.
sedu_ama9_2026int-D009_M-01,sedu_ama9_2026int,9,PAEBES_M,D009_M,1,1,(fonte sem tópico SAEB),5,5,"A trilha da Pedra Azul (ES) possui 4 km de extensão. Um grupo de estudantes marcou, na reta numérica abaixo, pontos equidistantes, que representam a distância do percuso da trilha. Considere a reta de 0 a 4 km dividida em partes iguais. O ponto P está localizado em ​ do percurso total da trilha. Em qual posição da reta numérica está localizado o ponto P? FIM INÍCIO",1 km,2 km,3 km,"3,5 km 0 0,5 1 1,5 2 2,5 3 3,5 4",,0,False,True,,"A trilha da Pedra Azul (ES) possui 4 km de extensão. Um grupo de estudantes marcou, na reta
numérica abaixo, pontos equidistantes, que representam a distância do percuso da trilha.
Considere a reta de 0 a 4 km dividida em partes iguais. O ponto P está localizado em ​
do percurso total da trilha.
Em qual posição da reta numérica está localizado o ponto P?
FIM
INÍCIO
A) 1 km
B) 2 km
C) 3 km
D) 3,5 km
0
0,5
1
1,5
2
2,5
3
3,5
4",,C,2,abaixo,False,True,True,True,False,C,,
sedu_ama9_2026int-D009_M-02,sedu_ama9_2026int,9,PAEBES_M,D009_M,2,2,(fonte sem tópico SAEB),5,5,"A reta a seguir foi dividida em segmentos com as mesmas medidas. -2 -1,5 -1 -0,5 0 0,5 1 1,5 2 2,5 3 Qual é o ponto que melhor representa a localização do número - nessa reta?","Entre -1 e -1,5","Entre - 0,5 e -1","Entre 0,5 e 1","Entre 1 e 1,5",,0,True,True,,"A reta a seguir foi dividida em segmentos com as mesmas medidas.
-2
-1,5
-1
-0,5
0
0,5
1
1,5
2
2,5
3
Qual é o ponto que melhor representa a localização do número  -          nessa reta?
A) Entre -1 e -1,5
B) Entre - 0,5 e -1
C) Entre 0,5 e 1
D) Entre 1 e 1,5",,B,2,a seguir,False,True,True,True,False,B,,
sedu_ama9_2026int-D009_M-03,sedu_ama9_2026int,9,PAEBES_M,D009_M,3,3,(fonte sem tópico SAEB),6,6,"A reta a seguir foi dividida em segmentos com as mesmas medidas. A B C D 0 0,25 05 0,75 1 1,25 1,5 1,75 2 2,25 2,5 Qual é o ponto que melhor representa a localização do número nessa reta?",A,B,C,D,,0,True,True,,"A reta a seguir foi dividida em segmentos com as mesmas medidas.
A
B
C
D
0
0,25
05
0,75
1
1,25
1,5
1,75
2
2,25
2,5
Qual é o ponto que melhor representa a localização do número      nessa reta?
A) A
B) B
C) C
D) D",,C,2,a seguir,False,True,True,True,False,C,,
sedu_ama9_2026int-D030_M-01,sedu_ama9_2026int,9,PAEBES_M,D030_M,1,1,(fonte sem tópico SAEB),7,7,Um estudante ao resolver uma expressão numérica se deparou com a seguinte operação com base na seguinte expressão matemática: O valor dessa expressão é:,0,12,24,36,,1,False,False,,"Um estudante ao resolver uma expressão numérica se deparou com a seguinte operação com
base na seguinte expressão matemática:
O valor dessa expressão é:
A) 0
B) 12
C) 24
D) 36",,A,2,,True,False,True,True,False,A,,
sedu_ama9_2026int-D030_M-02,sedu_ama9_2026int,9,PAEBES_M,D030_M,2,2,(fonte sem tópico SAEB),7,7,Uma praça em um bairro de um município capixaba tem formato quadrado e lado medindo 8 m (considerando o valor algébrico para efeito de cálculo). A expressão que representa a área é l² Qual é a área dessa praça?,10 m²,16 m²,64 m² 8m,36 m² 8m,,1,False,False,,"Uma praça em um bairro de um município capixaba tem formato quadrado e lado medindo 8 m
(considerando o valor algébrico para efeito de cálculo).
A expressão que representa a área é  l²
Qual é a área dessa praça?
A) 10 m²
B) 16 m²
C) 64 m²
8m
D) 36 m²
8m",,C,2,,True,False,True,True,False,C,,
sedu_ama9_2026int-D030_M-03,sedu_ama9_2026int,9,PAEBES_M,D030_M,3,3,(fonte sem tópico SAEB),8,8,"Um cinema em Vitória foi organizado de modo que o número de fileiras é igual ao número de cadeiras em cada fileira. Sabendo que há 12 fileiras, com 12 cadeiras em cada uma, o total de cadeiras pode ser representado por: 12² Qual é o número total de cadeiras nesse cinema?",24,124,144,1.728,,0,False,False,,"Um cinema em Vitória foi organizado de modo que o número de fileiras é igual ao número de
cadeiras em cada fileira.
Sabendo que há 12 fileiras, com 12 cadeiras em cada uma, o total de cadeiras pode ser
representado por:
12²
Qual é o número total de cadeiras nesse cinema?
A) 24
B) 124
C) 144
D) 1.728",,C,2,,False,False,False,True,True,C,,
sedu_ama9_2026int-D038_M-01,sedu_ama9_2026int,9,PAEBES_M,D038_M,1,1,(fonte sem tópico SAEB),9,9,"A população de um município do Espírito Santo era de 50.000 habitantes. Em um ano, houve um crescimento de 6%. Qual passou a ser a população após esse aumento?",50.300,53.000,56.000,50.600,,2,False,False,,"A população de um município do Espírito Santo era de 50.000
habitantes. Em um ano, houve um crescimento de 6%. Qual
passou a ser a população após esse aumento?
A) 50.300
B) 53.000
C) 56.000
D) 50.600",,B,2,,True,False,True,True,False,B,,
sedu_ama9_2026int-D038_M-02,sedu_ama9_2026int,9,PAEBES_M,D038_M,2,2,(fonte sem tópico SAEB),9,9,"Uma loja em polo de confecções capixaba anunciou um desconto de 15% em um produto que custava R$ 200,00. Qual será o valor do produto após o desconto?","R$ 170,00","R$ 180,00","R$ 185,00","R$ 160,00",,1,False,False,,"Uma loja em polo de confecções capixaba anunciou um desconto de 15% em um produto que
custava R$ 200,00. Qual será o valor do produto após o desconto?
A) R$ 170,00
B) R$ 180,00
C) R$ 185,00
D) R$ 160,00",,A,2,,True,False,True,True,False,A,,
sedu_ama9_2026int-D038_M-03,sedu_ama9_2026int,9,PAEBES_M,D038_M,3,3,(fonte sem tópico SAEB),10,10,"Em uma escola, 40% dos 250 alunos participam de um projeto esportivo. Quantos alunos participam do projeto?",90,100,110,120,,1,False,False,,"Em uma escola, 40% dos 250 alunos participam de um projeto esportivo. Quantos alunos
participam do projeto?
A) 90
B) 100
C) 110
D) 120",,B,2,,True,False,True,True,False,B,,
sedu_ama9_2026int-D039_M-01,sedu_ama9_2026int,9,PAEBES_M,D039_M,1,1,(fonte sem tópico SAEB),11,11,"Uma fábrica possui 3 máquinas, cada uma produzindo 2.000 bombons por dia. Considerando que a fábrica funciona 6 dias por semana, qual é a produção semanal total?",18.000,24.000,30.000,36.000,,0,False,False,,"Uma fábrica possui 3 máquinas, cada uma produzindo 2.000 bombons por dia.
Considerando que a fábrica funciona 6 dias por semana, qual é a produção semanal total?
A) 18.000
B) 24.000
C) 30.000
D) 36.000",,D,2,,False,False,False,True,True,D,,
sedu_ama9_2026int-D039_M-02,sedu_ama9_2026int,9,PAEBES_M,D039_M,2,2,(fonte sem tópico SAEB),11,11,"Uma obra seria concluída em 12 dias por 6 trabalhadores, todos com o mesmo rendimento. Se forem contratados 9 trabalhadores com o mesmo ritmo, em quantos dias a obra será concluída?",6,8,9,18,,0,False,False,,"Uma obra seria concluída em 12 dias por 6 trabalhadores, todos com o mesmo rendimento.
Se forem contratados 9 trabalhadores com o mesmo ritmo, em quantos dias a obra será
concluída?
A) 6
B) 8
C) 9
D) 18",,B,2,,False,False,False,True,True,B,,
sedu_ama9_2026int-D039_M-03,sedu_ama9_2026int,9,PAEBES_M,D039_M,3,3,(fonte sem tópico SAEB),11,11,"Em uma padaria, o padeiro utiliza em sua receita, 3 kg de farinha para fazer 120 pães. Quantos quilos de farinha serão necessários para fazer 200 pães?",4 kg,5 kg,6 kg,8 kg,,0,False,False,,"Em uma padaria, o padeiro utiliza em sua receita, 3 kg de farinha para fazer 120 pães. Quantos
quilos de farinha serão necessários para fazer 200 pães?
A) 4 kg
B) 5 kg
C) 6 kg
D) 8 kg",,B,2,,False,False,False,True,True,B,,
sedu_ama9_2026int-D058_M-01,sedu_ama9_2026int,9,PAEBES_M,D058_M,1,1,(fonte sem tópico SAEB),12,12,"A escola vai realizar uma plotagem com fotos dos estudantes em uma das paredes do refeitório. O espaço disponível para a plotagem tem formato retangular, com 6 metros de largura e 1,5 metro de altura. Sabendo que o valor cobrado pelo serviço é de R$ 100,00 por metro quadrado (m²), qual será o valor total pago pela escola?","R$ 750,00","R$ 800,00","R$ 900,00","R$ 1.000,00",,0,False,False,,"A escola vai realizar uma plotagem com fotos dos estudantes em uma das paredes do
refeitório. O espaço disponível para a plotagem tem formato retangular, com 6 metros de
largura e 1,5 metro de altura. Sabendo que o valor cobrado pelo serviço é de R$ 100,00 por
metro quadrado (m²), qual será o valor total pago pela escola?
A) R$ 750,00
B) R$ 800,00
C) R$ 900,00
D) R$ 1.000,00",,C,2,,False,False,False,True,True,C,,
sedu_ama9_2026int-D058_M-02,sedu_ama9_2026int,9,PAEBES_M,D058_M,2,2,(fonte sem tópico SAEB),12,12,"Uma quadra esportiva escolar tem formato retangular, medindo 20 m de comprimento e 12 m de largura. Qual é a área dessa quadra?",64 m²,120 m²,240 m²,480 m²,,1,False,False,,"Uma quadra esportiva escolar tem formato retangular, medindo 20 m
de comprimento e 12 m de largura. Qual é a área dessa quadra?
A) 64 m²
B) 120 m²
C) 240 m²
D) 480 m²",,C,2,,True,False,True,True,False,C,,
sedu_ama9_2026int-D058_M-03,sedu_ama9_2026int,9,PAEBES_M,D058_M,3,3,(fonte sem tópico SAEB),12,12,"Em um evento, foi montada uma estrutura decorativa em formato triangular, com base de 10 m e altura de 6 m. Qual é a área dessa estrutura?",16 m²,30 m²,60 m²,120 m²,,0,False,False,,"Em um evento, foi montada uma estrutura decorativa em formato triangular, com base de 10
m e altura de 6 m.
Qual é a área dessa estrutura?
A) 16 m²
B) 30 m²
C) 60 m²
D) 120 m²",,B,2,,False,False,False,True,True,B,,
sedu_ama9_2026int-D063_M-01,sedu_ama9_2026int,9,PAEBES_M,D063_M,1,1,(fonte sem tópico SAEB),13,13,O gráfico a seguir representa a exportação dos principais produtos do agronegócio dos municípios do estado do Espírito Santo referente ao primeiro semestre de 2025. Qual das tabelas a seguir representa corretamente os dados do gráfico? Produtos exportados pelo agro Produtos exportados pelo agro,capixaba 2025,"capixaba 2025 Produtos Porcentagem Produtos Porcentagem Café e Derivados 20% Café e Derivados 52,30% Celulose: 30% Celulose: 30% Pimenta-do-reino: 10% Pimenta-do-reino: 11,50% outros 40% outros 6%",,Produtos exportados pelo agro Produtos exportados pelo agro capixaba 2025 capixaba 2025 Produtos Porcentagem Produtos Porcentagem Café e Derivados 52% Café e Derivados 5% Celulose: 18% Celulose: 30% Pimenta-do-reino: 10% Pimenta-do-reino: 15% outros 20% outros 50%,,1,False,False,,"O gráfico a seguir representa a exportação dos principais produtos do agronegócio dos
municípios do estado do Espírito Santo referente ao primeiro semestre de 2025.
Qual das tabelas a seguir representa corretamente os dados do gráfico?
Produtos exportados pelo agro
Produtos exportados pelo agro
A)
capixaba 2025
B)
capixaba 2025
Produtos
Porcentagem
Produtos
Porcentagem
Café e Derivados
20%
Café e Derivados
52,30%
Celulose:
30%
Celulose:
30%
Pimenta-do-reino:
10%
Pimenta-do-reino:
11,50%
outros
40%
outros
6%
C)
D)
Produtos exportados pelo agro
Produtos exportados pelo agro
capixaba 2025
capixaba 2025
Produtos
Porcentagem
Produtos
Porcentagem
Café e Derivados
52%
Café e Derivados
5%
Celulose:
18%
Celulose:
30%
Pimenta-do-reino:
10%
Pimenta-do-reino:
15%
outros
20%
outros
50%",,,2,a seguir|grafico|gráfico,True,True,True,False,False,,,
sedu_ama9_2026int-D063_M-02,sedu_ama9_2026int,9,PAEBES_M,D063_M,2,2,(fonte sem tópico SAEB),14,14,"Uma pesquisa divulgada pelo Observatório do Espírito Santo apontou o quantitativo de homens, por faixa etária, no ano de 2024, conforme dados divulgados na tabela a seguir: Homens por faixa etária em 2024 Faixa etária Porcentagem Crianças e Adolescentes (0 a 14 anos) 21,70% Jovens (15 a 29 anos) 21,80% Adultos (30 a 59 anos) 41,50% Idosos (60 anos ou mais) 15% Qual dos gráficos abaixo representa corretamente os dados da tabela?",,,,,,4,False,False,,"Uma pesquisa divulgada pelo Observatório do Espírito Santo apontou o quantitativo de homens,
por faixa etária, no ano de 2024, conforme dados divulgados na tabela a seguir:
Homens por faixa etária em 2024
Faixa etária
Porcentagem
Crianças e Adolescentes (0 a 14 anos)
21,70%
Jovens (15 a 29 anos)
21,80%
Adultos (30 a 59 anos)
41,50%
Idosos (60 anos ou mais)
15%
Qual dos gráficos abaixo representa corretamente os dados da tabela?
A)
B)
C)
D)",,,2,a seguir|abaixo|tabela,True,True,True,False,False,,,
sedu_ama9_2026int-D063_M-03,sedu_ama9_2026int,9,PAEBES_M,D063_M,3,3,(fonte sem tópico SAEB),15,15,"A professora de educação física de uma escola no Espírito Santo realizou um levantamento com os estudantes para organizar o torneio interclasse. Como cada estudante pôde escolher até duas modalidades, os dados coletados foram apresentados na tabela a seguir: Interclasse 2026 Modalidades Porcentagem Futebol 60% Volei 25% Basquete 5% Atletismo 10% Qual dos gráficos abaixo representa corretamente os dados da tabela?",,,,,,4,False,True,,"A professora de educação física de uma escola no Espírito Santo realizou um levantamento com
os estudantes para organizar o torneio interclasse. Como cada estudante pôde escolher até
duas modalidades, os dados coletados foram apresentados na tabela a seguir:
Interclasse 2026
Modalidades
Porcentagem
Futebol
60%
Volei
25%
Basquete
5%
Atletismo
10%
Qual dos gráficos abaixo representa corretamente os dados da tabela?
A)
B)
C)
D)",,,2,a seguir|abaixo|tabela,True,True,True,False,False,,,
sedu_ama9_2026t1-D009_M-01,sedu_ama9_2026t1,9,PAEBES_M,D009_M,1,1,(fonte sem tópico SAEB),5,5,"O Parque Nacional do Caparaó é um patrimônio natural de enorme importância ecológica, cultural e turística. Durante uma visita, um grupo de estudantes registrou temperaturas a cada hora do dia: às 7h da manhã, a temperatura era de -1,5°C, ao meio-dia, foi registrado 0,5°C, às 15h da tarde, a temperatura chegou à 1,3°C. A professora de Matemática pediu para que os estudantes colocassem esses valores em uma reta numérica. A B C D E -2 -1 0 1 2 Qual desses pontos representa a posição correta das temperaturas registradas às 7h, às 12h e às 15h?","A, B e C","A, C e E","C, D e E","B, D e E",,0,True,False,,"O Parque Nacional do Caparaó é um patrimônio natural de enorme importância ecológica,
cultural e turística. Durante uma visita, um grupo de estudantes registrou temperaturas a
cada hora do dia: às 7h da manhã, a temperatura era de -1,5°C, ao meio-dia, foi registrado
0,5°C, às 15h da tarde, a temperatura chegou à 1,3°C. A professora de Matemática pediu
para que os estudantes colocassem esses valores em uma reta numérica.
A
B
C
D
E
-2
-1
0
1
2
Qual desses pontos representa a posição correta das temperaturas registradas às 7h, às 12h
e às 15h?
A) A, B e C
B) A, C e E
C) C, D e E
D) B, D e E",,B,2,,False,False,False,True,False,B,,
sedu_ama9_2026t1-D009_M-02,sedu_ama9_2026t1,9,PAEBES_M,D009_M,2,2,(fonte sem tópico SAEB),5,5,"Em um estudo sobre o nível do mar na cidade de Piúma, os pesquisadores registraram variações em relação ao nível médio do oceano ao longo do dia: Pela manhã: -0,7 m À tarde: +1,3 m À noite: +0,4 m Considerando esses valores na reta numérica, qual alternativa apresenta corretamente os números em ordem crescente (do menor para o maior)? A) -0,7; +0,4; +1,3 B) -0,7; +1,3; +0,4 D) +0,4; -0,7; +1,3 D) +1,3; +0,4; -0,7",,,,,,0,False,True,alternativas não localizadas no texto,"Em um estudo sobre o nível do mar na cidade de Piúma, os pesquisadores registraram
variações em relação ao nível médio do oceano ao longo do dia:
Pela manhã: -0,7 m
À tarde: +1,3 m
À noite: +0,4 m
Considerando esses valores na reta numérica, qual alternativa apresenta corretamente os
números em ordem crescente (do menor para o maior)?
A) -0,7; +0,4; +1,3
B) -0,7; +1,3; +0,4
D) +0,4; -0,7; +1,3
D) +1,3; +0,4; -0,7",,A,2,,False,False,False,False,False,A,,
sedu_ama9_2026t1-D009_M-03,sedu_ama9_2026t1,9,PAEBES_M,D009_M,3,3,(fonte sem tópico SAEB),6,6,"O Espírito Santo é exportador de minério de ferro, destacando-se como o maior produtor e exportador de pelotas de minério de ferro do mundo, com capacidade superior a 66 milhões de toneladas/ano. A B C D 0 0,2 0,4 0,6 0,8 1 O Espírito Santo é responsável por aproximadamente de toda a transação mundial de pelotas de minério de ferro. Qual ponto corresponde a essa quantidade?",Ponto A,Ponto B,Ponto C,Ponto D,,0,True,True,,"O Espírito Santo é exportador de minério de ferro, destacando-se como o maior produtor e
exportador de pelotas de minério de ferro do mundo, com capacidade superior a 66 milhões
de toneladas/ano.
A
B
C
D
0
0,2
0,4
0,6
0,8
1
O Espírito Santo é responsável por aproximadamente   de toda a transação mundial de
pelotas de minério de ferro. Qual ponto corresponde a essa quantidade?
A) Ponto A
B) Ponto B
C) Ponto C
D) Ponto D",,B,2,,False,False,False,True,False,B,,
sedu_ama9_2026t1-D009_M-04,sedu_ama9_2026t1,9,PAEBES_M,D009_M,4,4,(fonte sem tópico SAEB),6,6,"O Mosteiro Zen Morro da Vargem, localizado em Ibiraçu, abriga o Grande Buda de Ibiraçu, a maior estátua de Buda da América Latina e a maior do Ocidente. Com seus 35 metros de altura, o Buda de Ibiraçu é maior que o Cristo Redentor, quando desconsideramos a base dele. O Buda de Ibiraçu representa 7/6 quando comparado ao Cristo Redentor. P Q R S 0 0,2 0,4 0,6 0,8 1 1,2 1,4 1,6 Observe a reta numérica acima. Qual ponto representa o tamanho do Buda de Ibiraçu em relação ao Cristo Redentor?",Ponto P,Ponto Q,Ponto R,Ponto S,,0,False,False,,"O Mosteiro Zen Morro da Vargem, localizado em Ibiraçu, abriga o Grande Buda de Ibiraçu, a
maior estátua de Buda da América Latina e a maior do Ocidente. Com seus 35 metros de
altura, o Buda de Ibiraçu é maior que o Cristo Redentor, quando desconsideramos a base
dele. O Buda de Ibiraçu representa 7/6 quando comparado ao Cristo Redentor.
P
Q
R
S
0
0,2
0,4
0,6
0,8
1
1,2
1,4
1,6
Observe a reta numérica acima. Qual ponto representa o tamanho do Buda de Ibiraçu em
relação ao Cristo Redentor?
A) Ponto P
B) Ponto Q
C) Ponto R
D) Ponto S",,D,2,acima,False,True,True,True,False,D,,
sedu_ama9_2026t1-D010_M-01,sedu_ama9_2026t1,9,PAEBES_M,D010_M,1,1,(fonte sem tópico SAEB),7,7,"O Espírito Santo é o terceiro maior produtor de cacau do Brasil. A produção capixaba supera 11mil toneladas por ano. Um produtor vendeu toda a safra dezembro de 2025 para 3 fabricantes de chocolate, e cada fabricante comprou uma quantidade específica, como vemos a seguir: Fabricante 1: 2/8 da produção de cacau. Fabricante 2: 0,45 de toda a produção. Fabricante 3: Todo o restante. Qual a fração da capacidade total que foi comprada pelo Fabricante 3? Fonte: https://seag.es.gov.br/Noticia/dia-nacional-do-cacau-espirito-santo-e-o-terceiro-maior-produtor-do-brasil",,,,,,0,True,True,,"O Espírito Santo é o terceiro maior produtor de cacau do Brasil. A produção capixaba supera
11mil toneladas por ano. Um produtor vendeu toda a safra dezembro de 2025 para 3
fabricantes de chocolate, e cada fabricante comprou uma quantidade específica, como vemos a
seguir:
Fabricante 1: 2/8 da produção de cacau.
Fabricante 2: 0,45 de toda a produção.
Fabricante 3: Todo o restante.
Qual a fração da capacidade total que foi comprada pelo Fabricante 3?
A)
B)
C)
D)
Fonte: https://seag.es.gov.br/Noticia/dia-nacional-do-cacau-espirito-santo-e-o-terceiro-maior-produtor-do-brasil",,C,2,a seguir,False,True,True,False,False,C,,
sedu_ama9_2026t1-D010_M-02,sedu_ama9_2026t1,9,PAEBES_M,D010_M,2,2,(fonte sem tópico SAEB),7,7,"O Espírito Santo é o maior produtor de café conilon do Brasil, responsável por cerca de 80% da produção nacional. Se um pequeno produtor colheu 2,5 toneladas de café e decidiu separar da colheita para exportação direta, quantas toneladas serão exportadas? Fonte: https://incaper.es.gov.br/cafeicultura-conilon","1,5 toneladas","0,5 toneladas","0,625 toneladas","1,25 toneladas",,0,False,True,,"O Espírito Santo é o maior produtor de café conilon do Brasil, responsável por cerca de 80% da
produção nacional. Se um pequeno produtor colheu 2,5 toneladas de café e decidiu separar
da colheita para exportação direta, quantas toneladas serão exportadas?
A) 1,5 toneladas
B) 0,5 toneladas
C) 0,625 toneladas
D) 1,25 toneladas
Fonte: https://incaper.es.gov.br/cafeicultura-conilon",,C,2,,False,False,False,True,False,C,,
sedu_ama9_2026t1-D010_M-03,sedu_ama9_2026t1,9,PAEBES_M,D010_M,3,3,(fonte sem tópico SAEB),8,8,"Um turista estava no Espírito Santo e decidiu visitar algumas cachoeiras. Nesse passeio, ele gastou R$25,30 com transporte e R$42,80 com alimentação. Ele tinha apenas uma nota de R$ 100,00. Qual foi o valor do seu troco ao fim do dia?","R$ 31,90","R$ 42,90","R$ 68,30","R$ 35,10",,0,False,False,,"Um turista estava no Espírito Santo e decidiu visitar algumas cachoeiras. Nesse passeio, ele
gastou R$25,30 com transporte e R$42,80 com alimentação. Ele tinha apenas uma nota de
R$ 100,00. Qual foi o valor do seu troco ao fim do dia?
A) R$ 31,90
B) R$ 42,90
C) R$ 68,30
D) R$ 35,10",,A,2,,False,False,False,True,True,A,,
sedu_ama9_2026t1-D010_M-04,sedu_ama9_2026t1,9,PAEBES_M,D010_M,4,4,(fonte sem tópico SAEB),8,8,"Para preparar uma Moqueca Capixaba para um evento cultural, um restaurante comprou as seguintes quantidades de peixe e camarão: 3,5 kg de badejo ao preço de R$ 45,30 o quilo. 2,25 kg de camarão ao preço de R$ 60,80 o quilo. Qual foi o valor total gasto pelo restaurante nessa compra?","R$ 275,40","R$ 235,05","R$ 257,50","R$ 295,35",,0,False,True,,"Para preparar uma Moqueca Capixaba para um evento cultural, um restaurante comprou as
seguintes quantidades de peixe e camarão:
3,5 kg de badejo ao preço de R$ 45,30 o quilo.
2,25 kg de camarão ao preço de R$ 60,80 o quilo.
Qual foi o valor total gasto pelo restaurante nessa compra?
A) R$ 275,40
B) R$ 235,05
C) R$ 257,50
D) R$ 295,35",,D,2,,False,False,False,True,False,D,,
sedu_ama9_2026t1-D010_M-05,sedu_ama9_2026t1,9,PAEBES_M,D010_M,5,5,(fonte sem tópico SAEB),8,8,"Um grupo de ciclistas decidiu percorrer um trecho da Rota Imperial, saindo de Viana. No primeiro dia, eles percorreram 42,5 km. No segundo dia, devido ao cansaço e às subidas, percorreram apenas da distância do primeiro dia. Quantos quilômetros, no total, os ciclistas percorreram nesses dois dias?","34,0 km","76,5 km","85,0 km","74,0 km",,1,False,True,,"Um grupo de ciclistas decidiu percorrer um trecho da Rota Imperial, saindo de Viana. No
primeiro dia, eles percorreram 42,5 km. No segundo dia, devido ao cansaço e às subidas,
percorreram apenas      da distância do primeiro dia.
Quantos quilômetros, no total, os ciclistas percorreram nesses dois dias?
A) 34,0 km
B) 76,5 km
C) 85,0 km
D) 74,0 km",,,2,,True,False,True,True,False,B,,"gabarito_recuperado: O gabarito do PDF (p. 21) traz 'Questão 4' duas vezes no bloco D010_M; a segunda ocorrência corresponde à questão 5 (B, 76,5 km)."
sedu_ama9_2026t1-D010_M-06,sedu_ama9_2026t1,9,PAEBES_M,D010_M,6,6,(fonte sem tópico SAEB),9,9,"Resolva as operações com números decimais A) 4,91 + 7,13 B) 34,15 + (-16,50) C) 25,68 + 7,29 D) (-62,46) + 48,94 E) 6,52 - 3,48 F) 21,79 - 10,72 G) (-34,54) - 6,99 H) 47,01 - (-12,69) I) 8,94 x 3 J) 4,20 x 6,10 K) (-10,55) x 1,20 L) 36,72 x (-4,36) M) 24,84 1,2 N) 16,38 2 O) 16,40 0,5 P) 24,81 2,5",,,,,,0,False,True,alternativas não localizadas no texto,"Resolva as operações com números decimais
A) 4,91 + 7,13
B) 34,15 + (-16,50)
C) 25,68 + 7,29
D) (-62,46) + 48,94
E) 6,52 - 3,48
F) 21,79 - 10,72
G) (-34,54) - 6,99
H) 47,01 - (-12,69)
I) 8,94 x 3
J) 4,20 x 6,10
K) (-10,55) x 1,20
L) 36,72 x (-4,36)
M) 24,84        1,2
N) 16,38         2
O) 16,40        0,5
P) 24,81       2,5",,A,2,,False,False,False,False,False,A,,
sedu_ama9_2026t1-D010_M-07,sedu_ama9_2026t1,9,PAEBES_M,D010_M,7,7,(fonte sem tópico SAEB),10,10,Resolva as operações com as frações a seguir: ___________________________________________ ___________________________________________ ___________________________________________ ___________________________________________ ___________________________________________ ___________________________________________ ___________________________________________ ___________________________________________ ___________________________________________ ___________________________________________ ___________________________________________ ___________________________________________,,,,,,0,False,True,alternativas não localizadas no texto,"Resolva as operações com as frações a seguir:
___________________________________________
___________________________________________
___________________________________________
___________________________________________
___________________________________________
___________________________________________
___________________________________________
___________________________________________
___________________________________________
___________________________________________
___________________________________________
___________________________________________",,A,2,a seguir,False,True,True,False,False,A,,
sedu_ama9_2026t1-D013_M-01,sedu_ama9_2026t1,9,PAEBES_M,D013_M,1,1,(fonte sem tópico SAEB),11,11,"Venda Nova do Imigrante é a capital nacional do Agroturismo. Durante a Festa do Polenta, uma barraca de produtos típicos vendeu do seu estoque de socol logo no primeiro dia de evento. O número decimal que representa a quantidade vendida de socol é:","0,8","0,45","0,5","4,5",,0,False,True,,"Venda Nova do Imigrante é a capital nacional do Agroturismo. Durante a Festa do Polenta,
uma barraca de produtos típicos vendeu     do seu estoque de socol logo no primeiro dia de
evento.
O número decimal que representa a quantidade vendida de socol é:
A) 0,8
B) 0,45
C) 0,5
D) 4,5",,A,2,,False,False,False,True,False,A,,
sedu_ama9_2026t1-D013_M-02,sedu_ama9_2026t1,9,PAEBES_M,D013_M,2,2,(fonte sem tópico SAEB),11,11,"O Instituto Jones do Santos Neves realizou um estudo sobre os povos indígenas que vivem no Espírito Santo. Os indígenas correspondem a da população capixaba, sendo 14410 pessoas. Qual número decimal representa a quantidade de indígenas que vivem no Espírito Santo em relação a população total? Fonte: https://ijsn.es.gov.br/noticias/povos-indigenas-e-quilombolas-no-espirito-santo-sao-tema-de-novo- caderno-drs","0,4","0,003","0,25","0,004",,0,False,True,,"O Instituto Jones do Santos Neves realizou um estudo sobre os povos indígenas que vivem
no Espírito Santo. Os indígenas correspondem a     da população capixaba, sendo 14410
pessoas. Qual número decimal representa a quantidade de indígenas que vivem no Espírito
Santo em relação a população total?
A) 0,4
B) 0,003
C) 0,25
D) 0,004
Fonte:
https://ijsn.es.gov.br/noticias/povos-indigenas-e-quilombolas-no-espirito-santo-sao-tema-de-novo-
caderno-drs",,D,2,,False,False,False,True,False,D,,
sedu_ama9_2026t1-D013_M-03,sedu_ama9_2026t1,9,PAEBES_M,D013_M,3,3,(fonte sem tópico SAEB),11,11,"Uma escola de Jaguaré realizará um torneio interclasse. De todos os estudantes da escola, 0,25 dos estudantes irão jogar futsal, 0,4 irão jogar vôlei e 0,2 irão jogar basquete. Quais são as representações fracionárias dessas quantidades, respectivamente?",,,,,,0,False,True,,"Uma escola de Jaguaré realizará um torneio interclasse. De todos os estudantes da escola,
0,25 dos estudantes irão jogar futsal, 0,4 irão jogar vôlei e 0,2 irão jogar basquete. Quais são as
representações fracionárias dessas quantidades, respectivamente?
A)
B)
C)
D)",,C,2,,False,False,False,False,False,C,,
sedu_ama9_2026t1-D013_M-04,sedu_ama9_2026t1,9,PAEBES_M,D013_M,4,4,(fonte sem tópico SAEB),12,12,"No sítio do Sr. Luís, localizado nas montanhas do Espírito Santo, a colheita de café arábica está a todo vapor. Para facilitar o transporte manual pelas ladeiras, ele utiliza cestos padronizados. Ao final de uma manhã, um colhedor encheu o equivalente a de sacas. Qual foi a quantidade de sacas que esse colhedor encheu?","2,6","1,3","3,6","2,4",,0,False,True,,"No sítio do Sr. Luís, localizado nas montanhas do Espírito Santo, a colheita de café arábica está
a todo vapor. Para facilitar o transporte manual pelas ladeiras, ele utiliza cestos padronizados.
Ao final de uma manhã, um colhedor encheu o equivalente a      de sacas.  Qual foi a
quantidade de sacas que esse colhedor encheu?
A) 2,6
B) 1,3
C) 3,6
D) 2,4",,A,2,,False,False,False,True,False,A,,
sedu_ama9_2026t1-D013_M-05,sedu_ama9_2026t1,9,PAEBES_M,D013_M,5,5,(fonte sem tópico SAEB),12,12,"A extensão do litoral do Espírito Santo é de aproximadamente 411 km. Uma ciclista planeja percorrer todo o litoral e, no primeiro dia, completou do percurso total. Quanto essa fração representa do litoral capixaba em número decimal?","0,3","0,25","0,2","0,35",,0,False,True,,"A extensão do litoral do Espírito Santo é de aproximadamente 411 km. Uma ciclista planeja
percorrer todo o litoral e, no primeiro dia, completou      do percurso total.  Quanto essa fração
representa do litoral capixaba em número decimal?
A) 0,3
B) 0,25
C) 0,2
D) 0,35",,B,2,,False,False,False,True,False,B,,
sedu_ama9_2026t1-D013_M-06,sedu_ama9_2026t1,9,PAEBES_M,D013_M,6,6,(fonte sem tópico SAEB),12,12,"De acordo com o Instituto Brasileiro de Geografia e Estatística (IBGE), o município da Serra consolidou-se como o mais populoso do Espírito Santo. Projeções indicam que aproximadamente 1/5 da população total do estado reside nesse município. Como essa participação da Serra na população estadual pode ser representada em número decimal e porcentagem? Fonte: https://www.agazeta.com.br/es/cotidiano/es-atinge-41-milhoes-moradores-e-serra-chega-a-quase-580-mil-veja-lista- 0825","0,1 e 10%","0,2 e 20%","0,5 e 50%","0,25 e 25%",,1,False,False,,"De acordo com o Instituto Brasileiro de Geografia e Estatística (IBGE), o município da Serra
consolidou-se como o mais populoso do Espírito Santo. Projeções indicam que
aproximadamente 1/5 da população total do estado reside nesse município. Como essa
participação da Serra na população estadual pode ser representada em número decimal e
porcentagem?
A) 0,1 e 10%
B) 0,2 e 20%
C) 0,5 e 50%
D) 0,25 e 25%
Fonte:
https://www.agazeta.com.br/es/cotidiano/es-atinge-41-milhoes-moradores-e-serra-chega-a-quase-580-mil-veja-lista-
0825",,B,2,,True,False,True,True,False,B,,
sedu_ama9_2026t1-D020_M-01,sedu_ama9_2026t1,9,PAEBES_M,D020_M,1,1,(fonte sem tópico SAEB),13,13,"Durante um jogo no estádio Kleber Andrade, em Cariacica, um vendedor de picolés que estava na porta do estádio começou o dia com um saldo negativo de R$123,00, valor que pagou na compra de 90 picolés. Sabendo que ele vendia cada picolé a R$5,00 e que, ao final do dia, conseguiu vender todos os picolés, qual foi o lucro obtido por esse vendedor?","R$350,00","R$450,00","R$279,00","R$327,00",,0,False,False,,"Durante um jogo no estádio Kleber Andrade, em Cariacica, um vendedor de picolés que
estava na porta do estádio começou o dia com um saldo negativo de R$123,00, valor que
pagou na compra de 90 picolés. Sabendo que ele vendia cada picolé a R$5,00 e que, ao final
do dia, conseguiu vender todos os picolés, qual foi o lucro obtido por esse vendedor?
A) R$350,00
B) R$450,00
C) R$279,00
D) R$327,00",,D,2,,False,False,False,True,True,D,,
sedu_ama9_2026t1-D020_M-02,sedu_ama9_2026t1,9,PAEBES_M,D020_M,2,2,(fonte sem tópico SAEB),13,13,"No Campeonato Capixaba de Futebol (Capixabão), a Desportiva Ferroviária iniciou a rodada com um saldo de -3 gols. No jogo seguinte, o time venceu por 4 a 1. Sabendo que o saldo de gols é a diferença entre gols marcados e gols sofridos, qual passou a ser o saldo de gols da Desportiva após essa vitória?",-2,0,+1,+2,,0,False,False,,"No Campeonato Capixaba de Futebol (Capixabão), a Desportiva Ferroviária iniciou a rodada
com um saldo de -3 gols. No jogo seguinte, o time venceu por 4 a 1.
Sabendo que o saldo de gols é a diferença entre gols marcados e gols sofridos, qual passou a
ser o saldo de gols da Desportiva após essa vitória?
A) -2
B) 0
C) +1
D) +2",,B,2,,False,False,False,True,True,B,,
sedu_ama9_2026t1-D020_M-03,sedu_ama9_2026t1,9,PAEBES_M,D020_M,3,3,(fonte sem tópico SAEB),13,13,"O Espírito Santo é o maior polo de produção e exportação de rochas ornamentais do Brasil, liderando cerca de 82% das exportações nacionais. A cidade de Cachoeiro de Itapemirim é conhecida como a capital nacional do granito. O polo capixaba exporta cerca de 42 000 contêineres por ano. Com uma média de 50 chapas de mesmo formato por contêiner, a cada mês são exportadas quantas chapas de granito pelo Espírito Santo? Fonte: https://www.gov.br/anm/pt-br/assuntos/noticias/rochas-naturais-redesenham-o-mapa-industrial- brasileiro-e-projetam-nova-ambicao-global-na-marmomac-brazil-2026",165 000,170 000,175 000,180 000,,0,False,False,,"O Espírito Santo é o maior polo de produção e exportação de rochas ornamentais do Brasil,
liderando cerca de 82% das exportações nacionais. A cidade de Cachoeiro de Itapemirim é
conhecida como a capital nacional do granito.
O polo capixaba exporta cerca de 42 000 contêineres por ano. Com uma média de 50 chapas
de mesmo formato por contêiner, a cada mês são exportadas quantas chapas de granito pelo
Espírito Santo?
A) 165 000
B) 170 000
C) 175 000
D) 180 000
Fonte:https://www.gov.br/anm/pt-br/assuntos/noticias/rochas-naturais-redesenham-o-mapa-industrial-
brasileiro-e-projetam-nova-ambicao-global-na-marmomac-brazil-2026",,C,2,mapa,False,True,True,True,False,C,,
sedu_ama9_2026t1-D020_M-04,sedu_ama9_2026t1,9,PAEBES_M,D020_M,4,4,(fonte sem tópico SAEB),14,14,"No inverno de Domingos Martins, na região serrana, a temperatura costuma cair drasticamente durante a noite. Em um determinado dia, a temperatura era de 12°C às 20h. A partir daí, a temperatura caiu 3°C por hora durante as 5 horas seguintes. Qual foi a temperatura registrada ao final dessas 5 horas?",-3°C,-15°C,3°C,0°C,,0,False,False,,"No inverno de Domingos Martins, na região serrana, a temperatura costuma cair
drasticamente durante a noite. Em um determinado dia, a temperatura era de 12°C às 20h. A
partir daí, a temperatura caiu 3°C por hora durante as 5 horas seguintes.
Qual foi a temperatura registrada ao final dessas 5 horas?
A) -3°C
B) -15°C
C) 3°C
D) 0°C",,A,2,,False,False,False,True,True,A,,
sedu_ama9_2026t1-D020_M-05,sedu_ama9_2026t1,9,PAEBES_M,D020_M,5,5,(fonte sem tópico SAEB),14,14,"Uma pequena loja de artesanato no Mercado da Capixaba, em Vitória, teve um início de mês movimentado. O proprietário começou a semana com um saldo de R$ 450,00 em sua conta empresarial. Durante a semana, ele realizou as seguintes movimentações: 1.Pagamento de fornecedor de panelas de barro: - R$ 600,00. 2.Venda de kits de lembranças capixabas: + R$ 320,00. 3.Taxa de manutenção da conta: - R$ 50,00. Ao final dessas operações, qual o saldo atual da conta?","- R$ 180,00","- R$ 120,00","R$ 120,00","R$ 180,00",,0,False,False,,"Uma pequena loja de artesanato no Mercado da Capixaba, em Vitória, teve um início de mês
movimentado. O proprietário começou a semana com um saldo de R$ 450,00 em sua conta
empresarial. Durante a semana, ele realizou as seguintes movimentações:
1.Pagamento de fornecedor de panelas de barro: - R$ 600,00.
2.Venda de kits de lembranças capixabas: + R$ 320,00.
3.Taxa de manutenção da conta: - R$ 50,00.
Ao final dessas operações, qual o saldo atual da conta?
A) - R$ 180,00
B) - R$ 120,00
C) R$ 120,00
D) R$ 180,00",,C,2,,False,False,False,True,True,C,,
sedu_ama9_2026t1-D020_M-06,sedu_ama9_2026t1,9,PAEBES_M,D020_M,6,6,(fonte sem tópico SAEB),14,14,Efetue os cálculos,(-62) - (-38) + 24 =,20 + (-9) + (-43) =,71 x (-7 + 5),64 4,,0,False,True,,"Efetue os cálculos
A) (-62) - (-38) + 24 =
B) 20 + (-9) + (-43) =
C) 71 x (-7 + 5)
D) 64        4",,A,2,,False,False,False,True,False,A,,
sedu_ama9_2026t1-D021_M-01,sedu_ama9_2026t1,9,PAEBES_M,D021_M,1,1,(fonte sem tópico SAEB),15,15,"Na aula de Arte, os estudantes de uma escola em Colatina desenharam uma reta numérica no pátio. O estudante João se posicionou no número -12. O professor pediu para a estudante Sofia se posicionar no número oposto ao de João. Em qual ponto da reta Sofia deve ficar?",-12,0,12,24,,0,False,False,,"Na aula de Arte, os estudantes de uma escola em Colatina desenharam uma reta numérica no
pátio. O estudante João se posicionou no número -12. O professor pediu para a estudante
Sofia se posicionar no número oposto ao de João.
Em qual ponto da reta Sofia deve ficar?
A) -12
B) 0
C) 12
D) 24",,C,2,,False,False,False,True,True,C,,
sedu_ama9_2026t1-D021_M-02,sedu_ama9_2026t1,9,PAEBES_M,D021_M,2,2,(fonte sem tópico SAEB),15,15,"No inverno, o Pico da Bandeira, localizado na divisa do Espírito Santo com Minas Gerais, costuma registrar temperaturas negativas. Imagine que um termômetro na base do Parque marcou as temperaturas de quatro pontos diferentes em uma madrugada gelada: Ponto A: -3°C Ponto B: 2°C Ponto C: -1°C Ponto D: 0°C Se representarmos essas temperaturas em uma reta numérica, qual é a reta que corresponde a essas temperaturas? A B C D",-3 -2 -1 0 1 2 3 B D A C,-3 -2 -1 0 1 2 3 A C D B,-3 -2 -1 0 1 2 3 D C B A,-3 -2 -1 0 1 2 3,,0,True,True,,"No inverno, o Pico da Bandeira, localizado na divisa do Espírito Santo com Minas Gerais,
costuma registrar temperaturas negativas. Imagine que um termômetro na base do Parque
marcou as temperaturas de quatro pontos diferentes em uma madrugada gelada:
Ponto A: -3°C
Ponto B: 2°C
Ponto C: -1°C
Ponto D: 0°C
Se representarmos essas temperaturas em uma reta numérica, qual é a reta que corresponde
a essas temperaturas?
A
B
C
D
A)
-3
-2
-1
0
1
2
3
B
D
A
C
B)
-3
-2
-1
0
1
2
3
A
C
D
B
C)
-3
-2
-1
0
1
2
3
D
C
B
A
D)
-3
-2
-1
0
1
2
3",,A,2,,False,False,False,True,False,A,,
sedu_ama9_2026t1-D021_M-03,sedu_ama9_2026t1,9,PAEBES_M,D021_M,3,3,(fonte sem tópico SAEB),16,16,"O Porto de Tubarão é um dos maiores terminais de exportação de minério de ferro do mundo. Para realizar alguns carregamentos, é utilizado um braço mecânico que se desloca sobre um trilho numerado, como podemos ver na reta: A 10 B 0 C 10 D Se os intervalos entre as marcas são iguais, quais são os valores de A e C?",A = -15 e C = 5,A = -20 e C = 5,A = -15 e C = 15,A = -5 e C = 5,,0,True,False,,"O Porto de Tubarão é um dos maiores terminais de exportação de minério de ferro do
mundo. Para realizar alguns carregamentos, é utilizado um braço mecânico que se desloca
sobre um trilho numerado, como podemos ver na reta:
A
10
B
0
C
10
D
Se os intervalos entre as marcas são iguais, quais são os valores de A e C?
A) A = -15 e C = 5
B) A = -20 e C = 5
C) A = -15 e C = 15
D) A = -5 e C = 5",,A,2,,False,False,False,True,False,A,,
sedu_ama9_2026t1-D021_M-04,sedu_ama9_2026t1,9,PAEBES_M,D021_M,4,4,(fonte sem tópico SAEB),16,16,"Na gincana de uma escola em Rio Novo do Sul, as equipes ganham pontos por tarefas concluídas e perdem pontos por tarefas não cumpridas. A equipe ""Vencedores"" terminou a primeira etapa com -15 pontos e a equipe ""Mentes brilhantes"" com +12 pontos. Quais pontos da reta numérica representam essas duas equipes, respectivamente A B C D E F G H -18 -15 -12 -9 -6 -3 0 3 6 9 12 15 18",B e E,A e G,D e H,C e F,,0,True,False,,"Na gincana de uma escola em Rio Novo do Sul, as equipes ganham pontos por tarefas
concluídas e perdem pontos por tarefas não cumpridas. A equipe ""Vencedores"" terminou a
primeira etapa com -15 pontos e a equipe ""Mentes brilhantes"" com +12 pontos.
Quais pontos da reta numérica representam essas duas equipes, respectivamente
A
B
C
D
E
F
G
H
-18
-15
-12
-9
-6
-3
0
3
6
9
12
15
18
A) B e E
B) A e G
C) D e H
D) C e F",,B,2,,False,False,False,True,False,B,,
sedu_ama9_2026t1-D024_M-01,sedu_ama9_2026t1,9,PAEBES_M,D024_M,1,1,(fonte sem tópico SAEB),17,17,"O Espírito Santo é um grande produtor de petróleo. Imagine que um reservatório em uma plataforma na Bacia do Espírito Santo está com de sua capacidade total preenchida. Se a capacidade total é de 15 000 m³, e foram retirados 2 500,50 m³ para processamento, quanto de petróleo restou no reservatório?",11 250 m³,"8 749,50 m³","9 250,50 m³",12 500 m³,,0,False,True,,"O Espírito Santo é um grande produtor de petróleo. Imagine que um reservatório em uma
plataforma na Bacia do Espírito Santo está com    de sua capacidade total preenchida. Se a
capacidade total é de 15 000 m³, e foram retirados 2 500,50 m³ para processamento, quanto
de petróleo restou no reservatório?
A) 11 250 m³
B) 8 749,50 m³
C) 9 250,50 m³
D) 12 500 m³",,B,2,,False,False,False,True,False,B,,
sedu_ama9_2026t1-D024_M-02,sedu_ama9_2026t1,9,PAEBES_M,D024_M,2,2,(fonte sem tópico SAEB),17,17,"Um caminhoneiro saiu de São Mateus, no norte do Espírito Santo, com destino a Cachoeiro de Itapemirim, no sul. Ele percorreu do trajeto total e parou para almoçar. Após o almoço, percorreu mais 0,3 do trajeto total. Quanto do caminho total ele já percorreu?","0,50","0,30","0,70","0,40",,0,False,True,,"Um caminhoneiro saiu de São Mateus, no norte do Espírito Santo, com destino a Cachoeiro de
Itapemirim, no sul. Ele percorreu   do trajeto total e parou para almoçar. Após o almoço,
percorreu mais 0,3 do trajeto total.
Quanto do caminho total ele já percorreu?
A) 0,50
B) 0,30
C) 0,70
D) 0,40",,B,2,,False,False,False,True,False,B,,
sedu_ama9_2026t1-D024_M-03,sedu_ama9_2026t1,9,PAEBES_M,D024_M,3,3,(fonte sem tópico SAEB),17,17,"A Reserva Biológica de Sooretama é a maior área protegida de Mata Atlântica do estado, protegendo 28 000 hectares. Um pesquisador está monitorando o crescimento de uma muda de Jacarandá-da-Bahia. Na primeira medição, a muda tinha 0,45 metros. Após um período de chuvas, ela cresceu de metro. Qual a altura atual dessa muda em metros?","0,46 m","0,50 m","0,60 m","0,70 m",,0,False,True,,"A Reserva Biológica de Sooretama é a maior área protegida de Mata Atlântica do estado,
protegendo 28 000 hectares. Um pesquisador está monitorando o crescimento de uma muda
de Jacarandá-da-Bahia.
Na primeira medição, a muda tinha 0,45 metros.
Após um período de chuvas, ela cresceu    de metro.
Qual a altura atual dessa muda em metros?
A) 0,46 m
B) 0,50 m
C) 0,60 m
D) 0,70 m",,D,2,,False,False,False,True,False,D,,
sedu_ama9_2026t1-D024_M-04,sedu_ama9_2026t1,9,PAEBES_M,D024_M,4,4,(fonte sem tópico SAEB),18,18,"Um mestre artesão de Conceição da Barra está fabricando tambores de congo. Ele utiliza uma tora de madeira de 2,4 metros de comprimento. Para fazer um tambor médio, ele corta um pedaço de de metro. Quantos metros de madeira restaram dessa tora original?","1,8 metros","1,2 metros","0,6 metros","2,1 metros",,0,False,True,,"Um mestre artesão de Conceição da Barra está fabricando tambores de congo. Ele utiliza uma
tora de madeira de 2,4 metros de comprimento. Para fazer um tambor médio, ele corta um
pedaço de     de metro.
Quantos metros de madeira restaram dessa tora original?
A) 1,8 metros
B) 1,2 metros
C) 0,6 metros
D) 2,1 metros",,A,2,,False,False,False,True,False,A,,
sedu_ama9_2026t1-D024_M-05,sedu_ama9_2026t1,9,PAEBES_M,D024_M,5,5,(fonte sem tópico SAEB),18,18,"Em uma escola de Conceição do Castelo, os estudantes do 9º ano, junto com a professora de Ciências, irão revitalizar a horta escolar. A escola destinou uma verba de R$ 600,00 para a compra de materiais e mudas. O gasto foi organizado da seguinte forma: 0,3 do valor total foi gasto com adubo e terra preparada. do valor total foram gastos com mudas de hortaliças e temperos. O restante do dinheiro foi utilizado para comprar regadores e pequenas ferramentas. Qual foi o valor, em reais, destinado exclusivamente para a compra de regadores e ferramentas?","R$ 150,00","R$ 180,00","R$ 240,00","R$ 260,00",,1,False,True,,"Em uma escola de Conceição do Castelo, os estudantes do 9º ano, junto com a professora de
Ciências, irão revitalizar a horta escolar. A escola destinou uma verba de R$ 600,00 para a
compra de materiais e mudas.
O gasto foi organizado da seguinte forma:
0,3 do valor total foi gasto com adubo e terra preparada.
do valor total foram gastos com mudas de hortaliças e temperos.
O restante do dinheiro foi utilizado para comprar regadores e pequenas ferramentas.
Qual foi o valor, em reais, destinado exclusivamente para a compra de regadores e
ferramentas?
A) R$ 150,00
B) R$ 180,00
C) R$ 240,00
D) R$ 260,00",,A,2,,True,False,True,True,False,A,,
sedu_ama9_2026t1-D029_M-01,sedu_ama9_2026t1,9,PAEBES_M,D029_M,1,1,(fonte sem tópico SAEB),19,19,"Uma escola de Rio Bananal deseja cercar uma área quadrada no pátio para criar um novo canteiro de plantas medicinais. A área total desse quadrado é de 12 m². Para comprar o material da cerca, o zelador precisa saber o comprimento do lado desse quadrado. Utilizando a aproximação e sabendo que o lado do quadrado é (que pode ser escrito como ): Qual é a medida aproximada de cada lado do canteiro?","3,46 m","2,82 m","4,00 m","6,00 m",,3,False,False,,"Uma escola de Rio Bananal deseja cercar uma área quadrada no pátio para criar um novo
canteiro de plantas medicinais. A área total desse quadrado é de 12 m². Para comprar o
material da cerca, o zelador precisa saber o comprimento do lado desse quadrado.
Utilizando a aproximação                   e sabendo que o lado do quadrado é         (que pode ser
escrito como        ):
Qual é a medida aproximada de cada lado do canteiro?
A) 3,46 m
B) 2,82 m
C) 4,00 m
D) 6,00 m",,A,2,,True,False,True,True,False,A,,
sedu_ama9_2026t1-D029_M-02,sedu_ama9_2026t1,9,PAEBES_M,D029_M,2,2,(fonte sem tópico SAEB),19,19,"Um grupo de estudantes, ao medir a ladeira de acesso ao Convento da Penha, identificou que a distância linear de um trecho íngreme mede metros. Sabendo que 8² = 64 e 9² = 81 Qual é a medida aproximada, em metros, desse trecho da subida?","7,5 m","8,06 m","9,24 m","8,73 m",,1,False,False,,"Um grupo de estudantes, ao medir a ladeira de acesso ao Convento da Penha, identificou que
a distância linear de um trecho íngreme mede          metros.
Sabendo que 8² = 64 e 9² = 81
Qual é a medida aproximada, em metros, desse trecho da subida?
A) 7,5 m
B) 8,06 m
C) 9,24 m
D) 8,73 m",,B,2,,True,False,True,True,False,B,,
sedu_ama9_2026t1-D029_M-03,sedu_ama9_2026t1,9,PAEBES_M,D029_M,3,3,(fonte sem tópico SAEB),19,19,"Em uma rua movimentada, uma placa de sinalização quadrada de aço precisa ser substituída. A área dessa placa é de 18 m². Para calcular a quantidade de fita refletora que contorna apenas um dos lados da placa, o profissinal responsável precisa do valor aproximado de Considerando que e que . Qual o comprimento aproximado do lado dessa placa?","4,23 m","3,41 m","5,64 m","9,00 m",,1,False,True,,"Em uma rua movimentada, uma placa de sinalização quadrada de aço precisa ser substituída.
A área dessa placa é de 18 m². Para calcular a quantidade de fita refletora que contorna
apenas um dos lados da placa, o profissinal responsável precisa do valor aproximado de
Considerando que                       e que                   .
Qual o comprimento aproximado do lado dessa placa?
A) 4,23 m
B) 3,41 m
C) 5,64 m
D) 9,00 m",,A,2,,True,False,True,True,False,A,,
sedu_ama9_2026t1-D029_M-04,sedu_ama9_2026t1,9,PAEBES_M,D029_M,4,4,(fonte sem tópico SAEB),20,20,"Os estudantes de uma turma de 9° ano, ao resolverem um problema proposto pelo professor de Matemática, encontraram como resposta de . Considerando a aproximação , qual é o valor aproximado do resultado encontrado pelos estudantes?","11,88 metros","14,21 metros","12,64 metros","13,39 metros",,2,False,False,,"Os estudantes de uma turma de 9° ano, ao resolverem um problema proposto pelo professor
de Matemática, encontraram como resposta  de           .
Considerando a aproximação                   , qual é o valor aproximado do resultado encontrado
pelos estudantes?
A) 11,88 metros
B) 14,21 metros
C) 12,64 metros
D) 13,39 metros",,C,2,,True,False,True,True,False,C,,
sedu_ama9_2026t1-D029_M-05,sedu_ama9_2026t1,9,PAEBES_M,D029_M,5,5,(fonte sem tópico SAEB),20,20,"Um grupo de trilheiros mediu a base de uma formação rochosa próxima à famosa ""Pedra Azul"". Apartir de seus cálculos, eles determinaram que a largura da base pode ser representada pela expressão metros. Considerando as aproximações e , e usando : Qual é a largura aproximada dessa base em metros?","9,00 m","12,69 m","15,51 m","18,33 m",,4,False,False,,"Um grupo de trilheiros mediu a base de uma formação rochosa próxima à famosa ""Pedra
Azul"". Apartir de seus cálculos, eles determinaram que a largura da base pode ser
representada pela expressão                  metros.
Considerando as aproximações                    e                   , e usando                 :
Qual é a largura aproximada dessa base em metros?
A) 9,00 m
B) 12,69 m
C) 15,51 m
D) 18,33 m",,B,2,,True,False,True,True,False,B,,
sedu_ama9_2026t1-D029_M-06,sedu_ama9_2026t1,9,PAEBES_M,D029_M,6,6,(fonte sem tópico SAEB),20,20,Calcule a raiz aproximada dos radicais abaixo:,,,,,,1,False,True,alternativas não localizadas no texto,Calcule a raiz aproximada dos radicais abaixo:,,A,2,abaixo,True,True,True,False,False,A,,
sedu_ama9_2026t3-D009_M-01,sedu_ama9_2026t3,9,PAEBES_M,D009_M,1,1,(fonte sem tópico SAEB),18,18,"Observe os pontos P, Q, R, S e T, destacados na reta numérica a seguir, igualmente espaçada. R Q P T S 0 0,75 Determine o valor de cada ponto: P: ____________________ Q: ____________________ R: ____________________ S: ____________________ T: ____________________",,,,,,0,True,False,alternativas não localizadas no texto,"Observe os pontos P, Q, R, S e T, destacados na reta numérica a seguir, igualmente
espaçada.
R
Q
P
T
S
0
0,75
Determine o valor de cada ponto:
P: ____________________
Q: ____________________
R: ____________________
S: ____________________
T: ____________________",,,2,a seguir,False,True,True,False,False,,,
sedu_ama9_2026t3-D009_M-02,sedu_ama9_2026t3,9,PAEBES_M,D009_M,2,2,(fonte sem tópico SAEB),18,18,"Localize e marque, na reta numérica apresentada, os pontos indicados a seguir. 0 1,5",,,,,,0,False,True,alternativas não localizadas no texto,"Localize e marque, na reta numérica apresentada, os pontos indicados a seguir.
0
1,5",,,2,a seguir,False,True,True,False,False,,,
sedu_ama9_2026t3-D009_M-03,sedu_ama9_2026t3,9,PAEBES_M,D009_M,3,3,(fonte sem tópico SAEB),18,18,"Observe a reta numérica abaixo, dividida em partes iguais. A B C D 1 1,4 Qual dos pontos coresponde ao número racional 0,4?",A,B,C,D,,0,True,False,,"Observe a reta numérica abaixo, dividida em partes iguais.
A
B
C
D
1
1,4
Qual dos pontos coresponde ao número racional 0,4?
A) A
B) B
C) C
D) D",,C,2,abaixo,False,True,True,True,False,C,,
sedu_ama9_2026t3-D009_M-04,sedu_ama9_2026t3,9,PAEBES_M,D009_M,4,4,(fonte sem tópico SAEB),19,19,"Observe a reta numérica abaixo, dividida em partes iguais. P R Q S 0 0,5 Qual dos pontos coresponde ao número racional -1,25?",P,Q,R,S,,0,True,False,,"Observe a reta numérica abaixo, dividida em partes iguais.
P
R
Q
S
0
0,5
Qual dos pontos coresponde ao número racional -1,25?
A) P
B) Q
C) R
D) S",,A,2,abaixo,False,True,True,True,False,A,,
sedu_ama9_2026t3-D009_M-05,sedu_ama9_2026t3,9,PAEBES_M,D009_M,5,5,(fonte sem tópico SAEB),19,19,"Observe a reta numérica abaixo, dividida em partes iguais. U T S P Q V R O -0,2 1 Quais os pontos corespondem aos números racionais 0,6 e - 0,6, respectivamente?",U e Q,S e R,P e O,V e T,,0,True,False,,"Observe a reta numérica abaixo, dividida em partes iguais.
U
T
S
P
Q
V
R
O
-0,2
1
Quais os pontos corespondem aos números racionais 0,6 e - 0,6, respectivamente?
A) U e Q
B) S e R
C)  P e O
D) V e T",,D,2,abaixo,False,True,True,True,False,D,,
sedu_ama9_2026t3-D013_M-01,sedu_ama9_2026t3,9,PAEBES_M,D013_M,1,1,(fonte sem tópico SAEB),20,20,"Transforme os números decimais em fração e as frações em números decimais: a) 1,6 b) 0,75 c) d)",,,,,,0,False,True,alternativas não localizadas no texto,"Transforme os números decimais em fração e as frações em números decimais:
a) 1,6
b) 0,75
c)
d)",,,2,,False,False,False,False,False,,,
sedu_ama9_2026t3-D013_M-02,sedu_ama9_2026t3,9,PAEBES_M,D013_M,2,2,(fonte sem tópico SAEB),20,20,"Escreva os números decimais em forma de porcentagem e as porcentagens em números decimais: a) 0,46 b) 0,04 c) 131% d) 50%",,,,,,0,False,False,alternativas não localizadas no texto,"Escreva os números decimais em forma de porcentagem e as porcentagens em
números decimais:
a) 0,46
b) 0,04
c) 131%
d) 50%",,,2,,False,False,False,False,False,,,
sedu_ama9_2026t3-D013_M-03,sedu_ama9_2026t3,9,PAEBES_M,D013_M,3,3,(fonte sem tópico SAEB),20,20,Represente as frações em porcentagem e as porcentagens em fração: a) b) c) 40% d) 5%,,,,,,0,False,True,alternativas não localizadas no texto,"Represente as frações em porcentagem e as porcentagens em fração:
a)
b)
c) 40%
d) 5%",,,2,,False,False,False,False,False,,,
sedu_ama9_2026t3-D013_M-04,sedu_ama9_2026t3,9,PAEBES_M,D013_M,4,4,(fonte sem tópico SAEB),21,21,Observe a fração apresentada no quadro abaixo: Qual é a representação decimal dessa fração?,"0,15","0,66","1,5","6,6",,0,False,False,,"Observe a fração apresentada no quadro abaixo:
Qual é a representação decimal dessa fração?
A) 0,15
B) 0,66
C) 1,5
D) 6,6",,C,2,abaixo,False,True,True,True,False,C,,
sedu_ama9_2026t3-D013_M-05,sedu_ama9_2026t3,9,PAEBES_M,D013_M,5,5,(fonte sem tópico SAEB),21,21,Observe a porcentagem apresentada no quadro abaixo Qual é a representação fracionaria desta porcentagem?,,,,,,0,False,True,,"Observe a porcentagem apresentada no quadro abaixo
Qual é a representação fracionaria desta porcentagem?
A)
B)
C)
D)",,C,2,abaixo,False,True,True,False,False,C,,
sedu_ama9_2026t3-D013_M-06,sedu_ama9_2026t3,9,PAEBES_M,D013_M,6,6,(fonte sem tópico SAEB),21,21,"A representação percental do número racional 0,673 é","0,673%","6,73%","67,3%",673%,,0,False,False,,"A representação percental do número racional 0,673 é
A) 0,673%
B) 6,73%
C) 67,3%
D) 673%",,,2,,False,False,False,True,True,C,,"gabarito_recuperado: Resposta impressa em minúscula no gabarito do PDF (p. 39): 'c) 67,3%'."
sedu_ama9_2026t3-D018_M-01,sedu_ama9_2026t3,9,PAEBES_M,D018_M,1,1,(fonte sem tópico SAEB),6,6,"Considerando o valor de x e y, calcule o valor númerico das expressões algébricas:",,,,,,0,False,True,alternativas não localizadas no texto,"Considerando o valor de x e y, calcule o valor númerico das expressões algébricas:",,,2,,False,False,False,False,False,,,
sedu_ama9_2026t3-D018_M-02,sedu_ama9_2026t3,9,PAEBES_M,D018_M,2,2,(fonte sem tópico SAEB),6,6,Calcule o valor da expressão algébrica abaixo. Considere e,50,520,536,632,,0,False,True,,"Calcule o valor da expressão algébrica abaixo.
Considere                     e
A) 50
B) 520
C) 536
D) 632",,B,2,abaixo,False,True,True,True,False,B,,
sedu_ama9_2026t3-D018_M-03,sedu_ama9_2026t3,9,PAEBES_M,D018_M,3,3,(fonte sem tópico SAEB),6,6,Calcule o valor da expressão algébrica abaixo. Considere e,- 112,- 16,16,112,,0,False,True,,"Calcule o valor da expressão algébrica abaixo.
Considere                   e
A) - 112
B) - 16
C) 16
D) 112",,C,2,abaixo,False,True,True,True,False,C,,
sedu_ama9_2026t3-D018_M-04,sedu_ama9_2026t3,9,PAEBES_M,D018_M,4,4,(fonte sem tópico SAEB),7,7,Calcule o valor da expressão algébrica abaixo. Considere e,-36,0,45,54,,0,False,True,,"Calcule o valor da expressão algébrica abaixo.
Considere                  e
A) -36
B) 0
C) 45
D) 54",,B,2,abaixo,False,True,True,True,False,B,,
sedu_ama9_2026t3-D018_M-05,sedu_ama9_2026t3,9,PAEBES_M,D018_M,5,5,(fonte sem tópico SAEB),7,7,Calcule o valor da expressão algébrica abaixo. Considere e,100,174,198,222,,0,False,True,,"Calcule o valor da expressão algébrica abaixo.
Considere                e
A) 100
B) 174
C) 198
D) 222",,B,2,abaixo,False,True,True,True,False,B,,
sedu_ama9_2026t3-D038_M-01,sedu_ama9_2026t3,9,PAEBES_M,D038_M,1,1,(fonte sem tópico SAEB),22,23,"O feminicídio está previsto no Código Penal a partir da Lei nº 13.104/2015. “O feminicídio, porém, não tem nada de paixão ou amor. São assassinatos premeditados de mulheres, apenas pela sua condição. São crimes de ódio, ou, na definição das sociólogas Ana Liési e Lourdes Bandeira, são crimes de poder, que ‘evidenciam a força do patriarcado como uma instituição que propõe e sustenta a autoridade masculina para controlar, com poder punitivo’ (Violência Doméstica – Vulnerabilidades e Desafios na Intervenção Criminal e Multidisciplinar, 2010)” (Relatório Final, CPMI-VCM, 2013) Disponível em: <https://www12.senado.leg.br/institucional/procuradoria/noticias/feminicidios- crescem-4-7-em-2025-pequenas-cidades-tem-maiores-taxas>. Acesso em: 1 set. 2026. Com base nos dados apresentados, responda: a) Sabendo que, em 2025, 1568 mulheres foram vítimas de feminicídio, qual foi o número de vítimas no ano de 2024? E em 2021? b) Qual é a faixa etária da maior parte das vítimas? c) Com base nos dados sobre o perfil dos feminicídios, no recorte racial, qual é a quantidade de mulheres negras que foram vítimas de feminicídio? E quantas mulheres brancas foram vítimas? Que fatores sociais você imagina que estejam associados",,,,,,1,False,False,alternativas não localizadas no texto,"O feminicídio está previsto no Código Penal a partir da Lei nº 13.104/2015. “O feminicídio,
porém, não tem nada de paixão ou amor. São assassinatos premeditados de mulheres, apenas
pela sua condição. São crimes de ódio, ou, na definição das sociólogas Ana Liési e Lourdes
Bandeira, são crimes de poder, que ‘evidenciam a força do patriarcado como uma instituição
que propõe e sustenta a autoridade masculina para controlar, com poder punitivo’ (Violência
Doméstica – Vulnerabilidades e Desafios na Intervenção Criminal e Multidisciplinar, 2010)”
(Relatório Final, CPMI-VCM, 2013)
Disponível em: <https://www12.senado.leg.br/institucional/procuradoria/noticias/feminicidios-
crescem-4-7-em-2025-pequenas-cidades-tem-maiores-taxas>. Acesso em: 1 set. 2026.
Com base nos dados apresentados, responda:
a) Sabendo que, em 2025, 1568 mulheres foram vítimas de feminicídio, qual foi o número de
vítimas no ano de 2024? E em 2021?
b) Qual é a faixa etária da maior parte das vítimas?
c) Com base nos dados sobre o perfil dos feminicídios, no recorte racial, qual é a quantidade
de mulheres negras que foram vítimas de feminicídio? E quantas mulheres brancas foram
vítimas? Que fatores sociais você imagina que estejam associados",,,2,,True,False,True,False,False,,,
sedu_ama9_2026t3-D038_M-02,sedu_ama9_2026t3,9,PAEBES_M,D038_M,2,2,(fonte sem tópico SAEB),23,23,Calcule a porcentagem em cada caso: a) 15% de 32 = ______________________________________________________ b) 34% de 150 = _____________________________________________________ c) 25% de 243 = _____________________________________________________ d) 3% de 64 = ________________________________________________________,,,,,,0,False,False,alternativas não localizadas no texto,"Calcule a porcentagem em cada caso:
a) 15% de 32 = ______________________________________________________
b) 34% de 150 = _____________________________________________________
c) 25% de 243 = _____________________________________________________
d) 3% de 64 = ________________________________________________________",,,2,,False,False,False,False,False,,,
sedu_ama9_2026t3-D038_M-03,sedu_ama9_2026t3,9,PAEBES_M,D038_M,3,3,(fonte sem tópico SAEB),24,24,"Os registros de bullying e cyberbullying contra crianças e adolescentes no Brasil cresceram 67,3% em 2025 na comparação com o ano anterior, segundo o 20º Anuário Brasileiro de Segurança Pública, divulgado pelo Fórum Brasileiro de Segurança Pública (FBSP) [...]. https://g1.globo.com/politica/noticia/2026/07/23/bullying-e-cyberbullying-anuario-seguranca-publica.ghtml Sabendo que, em 2025, foram registrados 5226 ocorrências, quantas foram registradas em 2024?",1709,3161,3517,8743,,0,False,False,,"Os registros de bullying e cyberbullying contra crianças e adolescentes no Brasil cresceram
67,3% em 2025 na comparação com o ano anterior, segundo o 20º Anuário Brasileiro de
Segurança Pública, divulgado pelo Fórum Brasileiro de Segurança Pública (FBSP) [...].
https://g1.globo.com/politica/noticia/2026/07/23/bullying-e-cyberbullying-anuario-seguranca-publica.ghtml
Sabendo que, em 2025, foram registrados 5226 ocorrências, quantas foram registradas em
2024?
A) 1709
B) 3161
C) 3517
D) 8743",,B,2,,False,False,False,True,True,B,,"observacao: Nenhuma alternativa é exata (5226 / 1,673 ≈ 3124); a mais próxima é B, que coincide com o gabarito do PDF."
sedu_ama9_2026t3-D038_M-04,sedu_ama9_2026t3,9,PAEBES_M,D038_M,4,4,(fonte sem tópico SAEB),24,24,"Na doação de sangue, é retirado um volume entre 400 a 470 ml, por meio da inserção de uma agulha em um dos braços do doador. A coleta é feita por equipe capacitada, garantindo a segurança e o bem-estar do doador. [...] O sangue doado não ultrapassa 10% do volume em circulação no corpo. https://hemoes.es.gov.br/sobre-doacao Com base nas informações apresentadas no texto, a quantidade mínima de sangue que um adulto deve ter em circulação deve ser:","Menor que 4,0 litros","Menor que 4,7 litros","Maior que 4,0 litros","Maior que 4,7 litros",,1,False,False,,"Na doação de sangue, é retirado um volume entre 400 a 470 ml, por meio da inserção de uma
agulha em um dos braços do doador. A coleta é feita por equipe capacitada, garantindo a
segurança e o bem-estar do doador. [...] O sangue doado não ultrapassa 10% do volume em
circulação no corpo.
https://hemoes.es.gov.br/sobre-doacao
Com base nas informações apresentadas no texto, a quantidade mínima de sangue que um
adulto deve ter em circulação deve ser:
A) Menor que 4,0 litros
B) Menor que 4,7 litros
C) Maior que 4,0 litros
D) Maior que 4,7 litros",,C,2,,True,False,True,True,False,C,,
sedu_ama9_2026t3-D039_M-01,sedu_ama9_2026t3,9,PAEBES_M,D039_M,1,1,(fonte sem tópico SAEB),25,25,"Os estudantes do 9º ano de uma escola irão visitar um parque ecológico. O ônibus utilizado consome 15 litros de combustivél a cada 120 km percorridos em velocidade constante. a) Sabendo que a distância total de ida e volta entre a escola e o parque é de 380 km, calcule quantos litros de combustível serão necessários para realizar essa viagem. c) Se o preço do combustivél é de R$ 6,10, determine o custo total com combustível para essa viagem de ida e volta.",,,,,,0,False,False,alternativas não localizadas no texto,"Os estudantes do 9º ano de uma escola irão visitar um parque ecológico. O ônibus utilizado
consome 15 litros de combustivél a cada 120 km percorridos em velocidade constante.
a) Sabendo que a distância total de ida e volta entre a escola e o parque é de 380 km, calcule
quantos litros de combustível serão necessários para realizar essa viagem.
c) Se o preço do combustivél é de R$ 6,10, determine o custo total com combustível para
essa viagem de ida e volta.",,,2,,False,False,False,False,False,,,
sedu_ama9_2026t3-D039_M-02,sedu_ama9_2026t3,9,PAEBES_M,D039_M,2,2,(fonte sem tópico SAEB),25,25,"Para organizar o acervo da biblioteca de uma escola, uma equipe composta por 4 funcionários, trabalhando todos com o mesmo ritmo e eficiência, realiza todo o serviço em 15 dias. a) Se mais 2 funcionários se juntarem à equipe, mantendo o mesmo rítmo de trabalho, em quantos dias a equipe comcluirá o trabalho? b) Quantos funcionários serão necessários para concluir a organização da biblioteca em 5 dias?",,,,,,0,False,False,alternativas não localizadas no texto,"Para organizar o acervo da biblioteca de uma escola, uma equipe composta por 4
funcionários, trabalhando todos com o mesmo ritmo e eficiência, realiza todo o serviço em
15 dias.
a) Se mais 2 funcionários se juntarem à equipe, mantendo o mesmo rítmo de trabalho, em
quantos dias a equipe comcluirá o trabalho?
b) Quantos funcionários serão necessários para concluir a organização da biblioteca em 5
dias?",,,2,,False,False,False,False,False,,,
sedu_ama9_2026t3-D039_M-03,sedu_ama9_2026t3,9,PAEBES_M,D039_M,3,3,(fonte sem tópico SAEB),26,26,"Em 2022, foi gerado 1,05 bilhão de toneladas de resíduos alimentares, que inclui partes não comestíveis, totalizando 132 quilos per capita e quase um quinto de todos os alimentos disponíveis para os consumidores. Enquanto 783 milhões de pessoas foram afetadas pela fome e um terço da humanidade enfrentou insegurança alimentar, domicílios de todos os continentes desperdiçaram mais de 1 bilhão de refeições por dia em 2022. As informações são do Relatório do Índice de Desperdício de Alimentos 2024. Fonte: https://news.un.org/pt/story/2024/03/1829741 Com base nas informações de desperdicío de alimentos no ano de 2022, com 365 dias, apresentado pela Organização das Nações Unidas (Onu), qual é a quantidade de alimento desperdiçado a cada trimestre, de 90 dias?","Aproximadamente 156,2 milhões de toneladas","Aproximadamente 258,9 milhões de toneladas","Aproximadamente 315,0 milhões de toneladas","Aproximadamente 410,5 milhões de toneladas",,0,False,False,,"Em 2022, foi gerado 1,05 bilhão de toneladas de resíduos alimentares, que inclui partes não
comestíveis, totalizando 132 quilos per capita e quase um quinto de todos os alimentos
disponíveis para os consumidores.
Enquanto 783 milhões de pessoas foram afetadas pela fome e um terço da humanidade
enfrentou insegurança alimentar, domicílios de todos os continentes desperdiçaram mais de 1
bilhão de refeições por dia em 2022. As informações são do Relatório do Índice de Desperdício
de Alimentos 2024.
Fonte: https://news.un.org/pt/story/2024/03/1829741
Com base nas informações de desperdicío de alimentos no ano de 2022, com 365 dias,
apresentado pela Organização das Nações Unidas (Onu), qual é a quantidade de alimento
desperdiçado a cada trimestre, de 90 dias?
A) Aproximadamente 156,2 milhões de toneladas
B) Aproximadamente 258,9 milhões de toneladas
C) Aproximadamente 315,0 milhões de toneladas
D) Aproximadamente 410,5 milhões de toneladas",,B,2,,False,False,False,True,True,B,,
sedu_ama9_2026t3-D039_M-04,sedu_ama9_2026t3,9,PAEBES_M,D039_M,4,4,(fonte sem tópico SAEB),26,26,"Segundo a análise mensal da cesta básica de alimentos, elaborada pela Companhia Nacional de Abastecimento (Conab) e pelo Departamento Intersindical de Estatística e Estudos Socioeconômicos (DIEESE), “Em agosto de 2026, o tempo médio necessário para adquirir os produtos da cesta básica nas 27 capitais pesquisadas foi de 98 horas e 37 minutos [...]” Fonte: https://www.dieese.org.br/analisecestabasica/2026/202608cestabasica.html Considerando uma jornada de trabalho de 40h semanais, sendo trabalhadas 8h por dia, em 5 dias da semana, quantos dias uma pessoa precisaria trabalhar para adquirir os itens da cesta básica?",10 dias,11 dias,12 dias,13 dias,,0,False,False,,"Segundo a análise mensal da cesta básica de alimentos, elaborada pela Companhia Nacional
de Abastecimento (Conab) e pelo Departamento Intersindical de Estatística e Estudos
Socioeconômicos (DIEESE), “Em agosto de 2026, o tempo médio necessário para adquirir os
produtos da cesta básica nas 27 capitais pesquisadas foi de 98 horas e 37 minutos [...]”
Fonte: https://www.dieese.org.br/analisecestabasica/2026/202608cestabasica.html
Considerando uma jornada de trabalho de 40h semanais, sendo trabalhadas 8h por dia, em 5
dias da semana, quantos dias uma pessoa precisaria trabalhar para adquirir os itens da cesta
básica?
A) 10 dias
B) 11 dias
C) 12 dias
D) 13 dias",,D,2,,False,False,False,True,True,D,,
sedu_ama9_2026t3-D049_M-01,sedu_ama9_2026t3,9,PAEBES_M,D049_M,1,1,(fonte sem tópico SAEB),8,8,Observe o triângulo retângulo abaixo. Indique quais são os seguintes elementos do triângulo a) Ângulo reto: ________________ b) Catetos: _____________________ c) Hipotenusa: ________________ d) Altura: ______________________,,,,,,1,False,False,alternativas não localizadas no texto,"Observe o triângulo retângulo abaixo.
Indique quais são os seguintes elementos do triângulo
a) Ângulo reto: ________________
b) Catetos: _____________________
c) Hipotenusa: ________________
d) Altura: ______________________",,,2,abaixo,True,True,True,False,False,,,
sedu_ama9_2026t3-D049_M-02,sedu_ama9_2026t3,9,PAEBES_M,D049_M,2,2,(fonte sem tópico SAEB),8,8,Determine o valor de x nos triângulos retângulos abaixo. a) b),,,,,,2,False,False,alternativas não localizadas no texto,"Determine o valor de x nos triângulos retângulos abaixo.
a)
b)",,,2,abaixo,True,True,True,False,False,,,
sedu_ama9_2026t3-D049_M-03,sedu_ama9_2026t3,9,PAEBES_M,D049_M,3,3,(fonte sem tópico SAEB),9,9,"Uma empresa de engenharia foi contratada para construir uma estrutura metálica de suporte com o formato de um triângulo retângulo cujos catetos medem 15 cm e 20 cm. Com base nessas dimensões, determine: a) A medida da hipotenusa a. b) A medida da altura h. c) As medidas das projeções ortogonais m e n dos catetos sobre a hipotenusa.",,,,,,1,False,True,alternativas não localizadas no texto,"Uma empresa de engenharia foi contratada para construir uma estrutura metálica de suporte
com o formato de um triângulo retângulo cujos catetos medem 15 cm e 20 cm.
Com base nessas dimensões, determine:
a) A medida da hipotenusa a.
b) A medida da altura h.
c) As medidas das projeções ortogonais m e n dos catetos sobre a hipotenusa.",,,2,,True,False,True,False,False,,,
sedu_ama9_2026t3-D049_M-04,sedu_ama9_2026t3,9,PAEBES_M,D049_M,4,4,(fonte sem tópico SAEB),10,10,"Para realizar a cobertura de uma laje com concreto, utiliza-se uma haste de sustentação, ligando o piso até a laje, formando na parte superior dessa haste um triângulo retângulo, conforme representado no desenho abaixo. O comprimento da parte x dessa haste de sustentação mede",,,,,,1,False,True,alternativas não localizadas no texto,"(PAEBES 2022)
Para realizar a cobertura de uma laje com concreto, utiliza-se uma haste de sustentação,
ligando o piso até a laje, formando na parte superior dessa haste um triângulo retângulo,
conforme representado no desenho abaixo.
O comprimento da parte x dessa haste de sustentação mede",PAEBES 2022,B,2,abaixo|desenho,True,True,True,False,False,B,,
sedu_ama9_2026t3-D049_M-05,sedu_ama9_2026t3,9,PAEBES_M,D049_M,5,5,(fonte sem tópico SAEB),10,10,"Um pedreiro precisa construir uma rampa de acesso ligando o solo ao topo de uma plataforma retangular de 1,2 m de altura. A base da rampa no solo ficará afastada exatamente 1,6 m da parede vertical da plataforma, conforme mostra a figura abaixo. Qual deve ser o comprimento total x da superfície inclinada dessa rampa?","1,8 m","2,0 m","2,4 m","2,8 m",,1,False,False,,"Um pedreiro precisa construir uma rampa de acesso ligando o solo ao topo de uma
plataforma retangular de 1,2 m de altura. A base da rampa no solo ficará afastada
exatamente 1,6 m da parede vertical da plataforma, conforme mostra a figura abaixo.
Qual deve ser o comprimento total x da superfície inclinada dessa rampa?
A) 1,8 m
B) 2,0 m
C) 2,4 m
D) 2,8 m",,B,2,abaixo|figura,True,True,True,True,False,B,,
sedu_ama9_2026t3-D081_M-01,sedu_ama9_2026t3,9,PAEBES_M,D081_M,1,1,(fonte sem tópico SAEB),11,11,"Observe a sequência abaixo, em que as figuras estão sendo criadas com palitos. 1 2 3 Agora, responda às questões: a) Desenhe o quinto termo da sequência. Quantos palitos foram utilizados para formar a figura? b) De que modo a sequência está crescendo? c) Quantos palitos serão utilizados na 7ª figura dessa sequência? d) Qual expressão algébrica modela essa sequência?",,,,,,0,False,False,alternativas não localizadas no texto,"Observe a sequência abaixo, em que as figuras estão sendo criadas com palitos.
1
2
3
Agora, responda às questões:
a) Desenhe o quinto termo da sequência. Quantos palitos foram utilizados para formar a
figura?
b) De que modo a sequência está crescendo?
c) Quantos palitos serão utilizados na 7ª figura dessa sequência?
d) Qual expressão algébrica modela essa sequência?",,,2,abaixo|figura,False,True,True,False,False,,,
sedu_ama9_2026t3-D081_M-02,sedu_ama9_2026t3,9,PAEBES_M,D081_M,2,2,(fonte sem tópico SAEB),12,12,"Joana começou a treinar corrida. Na 1ª semana, ela correu um total de 12 km. Na 2ª semana, correu 15 km. Na 3ª semana, correu 18 km e continuou aumentando a distância semanalmente seguindo sempre esse mesmo padrão matemático. a) Quantos quilômetros Joana vai correr na 6ª semana? b) Qual é a expressão algébrica que determina a distância que Joana correrá em uma semana n qualquer? c) Se Joana mantiver esse padrão, em qual semana ela estará correndo exatamente 42 km?",,,,,,0,False,False,alternativas não localizadas no texto,"Joana começou a treinar corrida. Na 1ª semana, ela correu um total de 12 km. Na 2ª
semana, correu 15 km. Na 3ª semana, correu 18 km e continuou aumentando a distância
semanalmente seguindo sempre esse mesmo padrão matemático.
a) Quantos quilômetros Joana vai correr na 6ª semana?
b) Qual é a expressão algébrica que determina a distância que Joana correrá em uma
semana n qualquer?
c) Se Joana mantiver esse padrão, em qual semana ela estará correndo exatamente 42 km?",,,2,,False,False,False,False,False,,,
sedu_ama9_2026t3-D081_M-03,sedu_ama9_2026t3,9,PAEBES_M,D081_M,3,3,(fonte sem tópico SAEB),12,12,Observe a sequência numérica abaixo: Qual é a expressão algébrica que representa o termo que ocupa a posição n nessa sequência?,n + 4,4n + 1,5n,4n - 1,,0,False,True,,"Observe a sequência numérica abaixo:
Qual é a expressão algébrica que representa o termo que ocupa a posição n nessa
sequência?
A) n + 4
B) 4n + 1
C) 5n
D) 4n - 1",,B,2,abaixo,False,True,True,True,False,B,,
sedu_ama9_2026t3-D081_M-04,sedu_ama9_2026t3,9,PAEBES_M,D081_M,4,4,(fonte sem tópico SAEB),13,13,"Observe abaixo as quatro primeiras figuras de uma sequência em que os quadrados coloridos de cinza foram posicionados de acordo com um padrão Nessa sequência, a Figura 1 está na posição 1, a Figura 2 está na posição 2 e assim por diante. A expressão algébrica que relaciona a quantidade de quadrados de cada figura com a sua posição n nessa sequência está apresentada em",8(n – 1) + 4,4 + 4n,(2n + 1)(2n + 2),2n(n + 1),,1,False,False,,"(AMA - 2ª EDIÇÃO/2025)
Observe abaixo as quatro primeiras figuras de uma sequência em que os quadrados
coloridos de cinza foram posicionados de acordo com um padrão
Nessa sequência, a Figura 1 está na posição 1, a Figura 2 está na posição 2 e assim por
diante. A expressão algébrica que relaciona a quantidade de quadrados de cada figura com a
sua posição n nessa sequência está apresentada em
A) 8(n – 1) + 4
B) 4 + 4n
C) (2n + 1)(2n + 2)
D) 2n(n + 1)",AMA - 2ª EDIÇÃO/2025,D,2,abaixo|figura,True,True,True,True,False,D,,
sedu_ama9_2026t3-D081_M-05,sedu_ama9_2026t3,9,PAEBES_M,D081_M,5,5,(fonte sem tópico SAEB),13,13,"Lucas começou a guardar dinheiro em um cofre para comprar um videogame. Mês 1° 2° 3° 4° Valor R$50,00 R$85,00 R$120,00 R$155,00 Mantido esse padrão de economia mensal, a expressão que representa a quantidade total de dinheiro D guardada no mês n é:",D = 50n,D = 35n + 15,D = 35n + 50,D = 15n + 35,,0,False,False,,"Lucas começou a guardar dinheiro em um cofre para comprar um videogame.
Mês
1°
2°
3°
4°
Valor
R$50,00
R$85,00
R$120,00
R$155,00
Mantido esse padrão de economia mensal, a expressão que representa a quantidade total de
dinheiro D guardada no mês n é:
A) D = 50n
B) D = 35n + 15
C) D = 35n + 50
D) D = 15n + 35",,B,2,,False,False,False,True,True,B,,
sedu_ama9_2026t3-D087_M-01,sedu_ama9_2026t3,9,PAEBES_M,D087_M,1,1,(fonte sem tópico SAEB),14,14,"2 Uma escola criou uma horta comunitária. A horta tem formato retangular com área de 90 m . Sabendo que o comprimento da horta é o dobro de sua largura mais 3 metros: a) Monte a equação do 2º grau que representa o problema, utilizando x como a largura da horta. b) Resolva a equação e encontre o comprimento e a largura da horta.",,,,,,0,False,False,alternativas não localizadas no texto,"2
Uma escola criou uma horta comunitária. A horta tem formato retangular com área de 90 m .
Sabendo que o comprimento da horta é o dobro de sua largura mais 3 metros:
a) Monte a equação do 2º grau que representa o problema, utilizando x como a largura da
horta.
b) Resolva a equação e encontre o comprimento e a largura da horta.",,,2,,False,False,False,False,False,,,
sedu_ama9_2026t3-D087_M-02,sedu_ama9_2026t3,9,PAEBES_M,D087_M,2,2,(fonte sem tópico SAEB),14,14,"O lucro L (em milhares de reais) de uma empresa é obtido em função do número x de unidades vendidas de seu produto a partir da equação: Determine quantas unidades devem ser vendidas para que a empresa obtenha a situação de equilíbrio, sem lucro e sem prejuízo.",Apenas 5 unidades,1 unidade ou 9 unidades,2 unidades ou 8 unidades,Apenas 9 unidades,,0,False,True,,"O lucro L (em milhares de reais) de uma empresa é obtido em função do número x de
unidades vendidas de seu produto a partir da equação:
Determine quantas unidades devem ser vendidas para que a empresa obtenha a situação de
equilíbrio, sem lucro e sem prejuízo.
A) Apenas 5 unidades
B) 1 unidade ou 9 unidades
C) 2 unidades ou 8 unidades
D) Apenas 9 unidades",,D,2,,False,False,False,True,False,D,,
sedu_ama9_2026t3-D087_M-03,sedu_ama9_2026t3,9,PAEBES_M,D087_M,3,3,(fonte sem tópico SAEB),15,15,"Na feira de Ciências de uma escola, foi realizada uma competição de lançamento de foguetes de garrafa pet. A altura h (em metros) atingida por um dos foguetes, em função do tempo t (em segundos) após o lançamento, é dada pela função quadrática: Após quantos segundos do lançamento o foguete retorna ao solo?",3 segundos,5 segundos,6 segundos,10 segundos,,0,False,True,,"Na feira de Ciências de uma escola, foi realizada uma competição de lançamento de foguetes
de garrafa pet. A altura h (em metros) atingida por um dos foguetes, em função do tempo t
(em segundos) após o lançamento, é dada pela função quadrática:
Após quantos segundos do lançamento o foguete retorna ao solo?
A) 3 segundos
B) 5 segundos
C) 6 segundos
D) 10 segundos",,C,2,,False,False,False,True,False,C,,
sedu_ama9_2026t3-D087_M-04,sedu_ama9_2026t3,9,PAEBES_M,D087_M,4,4,(fonte sem tópico SAEB),15,15,"O número de cadeiras em cada fileira de um auditório excede em 4 o número total de fileiras. Se o auditório possui ao todo 221 cadeiras distribuídas igualmente nessas fileiras, quantas fileiras esse auditório possui?",11 fileiras,13 fileiras,17 fileiras,19 fileiras,,0,False,False,,"O número de cadeiras em cada fileira de um auditório excede em 4 o número total de fileiras.
Se o auditório possui ao todo 221 cadeiras distribuídas igualmente nessas fileiras, quantas
fileiras esse auditório possui?
A) 11 fileiras
B) 13 fileiras
C) 17 fileiras
D) 19 fileiras",,B,2,,False,False,False,True,True,B,,
sedu_ama9_2026t3-D087_M-05,sedu_ama9_2026t3,9,PAEBES_M,D087_M,5,5,(fonte sem tópico SAEB),15,15,"Uma tela de pintura retangular mede 40 cm de comprimento por 30 cm de largura. Ela foi emoldurada com uma borda de largura uniforme x em todo o seu contorno. Se a área total da 2 tela somada à moldura é igual a 1800 cm , qual é a largura x dessa moldura?",5 cm,10 cm,15 cm,20 cm,,1,False,False,,"Uma tela de pintura retangular mede 40 cm de comprimento por 30 cm de largura. Ela foi
emoldurada com uma borda de largura uniforme x em todo o seu contorno. Se a área total da
2
tela somada à moldura é igual a 1800 cm , qual é a largura x dessa moldura?
A) 5 cm
B) 10 cm
C) 15 cm
D) 20 cm",,A,2,,True,False,True,True,False,A,,
sedu_ama9_2026t3-D117_M-01,sedu_ama9_2026t3,9,PAEBES_M,D117_M,1,1,(fonte sem tópico SAEB),27,27,"Leia com atenção as perguntas a seguir e complete a cruzadinha: 1. Sou um Quadrilátero que possui dois pares de lados opostos paralelos. O quadrado, o retângulo e o losango fazem parte desse grupo. Quem sou eu? 2. A soma dos ângulos internos de um quadrilátero é igual a __________ graus. 3. No quadrado, as diagonais possuem a mesma medida e se cruzam formando______. 4. Tenho quatro lados de mesma medida e dois pares de lados paralelos, mas meus ângulos não precisam ser retos. Quem sou eu? 5. Segmento de reta que liga dois vértices não consecutivos de um quadrilátero. 6. No quadrado, as diagonais possuem a mesma medida e são ________ entre si. 7. Sou um quadrilátero que possui apenas um par de lados paralelos. Quem sou eu? 8. Tenho quatro ângulos retos e dois pares de lados paralelos. Meus lados opostos possuem a mesma medida. Quem sou eu? 9. No retângulo, as diagonais possuem a mesma ________.",,,,,,0,True,False,alternativas não localizadas no texto,"Leia com atenção as perguntas a seguir e complete a cruzadinha:
1. Sou um Quadrilátero que possui dois pares de lados opostos paralelos. O quadrado, o retângulo
e o losango fazem parte desse grupo. Quem sou eu?
2.
A soma dos ângulos internos de um quadrilátero é igual a __________ graus.
3. No quadrado, as diagonais possuem a mesma medida e se cruzam formando______.
4.
Tenho quatro lados de mesma medida e dois pares de lados paralelos, mas meus ângulos não
precisam ser retos. Quem sou eu?
5.
Segmento de reta que liga dois vértices não consecutivos de um quadrilátero.
6. No quadrado, as diagonais possuem a mesma medida e são ________ entre si.
7.
Sou um quadrilátero que possui apenas um par de lados paralelos. Quem sou eu?
8.
Tenho quatro ângulos retos e dois pares de lados paralelos. Meus lados opostos possuem a
mesma medida. Quem sou eu?
9.
No retângulo, as diagonais possuem a mesma ________.",,,2,a seguir,False,True,True,False,False,,,
sedu_ama9_2026t3-D117_M-02,sedu_ama9_2026t3,9,PAEBES_M,D117_M,2,2,(fonte sem tópico SAEB),28,28,Quais da figuras abaixo são quadriláteros? I) II) III) IV) V),"I, II e V","I, IV e V","I, II e IV","II, III e V",,5,False,False,,"Quais da figuras abaixo são quadriláteros?
I)
II)
III)
IV)
V)
A) I, II e V
B) I, IV e V
C) I, II e IV
D) II, III e V",,A,2,abaixo,True,True,True,True,False,A,,
sedu_ama9_2026t3-D117_M-03,sedu_ama9_2026t3,9,PAEBES_M,D117_M,3,3,(fonte sem tópico SAEB),28,28,Observe os quadriláteros abaixo. Qual é o nome de cada um deles? d) a) __________________ __________________ e) __________________ b) __________________ c) __________________,,,,,,5,True,False,alternativas não localizadas no texto,"Observe os quadriláteros abaixo. Qual é o nome de cada um deles?
d)
a)
__________________
__________________
e)
__________________
b)
__________________
c)
__________________",,,2,abaixo,True,True,True,False,False,,,
sedu_ama9_2026t3-D117_M-04,sedu_ama9_2026t3,9,PAEBES_M,D117_M,4,4,(fonte sem tópico SAEB),29,29,Observe os quadriláteros abaixo: I II III IV V Quais dos quadriláteros possuem diagonais que formam 90°?,"I, II e III","II, IV e V","I, III, IV","I, IV e V",,1,True,False,,"Observe os quadriláteros abaixo:
I
II
III
IV
V
Quais dos quadriláteros possuem diagonais que formam 90°?
A) I, II e III
B) II, IV e V
C) I, III, IV
D) I, IV e V",,D,2,abaixo,True,True,True,True,False,D,,
sedu_ama9_2026t3-D117_M-05,sedu_ama9_2026t3,9,PAEBES_M,D117_M,5,5,(fonte sem tópico SAEB),29,29,"Um professor de Matemática desenhou um quadrilátero na lousa e listou três das suas principais características geométricas: 1.Possui dois pares de lados opostos paralelos. 2.Todos os seus quatro lados têm a mesma medida. 3.Seus ângulos internos opostos são iguais, mas não medem necessariamente 90°. Com base nessas propriedades, esse quadrilátero é classificado como um:",Trapézio retângulo,Losango,Retângulo,Quadrado,,0,False,False,,"Um professor de Matemática desenhou um quadrilátero na lousa e listou três das suas
principais características geométricas:
1.Possui dois pares de lados opostos paralelos.
2.Todos os seus quatro lados têm a mesma medida.
3.Seus ângulos internos opostos são iguais, mas não medem necessariamente 90°.
Com base nessas propriedades, esse quadrilátero é classificado como um:
A) Trapézio retângulo
B) Losango
C) Retângulo
D) Quadrado",,,2,,False,False,False,True,True,B,,gabarito_recuperado: O gabarito do PDF (p. 43) traz 'Quadrado 05' no lugar de 'Questão 05'; resposta B (Losango).
sedu_ama9_2026t3-D120_M-01,sedu_ama9_2026t3,9,PAEBES_M,D120_M,1,1,(fonte sem tópico SAEB),30,30,"Para atingir as metas internacionais de conservação, um órgão de proteção ambiental propôs que a área anual queimada no país (A), somada a um plano de recuperação emergencial de 5,7 milhões de hectares, não deve ultrapassar a média histórica de 18,4 milhões de hectares registrada pelo MapBiomas. Fonte: https://www noticiasustentavel.com.br/queimadas-brasil-mappiomas/. a) Elabore a inequação do 1º grau que modela a condição descrita para determinar o limite máximo aceitável de área queimada A. b) Escreva como ficaria a expressão algébrica caso a meta do órgão fosse atingir exatamente o valor da média histórica.",,,,,,1,False,False,alternativas não localizadas no texto,"Para atingir as metas internacionais de conservação, um órgão de proteção ambiental
propôs que a área anual queimada no país (A), somada a um plano de recuperação
emergencial de 5,7 milhões de hectares, não deve ultrapassar a média histórica de 18,4
milhões de hectares registrada pelo MapBiomas.
Fonte: https://www noticiasustentavel.com.br/queimadas-brasil-mappiomas/.
a) Elabore a inequação do 1º grau que modela a condição descrita para determinar o limite
máximo aceitável de área queimada A.
b) Escreva como ficaria a expressão algébrica caso a meta do órgão fosse atingir
exatamente o valor da média histórica.",,,2,,True,False,True,False,False,,,
sedu_ama9_2026t3-D120_M-02,sedu_ama9_2026t3,9,PAEBES_M,D120_M,2,2,(fonte sem tópico SAEB),30,30,"Paulo entrou em uma papelaria para comprar uma caneta e acabou comprando também 2 cadernos que custavam, cada um, 4 reais a mais que a caneta que ele foi comprar. Por essa compra, Paulo pagou 14 reais. Qual é a equação que permite encontrar o preço x da caneta que Paulo comprou?",2x + x = 14,x + (2x+4) = 14,x + 2(x+4) = 14,8 + x = 14,,5,False,False,,"(PAEBES/2022)
Paulo entrou em uma papelaria para comprar uma caneta e acabou comprando também 2
cadernos que custavam, cada um, 4 reais a mais que a caneta que ele foi comprar. Por essa
compra, Paulo pagou 14 reais. Qual é a equação que permite encontrar o preço x da caneta
que Paulo comprou?
A) 2x + x = 14
B) x + (2x+4) = 14
C) x + 2(x+4) = 14
D) 8 + x = 14",PAEBES/2022,C,2,,True,False,True,True,False,C,,
sedu_ama9_2026t3-D120_M-03,sedu_ama9_2026t3,9,PAEBES_M,D120_M,3,3,(fonte sem tópico SAEB),31,31,"Aline dispõe de R$ 1 500,00 para contratar uma banda musical que irá tocar em sua festa de aniversário. Essa banda cobra um valor fixo de R$ 300,00, acrescido de R$ 2,00 por convidado presente na festa. Uma inequação que permite determinar a quantidade máxima q de convidados que poderão estar presentes nessa festa é",2q ≤ 1500,2q + 300 ≤ 1500,2q ≤ 1 500 + 300,2q + 300 ≥ 1500,,0,False,False,,"(PAEBES/2024)
Aline dispõe de R$ 1 500,00 para contratar uma banda musical que irá tocar em sua festa de
aniversário. Essa banda cobra um valor fixo de R$ 300,00, acrescido de R$ 2,00 por convidado
presente na festa. Uma inequação que permite determinar a quantidade máxima q de
convidados que poderão estar presentes nessa festa é
A) 2q ≤ 1500
B) 2q + 300 ≤ 1500
C) 2q ≤ 1 500 + 300
D) 2q + 300 ≥ 1500",PAEBES/2024,B,2,,False,False,False,True,True,B,,
sedu_ama9_2026t3-D120_M-04,sedu_ama9_2026t3,9,PAEBES_M,D120_M,4,4,(fonte sem tópico SAEB),31,31,"A Agência Nacional de Energia Elétrica (ANEEL) informou nesta sexta-feira (31) que a bandeira tarifária para agosto de 2026 será amarela, repetindo o cenário observado nos meses de maio, junho e julho. A sinalização reflete condições menos favoráveis de geração de energia no País em razão do período seco, quando há redução nos níveis dos reservatórios das hidrelétricas e necessidade de acionamento de usinas termelétricas, que possuem custo mais elevado. Na prática, a bandeira amarela indica cobrança adicional de R$ 1,885 na conta de luz, a cada 100 quilowatts-hora (kWh) consumidos. Fonte: https://www.gov.br/aneel/pt-br/assuntos/noticias/2026-defeso-eleitoral/aneel-mantem-bandeira-tarifaria-amarela-em- setembro Em uma cidade, a tarifa cobrada pela distribuidora é de R$ 0,62 por kWh, e todos os moradores pagam uma taxa fixa mensal de Contribuição de Iluminação Pública (CIP) no valor de R$ 15,00. Sabendo que no mês de agosto, com a bandeira tarifária amarela, uma família pagou uma conta de luz com valor de R$ 120,00, e considerando x a quantidade total de kWh consumida pela família, qual das equações do 1º grau abaixo expressa corretamente essa situação?",,,,,,0,False,True,alternativas não localizadas no texto,"A Agência Nacional de Energia Elétrica (ANEEL) informou nesta sexta-feira (31) que a bandeira
tarifária para agosto de 2026 será amarela, repetindo o cenário observado nos meses de
maio, junho e julho. A sinalização reflete condições menos favoráveis de geração de energia
no País em razão do período seco, quando há redução nos níveis dos reservatórios das
hidrelétricas e necessidade de acionamento de usinas termelétricas, que possuem custo mais
elevado.
Na prática, a bandeira amarela indica cobrança adicional de R$ 1,885 na conta de luz, a cada
100 quilowatts-hora (kWh) consumidos.
Fonte: https://www.gov.br/aneel/pt-br/assuntos/noticias/2026-defeso-eleitoral/aneel-mantem-bandeira-tarifaria-amarela-em-
setembro
Em uma cidade, a tarifa cobrada pela distribuidora é de R$ 0,62 por kWh, e todos os
moradores pagam uma taxa fixa mensal de Contribuição de Iluminação Pública (CIP) no valor
de R$ 15,00. Sabendo que no mês de agosto, com a bandeira tarifária amarela, uma família
pagou uma conta de luz com valor de R$ 120,00, e considerando x a quantidade total de kWh
consumida pela família, qual das equações do 1º grau abaixo expressa corretamente essa
situação?",,,2,abaixo,False,True,True,False,False,,,
sedu_ama9_2026t3-D121_M-01,sedu_ama9_2026t3,9,PAEBES_M,D121_M,1,1,(fonte sem tópico SAEB),16,16,"Considerando a circunferência e seus elementos, escreva com suas palavras o que entende por: a) Arco: _______________________________________________________________________________________ _______________________________________________________________________________________________ b) Centro: ____________________________________________________________________________________ _______________________________________________________________________________________________ c) Círculo: ____________________________________________________________________________________ _______________________________________________________________________________________________ d) Comprimento: ____________________________________________________________________________________ ________________________________________________________________________________________________________",,,,,,0,False,False,alternativas não localizadas no texto,"Considerando a circunferência e seus elementos, escreva com suas palavras o que entende
por:
a) Arco: _______________________________________________________________________________________
_______________________________________________________________________________________________
b) Centro:  ____________________________________________________________________________________
_______________________________________________________________________________________________
c) Círculo:  ____________________________________________________________________________________
_______________________________________________________________________________________________
d) Comprimento: ____________________________________________________________________________________
________________________________________________________________________________________________________",,,2,,False,False,False,False,False,,,
sedu_ama9_2026t3-D121_M-02,sedu_ama9_2026t3,9,PAEBES_M,D121_M,2,2,(fonte sem tópico SAEB),16,16,"Nas circunferências a seguir, faça a representação do elemento que se pede: Raio Setor Circular Corda Semicirculo Tangente Diâmetro",,,,,,6,False,False,alternativas não localizadas no texto,"Nas circunferências a seguir, faça a representação do elemento que se pede:
Raio
Setor Circular
Corda
Semicirculo
Tangente
Diâmetro",,,2,a seguir,True,True,True,False,False,,,
sedu_ama9_2026t3-D121_M-03,sedu_ama9_2026t3,9,PAEBES_M,D121_M,3,3,(fonte sem tópico SAEB),17,17,"Na malha quadriculada abaixo, considere os pontos U, V, X, W e Y sobre uma circunferência de centro O. O segmento que corresponde ao diâmetro dessa circunferência é",,,,,,1,False,False,alternativas não localizadas no texto,"(PAEBES/2024)
Na malha quadriculada abaixo, considere os pontos U, V, X, W e Y sobre uma circunferência de
centro O.
O segmento que corresponde ao diâmetro dessa circunferência é",PAEBES/2024,,2,abaixo|malha,True,True,True,False,False,,,
sedu_ama9_2026t3-D121_M-04,sedu_ama9_2026t3,9,PAEBES_M,D121_M,4,4,(fonte sem tópico SAEB),17,17,"No círculo de centro O apresentado abaixo, uma região foi destacada de cinza. Qual elemento a região em cinza representa?",Arco,Raio,Semicirculo,Setor circular,,1,False,False,,"No círculo de centro O apresentado abaixo, uma região foi destacada de cinza.
Qual elemento a região em cinza representa?
A) Arco
B) Raio
C) Semicirculo
D) Setor circular",,D,2,abaixo,True,True,True,True,False,D,,
sedu_es_9ef-D01-01,sedu_es_9ef,9,SAEB_9EF,D1,1,1,I. ESPAÇO E FORMA,8,8,"João e Pedro utilizaram uma malha quadriculada para construir um tabuleiro de “jogo da velha”, no qual as linhas são identificadas por letras, e, as colunas, por números. Durante uma partida, Pedro decidiu começar o jogo pela casa destacada em cinza. Quais são as coordenadas da casa na qual Pedro começou o jogo?",F2.,F3.,G1.,G3.,,1,False,False,,"João e Pedro utilizaram uma malha quadriculada para construir um tabuleiro de “jogo
da velha”, no qual as linhas são identificadas por letras, e, as colunas, por números.
Durante uma partida, Pedro decidiu começar o jogo pela casa destacada em cinza.
Quais são as coordenadas da casa na qual Pedro começou o jogo?
A) F2.
B) F3.
C) G1.
D) G3.",,D,1,malha,True,True,True,True,False,D,,
sedu_es_9ef-D01-02,sedu_es_9ef,9,SAEB_9EF,D1,2,2,I. ESPAÇO E FORMA,8,9,"No jogo de xadrez utiliza-se um tabuleiro composto por oito colunas e oito linhas. A figura abaixo, representa um tabuleiro desse jogo, onde as colunas estão classificadas de F a M e as linhas numeradas de 1 a 8. Qual é a posição da peça nesse tabuleiro?",F4.,H5.,H6.,K6.,,2,False,False,,"No jogo de xadrez utiliza-se um tabuleiro composto por oito colunas e oito linhas. A
figura abaixo, representa um tabuleiro desse jogo, onde as colunas estão classificadas
de F a M e as linhas numeradas de 1 a 8.
Qual é a posição da peça
nesse tabuleiro?
A) F4.
B) H5.
C) H6.
D) K6.",,C,1,abaixo|figura,True,True,True,True,False,C,,
sedu_es_9ef-D01-03,sedu_es_9ef,9,SAEB_9EF,D1,3,3,I. ESPAÇO E FORMA,9,9,"No quarto de Fernando tem uma estante de nichos para carrinhos, onde cada nicho pode ser localizado por uma linha e uma coluna conforme o desenho abaixo. Arrumando essa estante, Fernando colocou seu carrinho favorito no nicho cuja posição é 2Q. Qual é o carrinho favorito de Fernando?",,,,,D,2,False,False,"resposta impressa no enunciado, removida; alternativas não localizadas no texto","No quarto de Fernando tem uma estante de nichos para carrinhos, onde cada nicho
pode ser localizado por uma linha e uma coluna conforme o desenho abaixo.
Arrumando essa estante, Fernando colocou seu carrinho favorito no nicho cuja posição
é 2Q.
Qual é o carrinho favorito de Fernando?  (RESP. D)",,D,1,abaixo|desenho,True,True,True,False,False,D,,
sedu_es_9ef-D01-04,sedu_es_9ef,9,SAEB_9EF,D1,4,4,I. ESPAÇO E FORMA,10,10,"No mapa abaixo, encontram-se representadas as ruas do bairro onde Mariana mora. Mariana informou que mora numa rua entre as avenidas A e B e entre as ruas do hospital e da locadora. Mariana mora na:",Rua 4.,Rua 5.,Rua 7.,Rua 9.,,1,False,False,,"No mapa abaixo, encontram-se representadas as ruas do bairro onde Mariana mora.
Mariana informou que mora numa rua entre as avenidas A e B e entre as ruas do hospital
e da locadora. Mariana mora na:
A) Rua 4.
B) Rua 5.
C) Rua 7.
D) Rua 9.",,A,1,abaixo|mapa,True,True,True,True,False,A,,
sedu_es_9ef-D02-01,sedu_es_9ef,9,SAEB_9EF,D2,1,1,I. ESPAÇO E FORMA,11,11,Observe o sólido apresentado abaixo. Uma planificação da superfície desse sólido está representada em,,,,,,3,False,False,alternativas não localizadas no texto,"Observe o sólido apresentado abaixo.
Uma planificação da superfície desse sólido está representada em",,D,1,abaixo,True,True,True,False,False,D,,
sedu_es_9ef-D02-02,sedu_es_9ef,9,SAEB_9EF,D2,2,2,I. ESPAÇO E FORMA,11,11,É comum encontrar em acampamentos barracas com fundo e que têm a forma apresentada na figura abaixo. Qual desenho representa a planificação dessa barraca?,,,,,,3,False,False,alternativas não localizadas no texto,"É comum encontrar em acampamentos barracas com fundo e que têm a forma
apresentada na figura abaixo.
Qual desenho representa a planificação dessa barraca?",,C,1,abaixo|desenho|figura,True,True,True,False,False,C,,
sedu_es_9ef-D02-03,sedu_es_9ef,9,SAEB_9EF,D2,3,3,I. ESPAÇO E FORMA,12,12,O desenho abaixo representa um sólido. Uma possível planificação desse sólido é,,,,,,3,False,False,alternativas não localizadas no texto,"O desenho abaixo representa um sólido.
Uma possível planificação desse sólido é",,B,1,abaixo|desenho,True,True,True,False,False,B,,
sedu_es_9ef-D02-04,sedu_es_9ef,9,SAEB_9EF,D2,4,4,I. ESPAÇO E FORMA,12,13,"Observe as figuras abaixo: Entre elas, a planificação de uma caixa em forma de cubo é a figura;",A,B,C,D,,2,False,False,,"Observe as figuras abaixo:
Entre elas, a planificação de uma caixa em forma de cubo é a figura;
A) A                 B) B                 C) C                D) D",,C,1,abaixo|figura,True,True,True,True,False,C,,
sedu_es_9ef-D03-01,sedu_es_9ef,9,SAEB_9EF,D3,1,1,I. ESPAÇO E FORMA,14,14,Observe os triângulos abaixo. Qual desses triângulos é equilátero?,I,II,III,IV,,2,False,False,,"Observe os triângulos abaixo.
Qual desses triângulos é equilátero?
A) I
B) II
C) III
D) IV",,C,1,abaixo,True,True,True,True,False,C,,
sedu_es_9ef-D03-02,sedu_es_9ef,9,SAEB_9EF,D3,2,2,I. ESPAÇO E FORMA,14,15,"Observe o triângulo EFG abaixo, retângulo em F. Quanto mede o ângulo x desse triângulo?",30º,60º,90º,120º,,1,False,False,,"Observe o triângulo EFG abaixo, retângulo em F.
Quanto mede o ângulo x desse triângulo?
A) 30º
B) 60º
C) 90º
D) 120º",,A,1,abaixo,True,True,True,True,False,A,,
sedu_es_9ef-D03-03,sedu_es_9ef,9,SAEB_9EF,D3,3,3,I. ESPAÇO E FORMA,15,15,Observe a figura abaixo. A afirmativa correta é 𝐴𝐵 𝐵𝐶,𝐷𝐸 ≠ 𝐸𝐶,AD e BE são concorrentes. 𝐴𝐵 𝐵𝐶,𝐷𝐸= 𝐸𝐶,BC e EC são paralelos.,,1,True,False,,"Observe a figura abaixo.
A afirmativa correta é
𝐴𝐵
𝐵𝐶
A)
𝐷𝐸 ≠
𝐸𝐶
B) AD e BE são concorrentes.
𝐴𝐵
𝐵𝐶
C)
𝐷𝐸=
𝐸𝐶
D) BC e EC são paralelos.",,C,1,abaixo|figura,True,True,True,True,False,C,,
sedu_es_9ef-D03-04,sedu_es_9ef,9,SAEB_9EF,D3,4,4,I. ESPAÇO E FORMA,16,16,"Na figura abaixo, o valor de X é",45°,55°,35°,65°,,1,False,False,,"Na figura abaixo, o valor de X é
A) 45°
B) 55°
C) 35°
D) 65°",,A,1,abaixo|figura,True,True,True,True,False,A,,
sedu_es_9ef-D04-01,sedu_es_9ef,9,SAEB_9EF,D4,1,1,I. ESPAÇO E FORMA,17,17,Isabel ampliou uma fotografia de 3cm de largura por 4cm de comprimento. O único par de medidas que podem corresponder as da foto ampliada é:,6 cm de largura e 7 cm de comprimento.,7 cm de largura e 8 cm de comprimento.,9 cm de largura e 10 cm de comprimento.,12 cm de largura e 16 cm de comprimento.,,0,False,False,,"Isabel ampliou uma fotografia de 3cm de largura por 4cm de comprimento. O único par
de medidas que podem corresponder as da foto ampliada é:
A) 6 cm de largura e 7 cm de comprimento.
B) 7 cm de largura e 8 cm de comprimento.
C) 9 cm de largura e 10 cm de comprimento.
D) 12 cm de largura e 16 cm de comprimento.",,D,1,,False,False,False,True,True,D,,
sedu_es_9ef-D04-02,sedu_es_9ef,9,SAEB_9EF,D4,2,2,I. ESPAÇO E FORMA,17,17,Observe os retângulos e as medidas de seus lados. Qual é o par de retângulo semelhantes?,I e IV,II e III,II e IV,III e IV,,1,False,False,,"Observe os retângulos e as medidas de seus lados.
Qual é o par de retângulo semelhantes?
A) I e IV
B) II e III
C) II e IV
D) III e IV",,A,1,,True,False,True,True,False,A,,
sedu_es_9ef-D04-03,sedu_es_9ef,9,SAEB_9EF,D4,3,3,I. ESPAÇO E FORMA,17,18,"João passa horas brincando de aviões de papel que constrói. Sua avó, sabendo disso, deu-lhe uma folha de papel medindo 60cm por 40cm conforme a figura abaixo. João ficou muito feliz com a surpresa e, para aproveitar melhor o papel resolveu dividir a folha em 4 partes iguais mantendo a semelhança com a folha que ganhou. Dessa forma, João ficou com 4 folhas de tamanho",,,,,A,3,False,False,"resposta impressa no enunciado, removida; alternativas não localizadas no texto","João passa horas brincando de aviões de papel que constrói. Sua avó, sabendo disso,
deu-lhe uma folha de papel medindo 60cm por 40cm conforme a figura abaixo.
João ficou muito feliz com a surpresa e, para aproveitar melhor o papel resolveu dividir
a folha em 4 partes iguais mantendo a semelhança com a folha que ganhou.
(Resp. A)
Dessa forma, João ficou com 4 folhas de tamanho",,A,1,abaixo|figura,True,True,True,False,False,A,,
sedu_es_9ef-D04-04,sedu_es_9ef,9,SAEB_9EF,D4,4,5,I. ESPAÇO E FORMA,18,18,Um quadrilátero possui as seguintes características: * Todos os ângulos tem a mesma medida. * Todos os lados tem a mesma medida. * suas diagonais tem a mesma medida e são perpendiculares. Esse quadrilátero é o,losango,quadrado,retângulo,trapézio,,0,False,False,numerado 05 no PDF; posição 4 no bloco,"Um quadrilátero possui as seguintes características:
* Todos os ângulos tem a mesma medida.
* Todos os lados tem a mesma medida.
* suas diagonais tem a mesma medida e são perpendiculares.
Esse quadrilátero é o
A) losango
B) quadrado
C) retângulo
D) trapézio",,B,1,,False,False,False,True,True,B,,
sedu_es_9ef-D05-01,sedu_es_9ef,9,SAEB_9EF,D5,1,1,I. ESPAÇO E FORMA,19,19,Carla utilizou um molde com formato de um trapézio para fazer um ladrilho de argila conforme representado no desenho abaixo. A área do ladrilho de argila em relação à área do molde é,a metade.,a quarta parte.,o dobro.,o quádruplo.,,1,False,False,,"Carla utilizou um molde com formato de um trapézio para fazer um ladrilho de argila
conforme representado no desenho abaixo.
A área do ladrilho de argila em relação à área do molde é
A) a metade.
B) a quarta parte.
C) o dobro.
D) o quádruplo.",,D,1,abaixo|desenho,True,True,True,True,False,D,,
sedu_es_9ef-D05-02,sedu_es_9ef,9,SAEB_9EF,D5,2,2,I. ESPAÇO E FORMA,19,20,Veja o quadrilátero MNPQ desenhado na malha quadriculada abaixo: O quadrilátero semelhante ao quadrilátero MNPQ é:,,,,,,3,False,False,alternativas não localizadas no texto,"Veja o quadrilátero MNPQ desenhado na malha quadriculada abaixo:
O quadrilátero semelhante ao quadrilátero MNPQ é:",,A,1,abaixo|malha,True,True,True,False,False,A,,
sedu_es_9ef-D05-03,sedu_es_9ef,9,SAEB_9EF,D5,3,3,I. ESPAÇO E FORMA,20,21,"Observe a figura abaixo. Considere o lado de cada quadradinho como unidade de medida de comprimento. Para que o perímetro do retângulo seja reduzido à metade, a medida de cada lado deverá ser",dividida por 2.,multiplicada por 2.,aumentada em 2 unidades.,dividida por 3.,,1,False,False,,"Observe a figura abaixo.
Considere o lado de cada quadradinho como unidade de medida de comprimento.
Para que o perímetro do retângulo seja reduzido à metade, a medida de cada lado
deverá ser
A) dividida por 2.
B) multiplicada por 2.
C) aumentada em 2 unidades.
D) dividida por 3.",,A,1,abaixo|figura,True,True,True,True,False,A,,
sedu_es_9ef-D05-04,sedu_es_9ef,9,SAEB_9EF,D5,4,4,I. ESPAÇO E FORMA,21,22,"Uma torre de comunicação está representada na figura abaixo. Para construir uma miniatura dessa torre que tenha dimensões 8 vezes menores que a original, deve-se:",multiplicar as dimensões da original por 8.,dividir as dimensões da original por 8.,multiplicar as dimensões da original por 4.,dividir as dimensões da original por 4. ESCRITOR,,1,False,False,,"Uma torre de comunicação está representada na figura abaixo.
Para construir uma miniatura dessa torre que tenha dimensões 8 vezes menores que a
original, deve-se:
A) multiplicar as dimensões da original por 8.
B) dividir as dimensões da original por 8.
C) multiplicar as dimensões da original por 4.
D) dividir as dimensões da original por 4.
ESCRITOR",,B,1,abaixo|figura,True,True,True,True,False,B,,
sedu_es_9ef-D06-01,sedu_es_9ef,9,SAEB_9EF,D6,1,1,I. ESPAÇO E FORMA,22,22,"Observe, na malha quadriculada abaixo, o caminho que Luana faz para ir de sua casa até a escola. Nesse caminho, ela muda de direção 4 vezes e essas mudanças de direção foram representadas pelos ângulos α, β, γ e δ. Qual desses ângulos é um ângulo reto?",α,β,γ,δ,,1,False,False,,"Observe, na malha quadriculada abaixo, o caminho que Luana faz para ir de sua casa
até a escola.
Nesse caminho, ela muda de direção 4 vezes e essas mudanças de direção foram
representadas pelos ângulos α, β, γ e δ.
Qual desses ângulos é um ângulo reto?
A) α
B) β
C) γ
D) δ",,A,1,abaixo|malha,True,True,True,True,False,A,,
sedu_es_9ef-D06-02,sedu_es_9ef,9,SAEB_9EF,D6,2,2,I. ESPAÇO E FORMA,22,22,"Para entrar em uma agência bancária, as pessoas devem passar por uma porta giratória, que funciona no sentido anti-horário. Maurício adentrou nessa porta giratória, conforme representado no desenho abaixo. Qual é a posição de Maurício após a porta dar um giro de meia-volta?",,,,,C,2,False,False,"resposta impressa no enunciado, removida; alternativas não localizadas no texto","Para entrar em uma agência bancária, as pessoas devem passar por uma porta
giratória, que funciona no sentido anti-horário. Maurício adentrou nessa porta giratória,
conforme representado no desenho abaixo.
Qual é a posição de Maurício após a porta dar um giro de meia-volta?   (Resp. C)",,C,1,abaixo|desenho,True,True,True,False,False,C,,
sedu_es_9ef-D06-03,sedu_es_9ef,9,SAEB_9EF,D6,3,3,I. ESPAÇO E FORMA,23,23,"Com o objetivo de treinar um cão durante os passeios, um adestrador montou um circuito. Esse circuito está representado no desenho abaixo. Durante o treinamento, o cão dá várias voltas completas nesse circuito partindo do início e seguindo em direção ao ponto S. Em quais pontos destacados nesse desenho a mudança de direção do cão, durante uma volta, corresponde a um ângulo reto?",P e R.,Q e S.,S e T.,T e V.,,1,False,False,,"Com o objetivo de treinar um cão durante os passeios, um adestrador montou um
circuito. Esse circuito está representado no desenho abaixo.
Durante o treinamento, o cão dá várias voltas completas nesse circuito partindo do
início e seguindo em direção ao ponto S.
Em quais pontos destacados nesse desenho a mudança de direção do cão, durante
uma volta, corresponde a um ângulo reto?
A) P e R.
B) Q e S.
C) S e T.
D) T e V.",,A,1,abaixo|desenho,True,True,True,True,False,A,,
sedu_es_9ef-D06-04,sedu_es_9ef,9,SAEB_9EF,D6,4,4,I. ESPAÇO E FORMA,23,24,"Observe a figura abaixo: Se realizarmos um giro de 90º nessa figura, no sentido horário, a figura que encontraremos será:",,,,,,3,False,False,alternativas não localizadas no texto,"Observe a figura abaixo:
Se realizarmos um giro de 90º nessa figura, no sentido horário, a figura que
encontraremos será:",,C,1,abaixo|figura,True,True,True,False,False,C,,
sedu_es_9ef-D07-01,sedu_es_9ef,9,SAEB_9EF,D7,1,1,I. ESPAÇO E FORMA,25,25,Os retângulos I e II da imagem abaixo são semelhantes e o fator de ampliação é 3. Veja Qual é o valor do comprimento x no retângulo II?,10,15,21,24,,1,False,False,,"Os retângulos I e II da imagem abaixo são semelhantes e o fator de ampliação é 3.
Veja
Qual é o valor do comprimento x no retângulo II?
A) 10
B) 15
C) 21
D) 24",,C,1,abaixo|imagem,True,True,True,True,False,C,,
sedu_es_9ef-D07-02,sedu_es_9ef,9,SAEB_9EF,D7,2,2,I. ESPAÇO E FORMA,25,25,"O quadrilátero P'Q'R'S' é uma projeção do quadrilátero PQRS. O segmento PS = 6, e o segmento P'S' = 15. A razão entre o lado P'S' e o lado PS é",,,,,,2,False,False,alternativas não localizadas no texto,"O quadrilátero P'Q'R'S' é uma projeção do quadrilátero PQRS.
O segmento PS = 6, e o segmento P'S' = 15. A razão entre o lado P'S' e o lado PS é",,D,1,,True,False,True,False,False,D,,
sedu_es_9ef-D07-03,sedu_es_9ef,9,SAEB_9EF,D7,3,3,I. ESPAÇO E FORMA,26,26,"Observe o desenho abaixo, em que o triângulo EFG é semelhante ao triângulo HIJ. A razão de semelhança entre os triângulos HIJ e EFG é","1,5","2,5","7,5","12,5",,1,False,False,,"Observe o desenho abaixo, em que o triângulo EFG é semelhante ao triângulo HIJ.
A razão de semelhança entre os triângulos HIJ e EFG é
A) 1,5
B) 2,5
C) 7,5
D) 12,5",,A,1,abaixo|desenho,True,True,True,True,False,A,,
sedu_es_9ef-D07-04,sedu_es_9ef,9,SAEB_9EF,D7,4,4,I. ESPAÇO E FORMA,26,26,A ﬁgura abaixo mostra a ampliação da bandeira do Brasil. Qual é a razão de semelhança dessa ampliação?,5,2,1/2,1/5,,1,False,False,,"A ﬁgura abaixo mostra a ampliação da bandeira do Brasil.
Qual é a razão de semelhança dessa ampliação?
A) 5               B) 2                  C)
1/2               D)
1/5",,B,1,abaixo,True,True,True,True,False,B,,
sedu_es_9ef-D08-01,sedu_es_9ef,9,SAEB_9EF,D8,1,1,I. ESPAÇO E FORMA,27,27,"Um arquiteto deseja construir um mosaico de ladrilhos. Ele escolheu um modelo de ladrilho com o formato de um pentágono regular, porém devido à medida dos ângulos internos desse polígono, ele precisou de ladrilhos de outros formatos para compor esse mosaico. A medida do ângulo interno do ladrilho de formato pentagonal regular é",108°.,180°.,360°.,540°.,,0,False,False,,"Um arquiteto deseja construir um mosaico de ladrilhos. Ele escolheu um modelo de
ladrilho com o formato de um pentágono regular, porém devido à medida dos ângulos
internos desse polígono, ele precisou de ladrilhos de outros formatos para compor esse
mosaico.
A medida do ângulo interno do ladrilho de formato pentagonal regular é
A) 108°.
B) 180°.
C) 360°.
D) 540°.",,A,1,,False,False,False,True,True,A,,
sedu_es_9ef-D08-02,sedu_es_9ef,9,SAEB_9EF,D8,2,2,I. ESPAÇO E FORMA,27,27,"A logomarca de uma empresa é formada por um hexágono regular, um trapézio retângulo e um quadrado, como mostra a figura abaixo. Quanto mede o ângulo α, indicado nessa figura?",30°,45°,60°,90°,,1,False,False,,"A logomarca de uma empresa é formada por um hexágono regular, um trapézio
retângulo e um quadrado, como mostra a figura abaixo.
Quanto mede o ângulo α, indicado nessa figura?
A) 30°
B) 45°
C) 60°
D) 90°",,A,1,abaixo|figura,True,True,True,True,False,A,,
sedu_es_9ef-D08-03,sedu_es_9ef,9,SAEB_9EF,D8,3,3,I. ESPAÇO E FORMA,27,28,Um polígono regular possui a medida do ângulo central igual a 40º. Esse polígono é formado por:,5 lados.,9 lados.,10 lados.,20 lados.,,0,False,False,,"Um polígono regular possui a medida do ângulo central igual a 40º.
Esse polígono é formado por:
A) 5 lados.
B) 9 lados.
C) 10 lados.
D) 20 lados.",,B,1,,False,False,False,True,True,B,,
sedu_es_9ef-D08-04,sedu_es_9ef,9,SAEB_9EF,D8,4,4,I. ESPAÇO E FORMA,28,28,Mário desenhou quatro polígonos regulares e anotou dentro deles o valor da soma de seus ângulos internos. Qual é a medida de cada ângulo interno do hexágono regular?,60°,108°,120°,135°,,4,False,False,,"Mário desenhou quatro polígonos regulares e anotou dentro deles o valor da soma de
seus ângulos internos.
Qual é a medida de cada ângulo interno do hexágono regular?
A) 60°
B) 108°
C) 120°
D) 135°",,C,1,,True,False,True,True,False,C,,
sedu_es_9ef-D09-01,sedu_es_9ef,9,SAEB_9EF,D9,1,1,I. ESPAÇO E FORMA,29,29,Um mostruário de acessórios de uma loja é composto por pequenos nichos que são identificados por um referencial de linhas e colunas conforme representado no desenho abaixo. Paula comprou nessa loja o acessório que está no nicho de coordenadas Z2. Qual foi o acessório comprado por Paula nessa loja?,Anel.,Brincos.,Cordão.,Pulseira.,,1,False,False,,"Um mostruário de acessórios de uma loja é composto por pequenos nichos que são
identificados por um referencial de linhas e colunas conforme representado no
desenho abaixo.
Paula comprou nessa loja o acessório que está no nicho de coordenadas Z2.
Qual foi o acessório comprado por Paula nessa loja?
A) Anel.
B) Brincos.
C) Cordão.
D) Pulseira.",,B,1,abaixo|desenho,True,True,True,True,False,B,,
sedu_es_9ef-D09-02,sedu_es_9ef,9,SAEB_9EF,D9,2,2,I. ESPAÇO E FORMA,30,30,"Observe os pontos representados no plano cartesiano abaixo. O par ordenado (2, – 1) está representado nesse plano cartesiano pelo ponto",Q.,R.,S.,T.,,1,False,False,,"Observe os pontos representados no plano cartesiano abaixo.
O par ordenado (2, – 1) está representado nesse plano cartesiano pelo ponto
A) Q.
B) R.
C) S.
D) T.",,B,1,abaixo,True,True,True,True,False,B,,
sedu_es_9ef-D09-03,sedu_es_9ef,9,SAEB_9EF,D9,3,3,I. ESPAÇO E FORMA,30,31,"No plano cartesiano, abaixo, estão assinalados os pontos P e Q. Quais são as coordenadas dos pontos P e Q nesse plano cartesiano?","P(1, 1) e Q(1, 1)","P(1, 0) e Q(0, 1)","P(0, 1) e Q(0, 1)","P(0, 1) e Q(1, 0)",,1,False,False,,"No plano cartesiano, abaixo, estão assinalados os pontos P e Q.
Quais são as coordenadas dos pontos P e Q nesse plano cartesiano?
A) P(1, 1) e Q(1, 1)
B) P(1, 0) e Q(0, 1)
C) P(0, 1) e Q(0, 1)
D) P(0, 1) e Q(1, 0)",,D,1,abaixo,True,True,True,True,False,D,,
sedu_es_9ef-D09-04,sedu_es_9ef,9,SAEB_9EF,D9,4,4,I. ESPAÇO E FORMA,31,31,"Observe a figura abaixo: Quais as coordenadas de A, B e C, respectivamente, no gráfico?","(1, 4), (5, 6) e (4, 2)","(4, 1), (6, 5) e (2, 4)","(5, 6), (1, 4) e (4, 2)","(6, 5), (4, 1) e (2, 4)",,1,False,False,,"Observe a figura abaixo:
Quais as coordenadas de A, B e C, respectivamente, no gráfico?
A) (1, 4),  (5, 6)  e  (4, 2)
B) (4, 1),  (6, 5)  e  (2, 4)
C) (5, 6),  (1, 4)  e  (4, 2)
D) (6, 5),  (4, 1)  e  (2, 4)",,C,1,abaixo|figura|grafico|gráfico,True,True,True,True,False,C,,
sedu_es_9ef-D10-01,sedu_es_9ef,9,SAEB_9EF,D10,1,1,I. ESPAÇO E FORMA,32,32,"Um serralheiro confeccionou um portão no formato retangular com medidas de comprimento e altura indicadas no desenho abaixo. Para uma melhor sustentação desse portão, uma viga de aço foi colocada na diagonal desse portão. Qual é a medida do comprimento x da viga desse portão?",√7 m,5 m,7 m,√25 2 m,,1,False,False,,"Um serralheiro confeccionou um portão no formato retangular com medidas de
comprimento e altura indicadas no desenho abaixo. Para uma melhor sustentação
desse portão, uma viga de aço foi colocada na diagonal desse portão.
Qual é a medida do comprimento x da viga desse portão?
A) √7 m
B) 5 m
C) 7 m
D) √25
2 m",,B,1,abaixo|desenho,True,True,True,True,False,B,,
sedu_es_9ef-D10-02,sedu_es_9ef,9,SAEB_9EF,D10,2,2,I. ESPAÇO E FORMA,32,33,"Durante a reforma de uma cobertura, a empreiteira responsável instalou uma rampa de madeira para depositar o entulho da obra diretamente na caçamba, conforme ilustra o desenho abaixo. Qual é a medida x do comprimento da madeira utilizada para construção dessa rampa?",10 m,14 m,50 m,100 m,,1,False,False,,"Durante a reforma de uma cobertura, a empreiteira responsável instalou uma rampa de
madeira para depositar o entulho da obra diretamente na caçamba, conforme ilustra o
desenho abaixo.
Qual é a medida x do comprimento da madeira utilizada para construção dessa rampa?
A) 10 m
B) 14 m
C) 50 m
D) 100 m",,A,1,abaixo|desenho,True,True,True,True,False,A,,
sedu_es_9ef-D10-03,sedu_es_9ef,9,SAEB_9EF,D10,3,3,I. ESPAÇO E FORMA,33,33,"Um observador, da janela de um edifício, avista um carro parado a 12 metros de distância da entrada da portaria do seu prédio, conforme ilustrado no desenho abaixo. Considerando essa rua plana, a distância, em metros, entre o carro e observador, nesse momento, é",20.,28.,96.,400.,,1,False,False,,"Um observador, da janela de um edifício, avista um carro parado a 12 metros de
distância da entrada da portaria do seu prédio, conforme ilustrado no desenho abaixo.
Considerando essa rua plana, a distância, em metros, entre o carro e observador, nesse
momento, é
A) 20.
B) 28.
C) 96.
D) 400.",,A,1,abaixo|desenho,True,True,True,True,False,A,,
sedu_es_9ef-D10-04,sedu_es_9ef,9,SAEB_9EF,D10,4,4,I. ESPAÇO E FORMA,33,34,"Observe abaixo o esquema de uma rampa inflável para um parque infantil. Essa rampa possui o formato de um prisma reto de base triangular. De acordo com esse desenho, qual é a medida do comprimento dessa rampa inflável?",5 m,7 m,14 m,25 m,,1,False,False,,"Observe abaixo o esquema de uma rampa inflável para um parque infantil. Essa rampa
possui o formato de um prisma reto de base triangular.
De acordo com esse desenho, qual é a medida do comprimento dessa rampa inflável?
A) 5 m
B) 7 m
C) 14 m
D) 25 m",,A,1,abaixo|desenho,True,True,True,True,False,A,,
sedu_es_9ef-D11-01,sedu_es_9ef,9,SAEB_9EF,D11,1,1,I. ESPAÇO E FORMA,35,35,"Na circunferência abaixo, de centro O, os segmentos CD , OF e AB são, nessa ordem:","corda, raio e diâmetro.","diâmetro, raio e corda.","raio, corda e diâmetro.","corda, diâmetro e raio.",,1,False,False,,"Na circunferência abaixo, de centro O, os segmentos CD , OF e AB são, nessa ordem:
A) corda, raio e diâmetro.
B) diâmetro, raio e corda.
C) raio, corda e diâmetro.
D) corda, diâmetro e raio.",,,1,abaixo,True,True,True,True,False,,,"gabarito_ausente: Gabarito impresso como 'S' no PDF (p. 93), letra inexistente."
sedu_es_9ef-D11-02,sedu_es_9ef,9,SAEB_9EF,D11,2,2,I. ESPAÇO E FORMA,35,35,"Exatamente no centro de uma mesa redonda com 1m de raio, foi colocado um prato de 30 cm de diâmetro, com doces e salgados para uma festa de final de ano. Qual a distância entre a borda desse prato e a borda da mesa?",115 cm,85 cm,70 cm,20 cm,,0,False,False,,"Exatamente no centro de uma mesa redonda com 1m de raio, foi colocado um prato de 30 cm
de diâmetro, com doces e salgados para uma festa de final de ano. Qual a distância entre a
borda desse prato e a borda da mesa?
A) 115 cm
B) 85 cm
C) 70 cm
D) 20 cm",,C,1,,False,False,False,True,True,B,,"gabarito_divergente: Raio da mesa 100 cm, raio do prato 15 cm: distância 85 cm (B). O PDF indica C (70 cm)."
sedu_es_9ef-D11-03,sedu_es_9ef,9,SAEB_9EF,D11,3,3,I. ESPAÇO E FORMA,35,36,O diâmetro das rodas de um caminhão é de 80cm. O valor do raio da roda do caminhão é:,20 cm.,120 cm.,80 cm.,40 cm.,,1,False,False,,"O diâmetro das rodas de um caminhão é de 80cm.
O valor do raio da roda do caminhão é:
A) 20 cm.
B) 120 cm.
C) 80 cm.
D) 40 cm.",,D,1,,True,False,True,True,False,D,,
sedu_es_9ef-D11-04,sedu_es_9ef,9,SAEB_9EF,D11,4,4,I. ESPAÇO E FORMA,36,36,"O senhor Geraldo tem um compromisso às 3 horas. Portanto, às 3 horas, a relação entre o ângulo central (menor ângulo) e o arco correspondente é:",ângulo central é 90º e o arco 180º.,ângulo central é 90º e o arco 90º.,ângulo central é 90º e o arco 180º.,ângulo central é 270º e o arco 270º.,,1,False,False,,"O senhor Geraldo tem um compromisso às 3 horas.
Portanto, às 3 horas, a relação entre o ângulo central (menor ângulo) e o arco
correspondente é:
A) ângulo central é 90º e o arco 180º.
B) ângulo central é 90º e o arco 90º.
C) ângulo central é 90º e o arco 180º.
D) ângulo central é 270º e o arco 270º.",,B,1,,True,False,True,True,False,B,,observacao: Alternativas A e C idênticas no PDF ('ângulo central é 90º e o arco 180º').
sedu_es_9ef-D12-01,sedu_es_9ef,9,SAEB_9EF,D12,1,1,II. GRANDEZAS E MEDIDAS,37,37,"Jorge queria fazer uma cerca em volta do jardim de sua chácara e levou o desenho do jardim com as medidas numa loja: Quantos metros de cerca ele vai usar no mínimo para cercar seu jardim? Use π = 3,14.","7,14","12,56","25,12","50,24",,1,False,False,,"Jorge queria fazer uma cerca em volta do jardim de sua chácara e levou o desenho do
jardim com as medidas numa loja:
Quantos metros de cerca ele vai usar no mínimo para cercar seu jardim? Use π = 3,14.
A) 7,14
B) 12,56
C) 25,12
D) 50,24",,C,1,desenho,True,True,True,True,False,C,,
sedu_es_9ef-D12-02,sedu_es_9ef,9,SAEB_9EF,D12,2,2,II. GRANDEZAS E MEDIDAS,37,37,Qual é o comprimento de uma circunferência que possui 6 cm de raio?,3 π,6 π,12 π,36 π,,0,False,False,,"Qual é o comprimento de uma circunferência que possui 6 cm de raio?
A) 3 π
B) 6 π
C) 12 π
D) 36 π",,C,1,,False,False,False,True,True,C,,
sedu_es_9ef-D12-03,sedu_es_9ef,9,SAEB_9EF,D12,3,3,II. GRANDEZAS E MEDIDAS,37,38,"Todos os dias de manhã, Rafael dá três voltas completas em torno de uma praça que tem o formato de um hexágono regular, como mostra o desenho abaixo. Quantos metros, no mínimo, Rafael percorre por dia em volta dessa praça?",27,54,152,162,,1,False,False,,"Todos os dias de manhã, Rafael dá três voltas completas em torno de uma praça que
tem o formato de um hexágono regular, como mostra o desenho abaixo.
Quantos metros, no mínimo, Rafael percorre por dia em volta dessa praça?
A) 27
B) 54
C) 152
D) 162",,D,1,abaixo|desenho,True,True,True,True,False,D,,
sedu_es_9ef-D12-04,sedu_es_9ef,9,SAEB_9EF,D12,4,4,II. GRANDEZAS E MEDIDAS,38,38,Observe abaixo o formato da cruz que Fábio desenhou em uma malha quadriculada. O lado de cada quadradinho dessa malha equivale a 3 cm. Qual é a medida do perímetro da cruz que Fábio desenhou?,36 cm,45 cm,120 cm,132 cm,,1,False,False,,"Observe abaixo o formato da cruz que Fábio desenhou em uma malha quadriculada. O
lado de cada quadradinho dessa malha equivale a 3 cm.
Qual é a medida do perímetro da cruz que Fábio desenhou?
A) 36 cm
B) 45 cm
C) 120 cm
D) 132 cm",,C,1,abaixo|malha,True,True,True,True,False,C,,
sedu_es_9ef-D13-01,sedu_es_9ef,9,SAEB_9EF,D13,1,1,II. GRANDEZAS E MEDIDAS,39,39,"Calcular a área da região limitada por duas circunferências concêntricas, uma com raio 10 cm e a outra com raio 6 cm.",64π cm²,60π cm²,52π cm²,16π cm²,,1,False,False,,"Calcular a área da região limitada por duas circunferências concêntricas, uma com raio
10 cm e a outra com raio 6 cm.
A) 64π cm²
B) 60π cm²
C) 52π cm²
D) 16π cm²",,A,1,,True,False,True,True,False,A,,
sedu_es_9ef-D13-02,sedu_es_9ef,9,SAEB_9EF,D13,2,2,II. GRANDEZAS E MEDIDAS,39,40,"Uma empresa que fabrica peças em aço foi contratada para produzir um logotipo cujo formato é o de uma justaposição de um triângulo a um semicírculo. Nesse logotipo, a medida do diâmetro do semicírculo é igual a medida da base do triângulo. A figura abaixo apresenta o desenho desse logotipo com algumas de suas medidas. Qual foi a quantidade de aço utilizada por essa empresa para produzir esse logotipo?","65,70 cm².","89,25 cm².","100,00 cm².","207,00 cm².",,1,False,False,,"Uma empresa que fabrica peças em aço foi contratada para produzir um logotipo cujo
formato é o de uma justaposição de um triângulo a um semicírculo. Nesse logotipo, a
medida do diâmetro do semicírculo é igual a medida da base do triângulo. A figura
abaixo apresenta o desenho desse logotipo com algumas de suas medidas.
Qual foi a quantidade de aço utilizada por essa empresa para produzir esse logotipo?
A) 65,70 cm².
B) 89,25 cm².
C) 100,00 cm².
D) 207,00 cm².",,C,1,abaixo|desenho|figura,True,True,True,True,False,C,,
sedu_es_9ef-D13-03,sedu_es_9ef,9,SAEB_9EF,D13,3,3,II. GRANDEZAS E MEDIDAS,40,40,"Carlos comprou um terreno retangular cujas medidas estão representadas no desenho abaixo e, no centro dele, construiu uma casa de base também retangular medindo 6 metros de largura por 16 metros de comprimento. Ao redor da casa, ele plantou grama de forma a cobrir todo espaço que sobrou do terreno. Quantos metros quadrados de grama Carlos plantou nesse terreno?",16,96,104,200,,1,False,False,,"Carlos comprou um terreno retangular cujas medidas estão representadas no desenho
abaixo e, no centro dele, construiu uma casa de base também retangular medindo 6
metros de largura por 16 metros de comprimento. Ao redor da casa, ele plantou grama
de forma a cobrir todo espaço que sobrou do terreno.
Quantos metros quadrados de grama Carlos plantou nesse terreno?
A) 16
B) 96
C) 104
D) 200",,C,1,abaixo|desenho,True,True,True,True,False,C,,
sedu_es_9ef-D13-04,sedu_es_9ef,9,SAEB_9EF,D13,4,4,II. GRANDEZAS E MEDIDAS,40,41,"Sérgio resolveu gramar uma área plana que se encontra representada na malha quadriculada abaixo. O preço da grama é R$ 5,00 o metro quadrado. Quantos reais Sérgio gastará para gramar essa área?","R$ 32,00","R$ 81,00","R$ 160,00","R$ 385,00",,1,False,False,,"Sérgio resolveu gramar uma área plana que se encontra representada na malha
quadriculada abaixo. O preço da grama é R$ 5,00 o metro quadrado.
Quantos reais Sérgio gastará para gramar essa área?
A) R$ 32,00
B) R$ 81,00
C) R$ 160,00
D) R$ 385,00",,D,1,abaixo|malha,True,True,True,True,False,D,,
sedu_es_9ef-D14-01,sedu_es_9ef,9,SAEB_9EF,D14,1,1,II. GRANDEZAS E MEDIDAS,42,42,Uma caixa de água no formato de um prisma reto está apenas com parte de sua capacidade ocupada com água. O volume de água existente nessa caixa é igual a,6 m³.,9 m³.,12 m³.,24 m³.,,1,False,False,,"Uma caixa de água no formato de um prisma reto está apenas com parte de sua
capacidade ocupada com água.
O volume de água existente nessa caixa é igual a
A) 6 m³.
B) 9 m³.
C) 12 m³.
D) 24 m³.",,D,1,,True,False,True,True,False,D,,
sedu_es_9ef-D14-02,sedu_es_9ef,9,SAEB_9EF,D14,2,2,II. GRANDEZAS E MEDIDAS,42,43,"Uma substância estava armazenada em um recipiente no formato de um paralelepípedo retângulo e ocupava toda a capacidade desse recipiente. Essa substância foi completamente transferida para um recipiente de formato cilíndrico. As medidas internas desses dois recipientes estão indicadas no desenho abaixo. Considere: π = 3,14. Qual é a capacidade máxima restante desse cilindro após a transferência dessa substância?","38,8 m³","50,2 m³","62,8 m³","86,8 m³",,1,False,False,,"Uma substância estava armazenada em um recipiente no formato de um paralelepípedo
retângulo e ocupava toda a capacidade desse recipiente. Essa substância foi
completamente transferida para um recipiente de formato cilíndrico. As medidas
internas desses dois recipientes estão indicadas no desenho abaixo.
Considere: π = 3,14.
Qual é a capacidade máxima restante desse cilindro após a transferência dessa
substância?
A) 38,8 m³
B) 50,2 m³
C) 62,8 m³
D) 86,8 m³",,A,1,abaixo|desenho,True,True,True,True,False,A,,
sedu_es_9ef-D14-03,sedu_es_9ef,9,SAEB_9EF,D14,3,3,II. GRANDEZAS E MEDIDAS,43,43,"Devido ao aumento na venda de bancadas de mármore e granito, o dono de uma marmoraria instalou em seu estabelecimento outra caixa d’água, com formato de paralelepípedo retângulo, cujas medidas internas são: 1,7 m de comprimento, 1,5 m de largura e 5,6 m de altura. Qual é o volume interno dessa caixa d’água?","14,28 m³","8,80 m³","8,15 m³","2,55 m³",,0,False,False,,"Devido ao aumento na venda de bancadas de mármore e granito, o dono de uma
marmoraria instalou em seu estabelecimento outra caixa d’água, com formato de
paralelepípedo retângulo, cujas medidas internas são: 1,7 m de comprimento, 1,5 m de
largura e 5,6 m de altura.
Qual é o volume interno dessa caixa d’água?
A) 14,28 m³
B) 8,80 m³
C) 8,15 m³
D) 2,55 m³",,A,1,,False,False,False,True,True,A,,
sedu_es_9ef-D14-04,sedu_es_9ef,9,SAEB_9EF,D14,4,4,II. GRANDEZAS E MEDIDAS,43,43,"Maria produz, em sua fábrica, um produto na forma cúbica. Para vender seus produtos ela acondiciona-os em caixa maiores. A quantidade produtos que Maria consegue colocar na caixa grande é",4,32,72,192,,1,False,False,,"Maria produz, em sua fábrica, um produto na forma cúbica. Para vender seus produtos
ela acondiciona-os em caixa maiores.
A quantidade produtos que Maria consegue colocar na caixa grande é
A) 4
B) 32
C) 72
D) 192",,D,1,,True,False,True,True,False,D,,
sedu_es_9ef-D15-01,sedu_es_9ef,9,SAEB_9EF,D15,1,1,II. GRANDEZAS E MEDIDAS,44,44,"Foram descarregados em um porto 7,8 toneladas de equipamentos eletrônicos e 4 500 quilogramas de materiais elétricos, importados por uma empresa. A quantidade total desses produtos, em quilogramas, é igual a","4 507,8",5 280,12 300,82 500,,0,False,False,,"Foram descarregados em um porto 7,8 toneladas de equipamentos eletrônicos e 4 500
quilogramas de materiais elétricos, importados por uma empresa.
A quantidade total desses produtos, em quilogramas, é igual a
A) 4 507,8
B) 5 280
C) 12 300
D) 82 500",,C,1,,False,False,False,True,True,C,,
sedu_es_9ef-D15-02,sedu_es_9ef,9,SAEB_9EF,D15,2,2,II. GRANDEZAS E MEDIDAS,44,44,"O médico de Laura receitou um antibiótico para tratar uma infecção de garganta. O tratamento de Laura consiste em tomar 1 comprimido de 500 mg duas vezes ao dia, durante 10 dias. Quantos gramas desse antibiótico Laura deverá tomar durante esse tratamento?",5 g,10 g,1 000 g,10 000 g,,0,False,False,,"O médico de Laura receitou um antibiótico para tratar uma infecção de garganta. O
tratamento de Laura consiste em tomar 1 comprimido de 500 mg duas vezes ao dia,
durante 10 dias.
Quantos gramas desse antibiótico Laura deverá tomar durante esse tratamento?
A) 5 g
B) 10 g
C) 1 000 g
D) 10 000 g",,B,1,,False,False,False,True,True,B,,
sedu_es_9ef-D15-03,sedu_es_9ef,9,SAEB_9EF,D15,3,3,II. GRANDEZAS E MEDIDAS,44,44,"Pedro vai comprar 2 litros de refrigerante. Ao chegar ao supermercado, a garrafa de refrigerante de 500 ml estava na promoção. Pedro precisa comprar quantas garrafas de 500 ml para levar os dois litros de refrigerantes que ele precisa?",3 garrafas.,2 garrafas.,4 garrafas.,5 garrafas.,,0,False,False,,"Pedro vai comprar 2 litros de refrigerante. Ao chegar ao supermercado, a garrafa de
refrigerante de 500 ml estava na promoção.
Pedro precisa comprar quantas garrafas de 500 ml para levar os dois litros de
refrigerantes que ele precisa?
A) 3 garrafas.
B) 2 garrafas.
C) 4 garrafas.
D) 5 garrafas.",,C,1,,False,False,False,True,True,C,,
sedu_es_9ef-D15-04,sedu_es_9ef,9,SAEB_9EF,D15,4,4,II. GRANDEZAS E MEDIDAS,45,45,"A placa de trânsito abaixo indica a distância de um determinado ponto de uma rodovia até a cidade de Brasílica – DF. De acordo com essa placa, essa distância, em metros, é igual a",50 000,5 000,500,50,,1,False,False,,"A placa de trânsito abaixo indica a distância de um determinado ponto de uma rodovia até a cidade
de Brasílica – DF.
De acordo com essa placa, essa distância, em metros, é igual a
A) 50 000
B) 5 000
C) 500
D) 50",,B,1,abaixo,True,True,True,True,False,B,,
sedu_es_9ef-D16-01,sedu_es_9ef,9,SAEB_9EF,D16,1,1,III. NÚMEROS E OPERAÇÕES/ÁLGEBRA E FUNÇÕES,46,46,"Observe abaixo a reta numérica em que os segmentos marcados estão igualmente espaçados. Nessa reta, os pontos que representam os números – 2 e 3 são, respectivamente,",P e Q.,Q e S.,R e S.,R e P.,,1,False,False,,"Observe abaixo a reta numérica em que os segmentos marcados estão igualmente
espaçados.
Nessa reta, os pontos que representam os números      – 2 e 3 são, respectivamente,
A) P e Q.
B) Q e S.
C) R e S.
D) R e P.",,B,1,abaixo,True,True,True,True,False,B,,
sedu_es_9ef-D16-02,sedu_es_9ef,9,SAEB_9EF,D16,2,2,III. NÚMEROS E OPERAÇÕES/ÁLGEBRA E FUNÇÕES,46,46,Veja a temperatura de algumas cidades em determinado dia do ano. RESP. A Essa tabela pode ser representada pela reta:,,,,,,5,False,False,alternativas não localizadas no texto,"Veja a temperatura de algumas cidades em determinado dia do ano. RESP. A
Essa tabela pode ser representada pela reta:",,A,1,tabela,True,True,True,False,False,A,,
sedu_es_9ef-D16-03,sedu_es_9ef,9,SAEB_9EF,D16,3,3,III. NÚMEROS E OPERAÇÕES/ÁLGEBRA E FUNÇÕES,47,47,"Na reta numérica da figura abaixo, o ponto E corresponde ao número inteiro -9 e o ponto F, ao inteiro -7. Nessa reta, o ponto correspondente ao inteiro zero estará:",sobre o ponto M.,entre os pontos L e M.,entre os pontos I e J.,sobre o ponto J.,,1,False,False,,"Na reta numérica da figura abaixo, o ponto E corresponde ao número inteiro -9 e o ponto
F, ao inteiro -7.
Nessa reta, o ponto correspondente ao inteiro zero estará:
A) sobre o ponto M.
B) entre os pontos L e M.
C) entre os pontos I e J.
D) sobre o ponto J.",,C,1,abaixo|figura,True,True,True,True,False,C,,
sedu_es_9ef-D16-04,sedu_es_9ef,9,SAEB_9EF,D16,4,4,III. NÚMEROS E OPERAÇÕES/ÁLGEBRA E FUNÇÕES,47,47,"Na reta numérica da figura abaixo, o ponto G corresponde ao número inteiro 1 e o ponto H, ao número inteiro 2. Nessa reta, o ponto correspondente ao inteiro 5 é:",a letra K.,a letra B.,a letra L,a letra I.,,1,False,False,,"Na reta numérica da figura abaixo, o ponto G corresponde ao número inteiro 1 e o
ponto H, ao número inteiro 2.
Nessa reta, o ponto correspondente ao inteiro 5 é:
A) a letra K.
B) a letra B.
C) a letra L
D) a letra I.",,A,1,abaixo|figura,True,True,True,True,False,A,,
sedu_es_9ef-D17-01,sedu_es_9ef,9,SAEB_9EF,D17,1,1,III. NÚMEROS E OPERAÇÕES/ÁLGEBRA E FUNÇÕES,48,48,"Observe a reta numerada. Nessa reta numerada, os números representados pelos pontos P e Q são","7,5 e 9,1.","7,6 e 9,1.","7,6 e 9,2.","7,5 e 9,2.",,1,False,False,,"Observe a reta numerada.
Nessa reta numerada, os números representados pelos pontos P e Q são
A) 7,5 e 9,1.
B) 7,6 e 9,1.
C) 7,6 e 9,2.
D) 7,5 e 9,2.",,D,1,,True,False,True,True,False,D,,
sedu_es_9ef-D17-02,sedu_es_9ef,9,SAEB_9EF,D17,2,2,III. NÚMEROS E OPERAÇÕES/ÁLGEBRA E FUNÇÕES,48,48,Observe a reta numérica abaixo. Ela está dividida em segmentos de mesma medida. Qual é o ponto que melhor representa a localização do número 𝟓/𝟒 nessa reta?,M.,L.,K.,J.,,1,False,False,,"Observe a reta numérica abaixo. Ela está dividida em segmentos de mesma medida.
Qual é o ponto que melhor representa a localização do número
𝟓/𝟒  nessa reta?
A) M.
B) L.
C) K.
D) J.",,B,1,abaixo,True,True,True,True,False,B,,
sedu_es_9ef-D17-03,sedu_es_9ef,9,SAEB_9EF,D17,3,3,III. NÚMEROS E OPERAÇÕES/ÁLGEBRA E FUNÇÕES,48,49,"Observe a reta numérica abaixo. Nessa reta, que número corresponde ao ponto P?","5,4","5,5","5,6","5,9",,1,False,False,,"Observe a reta numérica abaixo.
Nessa reta, que número corresponde ao ponto P?
A) 5,4
B) 5,5
C) 5,6
D) 5,9",,C,1,abaixo,True,True,True,True,False,C,,
sedu_es_9ef-D17-04,sedu_es_9ef,9,SAEB_9EF,D17,4,4,III. NÚMEROS E OPERAÇÕES/ÁLGEBRA E FUNÇÕES,49,49,Observe os números que aparecem na reta abaixo. O número indicado pela seta é,"0,9","0,54","0,8","0,55",,1,False,False,,"Observe os números que aparecem na reta abaixo.
O número indicado pela seta é
A) 0,9
B) 0,54
C) 0,8
D) 0,55",,B,1,abaixo,True,True,True,True,False,B,,
sedu_es_9ef-D18-01,sedu_es_9ef,9,SAEB_9EF,D18,1,1,III. NÚMEROS E OPERAÇÕES/ÁLGEBRA E FUNÇÕES,50,50,Observe a expressão no quadro abaixo. Qual é o resultado dessa expressão?,"– 6,3","– 0,3","0,3","6,3",,1,False,False,,"Observe a expressão no quadro abaixo.
Qual é o resultado dessa expressão?
A) – 6,3
B) – 0,3
C) 0,3
D) 6,3",,C,1,abaixo,True,True,True,True,False,C,,nao_duplicata: Mesmo enunciado-modelo; expressões (em imagem) e alternativas diferentes.
sedu_es_9ef-D18-02,sedu_es_9ef,9,SAEB_9EF,D18,2,2,III. NÚMEROS E OPERAÇÕES/ÁLGEBRA E FUNÇÕES,50,50,"Sendo N = (–3)² – 3², então, o valor de N é:",18.,0.,– 18.,12.,,0,False,False,,"Sendo N = (–3)² – 3², então, o valor de N é:
A) 18.
B) 0.
C) – 18.
D) 12.",,B,1,,False,False,False,True,True,B,,
sedu_es_9ef-D18-03,sedu_es_9ef,9,SAEB_9EF,D18,3,3,III. NÚMEROS E OPERAÇÕES/ÁLGEBRA E FUNÇÕES,50,50,Ao resolver corretamente a expressão: –1 – (–5)·(–3) + (–4)³ : (–4) O resultado é,– 13,– 2,0,30,,0,False,False,,"Ao resolver corretamente a expressão:
–1 – (–5)·(–3) + (–4)³ : (–4)
O resultado é
A) – 13
B) – 2
C) 0
D) 30",,C,1,,False,False,False,True,True,C,,
sedu_es_9ef-D18-04,sedu_es_9ef,9,SAEB_9EF,D18,4,4,III. NÚMEROS E OPERAÇÕES/ÁLGEBRA E FUNÇÕES,51,51,A professora solicitou a um aluno que resolvesse a seguinte expressão: N = (– 4)² – 4².,32,0,– 32,16,,0,False,False,,"A professora solicitou a um aluno que resolvesse a seguinte expressão: N = (– 4)² – 4².
A) 32
B) 0
C) – 32
D) 16",,B,1,,False,False,False,True,True,B,,
sedu_es_9ef-D19-01,sedu_es_9ef,9,SAEB_9EF,D19,1,1,III. NÚMEROS E OPERAÇÕES/ÁLGEBRA E FUNÇÕES,52,52,"Uma companhia aérea possui um programa de fidelidade segundo o qual os clientes acumulam pontos ao dar preferência para ela em suas viagens, podendo trocá-los, no futuro, por passagens aéreas ou descontos, de acordo com a promoção vigente. Joaquim, que participa desse programa, deseja adquirir uma passagem aérea dessa companhia utilizando seus pontos acumulados e foi informado de que, para isso, precisaria ter 33 684 pontos. Ele verificou que já possui 18 945 pontos acumulados em sua conta. Quantos pontos Joaquim ainda precisa acumular em sua conta para adquirir essa passagem aérea?",14 739,18 945,25 341,52 629,,0,False,False,,"Uma companhia aérea possui um programa de fidelidade segundo o qual os clientes
acumulam pontos ao dar preferência para ela em suas viagens, podendo trocá-los, no
futuro, por passagens aéreas ou descontos, de acordo com a promoção vigente.
Joaquim, que participa desse programa, deseja adquirir uma passagem aérea dessa
companhia utilizando seus pontos acumulados e foi informado de que, para isso,
precisaria ter 33 684 pontos. Ele verificou que já possui 18 945 pontos acumulados em
sua conta.
Quantos pontos Joaquim ainda precisa acumular em sua conta para adquirir essa
passagem aérea?
A) 14 739
B) 18 945
C) 25 341
D) 52 629",,A,1,,False,False,False,True,True,A,,
sedu_es_9ef-D19-02,sedu_es_9ef,9,SAEB_9EF,D19,2,2,III. NÚMEROS E OPERAÇÕES/ÁLGEBRA E FUNÇÕES,52,52,"Uma loja de sapatos anunciou a seguinte promoção: “Na compra de três pares de tênis, o de menor valor sai pela metade do preço.” André aproveitou essa promoção e comprou 3 pares de tênis para seus filhos que custaram 112 reais, 98 reais e 138 reais. A quantia que André pagou por essa compra foi",174 reais.,279 reais.,299 reais.,348 reais.,,0,False,False,,"Uma loja de sapatos anunciou a seguinte promoção:
“Na compra de três pares de tênis, o de menor valor sai pela metade do preço.”
André aproveitou essa promoção e comprou 3 pares de tênis para seus filhos que
custaram 112 reais, 98 reais e 138 reais.
A quantia que André pagou por essa compra foi
A) 174 reais.
B) 279 reais.
C) 299 reais.
D) 348 reais.",,C,1,,False,False,False,True,True,C,,
sedu_es_9ef-D19-03,sedu_es_9ef,9,SAEB_9EF,D19,3,3,III. NÚMEROS E OPERAÇÕES/ÁLGEBRA E FUNÇÕES,53,53,"No mês de janeiro foi feita uma liquidação em uma loja. Um rapaz comprou duas calças de 94 reais cada, três camisas de 65 reais cada, um tênis de 125 reais, um boné e uma sandália de 49 reais cada um. Desse total, o rapaz pagou 156 reais à vista e o restante dividiu em 3 vezes sem juros no cartão. Qual foi o valor pago em cada uma dessas parcelas?",59 reais.,150 reais.,202 reais.,254 reais.,,0,False,False,,"No mês de janeiro foi feita uma liquidação em uma loja. Um rapaz comprou duas calças
de 94 reais cada, três camisas de 65 reais cada, um tênis de 125 reais, um boné e uma
sandália de 49 reais cada um. Desse total, o rapaz pagou 156 reais à vista e o restante
dividiu em 3 vezes sem juros no cartão.
Qual foi o valor pago em cada uma dessas parcelas?
A) 59 reais.
B) 150 reais.
C) 202 reais.
D) 254 reais.",,C,1,,False,False,False,True,True,B,,"gabarito_divergente: Total 606 reais, menos 156 à vista = 450, em 3 parcelas = 150 (B). O PDF indica C (202 = 606/3, ignora a entrada)."
sedu_es_9ef-D19-04,sedu_es_9ef,9,SAEB_9EF,D19,4,4,III. NÚMEROS E OPERAÇÕES/ÁLGEBRA E FUNÇÕES,53,53,"Para uma festa de aniversário, Nélia comprou 200 salgados, sendo que, desse total, 110 são coxinhas, 50 são quibes e o restante são empadas. Quantas empadas, ao todo, Nélia comprou para essa festa de aniversário?",360,160,90,40,,0,False,False,,"Para uma festa de aniversário, Nélia comprou 200 salgados, sendo que, desse total, 110
são coxinhas, 50 são quibes e o restante são empadas. Quantas empadas, ao todo,
Nélia comprou para essa festa de aniversário?
A) 360
B) 160
C) 90
D) 40",,C,1,,False,False,False,True,True,D,,gabarito_divergente: 200 - 110 - 50 = 40 empadas (D). O PDF indica C (90).
sedu_es_9ef-D20-01,sedu_es_9ef,9,SAEB_9EF,D20,1,1,III. NÚMEROS E OPERAÇÕES/ÁLGEBRA E FUNÇÕES,54,54,Pedro viajou para Buenos Aires e no dia em que chegou a temperatura máxima registrada foi de 11 °C e a mínima foi de – 3 °C. Qual foi a variação da temperatura em Buenos Aires nesse dia?,– 14 °C,– 8 °C,8 °C,14 °C,,0,False,False,,"Pedro viajou para Buenos Aires e no dia em que chegou a temperatura máxima
registrada foi de 11 °C e a mínima foi de – 3 °C.
Qual foi a variação da temperatura em Buenos Aires nesse dia?
A) – 14 °C
B) – 8 °C
C) 8 °C
D) 14 °C",,D,1,,False,False,False,True,True,D,,
sedu_es_9ef-D20-02,sedu_es_9ef,9,SAEB_9EF,D20,2,2,III. NÚMEROS E OPERAÇÕES/ÁLGEBRA E FUNÇÕES,54,54,"Em um campeonato de futebol, um time obtém 3 pontos a cada gol marcado e perde 2 pontos a cada gol sofrido. Esse time jogou três partidas nesse campeonato. Na primeira, ele marcou 3 gols e sofreu 1, na segunda, empatou por 2 a 2 e, na terceira, sofreu um gol e não marcou nenhum. Quantos pontos no total esse time obteve nessas três partidas?",1,2,7,15,,0,False,False,,"Em um campeonato de futebol, um time obtém 3 pontos a cada gol marcado e perde 2
pontos a cada gol sofrido. Esse time jogou três partidas nesse campeonato. Na
primeira, ele marcou 3 gols e sofreu 1, na segunda, empatou por 2 a 2 e, na terceira,
sofreu um gol e não marcou nenhum.
Quantos pontos no total esse time obteve nessas três partidas?
A) 1
B) 2
C) 7
D) 15",,C,1,,False,False,False,True,True,C,,
sedu_es_9ef-D20-03,sedu_es_9ef,9,SAEB_9EF,D20,3,3,III. NÚMEROS E OPERAÇÕES/ÁLGEBRA E FUNÇÕES,54,55,"Paulo abriu uma conta corrente com crédito de cheque especial e nela fez um depósito de 300 reais. Ele emitiu 2 cheques, um no valor de 200 reais e outro de 300 reais. Considerando que não houve nenhuma outra transação na conta de Paulo nesse período, seu saldo após a compensação desses cheques é de",800 reais positivos.,200 reais positivos.,200 reais negativos.,800 reais negativos.,,0,False,False,,"Paulo abriu uma conta corrente com crédito de cheque especial e nela fez um depósito
de 300 reais. Ele emitiu 2 cheques, um no valor de 200 reais e outro de 300 reais.
Considerando que não houve nenhuma outra transação na conta de Paulo nesse
período, seu saldo após a compensação desses cheques é de
A) 800 reais positivos.
B) 200 reais positivos.
C) 200 reais negativos.
D) 800 reais negativos.",,C,1,,False,False,False,True,True,C,,
sedu_es_9ef-D20-04,sedu_es_9ef,9,SAEB_9EF,D20,4,4,III. NÚMEROS E OPERAÇÕES/ÁLGEBRA E FUNÇÕES,55,55,"Num determinado dia, numa cidade do Rio Grande do Sul, o termômetro marcava, às 7 horas da manhã, – 2 °C. Às dez horas da manhã do mesmo dia, o termômetro marcava 10°C. Quanto variou a temperatura, em °C, dessa cidade nesse intervalo de tempo?",– 12,– 8,12,8,,0,False,False,,"Num determinado dia, numa cidade do Rio Grande do Sul, o termômetro marcava, às 7
horas da manhã, – 2 °C. Às dez horas da manhã do mesmo dia, o termômetro marcava
10°C. Quanto variou a temperatura, em °C, dessa cidade nesse intervalo de tempo?
A) – 12
B) – 8
C) 12
D) 8",,C,1,,False,False,False,True,True,C,,
sedu_es_9ef-D21-01,sedu_es_9ef,9,SAEB_9EF,D21,1,1,III. NÚMEROS E OPERAÇÕES/ÁLGEBRA E FUNÇÕES,56,56,"De uma turma com 20 estudantes, 9 são meninas. A fração que representa a quantidade de meninas em relação ao total de estudantes dessa turma é",,,,,D,1,False,False,"resposta impressa no enunciado, removida; alternativas não localizadas no texto","De uma turma com 20 estudantes, 9 são meninas.           (Resp. D)
A fração que representa a quantidade de meninas em relação ao total de estudantes
dessa turma é",,D,1,,True,False,True,False,False,D,,
sedu_es_9ef-D21-02,sedu_es_9ef,9,SAEB_9EF,D21,2,2,III. NÚMEROS E OPERAÇÕES/ÁLGEBRA E FUNÇÕES,56,56,"Mirian vende doces no trabalho. Em um dia, ela levou 30 doces e vendeu 25. Qual é a fração que representa a razão entre a quantidade vendida e o total de doces levados por Mirian nesse dia?",,,,,B,1,False,False,"resposta impressa no enunciado, removida; alternativas não localizadas no texto","Mirian vende doces no trabalho. Em um dia, ela levou 30 doces e vendeu 25.
Qual é a fração que representa a razão entre a quantidade vendida e o total de doces
levados por Mirian nesse dia?      (Resp. B)",,B,1,,True,False,True,False,False,B,,
sedu_es_9ef-D21-03,sedu_es_9ef,9,SAEB_9EF,D21,3,3,III. NÚMEROS E OPERAÇÕES/ÁLGEBRA E FUNÇÕES,56,56,"Uma empresa petrolífera processa em sua refinaria 1,7 milhões de barris por dia. Ela pretende aumentar sua capacidade para 2,342 milhões de barris por dia. Qual é, em milhões de barris por dia, a diferença entre a capacidade atual e a que ela pretende alcançar?","14,658","2340,3","2,325","0,642",,0,False,False,,"Uma empresa petrolífera processa em sua refinaria 1,7 milhões de barris por dia. Ela
pretende aumentar sua capacidade para 2,342 milhões de barris por dia.
Qual é, em milhões de barris por dia, a diferença entre a capacidade atual e a que ela
pretende alcançar?
A) 14,658
B) 2340,3
C) 2,325
D) 0,642",,D,1,,False,False,False,True,True,D,,
sedu_es_9ef-D21-04,sedu_es_9ef,9,SAEB_9EF,D21,4,4,III. NÚMEROS E OPERAÇÕES/ÁLGEBRA E FUNÇÕES,57,57,"Observe as figuras: Pedrinho e José fizeram uma aposta para ver quem comia mais pedaços de pizza. Pediram duas pizzas de igual tamanho. Pedrinho dividiu a sua em oito pedaços iguais e comeu seis: José dividiu a sua em doze pedaços iguais e comeu nove. Então,",Pedrinho e José comeram a mesma quantidade de pizza.,José comeu o dobro do que Pedrinho comeu.,Pedrinho comeu o triplo do que José comeu.,José comeu a metade do que Pedrinho comeu.,,1,False,False,,"Observe as figuras:
Pedrinho e José fizeram uma aposta para ver quem comia mais pedaços de pizza.
Pediram duas pizzas de igual tamanho.
Pedrinho dividiu a sua em oito pedaços iguais e comeu seis: José dividiu a sua em doze
pedaços iguais e comeu nove. Então,
A) Pedrinho e José comeram a mesma quantidade de pizza.
B) José comeu o dobro do que Pedrinho comeu.
C) Pedrinho comeu o triplo do que José comeu.
D) José comeu a metade do que Pedrinho comeu.",,A,1,,True,False,True,True,False,A,,
sedu_es_9ef-D22-01,sedu_es_9ef,9,SAEB_9EF,D22,1,1,III. NÚMEROS E OPERAÇÕES/ÁLGEBRA E FUNÇÕES,58,58,Joice coloriu 3/5 dos quadradinhos da figura abaixo. Quantos quadradinhos sobraram sem colorir?,12,9,8,6,,1,False,False,,"Joice coloriu
3/5 dos quadradinhos da figura abaixo.
Quantos quadradinhos sobraram sem colorir?
A) 12
B) 9
C) 8
D) 6",,D,1,abaixo|figura,True,True,True,True,False,D,,
sedu_es_9ef-D22-02,sedu_es_9ef,9,SAEB_9EF,D22,2,2,III. NÚMEROS E OPERAÇÕES/ÁLGEBRA E FUNÇÕES,58,58,Um bolo foi cortado em 16 pedaços iguais e 14 fatias foram distribuídas. A fração que representa a parte do bolo que foi distribuída é:,7/8,1/7,1/8,8/7,,1,True,False,,"Um bolo foi cortado em 16 pedaços iguais e 14 fatias foram distribuídas.
A fração que representa a parte do bolo que foi distribuída é:
A)
7/8
B)
1/7
C)
1/8
D)
8/7",,A,1,,True,False,True,True,False,A,,
sedu_es_9ef-D22-03,sedu_es_9ef,9,SAEB_9EF,D22,3,3,III. NÚMEROS E OPERAÇÕES/ÁLGEBRA E FUNÇÕES,58,59,"Uma massa de bolo precisa ser batida durante 1/4 de hora, ou seja, durante:",5 min,15 min,30 min,45 min,,0,False,False,,"Uma massa de bolo precisa ser batida durante
1/4 de hora, ou seja, durante:
A) 5 min
B) 15 min
C) 30 min
D) 45 min",,B,1,,False,False,False,True,True,B,,
sedu_es_9ef-D22-04,sedu_es_9ef,9,SAEB_9EF,D22,4,4,III. NÚMEROS E OPERAÇÕES/ÁLGEBRA E FUNÇÕES,59,59,"Paula comprou dois potes de sorvete, ambos com a mesma quantidade do produto. Um dos potes continha quantidades iguais dos sabores chocolate, creme e morango; e o outro quantidades iguais dos sabores chocolate e baunilha. Então, é CORRETO afirmar que, nessa compra, a fração correspondente à quantidade de sorvete do sabor chocolate foi",2/5,3/5,5/12,5/6,,0,False,False,,"Paula comprou dois potes de sorvete, ambos com a mesma quantidade do produto.
Um dos potes continha quantidades iguais dos sabores chocolate, creme e morango;
e o outro quantidades iguais dos sabores chocolate e baunilha.
Então, é CORRETO afirmar que, nessa compra, a fração correspondente à quantidade
de sorvete do sabor chocolate foi
A)
2/5
B)
3/5
C)
5/12             D)
5/6",,A,1,,False,False,False,True,True,C,,gabarito_divergente: Chocolate = (1/3 + 1/2) / 2 = 5/12 (C). O PDF indica A (2/5).
sedu_es_9ef-D23-01,sedu_es_9ef,9,SAEB_9EF,D23,1,1,III. NÚMEROS E OPERAÇÕES/ÁLGEBRA E FUNÇÕES,60,60,"Carlos, Adriana, Paulo e Joana participaram de uma olimpíada de Matemática. Do total de questões propostas. Carlos acertou 2/4 , Adriana acertou 3/4 , Paulo acertou 3/8 e Joana acertou 6/8 . Houve empate entre dois deles. Quais participantes acertaram o mesmo número de questões.",Carlos e Adriana,Paulo e Joana,Carlos e Paulo,Adriana e Joana,,0,False,False,,"Carlos, Adriana, Paulo e Joana participaram de uma olimpíada de Matemática.
Do total de questões propostas. Carlos acertou
2/4 , Adriana acertou
3/4 , Paulo acertou
3/8 e Joana acertou
6/8 .
Houve empate entre dois deles. Quais participantes acertaram o mesmo número de
questões.
A) Carlos e Adriana
B) Paulo e Joana
C) Carlos e Paulo
D) Adriana e Joana",,D,1,,False,False,False,True,True,D,,
sedu_es_9ef-D23-02,sedu_es_9ef,9,SAEB_9EF,D23,2,2,III. NÚMEROS E OPERAÇÕES/ÁLGEBRA E FUNÇÕES,60,60,Observe as frações a seguir: 92 9 54 46 I − II − III − IV − 72 7 60 36 São equivalentes as frações,I e III.,I e IV.,II e III.,"I, II, III e IV.",,0,True,False,,"Observe as frações a seguir:
92
9
54
46
I
−
II
−
III
−
IV
−
72
7
60
36
São equivalentes as frações
A) I e III.
B) I e IV.
C) II e III.
(D) I, II, III e IV.",,B,1,a seguir,False,True,True,True,False,B,,
sedu_es_9ef-D23-03,sedu_es_9ef,9,SAEB_9EF,D23,3,3,III. NÚMEROS E OPERAÇÕES/ÁLGEBRA E FUNÇÕES,60,61,Qual das frações abaixo é equivalente a 4/9 ?,28/63,14/19,13/9,16/9,,0,True,False,,"Qual das frações abaixo é equivalente a
4/9 ?
A)
28/63
B)
14/19
C)
13/9
D)
16/9",,A,1,abaixo,False,True,True,True,False,A,,
sedu_es_9ef-D23-04,sedu_es_9ef,9,SAEB_9EF,D23,4,4,III. NÚMEROS E OPERAÇÕES/ÁLGEBRA E FUNÇÕES,61,61,"Observe o quadrinho abaixo e assinale a opção que conclui corretamente a discussão do casal. A) Essa discussão é inútil, pois as quantias são iguais. B) Ele está com a razão, pois ela quer muito mais dinheiro do que ele ofereceu. B) Ela está com a razão, pois ele está oferecendo muito pouco dinheiro. D) Essa discussão é inútil, pois ela está pedindo uma quantia inferior à que ele está oferecendo.",,,,,,1,False,False,alternativas não localizadas no texto,"Observe o quadrinho abaixo e assinale a opção que conclui corretamente a discussão
do casal.
A) Essa discussão é inútil, pois as quantias são iguais.
B) Ele está com a razão, pois ela quer muito mais dinheiro do que ele ofereceu.
B) Ela está com a razão, pois ele está oferecendo muito pouco dinheiro.
D) Essa discussão é inútil, pois ela está pedindo uma quantia inferior à que ele está
oferecendo.",,A,1,abaixo,True,True,True,False,False,A,,
sedu_es_9ef-D24-01,sedu_es_9ef,9,SAEB_9EF,D24,1,1,III. NÚMEROS E OPERAÇÕES/ÁLGEBRA E FUNÇÕES,62,62,"Um posto de combustível colocou um cartaz anunciando o preço da gasolina por 2,206 reais o litro. Isso significa que o posto vende a gasolina a 2 reais e:","0,206 centésimo de real.","0,206 décimos de real.",206 centésimos de real.,206 milésimo de real.,,0,False,False,,"Um posto de combustível colocou um cartaz anunciando o preço da gasolina por 2,206
reais o litro.
Isso significa que o posto vende a gasolina a 2 reais e:
A) 0,206 centésimo de real.
B) 0,206 décimos de real.
C) 206 centésimos de real.
D) 206 milésimo de real.",,D,1,,False,False,False,True,True,D,,
sedu_es_9ef-D24-02,sedu_es_9ef,9,SAEB_9EF,D24,2,2,III. NÚMEROS E OPERAÇÕES/ÁLGEBRA E FUNÇÕES,62,62,"O número decimal que é decomposto em 5 + 0,06 + 0,002 é","5,62","5,602","5,206","5,062",,0,False,False,,"O número decimal que é decomposto em
5 + 0,06 + 0,002
é
A) 5,62
B) 5,602
C) 5,206
D) 5,062",,D,1,,False,False,False,True,True,D,,
sedu_es_9ef-D24-03,sedu_es_9ef,9,SAEB_9EF,D24,3,3,III. NÚMEROS E OPERAÇÕES/ÁLGEBRA E FUNÇÕES,62,62,"O número decimal 2,401 pode ser decomposto em:","2 + 0,4 + 0,001","2 + 0,4 + 0,01","2 + 0,4 + 0,1","2 + 4 + 0,1",,0,False,False,,"O número decimal 2,401 pode ser decomposto em:
A) 2 + 0,4 + 0,001
B) 2 + 0,4 + 0,01
C) 2 + 0,4 + 0,1
D) 2 + 4 + 0,1",,A,1,,False,False,False,True,True,A,,
sedu_es_9ef-D24-04,sedu_es_9ef,9,SAEB_9EF,D24,4,4,III. NÚMEROS E OPERAÇÕES/ÁLGEBRA E FUNÇÕES,63,63,"Um posto de combustível colocou um cartaz anunciando o preço do etanol por 1,448 reais o litro. Isso significa que o posto vende o etanol a 1 real e:","0,448 centésimos de real.","0,448 décimos de real.",448 centésimos de real.,448 milésimos de real.,,1,False,False,,"Um posto de combustível colocou um cartaz anunciando o preço do etanol por 1,448
reais o litro.
Isso significa que o posto vende o etanol a 1 real e:
A) 0,448 centésimos de real.
B) 0,448 décimos de real.
C) 448 centésimos de real.
D) 448 milésimos de real.",,D,1,,True,False,True,True,False,D,,
sedu_es_9ef-D25-01,sedu_es_9ef,9,SAEB_9EF,D25,1,1,III. NÚMEROS E OPERAÇÕES/ÁLGEBRA E FUNÇÕES,64,64,Observe a expressão no quadro abaixo. Qual é o resultado dessa expressão?,– 69,– 61,– 37,– 29,,1,False,False,,"Observe a expressão no quadro abaixo.
Qual é o resultado dessa expressão?
A) – 69
B) – 61
C) – 37
D) – 29",,B,1,abaixo,True,True,True,True,False,B,,
sedu_es_9ef-D25-02,sedu_es_9ef,9,SAEB_9EF,D25,2,2,III. NÚMEROS E OPERAÇÕES/ÁLGEBRA E FUNÇÕES,64,64,"3/2  Seja M = ,0 03 + 49 −   4 .   O valor de M é:",103,"0,103","10,3","1,03",,0,True,False,,"3/2

Seja
M
=
,0
03
+
49
−


4
.


O valor de M é:
A) 103
B) 0,103
C) 10,3
D) 1,03",,D,1,,False,False,False,True,False,D,,
sedu_es_9ef-D25-03,sedu_es_9ef,9,SAEB_9EF,D25,3,3,III. NÚMEROS E OPERAÇÕES/ÁLGEBRA E FUNÇÕES,64,65,1/3  1/3  A professora de matemática propôs como exercício a expressão: +  1 −  1 .     Os alunos que resolveram corretamente a expressão encontraram como resultado: 8/9,−,0,8/9,2,,0,True,False,,"1/3

1/3

A professora de matemática propôs como exercício a expressão:
+

1
−

1
.




Os alunos que resolveram corretamente a expressão encontraram como resultado:
8/9
A)
−
B) 0
C)
8/9
D) 2",,C,1,,False,False,False,True,False,C,,
sedu_es_9ef-D25-04,sedu_es_9ef,9,SAEB_9EF,D25,4,4,III. NÚMEROS E OPERAÇÕES/ÁLGEBRA E FUNÇÕES,65,65,"Fazendo-se as operações indicadas em 0,74 + 0,5 – 1,5 obtém-se:","– 0,64","– 0,26","0,26","0,64.",,0,False,False,,"Fazendo-se as operações indicadas em  0,74 + 0,5 – 1,5 obtém-se:
A) – 0,64
B) – 0,26
C) 0,26
D) 0,64.",,B,1,,False,False,False,True,True,B,,
sedu_es_9ef-D26-01,sedu_es_9ef,9,SAEB_9EF,D26,1,1,III. NÚMEROS E OPERAÇÕES/ÁLGEBRA E FUNÇÕES,66,66,"Vanessa comprou 2,3 metros de tecido para fazer um vestido. Ela gastou apenas 1,5 metro desse tecido para confeccionar o vestido. Quantos metros desse tecido sobraram?","0,8 m","1,2 m","1,8 m","3,8 m",,0,False,False,,"Vanessa comprou 2,3 metros de tecido para fazer um vestido. Ela gastou apenas 1,5
metro desse tecido para confeccionar o vestido.
Quantos metros desse tecido sobraram?
A) 0,8 m
B) 1,2 m
C) 1,8 m
D) 3,8 m",,A,1,,False,False,False,True,True,A,,
sedu_es_9ef-D26-02,sedu_es_9ef,9,SAEB_9EF,D26,2,2,III. NÚMEROS E OPERAÇÕES/ÁLGEBRA E FUNÇÕES,66,66,"Uma torre de celular de 9,5 metros de altura vai ser ampliada para atender melhor e mais pessoas. O engenheiro encarregado de projetar a mudança calculou que para atender a região desejada pela operadora, seria necessário ampliar a altura da torre já existente, essa altura seria a altura original elevada ao quadrado (9,5²). Qual a nova altura da torre de celular?",19 m,"90,25 m",190 m,"902,5 m",,0,False,False,,"Uma torre de celular de 9,5 metros de altura vai ser ampliada para atender melhor e
mais pessoas. O engenheiro encarregado de projetar a mudança calculou que para
atender a região desejada pela operadora, seria necessário ampliar a altura da torre já
existente, essa altura seria a altura original elevada ao quadrado (9,5²). Qual a nova
altura da torre de celular?
A) 19 m
B) 90,25 m
C) 190 m
D) 902,5 m",,B,1,,False,False,False,True,True,B,,
sedu_es_9ef-D26-03,sedu_es_9ef,9,SAEB_9EF,D26,3,3,III. NÚMEROS E OPERAÇÕES/ÁLGEBRA E FUNÇÕES,66,66,"Dona Florinda compra uma dúzia de um certo produto por R$ 162,00 e vende cada unidade por R$ 15,50. Comprando e vendendo 20 dessas unidades ela terá","lucro de R$ 40,00.","lucro de R$ 310,00.","prejuízo de R$ 40,00.","prejuízo de R$ 270,00.",,0,False,False,,"Dona Florinda compra uma dúzia de um certo produto por R$ 162,00 e vende cada
unidade por R$ 15,50.
Comprando e vendendo 20 dessas unidades ela terá
A) lucro de R$ 40,00.
B) lucro de R$ 310,00.
C) prejuízo de R$ 40,00.
D) prejuízo de R$ 270,00.",,A,1,,False,False,False,True,True,A,,
sedu_es_9ef-D26-04,sedu_es_9ef,9,SAEB_9EF,D26,4,4,III. NÚMEROS E OPERAÇÕES/ÁLGEBRA E FUNÇÕES,67,67,No tanque de gasolina de um carro cabe 48 litros de combustível. Observe o marcador e calcule quantos litros há no tanque.,10 litros,12 litros,14 litros,16 litros,,1,False,False,,"No tanque de gasolina de um carro cabe 48 litros de combustível.
Observe o marcador e calcule quantos litros há no tanque.
A) 10 litros
B) 12 litros
C) 14 litros
D) 16 litros",,B,1,,True,False,True,True,False,B,,
sedu_es_9ef-D27-01,sedu_es_9ef,9,SAEB_9EF,D27,1,1,III. NÚMEROS E OPERAÇÕES/ÁLGEBRA E FUNÇÕES,68,68,Observe a expressão numérica no quadro abaixo. 𝟕+ √𝟕 O valor aproximado dessa expressão é,"9,6.","10,5.","21,0.","56,0.",,0,False,False,,"Observe a expressão numérica no quadro abaixo.
𝟕+ √𝟕
O valor aproximado dessa expressão é
A) 9,6.
B) 10,5.
C) 21,0.
D) 56,0.",,A,1,abaixo,False,True,True,True,False,A,,
sedu_es_9ef-D27-02,sedu_es_9ef,9,SAEB_9EF,D27,2,2,III. NÚMEROS E OPERAÇÕES/ÁLGEBRA E FUNÇÕES,68,68,"Observe a operação no quadro abaixo. √𝟐𝟎−√𝟐 O resultado dessa operação, com aproximação na ordem dos centésimos, é","3,06","4,24","9,00","18,00",,0,False,False,,"Observe a operação no quadro abaixo.
√𝟐𝟎−√𝟐
O resultado dessa operação, com aproximação na ordem dos centésimos, é
A) 3,06
B) 4,24
C) 9,00
D) 18,00",,A,1,abaixo,False,True,True,True,False,A,,
sedu_es_9ef-D27-03,sedu_es_9ef,9,SAEB_9EF,D27,3,3,III. NÚMEROS E OPERAÇÕES/ÁLGEBRA E FUNÇÕES,68,68,Observe a expressão numérica no quadro abaixo. O valor dessa expressão melhor se aproxima de qual número inteiro?,5,6,9,11,,1,False,False,,"Observe a expressão numérica no quadro abaixo.
O valor dessa expressão melhor se aproxima de qual número inteiro?
A) 5
B) 6
C) 9
D) 11",,C,1,abaixo,True,True,True,True,False,C,,
sedu_es_9ef-D27-04,sedu_es_9ef,9,SAEB_9EF,D27,4,4,III. NÚMEROS E OPERAÇÕES/ÁLGEBRA E FUNÇÕES,69,69,Resolva a operação abaixo. 𝟕√𝟑− 𝟒√𝟓 O resultado aproximado dessa operação é,"0,50.","1,00.","3,19.","4,23.",,0,False,False,,"Resolva a operação abaixo.
𝟕√𝟑− 𝟒√𝟓
O resultado aproximado dessa operação é
A) 0,50.
B) 1,00.
C) 3,19.
D) 4,23.",,C,1,abaixo,False,True,True,True,False,C,,
sedu_es_9ef-D28-01,sedu_es_9ef,9,SAEB_9EF,D28,1,1,III. NÚMEROS E OPERAÇÕES/ÁLGEBRA E FUNÇÕES,70,70,"Anderson comprou 120 figurinhas para o seu álbum. Porém, dessas 120 figurinhas, 72 eram repetidas. As figurinhas repetidas representam qual porcentagem do total de figurinhas que ele comprou?",40%,48%,60%,72%,,0,False,False,,"Anderson comprou 120 figurinhas para o seu álbum. Porém, dessas 120 figurinhas, 72
eram repetidas.
As figurinhas repetidas representam qual porcentagem do total de figurinhas que ele
comprou?
A) 40%
B) 48%
C) 60%
D) 72%",,C,1,,False,False,False,True,True,C,,
sedu_es_9ef-D28-02,sedu_es_9ef,9,SAEB_9EF,D28,2,2,III. NÚMEROS E OPERAÇÕES/ÁLGEBRA E FUNÇÕES,70,70,"Na semana passada, o quilograma do feijão em um supermercado custava R$ 3,50. Nesta semana, o preço desse feijão sofreu um acréscimo de 20%. Quanto passou a custar o quilograma do feijão nesse supermercado?","R$ 0,70","R$ 2,80","R$ 3,70","R$ 4,20",,0,False,False,,"Na semana passada, o quilograma do feijão em um supermercado custava R$ 3,50.
Nesta semana, o preço desse feijão sofreu um acréscimo de 20%.
Quanto passou a custar o quilograma do feijão nesse supermercado?
A) R$ 0,70
B) R$ 2,80
C) R$ 3,70
D) R$ 4,20",,D,1,,False,False,False,True,True,D,,
sedu_es_9ef-D28-03,sedu_es_9ef,9,SAEB_9EF,D28,3,3,III. NÚMEROS E OPERAÇÕES/ÁLGEBRA E FUNÇÕES,70,71,"Júnior comprou uma chuteira em uma promoção com 15% de desconto. Antes dessa promoção, a chuteira custava R$ 320,00. Qual foi o valor pago por Júnior ao comprar essa chuteira?","R$ 48,00","R$ 298,66","R$ 272,00","R$ 305,00",,0,False,False,,"Júnior comprou uma chuteira em uma promoção com 15% de desconto. Antes dessa
promoção, a chuteira custava R$ 320,00.
Qual foi o valor pago por Júnior ao comprar essa chuteira?
A) R$ 48,00
B) R$ 298,66
C) R$ 272,00
D) R$ 305,00",,C,1,,False,False,False,True,True,C,,
sedu_es_9ef-D28-04,sedu_es_9ef,9,SAEB_9EF,D28,4,4,III. NÚMEROS E OPERAÇÕES/ÁLGEBRA E FUNÇÕES,71,71,"Em uma determinada loja, um tipo de computador, no valor de 800 reais, foi vendido em uma promoção com um desconto de 15%. Esse computador foi vendido por",680 reais.,785 reais,815 reais.,920 reais.,,0,False,False,,"Em uma determinada loja, um tipo de computador, no valor de 800 reais, foi vendido
em uma promoção com um desconto de 15%.
Esse computador foi vendido por
A) 680 reais.
B) 785 reais
C) 815 reais.
D) 920 reais.",,A,1,,False,False,False,True,True,A,,
sedu_es_9ef-D29-01,sedu_es_9ef,9,SAEB_9EF,D29,1,1,III. NÚMEROS E OPERAÇÕES/ÁLGEBRA E FUNÇÕES,72,72,"Na embalagem de certa barra de chocolate, consta que, em cada 100 gramas de chocolate, há 18 gramas de açúcar. Júlia comprou uma barra de 250 gramas desse chocolate. Quantos gramas de açúcar contém essa barra que Júlia comprou?",27,45,63,168,,0,False,False,,"Na embalagem de certa barra de chocolate, consta que, em cada 100 gramas de
chocolate, há 18 gramas de açúcar. Júlia comprou uma barra de 250 gramas desse
chocolate.
Quantos gramas de açúcar contém essa barra que Júlia comprou?
A) 27
B) 45
C) 63
D) 168",,B,1,,False,False,False,True,True,B,,
sedu_es_9ef-D29-02,sedu_es_9ef,9,SAEB_9EF,D29,2,2,III. NÚMEROS E OPERAÇÕES/ÁLGEBRA E FUNÇÕES,72,72,"Margarida gastou 10 kg de limão para fazer 30 litros de limonada. Mantendo essa proporção, quantos litros de limonada Margarida poderá fazer com 50 kg de limão?",30,70,120,150,,0,False,False,,"Margarida gastou 10 kg de limão para fazer 30 litros de limonada.
Mantendo essa proporção, quantos litros de limonada Margarida poderá fazer com 50
kg de limão?
A) 30
B) 70
C) 120
D) 150",,D,1,,False,False,False,True,True,D,,
sedu_es_9ef-D29-03,sedu_es_9ef,9,SAEB_9EF,D29,3,3,III. NÚMEROS E OPERAÇÕES/ÁLGEBRA E FUNÇÕES,72,73,"Com velocidade média de 60 km/h, um automóvel gastou 3 horas para percorrer o trajeto entre duas cidades. Aumentando a velocidade média desse veículo para 90 km/h, qual seria o tempo gasto para percorrer o mesmo trajeto?",2 horas.,2 horas e 30 minutos.,4 horas.,4 horas e 30 minutos.,,0,False,False,,"Com velocidade média de 60 km/h, um automóvel gastou 3 horas para percorrer o
trajeto entre duas cidades.
Aumentando a velocidade média desse veículo para 90 km/h, qual seria o tempo gasto
para percorrer o mesmo trajeto?
A) 2 horas.
B) 2 horas e 30 minutos.
C) 4 horas.
D) 4 horas e 30 minutos.",,A,1,,False,False,False,True,True,A,,
sedu_es_9ef-D29-04,sedu_es_9ef,9,SAEB_9EF,D29,4,4,III. NÚMEROS E OPERAÇÕES/ÁLGEBRA E FUNÇÕES,73,73,"Para fazer 15 picolés, Marta usa 750 ml de uma mistura de chocolate. Utilizando essa mesma proporção, para fazer 20 picolés, quantos ml dessa mistura Marta deve usar?","37,5",50,"562,5",1 000,,0,False,False,,"Para fazer 15 picolés, Marta usa 750 ml de uma mistura de chocolate.
Utilizando essa mesma proporção, para fazer 20 picolés, quantos ml dessa mistura
Marta deve usar?
A) 37,5
B) 50
C) 562,5
D) 1 000",,D,1,,False,False,False,True,True,D,,
sedu_es_9ef-D30-01,sedu_es_9ef,9,SAEB_9EF,D30,1,1,III. NÚMEROS E OPERAÇÕES/ÁLGEBRA E FUNÇÕES,74,74,"O número de diagonais de um polígono é calculado com o uso da expressão n ( − n )3 d = , sendo d o número de diagonais e n o número de lados do polígono. O 2 número de diagonais de um polígono de 5 lados é:",4,5,6,7,,0,True,False,,"O número de diagonais de um polígono é calculado com o uso da expressão
n
( −
n
)3
d
=
, sendo d o número de diagonais e n o número de lados do polígono. O
2
número de diagonais de um polígono de 5 lados é:
A) 4
B) 5
C) 6
D) 7",,B,1,,False,False,False,True,False,B,,
sedu_es_9ef-D30-02,sedu_es_9ef,9,SAEB_9EF,D30,2,2,III. NÚMEROS E OPERAÇÕES/ÁLGEBRA E FUNÇÕES,74,74,"Uma bola é lançada obliquamente. Sua trajetória é descrita pela função h ( t ) = − t 2 + 3 t , sendo h (t ) a altura, em metros, e t o tempo em segundo. Quantos metros de altura estará essa bola após 2 segundos do lançamento?","0,5",1,2,3,,0,True,False,,"Uma bola é lançada obliquamente. Sua trajetória é descrita pela função
h
(
t
)
=
−
t
2 +
3
t
, sendo
h
(t
)
a altura, em metros, e t o tempo em segundo. Quantos
metros de altura estará essa bola após 2 segundos do lançamento?
A) 0,5
B) 1
C) 2
D) 3",,C,1,,False,False,False,True,False,C,,
sedu_es_9ef-D30-03,sedu_es_9ef,9,SAEB_9EF,D30,3,3,III. NÚMEROS E OPERAÇÕES/ÁLGEBRA E FUNÇÕES,74,74,O valor numérico da expressão 2x² + 3y + 3 para x = 3 e y = – 2 é,9,15,20,27,,0,False,False,,"O valor numérico da expressão
2x² + 3y + 3
para x = 3 e y = – 2 é
A) 9
B) 15
C) 20
D) 27",,B,1,,False,False,False,True,True,B,,
sedu_es_9ef-D30-04,sedu_es_9ef,9,SAEB_9EF,D30,4,4,III. NÚMEROS E OPERAÇÕES/ÁLGEBRA E FUNÇÕES,75,75,"O preço do quilo de carne em um açougue é dado pela função p = 9x – 3, sendo x a quantidade de quilos de carne comprada. O preço de 7 quilos de carne é","R$ 63,00","R$ 60,00","R$ 66,00","R$ 65,00",,0,False,False,,"O preço do quilo de carne em um açougue é dado pela função p = 9x – 3, sendo x a
quantidade de quilos de carne comprada. O preço de 7 quilos de carne é
A) R$ 63,00
B) R$ 60,00
C) R$ 66,00
D) R$ 65,00",,B,1,,False,False,False,True,True,B,,
sedu_es_9ef-D31-01,sedu_es_9ef,9,SAEB_9EF,D31,1,1,III. NÚMEROS E OPERAÇÕES/ÁLGEBRA E FUNÇÕES,76,76,"O Sr. Barnabé finalmente comprou seu lote e agora vai conseguir realizar o seu sonho de construir a sua primeira casa própria, mas ele se deparou com um problema. Ele deseja construir a sua residência no centro do lote com as seguintes medidas 10m x 12m, de modo que se mantenham as mesmas distâncias entre as paredes, como indicado na figura a seguir. Sabendo que a área do lote do Sr. Barnabé é 120 m². Então o valor de X é:","0,75 m","0,80 m","1,0 m","1,5 m",,1,False,False,,"O Sr. Barnabé finalmente comprou seu lote e agora vai conseguir realizar o seu sonho
de construir a sua primeira casa própria, mas ele se deparou com um problema. Ele
deseja construir a sua residência no centro do lote com as seguintes medidas 10m x
12m, de modo que se mantenham as mesmas distâncias entre as paredes, como
indicado na figura a seguir.
Sabendo que a área do lote do Sr. Barnabé é 120 m². Então o valor de X é:
A) 0,75 m
B) 0,80 m
C) 1,0 m
D) 1,5 m",,C,1,a seguir|figura,True,True,True,True,False,C,,
sedu_es_9ef-D31-02,sedu_es_9ef,9,SAEB_9EF,D31,2,2,III. NÚMEROS E OPERAÇÕES/ÁLGEBRA E FUNÇÕES,76,77,"O Sr. Manuel comprou um lote de formato retangular. A área representada pela letra “A” corresponde o local onde vai ser construída a sua residência e a parte sombreada seria os espaços vazios do lote. Sabendo que a área sombreada possui 150 m², pode-se concluir que a medida indicada por x, na figura, é igual a",12 cm.,14 cm.,15 cm.,17 cm.,,1,False,False,,"O Sr. Manuel comprou um lote de formato retangular. A área representada pela letra
“A” corresponde o local onde vai ser construída a sua residência e a parte sombreada
seria os espaços vazios do lote.
Sabendo que a área sombreada possui 150 m², pode-se concluir que a medida indicada
por x, na figura, é igual a
A) 12 cm.
B) 14 cm.
C) 15 cm.
D) 17 cm.",,C,1,figura,True,True,True,True,False,C,,
sedu_es_9ef-D31-03,sedu_es_9ef,9,SAEB_9EF,D31,3,3,III. NÚMEROS E OPERAÇÕES/ÁLGEBRA E FUNÇÕES,77,77,A equação x² – 6x = 0,não tem raízes reais.,tem uma raiz nula e outra negativa.,tem uma raiz nula e outra positiva.,tem duas raízes reais simétricas.,,0,False,False,,"A equação x² – 6x = 0
A) não tem raízes reais.
B) tem uma raiz nula e outra negativa.
C) tem uma raiz nula e outra positiva.
D) tem duas raízes reais simétricas.",,C,1,,False,False,False,True,True,C,,
sedu_es_9ef-D31-04,sedu_es_9ef,9,SAEB_9EF,D31,4,4,III. NÚMEROS E OPERAÇÕES/ÁLGEBRA E FUNÇÕES,77,77,"Em uma empresa do ramo da construção civil, o custo de produção, milhares de reais, de n caçambas iguais é calculado pela expressão C(n)= n² – n + 10. Se o custo foi de 66 mil reais, então, o número de caçambas utilizadas na produção foi",6.,7.,8.,9.,,0,False,False,,"Em uma empresa do ramo da construção civil, o custo de produção, milhares de reais,
de n caçambas iguais é calculado pela expressão                 C(n)= n² – n + 10.
Se o custo foi de 66 mil reais, então, o número de caçambas utilizadas na produção foi
A) 6.
B) 7.
C) 8.
D) 9.",,C,1,,False,False,False,True,True,C,,
sedu_es_9ef-D32-01,sedu_es_9ef,9,SAEB_9EF,D32,1,1,III. NÚMEROS E OPERAÇÕES/ÁLGEBRA E FUNÇÕES,78,78,"A sequência numérica abaixo pode ser definida por uma expressão algébrica, que relaciona o valor do termo com a sua posição na sequência. A expressão algébrica que permite determinar o n-ésimo termo dessa sequência é",n + 1,n + 2,n² + 11,n² + 34,,1,False,False,,"A sequência numérica abaixo pode ser definida por uma expressão algébrica, que
relaciona o valor do termo com a sua posição na sequência.
A expressão algébrica que permite determinar o n-ésimo termo dessa sequência é
A) n + 1
B) n + 2
C) n² + 11
D) n² + 34",,C,1,abaixo,True,True,True,True,False,C,,
sedu_es_9ef-D32-02,sedu_es_9ef,9,SAEB_9EF,D32,2,2,III. NÚMEROS E OPERAÇÕES/ÁLGEBRA E FUNÇÕES,78,79,"As figuras mostradas abaixo estão organizadas dentro de um padrão que se repete. Mantendo esta disposição, a expressão algébrica que representa o número de pontos N em função da ordem n (n = 1, 2, ...) é:",N = n +1.,N = n² – 1.,N = 2n +1,N = n² +1,,1,False,False,,"As figuras mostradas abaixo estão organizadas dentro de um padrão que se repete.
Mantendo esta disposição, a expressão algébrica que representa o número de pontos
N em função da ordem n (n = 1, 2, ...) é:
A) N = n +1.
B) N = n² – 1.
C) N = 2n +1
D) N = n² +1",,D,1,abaixo,True,True,True,True,False,D,,nao_duplicata: Mesmo enunciado-modelo; padrões de figuras e alternativas diferentes.
sedu_es_9ef-D32-03,sedu_es_9ef,9,SAEB_9EF,D32,3,3,III. NÚMEROS E OPERAÇÕES/ÁLGEBRA E FUNÇÕES,79,79,As variáveis n e P assumem valores conforme mostra o quadro abaixo: n 5 6 7 8 9 10 P 8 10 12 14 16 18 A relação entre P e n é dada pela expressão:,P = n + 1.,P = n + 2,P = 2n - 2,P = n - 2,,0,True,False,,"As variáveis n e P assumem valores conforme mostra o quadro abaixo:
n
5
6
7
8
9
10
P
8
10
12
14
16
18
A relação entre P e n é dada pela expressão:
A) P = n + 1.
B) P = n + 2
C) P = 2n - 2
D) P = n - 2",,C,1,abaixo,False,True,True,True,False,C,,
sedu_es_9ef-D32-04,sedu_es_9ef,9,SAEB_9EF,D32,4,4,III. NÚMEROS E OPERAÇÕES/ÁLGEBRA E FUNÇÕES,79,79,"As figuras mostradas abaixo estão organizadas dentro de um padrão que se repete. Mantendo essa disposição, a expressão algébrica que representa o número de bolinhas B em função da ordem n (n = 1, 2, 3, ...) é:",B = 4n.,B = 2n + 1.,B = 3n + 1.,B = 4n + 1.,,1,False,False,,"As figuras mostradas abaixo estão organizadas dentro de um padrão que se repete.
Mantendo essa disposição, a expressão algébrica que representa o número de
bolinhas B em função da ordem n (n = 1, 2, 3, ...) é:
A) B = 4n.
B) B = 2n + 1.
C) B = 3n + 1.
D) B = 4n + 1.",,D,1,abaixo,True,True,True,True,False,D,,
sedu_es_9ef-D33-01,sedu_es_9ef,9,SAEB_9EF,D33,1,1,III. NÚMEROS E OPERAÇÕES/ÁLGEBRA E FUNÇÕES,80,80,"Se a mãe de Murilo triplicar o valor pago de sua mesada e descontar 5 reais, ele ficará com R$ 40,00. Uma equação que expressa essa situação é",3x + 5 = 40,3x – 5 = 40,3(x + 5) = 40,3x + 35 = 0,,0,False,False,,"Se a mãe de Murilo triplicar o valor pago de sua mesada e descontar 5 reais, ele ficará
com R$ 40,00.
Uma equação que expressa essa situação é
A) 3x + 5 = 40
B) 3x – 5 = 40
C) 3(x + 5) = 40
D) 3x + 35 = 0",,B,1,,False,False,False,True,True,B,,
sedu_es_9ef-D33-02,sedu_es_9ef,9,SAEB_9EF,D33,2,2,III. NÚMEROS E OPERAÇÕES/ÁLGEBRA E FUNÇÕES,80,80,"Veja o encarte do supermercado abaixo. D. Lurdes quer aproveitar a promoção e possui R$ 45,00 para comprar cenouras e alface. Sendo x o nº de quilos de cenouras e y a quantidade de molhos de alface, assinale a opção que mostra a equação que corresponde a esta situação.","x + 2,00 + y + 1,50 = 45.","x + y + 3,50 = 45.","1,50x + 2y = 45.","3,50xy = 45.",,1,False,False,,"Veja o encarte do supermercado abaixo. D. Lurdes quer aproveitar a promoção e possui
R$ 45,00 para comprar cenouras e alface. Sendo  x o nº de quilos de cenouras e y a
quantidade de molhos de alface, assinale a opção que mostra a equação que
corresponde a esta situação.
A) x + 2,00 + y + 1,50 = 45.
B) x + y + 3,50 = 45.
C) 1,50x + 2y = 45.
D) 3,50xy = 45.",,C,1,abaixo,True,True,True,True,False,C,,
sedu_es_9ef-D33-03,sedu_es_9ef,9,SAEB_9EF,D33,3,3,III. NÚMEROS E OPERAÇÕES/ÁLGEBRA E FUNÇÕES,80,81,"Professor Marcos escreveu um número no quadro, multiplicou ele por 5, somou 18 e depois dividiu o resultado por 5, obtendo o número 30. A equação que representa está situação é 5 x + 13",= 30 5 5 x + 3,= 30 5 x +,5 = 30 5 5 x + 18,= 30 5,,0,True,False,,"Professor Marcos escreveu um número no quadro, multiplicou ele por 5, somou 18 e
depois dividiu o resultado por 5, obtendo o número 30.
A equação que representa está situação é
5
x
+
13
A)
=
30
5
5
x
+
3
B)
=
30
5
x
+
C)
5 =
30
5
5
x
+
18
D)
=
30
5",,D,1,,False,False,False,True,False,D,,
sedu_es_9ef-D33-04,sedu_es_9ef,9,SAEB_9EF,D33,4,4,III. NÚMEROS E OPERAÇÕES/ÁLGEBRA E FUNÇÕES,81,81,"Plínio é garçom de um badalado restaurante na Zona Sul da cidade. Ele recebe, por mês, R$ 650,00 mais R$ 20,00 por hora extra que trabalha. Veja quanto ele vai receber esse mês. A equação que calcula o salário de Plínio de acordo com as x horas extras que ele trabalhou é",650 + 20 + x = 1050.,20 + x = 1050 – 650.,650 + 20 x = 1050.,650 x + 20 = 1050.,,1,False,False,,"Plínio é garçom de um badalado restaurante na Zona Sul da cidade. Ele recebe, por
mês, R$ 650,00 mais R$ 20,00 por hora extra que trabalha. Veja quanto ele vai receber
esse mês. A equação que calcula o salário de Plínio de acordo com as x horas extras
que ele trabalhou é
A) 650 + 20 + x = 1050.
B) 20 + x = 1050 – 650.
C) 650 + 20 x = 1050.
D) 650 x + 20 = 1050.",,C,1,,True,False,True,True,False,C,,
sedu_es_9ef-D34-01,sedu_es_9ef,9,SAEB_9EF,D34,1,1,III. NÚMEROS E OPERAÇÕES/ÁLGEBRA E FUNÇÕES,82,82,"Durante os jogos interclasse, Karen foi até a lanchonete e comprou um suco e um salgado por R$ 3,20. Raul comprou dois sucos e um salgado por R$ 4,20. O sistema de equações do 1º grau que representa a situação é",,,,,,1,False,False,alternativas não localizadas no texto,"Durante os jogos interclasse, Karen foi até a lanchonete e comprou um suco e um salgado por R$ 3,20.
Raul comprou dois sucos e um salgado por R$ 4,20.
O sistema de equações do 1º grau que representa a situação é",,D,1,,True,False,True,False,False,D,,
sedu_es_9ef-D34-02,sedu_es_9ef,9,SAEB_9EF,D34,2,2,III. NÚMEROS E OPERAÇÕES/ÁLGEBRA E FUNÇÕES,82,82,Observe a situação apresentada abaixo: Considere p o “peso” de uma Pêra e m o “peso” de uma maçã. É correto representar a situação apresentada por meio do sistema de equações:,,,,,,2,False,False,alternativas não localizadas no texto,"Observe a situação apresentada abaixo:
Considere p o “peso” de uma Pêra e m o “peso” de uma maçã.
É correto representar a situação apresentada por meio do sistema de equações:",,C,1,abaixo,True,True,True,False,False,C,,
sedu_es_9ef-D34-03,sedu_es_9ef,9,SAEB_9EF,D34,3,3,III. NÚMEROS E OPERAÇÕES/ÁLGEBRA E FUNÇÕES,82,83,"Num campeonato de futebol, os times ganham 3 pontos em cada vitória, 1 ponto por empate e 0 ponto por derrota. O time Cruzadão participou de 50 jogos e fez 54 pontos, tendo perdido 12 jogos. Chame de v o número de jogos que Cruzadão venceu, d, o número de jogos em que foi derrotado e e, os jogos em que houve empate. Assinale a alternativa que mostra corretamente o sistema de equações que representa essa situação.  v + e = 50  v + e + 12 = 50 ( A )  ( B )   3 v + e = 54  3 v + e = 54  v + e + d = 54  v + e + ,0 12/54 = 50 ( C )  ( D )   3 v + e + 0 d = 50  3 v + e =",,,,,,0,True,False,alternativas não localizadas no texto,"Num campeonato de futebol, os times ganham 3 pontos em cada vitória, 1 ponto por empate e 0
ponto por derrota. O time Cruzadão participou de 50 jogos e fez 54 pontos, tendo perdido 12 jogos.
Chame de v o número de jogos que Cruzadão venceu, d, o número de jogos em que foi derrotado e
e, os jogos em que houve empate.
Assinale a alternativa que mostra corretamente o sistema de equações que representa essa
situação.

v
+
e
=
50

v
+
e
+
12
=
50
(
A
)

(
B
)


3
v
+
e
=
54

3
v
+
e
=
54

v
+
e
+
d
=
54

v
+
e
+
,0
12/54
=
50
(
C
)

(
D
)


3
v
+
e
+
0
d
=
50

3
v
+
e
=",,B,1,,False,False,False,False,False,B,,
sedu_es_9ef-D34-04,sedu_es_9ef,9,SAEB_9EF,D34,4,4,III. NÚMEROS E OPERAÇÕES/ÁLGEBRA E FUNÇÕES,83,83,"Numa gincana de Matemática, Hélio calculou mentalmente dois números de modo que sua soma fosse igual a 12 e sua diferença 2. Lúcia utilizou outra estratégia, determinando esses dois números algebricamente. Dessa forma, um possível sistema de equações para indicar o raciocínio de Lúcia é  x + y = 12  2/4 x − y = 9",,  2 x + 3 y = 1  x + 3 y = 10  x − y = 5/7  x + y = 12/2,,  x + y =  x − y =,,0,True,False,,"Numa gincana de Matemática, Hélio calculou mentalmente dois números de modo que sua soma
fosse igual a 12 e sua diferença 2. Lúcia utilizou outra estratégia, determinando esses dois números
algebricamente. Dessa forma, um possível sistema de equações para indicar o raciocínio de Lúcia é

x
+
y
=
12

2/4
x
−
y
=
9
(A)

(B)


2
x
+
3
y
=
1

x
+
3
y
=
10

x
−
y
=
5/7

x
+
y
=
12/2
(C)

(D)


x
+
y
=

x
−
y
=",,D,1,,False,False,False,True,False,D,,
sedu_es_9ef-D35-01,sedu_es_9ef,9,SAEB_9EF,D35,1,1,III. NÚMEROS E OPERAÇÕES/ÁLGEBRA E FUNÇÕES,84,84,"Observe este gráfico, em que estão representadas duas retas:  x + 2 y = a Para que esse gráfico seja a representação geométrica do sistema:  , os  x − y = b valores de a e b devem ser:",a = –1 e b = 8.,a = 2 e b = 3.,a = 3 e b = 2.,a = 8 e b = – 1.,,1,True,False,,"Observe este gráfico, em que estão representadas duas retas:

x
+
2
y
=
a
Para que esse gráfico seja a representação geométrica do sistema:

, os

x
−
y
=
b
valores de a e b devem ser:
A) a = –1 e b = 8.
B) a = 2 e b = 3.
C) a = 3 e b = 2.
D) a = 8 e b = – 1.",,D,1,grafico|gráfico,True,True,True,True,False,D,,"nao_duplicata: Mesmo enunciado-modelo; gráficos, sistemas e alternativas diferentes.; nao_duplicata: Mesmo enunciado-modelo; gráficos, sistemas e alternativas diferentes."
sedu_es_9ef-D35-02,sedu_es_9ef,9,SAEB_9EF,D35,2,2,III. NÚMEROS E OPERAÇÕES/ÁLGEBRA E FUNÇÕES,84,84,Observe o gráfico abaixo. O gráfico representa o sistema,,,,,,2,False,False,alternativas não localizadas no texto,"Observe o gráfico abaixo.
O gráfico representa o sistema",,B,1,abaixo|grafico|gráfico,True,True,True,False,False,B,,
sedu_es_9ef-D35-03,sedu_es_9ef,9,SAEB_9EF,D35,3,3,III. NÚMEROS E OPERAÇÕES/ÁLGEBRA E FUNÇÕES,85,85,"Observe este gráfico, em que estão representadas duas retas: Para que esse gráfico seja a representação geométrica do sistema:  x + 3 y = a   2 x − y = b os valores de “a” e “b” devem ser:",a = –1 e b = 2.,a = 2 e b = –1.,a = – 4 e b = 5.,a = 5 e b = – 4.,,1,True,False,,"Observe este gráfico, em que estão representadas duas retas:
Para que esse gráfico seja a representação geométrica do sistema:

x
+
3
y
=
a


2
x
−
y
=
b
os valores de “a” e “b” devem ser:
A) a = –1 e b = 2.
B) a = 2 e b = –1.
C) a = – 4 e b = 5.
D) a = 5 e b = – 4.",,D,1,grafico|gráfico,True,True,True,True,False,D,,"nao_duplicata: Mesmo enunciado-modelo; gráficos, sistemas e alternativas diferentes."
sedu_es_9ef-D35-04,sedu_es_9ef,9,SAEB_9EF,D35,4,4,III. NÚMEROS E OPERAÇÕES/ÁLGEBRA E FUNÇÕES,85,86,"Observe este gráfico, em que estão representadas duas retas: Para que esse gráfico seja a representação geométrica do sistema:  x + y = a   x − y = b os valores de “a” e “b” devem ser:",a = 4 e b = 7.,a = 7 e b = 4.,a = 11 e b = 3.,a = 3 e b = 11.,,1,True,False,,"Observe este gráfico, em que estão representadas duas retas:
Para que esse gráfico seja a representação geométrica do sistema:

x
+
y
=
a


x
−
y
=
b
os valores de “a” e “b” devem ser:
A) a = 4 e b = 7.
B) a = 7 e b = 4.
C) a = 11 e b = 3.
D) a = 3 e b = 11.",,C,1,grafico|gráfico,True,True,True,True,False,C,,
sedu_es_9ef-D36-01,sedu_es_9ef,9,SAEB_9EF,D36,1,1,IV. TRATAMENTO DA INFORMAÇÃO,87,87,"Para confeccionar 1 000 ml de refrigerante no sabor laranja, a Indústria Refrigerante Colorido utiliza as quantidades de ingredientes como mostra o gráfico abaixo. Para fabricar 3 000 ml de refrigerante sabor laranja, as quantidades, em ml, utilizadas de suco natural, água e corante são, respectivamente,","1 350, 1 050 e 600.","900, 700 e 400.","600, 1 050 e 1 350.","400, 700 e 900.",,1,False,False,,"Para confeccionar 1 000 ml de refrigerante no sabor laranja, a Indústria Refrigerante
Colorido utiliza as quantidades de ingredientes como mostra o gráfico abaixo.
Para fabricar 3 000 ml de refrigerante sabor laranja, as quantidades, em ml, utilizadas
de suco natural, água e corante são, respectivamente,
A) 1 350, 1 050 e 600.
B) 900, 700 e 400.
C) 600, 1 050 e 1 350.
D) 400, 700 e 900.",,A,1,abaixo|grafico|gráfico,True,True,True,True,False,A,,
sedu_es_9ef-D36-02,sedu_es_9ef,9,SAEB_9EF,D36,2,2,IV. TRATAMENTO DA INFORMAÇÃO,87,88,O quadro abaixo mostra a quantidade de algodão colhida por três irmãos durante o mês de agosto. Qual a diferença entre a maior quantidade e a menor quantidade de algodão colhida?,"2,12 kg.","2,27 kg.","4,71 kg.","5,25 kg.",,1,False,False,,"O quadro abaixo mostra a quantidade de algodão colhida por três irmãos durante o mês
de agosto.
Qual a diferença entre a maior quantidade e a menor quantidade de algodão colhida?
A) 2,12 kg.
B) 2,27 kg.
C) 4,71 kg.
D) 5,25 kg.",,B,1,abaixo,True,True,True,True,False,B,,
sedu_es_9ef-D36-03,sedu_es_9ef,9,SAEB_9EF,D36,3,3,IV. TRATAMENTO DA INFORMAÇÃO,88,88,"Veja no quadro abaixo o número de visitantes em um museu. De acordo com esses dados, em que mês o museu recebeu mais visitantes?",Janeiro.,Fevereiro.,Março.,Abril.,,1,False,False,,"Veja no quadro abaixo o número de visitantes em um museu.
De acordo com esses dados, em que mês o museu recebeu mais visitantes?
A) Janeiro.
B) Fevereiro.
C) Março.
D) Abril.",,B,1,abaixo,True,True,True,True,False,B,,
sedu_es_9ef-D36-04,sedu_es_9ef,9,SAEB_9EF,D36,4,4,IV. TRATAMENTO DA INFORMAÇÃO,88,88,Considere a tabela abaixo: A diferença entre o consumo de água para produzir 1 tonelada de papel para o gasto na produção de 1 tonelada de aço é o:,dobro dessa quantidade,triplo dessa quantidade,quádruplo dessa quantidade,quíntuplo dessa quantidade,,1,False,False,,"Considere a tabela abaixo:
A diferença entre o consumo de água para produzir 1 tonelada de papel para o gasto na
produção de 1 tonelada de aço é o:
A) dobro dessa quantidade
B) triplo dessa quantidade
C) quádruplo dessa quantidade
D) quíntuplo dessa quantidade",,B,1,abaixo|tabela,True,True,True,True,False,B,,
sedu_es_9ef-D37-01,sedu_es_9ef,9,SAEB_9EF,D37,1,1,IV. TRATAMENTO DA INFORMAÇÃO,89,89,A tabela abaixo apresenta os dados sobre a produção e a venda de automóveis de três montadoras em certo mês do ano. O gráfico que melhor representa a quantidade da produção vendida por essas três montadoras é,,,,,,3,False,False,alternativas não localizadas no texto,"A tabela abaixo apresenta os dados sobre a produção e a venda de automóveis de três
montadoras em certo mês do ano.
O gráfico que melhor representa a quantidade da produção vendida por essas três
montadoras é",,C,1,abaixo|grafico|gráfico|tabela,True,True,True,False,False,C,,
sedu_es_9ef-D37-02,sedu_es_9ef,9,SAEB_9EF,D37,2,2,IV. TRATAMENTO DA INFORMAÇÃO,89,90,"O gráfico a seguir representa o resultado de uma pesquisa feita com moradores de uma cidade, para verificar o nível de aprovação da administração do prefeito. Das tabelas abaixo qual representa corretamente os dados apresentados no gráfico?",,,,,D,5,False,False,"resposta impressa no enunciado, removida; alternativas não localizadas no texto","O gráfico a seguir representa o resultado de uma pesquisa feita com moradores de uma
cidade, para verificar o nível de aprovação da administração do prefeito.
Das tabelas abaixo qual representa corretamente os dados apresentados no gráfico?
(Resp. D)",,D,1,a seguir|abaixo|grafico|gráfico,True,True,True,False,False,D,,
sedu_es_9ef-D37-03,sedu_es_9ef,9,SAEB_9EF,D37,3,3,IV. TRATAMENTO DA INFORMAÇÃO,90,90,"As notas que os dez alunos de uma classe tiveram em uma prova de Biologia foram transcritas na tabela seguinte. Para visualizar melhor o desempenho da turma, o professor dividiu as notes em três grupos descritos a seguir, e construiu com eles um gráfico de setores. G1: notas maiores ou iguais a 6,0. G2: notas entre 4,0 e 6,00. G3: notas menores ou iguais a 4,0. O gráfico que corresponde aos dados apresentados é",,,,,,3,False,False,alternativas não localizadas no texto,"As notas que os dez alunos de uma classe tiveram em uma prova de Biologia foram
transcritas na tabela seguinte.
Para visualizar melhor o desempenho da turma, o professor dividiu as notes em três
grupos descritos a seguir, e construiu com eles um gráfico de setores.
G1: notas maiores ou iguais a 6,0.
G2: notas entre 4,0 e 6,00.
G3: notas menores ou iguais a 4,0.
O gráfico que corresponde aos dados apresentados é",,B,1,a seguir|grafico|gráfico|tabela,True,True,True,False,False,B,,
sedu_es_9ef-D37-04,sedu_es_9ef,9,SAEB_9EF,D37,4,4,IV. TRATAMENTO DA INFORMAÇÃO,91,91,"Observe na tabela abaixo, a quantidade de carne bovina produzida por um frigorífico no período de 2006 a 2010. Qual é o gráfico que melhor representa os dados apresentados nessa tabela?",,,,,,3,False,False,alternativas não localizadas no texto,"Observe na tabela abaixo, a quantidade de carne bovina produzida por um frigorífico
no período de 2006 a 2010.
Qual é o gráfico que melhor representa os dados apresentados nessa tabela?",,B,1,abaixo|grafico|gráfico|tabela,True,True,True,False,False,B,,
