item_id,fonte,ano,heuristica_top5,heuristica_pontuacoes,heuristica_margem,heuristica_empate_top1,semantica_top5,semantica_pontuacoes,semantica_margem,semantica_empate_top1,combinada_top5,combinada_pontuacoes,combinada_margem,combinada_empate_top1,combinada_ambigua
sedu_ama5_2023t1-D002_M-01,sedu_ama5_2023t1,5,EF09MA02|EF09MA16|EM13MAT510|EF04MA09|EF09MA01,1.0000|0.9910|0.8624|0.8604|0.8366,0.00898,False,EF05MA05|EF05MA04|EF05MA03|EF07MA10|EF03MA09,1.0000|0.9923|0.9561|0.9476|0.9464,0.007721,False,EF09MA16|EF09MA01|EF09MA02|EF04MA09|EF05MA05,0.9138|0.8839|0.8815|0.8773|0.8652,0.029815,False,True
sedu_ama5_2023t1-D002_M-02,sedu_ama5_2023t1,5,EF09MA02|EF09MA16|EM13MAT510|EF04MA09|EF09MA01,1.0000|0.9910|0.8624|0.8604|0.8366,0.00898,False,EF06MA16|EF07MA20|EF06MA19|EF09MA10|EF03MA09,1.0000|0.9982|0.9821|0.9753|0.9688,0.00176,False,EF09MA16|EF09MA01|EF09MA02|EF07MA10|EF04MA21,0.9539|0.8719|0.8706|0.8406|0.8017,0.082086,False,False
sedu_ama5_2023t1-D002_M-03,sedu_ama5_2023t1,5,EF04MA12|EM13MAT510|EF07MA12|EF07MA10|EF05MA05,1.0000|0.9478|0.8669|0.8329|0.8026,0.052236,False,EF03MA09|EF07MA10|EF05MA05|EF03MA02|EF05MA03,1.0000|0.9656|0.9636|0.9317|0.9206,0.034377,False,EF04MA12|EF07MA10|EF05MA05|EF05MA03|EF07MA12,0.9015|0.8992|0.8831|0.8245|0.8233,0.002268,False,True
sedu_ama5_2023t1-D005_M-01,sedu_ama5_2023t1,5,EF08MA11|EF08MA10|EF03MA02|EF02MA04|EF03MA10,1.0000|0.9535|0.8326|0.7939|0.7071,0.046537,False,EF04MA02|EF03MA09|EF03MA05|EF03MA07|EF02MA06,1.0000|0.9753|0.9007|0.9005|0.8847,0.024655,False,EF03MA02|EF04MA02|EF08MA11|EF08MA10|EF02MA04,0.8414|0.8103|0.7924|0.7552|0.7520,0.03115,False,True
sedu_ama5_2023t1-D005_M-02,sedu_ama5_2023t1,5,EM13MAT315|EF04MA02|EF08MA11|EF04MA08|EF08MA10,1.0000|0.6904|0.6846|0.6780|0.6528,0.309597,False,EF05MA01|EF09MA02|EF04MA02|EF06MA09|EF09MA03,1.0000|0.9969|0.9640|0.9623|0.9570,0.003119,False,EF04MA02|EM13MAT315|EF09MA03|EF08MA11|EF06MA09,0.8272|0.6834|0.6712|0.6420|0.6268,0.143832,False,False
sedu_ama5_2023t1-D005_M-03,sedu_ama5_2023t1,5,EF01MA01|EF01MA02|EF01MA03|EF01MA04|EF01MA05,0.0000|0.0000|0.0000|0.0000|0.0000,0.0,True,EF01MA04|EF04MA01|EF02MA02|EF05MA01|EF05MA06,1.0000|0.7718|0.6489|0.6000|0.5494,0.228244,False,EF01MA04|EF04MA01|EF02MA02|EF05MA01|EF05MA06,0.5000|0.3859|0.3245|0.3000|0.2747,0.114122,False,False
sedu_ama5_2023t1-D011_M-01,sedu_ama5_2023t1,5,EF08MA04|EF06MA13|EF06MA12|EF07MA02|EF09MA05,1.0000|0.7827|0.4586|0.4472|0.4082,0.217333,False,EF04MA13|EF02MA05|EF01MA03|EF03MA03|EF02MA03,1.0000|0.9858|0.9591|0.9478|0.9466,0.014195,False,EF08MA04|EF06MA13|EF05MA06|EF06MA12|EF02MA02,0.7306|0.5616|0.5521|0.5217|0.5025,0.169028,False,False
sedu_ama5_2023t1-D011_M-02,sedu_ama5_2023t1,5,EF08MA26|EF08MA05|EF01MA02|EF06MA10|EF08MA24,1.0000|0.6598|0.6333|0.6125|0.6085,0.340214,False,EF05MA06|EF07MA09|EF05MA04|EF06MA12|EF01MA03,1.0000|0.9636|0.8837|0.8626|0.8604,0.036418,False,EF07MA09|EF08MA26|EF01MA02|EF06MA10|EF04MA02,0.6904|0.6746|0.6594|0.6317|0.6136,0.015837,False,True
sedu_ama5_2023t1-D011_M-03,sedu_ama5_2023t1,5,EF07MA05|EF07MA07|EF05MA18|EF07MA08|EF06MA09,1.0000|0.8528|0.8175|0.8165|0.7559,0.147197,False,EF03MA21|EF06MA25|EF05MA04|EF07MA20|EF05MA20,1.0000|0.9884|0.9164|0.9073|0.9042,0.01164,False,EF05MA18|EF07MA07|EF07MA08|EF07MA09|EF07MA05,0.7825|0.7665|0.7161|0.7102|0.7009,0.01601,False,True
sedu_ama5_2023t1-D014_M-01,sedu_ama5_2023t1,5,EF03MA01|EF04MA01|EF05MA01|EF06MA01|EF01MA08,1.0000|0.7960|0.7504|0.7304|0.6328,0.204043,False,EF04MA02|EF03MA09|EF03MA02|EF05MA01|EF04MA01,1.0000|0.9884|0.9798|0.9444|0.8901,0.011592,False,EF03MA01|EF05MA01|EF04MA01|EF06MA01|EF01MA08,0.9403|0.8474|0.8430|0.7981|0.7116,0.092864,False,False
sedu_ama5_2023t1-D014_M-02,sedu_ama5_2023t1,5,EF04MA01|EF02MA09|EF01MA08|EF01MA01|EM13MAT313,1.0000|0.5505|0.5407|0.4625|0.4510,0.449499,False,EF04MA01|EF05MA01|EF03MA01|EF02MA01|EF03MA02,1.0000|0.9071|0.8954|0.8905|0.8862,0.092865,False,EF04MA01|EF05MA01|EF03MA01|EF02MA01|EF02MA09,1.0000|0.6783|0.6724|0.6585|0.6442,0.321691,False,False
sedu_ama5_2023t1-D014_M-03,sedu_ama5_2023t1,5,EF02MA01|EF06MA02|EF02MA02|EF02MA03|EF01MA08,1.0000|0.8944|0.8607|0.8452|0.7150,0.105573,False,EF03MA02|EF03MA09|EF05MA04|EF02MA01|EF05MA01,1.0000|0.9866|0.9530|0.9313|0.9275,0.013377,False,EF02MA01|EF06MA02|EF02MA02|EF01MA08|EF02MA03,0.9657|0.8130|0.7585|0.6987|0.6938,0.152679,False,False
sedu_ama5_2023t1-D022_M-01,sedu_ama5_2023t1,5,EF03MA06|EF08MA21|EF03MA12|EF06MA09|EF06MA30,1.0000|0.8724|0.8660|0.6995|0.6928,0.127625,False,EF06MA12|EF09MA16|EF07MA04|EF09MA04|EF08MA22,1.0000|0.9765|0.9723|0.9297|0.9225,0.023548,False,EF03MA06|EF03MA12|EF08MA21|EF06MA30|EF06MA09,0.9005|0.8410|0.8174|0.7502|0.7295,0.059516,False,False
sedu_ama5_2023t1-D022_M-02,sedu_ama5_2023t1,5,EF03MA09|EF05MA06|EF02MA08|EF05MA22|EF01MA17,1.0000|0.7842|0.5916|0.5911|0.5401,0.215839,False,EF03MA09|EF02MA11|EF04MA01|EF02MA03|EF03MA07,1.0000|0.9418|0.8989|0.8903|0.8796,0.058191,False,EF03MA09|EF05MA06|EF01MA17|EF02MA06|EF05MA22,1.0000|0.7259|0.6280|0.6002|0.5897,0.274108,False,False
sedu_ama5_2023t1-D022_M-03,sedu_ama5_2023t1,5,EF08MA17|EF06MA34|EF05MA14|EF04MA23|EF02MA06,1.0000|0.6614|0.6417|0.5189|0.4275,0.338562,False,EF08MA22|EF07MA04|EF04MA01|EF01MA03|EF02MA02,1.0000|0.9427|0.9310|0.8986|0.8972,0.057312,False,EF08MA17|EF03MA12|EF02MA08|EF06MA34|EF02MA07,0.8202|0.5749|0.5488|0.5405|0.5302,0.24525,False,False
sedu_ama5_2023t1-D023_M-01,sedu_ama5_2023t1,5,EF03MA24|EF04MA25|EM13MAT303|EM13MAT102|EF02MA03,1.0000|0.9661|0.9532|0.7685|0.6495,0.033908,False,EF01MA03|EF02MA03|EF03MA09|EF02MA02|EF02MA07,1.0000|0.9476|0.8023|0.8010|0.7873,0.052372,False,EF04MA25|EF03MA24|EF02MA03|EM13MAT303|EM13MAT102,0.8635|0.8582|0.7986|0.7270|0.6273,0.00535,False,True
sedu_ama5_2023t1-D023_M-02,sedu_ama5_2023t1,5,EF08MA26|EF06MA33|EF08MA09|EF03MA18|EF01MA02,1.0000|0.7790|0.7269|0.6496|0.6333,0.220961,False,EF05MA12|EF03MA07|EF06MA15|EM13MAT505|EF01MA15,1.0000|0.9615|0.9575|0.9480|0.9384,0.038464,False,EF08MA26|EM13MAT505|EF08MA09|EF08MA06|EF08MA23,0.8258|0.7047|0.6836|0.6547|0.6292,0.121094,False,False
sedu_ama5_2023t1-D023_M-03,sedu_ama5_2023t1,5,EF05MA13|EF01MA03|EF01MA01|EF02MA03|EF07MA16,1.0000|0.7237|0.6711|0.5471|0.4888,0.276269,False,EF05MA09|EF01MA03|EF03MA07|EF03MA09|EF02MA03,1.0000|0.9283|0.9208|0.9144|0.9107,0.071653,False,EF05MA13|EF01MA03|EF05MA09|EF02MA03|EF06MA12,0.8331|0.8260|0.7417|0.7289|0.6231,0.007056,False,True
sedu_ama5_2023t1-D044_M-01,sedu_ama5_2023t1,5,EF08MA10|EF04MA02|EF07MA14|EF04MA14|EF08MA11,1.0000|0.9460|0.7452|0.7379|0.7108,0.054019,False,EF03MA12|EF04MA16|EF01MA11|EF02MA12|EF09MA17,1.0000|0.9255|0.9067|0.8708|0.8667,0.074509,False,EF08MA10|EF04MA02|EF08MA11|EF07MA14|EF09MA17,0.7983|0.7068|0.6431|0.6368|0.6223,0.091458,False,False
sedu_ama5_2023t1-D044_M-02,sedu_ama5_2023t1,5,EF02MA13|EF04MA14|EF05MA15|EF03MA12|EF05MA14,1.0000|0.9902|0.8718|0.8155|0.7911,0.009765,False,EF06MA28|EF01MA11|EF03MA12|EF05MA15|EF04MA16,1.0000|0.9943|0.9848|0.9612|0.9602,0.005681,False,EF05MA15|EF03MA12|EF02MA13|EF05MA14|EF04MA16,0.9165|0.9001|0.8632|0.7959|0.7940,0.016372,False,True
sedu_ama5_2023t1-D044_M-03,sedu_ama5_2023t1,5,EF01MA11|EF04MA14|EF06MA28|EF04MA02|EF06MA34,1.0000|0.5675|0.4438|0.4436|0.4322,0.432527,False,EF01MA04|EF03MA12|EF09MA17|EF04MA16|EF03MA21,1.0000|0.8545|0.8491|0.8441|0.8424,0.145515,False,EF01MA11|EF09MA17|EF03MA21|EF01MA12|EF06MA28,0.8998|0.6321|0.6169|0.5571|0.5351,0.267639,False,False
sedu_ama5_2023t1-D060_M-01,sedu_ama5_2023t1,5,EM13MAT404|EF01MA17|EF06MA30|EF01MA18|EF05MA09,1.0000|0.9474|0.9165|0.9102|0.8777,0.052632,False,EF08MA20|EF02MA02|EF07MA30|EF01MA03|EM13MAT504,1.0000|0.9720|0.8858|0.8758|0.8692,0.027954,False,EF02MA03|EF06MA30|EF05MA09|EM13MAT404|EF01MA18,0.7920|0.7898|0.7621|0.7421|0.7185,0.002231,False,True
sedu_ama5_2023t1-D060_M-02,sedu_ama5_2023t1,5,EF07MA18|EF04MA14|EF06MA22|EF09MA11|EF05MA09,1.0000|0.9045|0.9045|0.9045|0.8024,0.095466,False,EF02MA17|EF03MA20|EF02MA02|EF01MA03|EF07MA30,1.0000|0.9905|0.8695|0.8563|0.8488,0.009493,False,EF02MA17|EF03MA20|EF02MA03|EF02MA02|EF05MA09,0.8677|0.8029|0.7337|0.7234|0.7158,0.064802,False,False
sedu_ama5_2023t1-D060_M-03,sedu_ama5_2023t1,5,EF07MA15|EF08MA22|EF04MA14|EF03MA24|EF04MA25,1.0000|0.8771|0.7668|0.7418|0.7167,0.122942,False,EF08MA20|EF02MA03|EF05MA12|EF05MA04|EF05MA20,1.0000|0.9497|0.8560|0.8519|0.8446,0.050258,False,EF03MA20|EF07MA15|EF04MA25|EF09MA12|EF04MA14,0.7582|0.7412|0.7278|0.7266|0.7194,0.016945,False,True
sedu_ama5_2023t1-D106_M-01,sedu_ama5_2023t1,5,EF02MA16|EF03MA19|EF03MA18|EF04MA20|EF08MA05,1.0000|0.7834|0.7012|0.6909|0.4423,0.216609,False,EF02MA16|EF04MA21|EF03MA19|EF06MA29|EF08MA21,1.0000|0.8726|0.8628|0.8157|0.8150,0.127376,False,EF02MA16|EF03MA19|EF03MA18|EF04MA20|EF04MA21,1.0000|0.8231|0.7327|0.6993|0.5725,0.176921,False,False
sedu_ama5_2023t1-D106_M-02,sedu_ama5_2023t1,5,EF05MA20|EF07MA16|EF05MA23|EF05MA10|EF03MA11,1.0000|0.4835|0.4610|0.4469|0.4240,0.516513,False,EF06MA25|EF09MA10|EF05MA20|EF01MA03|EF02MA03,1.0000|0.9071|0.8816|0.8587|0.8189,0.092943,False,EF05MA20|EF01MA03|EF04MA21|EF02MA03|EF05MA10,0.9408|0.6204|0.5720|0.5539|0.5387,0.320357,False,False
sedu_ama5_2023t1-D106_M-03,sedu_ama5_2023t1,5,EF02MA03|EF05MA09|EF06MA12|EF06MA15|EF01MA02,1.0000|0.7177|0.7081|0.6039|0.5782,0.282348,False,EF08MA20|EF01MA03|EF02MA03|EF09MA19|EF06MA12,1.0000|0.8602|0.8512|0.8280|0.7905,0.139754,False,EF02MA03|EF06MA12|EF05MA09|EF01MA03|EF06MA15,0.9256|0.7493|0.7086|0.6805|0.6197,0.176304,False,False
sedu_ama5_2023t1-D114_M-01,sedu_ama5_2023t1,5,EF09MA04|EF06MA26|EF03MA24|EF04MA25|EF09MA03,1.0000|0.9129|0.8565|0.8274|0.7906,0.087129,False,EF01MA19|EF04MA25|EF03MA24|EF01MA04|EF02MA02,1.0000|0.9742|0.9400|0.8719|0.8650,0.025779,False,EF04MA25|EF03MA24|EF09MA04|EF09MA03|EF02MA03,0.9008|0.8982|0.7929|0.7327|0.7005,0.002578,False,True
sedu_ama5_2023t1-D114_M-02,sedu_ama5_2023t1,5,EF04MA25|EF05MA12|EF03MA24|EF06MA12|EF06MA15,1.0000|0.7460|0.4839|0.3898|0.3324,0.253977,False,EF02MA03|EF01MA03|EF03MA09|EF03MA11|EF05MA04,1.0000|0.9570|0.8791|0.8342|0.8319,0.043005,False,EF04MA25|EF01MA03|EF05MA12|EF02MA03|EF03MA24,0.8750|0.6163|0.6105|0.6042|0.5511,0.258655,False,False
sedu_ama5_2023t1-D114_M-03,sedu_ama5_2023t1,5,EM13MAT314|EF03MA24|EM13MAT101|EF01MA17|EF04MA25,1.0000|0.9201|0.9201|0.9129|0.8889,0.079882,False,EF04MA25|EF05MA04|EF06MA07|EF05MA13|EF09MA09,1.0000|0.9499|0.9421|0.9183|0.9066,0.050067,False,EF04MA25|EF03MA24|EF09MA09|EF05MA12|EM13MAT314,0.9445|0.9034|0.8919|0.7708|0.7399,0.041081,False,True
sedu_ama5_2024t3-D022_M-01,sedu_ama5_2024t3,5,EF01MA19|EF04MA15|EF06MA21|EF06MA34|EF06MA30,1.0000|0.5834|0.5620|0.5062|0.4970,0.416594,False,EM13MAT104|EF01MA19|EF07MA36|EF09MA23|EF06MA33,1.0000|0.8645|0.8376|0.8313|0.7950,0.135483,False,EF01MA19|EF02MA20|EM13MAT104|EF04MA10|EF03MA24,0.9323|0.6034|0.5594|0.5569|0.5457,0.328898,False,False
sedu_ama5_2024t3-D022_M-02,sedu_ama5_2024t3,5,EM13MAT315|EF01MA17|EF01MA18|EM13MAT101|EF04MA23,1.0000|0.7413|0.7122|0.5246|0.5036,0.258693,False,EF01MA19|EF04MA25|EF03MA24|EF02MA03|EF02MA20,1.0000|0.9531|0.9454|0.8583|0.8476,0.046889,False,EM13MAT315|EF03MA17|EF01MA19|EF04MA25|EF04MA09,0.7324|0.5563|0.5000|0.4766|0.4728,0.176099,False,False
sedu_ama5_2024t3-D022_M-03,sedu_ama5_2024t3,5,EF07MA26|EF04MA07|EF01MA19|EF02MA01|EF08MA06,1.0000|0.9821|0.8206|0.8112|0.7076,0.017853,False,EF01MA19|EF05MA06|EF01MA04|EF01MA08|EF02MA05,1.0000|0.9267|0.9263|0.9052|0.8487,0.073338,False,EF01MA19|EF07MA26|EF04MA07|EF01MA08|EF02MA01,0.9103|0.7862|0.7758|0.7505|0.7238,0.124085,False,False
sedu_ama5_2024t3-D023_M-01,sedu_ama5_2024t3,5,EF02MA07|EF09MA18|EF03MA07|EF04MA06|EF03MA08,1.0000|0.9040|0.8944|0.8660|0.8165,0.095998,False,EF01MA19|EF03MA24|EF02MA20|EF04MA10|EF04MA09,1.0000|0.9318|0.9282|0.8505|0.7593,0.068226,False,EF02MA07|EF02MA02|EF03MA07|EF09MA18|EF02MA03,0.8381|0.7485|0.7372|0.7152|0.6890,0.089579,False,False
sedu_ama5_2024t3-D023_M-02,sedu_ama5_2024t3,5,EM13MAT503|EF06MA30|EF09MA04|EF04MA05|EF06MA12,1.0000|0.7363|0.3047|0.2782|0.2409,0.263716,False,EF04MA01|EF08MA03|EF07MA04|EF03MA09|EF09MA10,1.0000|0.9395|0.9392|0.9148|0.9104,0.060453,False,EM13MAT503|EF06MA30|EF04MA01|EF07MA04|EF06MA12,0.9429|0.5878|0.5852|0.5773|0.5621,0.355109,False,False
sedu_ama5_2024t3-D023_M-03,sedu_ama5_2024t3,5,EF05MA13|EF07MA09|EF01MA18|EF02MA01|EF09MA04,1.0000|0.8693|0.8689|0.8597|0.8582,0.13073,False,EF01MA19|EF03MA24|EF01MA03|EF02MA03|EF02MA02,1.0000|0.9362|0.8722|0.8599|0.8440,0.063816,False,EF05MA13|EF02MA03|EF02MA02|EF02MA01|EF07MA09,0.8233|0.7932|0.7920|0.7580|0.7558,0.030112,False,True
sedu_ama5_2024t3-D024_M-01,sedu_ama5_2024t3,5,EF04MA25|EF09MA04|EF06MA26|EF03MA24|EF09MA03,1.0000|0.5650|0.5157|0.4839|0.4466,0.435049,False,EF01MA19|EF03MA24|EF02MA03|EF01MA03|EF03MA09,1.0000|0.9808|0.9632|0.9442|0.8900,0.019197,False,EF04MA25|EF03MA24|EF09MA04|EF09MA03|EF01MA19,0.8714|0.7323|0.5740|0.5306|0.5000,0.139065,False,False
sedu_ama5_2024t3-D024_M-02,sedu_ama5_2024t3,5,EM13MAT407|EF03MA15|EF01MA17|EF01MA18|EF01MA16,1.0000|0.8095|0.7735|0.7432|0.7161,0.190517,False,EF01MA04|EF02MA03|EF01MA03|EF01MA13|EF03MA13,1.0000|0.8777|0.8688|0.8486|0.8255,0.122269,False,EM13MAT407|EF01MA09|EF01MA04|EF01MA18|EF01MA03,0.7925|0.7259|0.7132|0.7000|0.6844,0.066543,False,False
sedu_ama5_2024t3-D024_M-03,sedu_ama5_2024t3,5,EF03MA24|EF08MA06|EF04MA25|EF01MA17|EF06MA30,1.0000|0.5927|0.5612|0.5119|0.4953,0.407314,False,EF02MA02|EF01MA03|EF05MA12|EF07MA30|EF03MA20,1.0000|0.9598|0.9456|0.9308|0.9046,0.040192,False,EF03MA24|EF05MA12|EF02MA02|EF08MA06|EF02MA03,0.8824|0.6576|0.6509|0.6014|0.5630,0.224839,False,False
sedu_ama5_2024t3-D042_M-01,sedu_ama5_2024t3,5,EF04MA03|EF06MA33|EM13MAT106|EF05MA09|EF02MA23,1.0000|0.7507|0.6387|0.5976|0.5317,0.249292,False,EF06MA28|EF03MA12|EF03MA14|EM13MAT201|EF05MA16,1.0000|0.8115|0.7957|0.7909|0.7818,0.188483,False,EM13MAT106|EF06MA33|EF04MA03|EF02MA23|EF07MA22,0.7047|0.6611|0.6359|0.5767|0.5466,0.043658,False,True
sedu_ama5_2024t3-D042_M-02,sedu_ama5_2024t3,5,EM13MAT505|EF05MA09|EF06MA33|EF03MA18|EF06MA15,1.0000|0.9945|0.8865|0.7392|0.7054,0.005538,False,EF03MA21|EF01MA03|EF02MA03|EF01MA04|EF02MA23,1.0000|0.9978|0.9773|0.9185|0.9052,0.002187,False,EF05MA09|EM13MAT505|EF04MA08|EF02MA23|EF08MA23,0.8825|0.8312|0.7175|0.7006|0.6928,0.051327,False,False
sedu_ama5_2024t3-D042_M-03,sedu_ama5_2024t3,5,EF09MA18|EF05MA09|EF03MA02|EF04MA08|EF03MA01,1.0000|0.5702|0.4527|0.3896|0.3374,0.429773,False,EF06MA18|EF03MA07|EF03MA15|EF05MA12|EF03MA14,1.0000|0.9604|0.9516|0.9252|0.9158,0.039602,False,EF09MA18|EF05MA09|EF03MA02|EF05MA12|EF05MA20,0.7669|0.6635|0.5681|0.5578|0.5560,0.1034,False,False
sedu_ama5_2024t3-D113_M-01,sedu_ama5_2024t3,5,EF04MA21|EM13MAT405|EF06MA34|EF01MA14|EF08MA15,1.0000|0.6546|0.6274|0.6207|0.5684,0.345361,False,EF06MA28|EF07MA22|EF03MA14|EF06MA21|EF09MA17,1.0000|0.8493|0.7841|0.7498|0.7126,0.150734,False,EF04MA21|EF06MA28|EF06MA34|EF01MA14|EF08MA15,0.8143|0.7032|0.6039|0.5925|0.5803,0.111011,False,False
sedu_ama5_2024t3-D113_M-02,sedu_ama5_2024t3,5,EF06MA29|EF06MA21|EF05MA20|EF05MA18|EF04MA26,1.0000|0.8953|0.8287|0.7853|0.6269,0.104669,False,EF05MA20|EM13MAT502|EF04MA21|EF06MA29|EF07MA09,1.0000|0.9748|0.9742|0.9478|0.9244,0.025213,False,EF06MA29|EF05MA20|EF06MA21|EF05MA18|EF04MA04,0.9739|0.9143|0.8483|0.8259|0.6715,0.05953,False,False
sedu_ama5_2024t3-D113_M-03,sedu_ama5_2024t3,5,EF04MA21|EF07MA32|EF06MA29|EF02MA15|EF01MA14,1.0000|0.7794|0.6959|0.5244|0.4926,0.220628,False,EF04MA21|EF07MA31|EF08MA19|EF07MA24|EF07MA32,1.0000|0.9785|0.9240|0.9146|0.9084,0.021493,False,EF04MA21|EF07MA32|EF06MA29|EF08MA19|EF07MA31,1.0000|0.8439|0.7625|0.7009|0.6816,0.156136,False,False
sedu_ama5_2025t3-D013_M-01,sedu_ama5_2025t3,5,EF05MA12|EF06MA09|EF08MA20|EF08MA05|EF06MA10,1.0000|0.8338|0.6721|0.6703|0.6223,0.166184,False,EF05MA04|EF02MA05|EF04MA04|EF04MA13|EF01MA06,1.0000|0.9623|0.9608|0.9564|0.9558,0.037664,False,EF05MA12|EF06MA09|EF08MA20|EF06MA10|EF07MA09,0.8941|0.7851|0.7421|0.7344|0.6697,0.10904,False,False
sedu_ama5_2025t3-D013_M-02,sedu_ama5_2025t3,5,EF09MA07|EM13MAT510|EF07MA15|EF01MA10|EF03MA08,1.0000|0.8413|0.8367|0.6272|0.5512,0.158654,False,EF06MA12|EF04MA01|EF02MA01|EF03MA08|EF01MA05,1.0000|0.9635|0.9596|0.9535|0.9410,0.036515,False,EF03MA08|EF07MA15|EM13MAT510|EF04MA12|EF01MA10,0.7524|0.7359|0.6815|0.6669|0.6646,0.016428,False,True
sedu_ama5_2025t3-D013_M-03,sedu_ama5_2025t3,5,EF08MA04|EF07MA28|EF04MA12|EF05MA20|EF03MA16,1.0000|0.6996|0.6236|0.6193|0.5339,0.30045,False,EF07MA24|EF06MA19|EF01MA14|EF07MA31|EF06MA21,1.0000|0.9733|0.9623|0.9401|0.9175,0.026747,False,EF07MA28|EF05MA20|EF07MA31|EF01MA14|EF03MA16,0.7897|0.7086|0.6957|0.6859|0.6700,0.081097,False,False
sedu_ama5_2025t3-D013_M-04,sedu_ama5_2025t3,5,EF06MA33|EF06MA11|EF02MA23|EF06MA08|EF03MA02,1.0000|0.9940|0.8540|0.8072|0.7859,0.006,False,EF04MA02|EF03MA09|EF06MA10|EF06MA11|EF07MA12,1.0000|0.9823|0.9394|0.9339|0.9339,0.017742,False,EF06MA11|EF06MA08|EF03MA02|EF07MA12|EF05MA07,0.9640|0.8674|0.8310|0.8124|0.7842,0.096595,False,False
sedu_ama5_2025t3-D013_M-05,sedu_ama5_2025t3,5,EF08MA05|EF05MA18|EF06MA09|EF06MA10|EF07MA05,1.0000|0.9223|0.9050|0.8743|0.8660,0.077727,False,EF05MA04|EF04MA09|EF06MA09|EF03MA09|EF07MA09,1.0000|0.9430|0.8787|0.8684|0.8675,0.056966,False,EF06MA09|EF06MA10|EF08MA05|EF06MA07|EF07MA09,0.8919|0.8493|0.8435|0.7612|0.7500,0.04253,False,True
sedu_ama5_2025t3-D013_M-06,sedu_ama5_2025t3,5,EF05MA04|EF07MA12|EF05MA07|EF07MA10|EF05MA05,1.0000|0.9129|0.8771|0.8771|0.8452,0.087129,False,EF06MA08|EF05MA05|EF03MA02|EF05MA01|EF04MA10,1.0000|0.9746|0.9672|0.9599|0.9402,0.025424,False,EF05MA04|EF05MA05|EF07MA12|EF04MA10|EF07MA10,0.9137|0.9099|0.9061|0.8654|0.8619,0.003856,False,True
sedu_ama5_2025t3-D013_M-07,sedu_ama5_2025t3,5,EM13MAT510|EF05MA04|EF01MA10|EF05MA05|EF06MA10,1.0000|0.9424|0.9202|0.7965|0.7695,0.057576,False,EF07MA10|EF02MA22|EF08MA10|EF05MA05|EF05MA04,1.0000|0.9200|0.9181|0.9145|0.9046,0.079969,False,EF05MA04|EM13MAT510|EF05MA05|EF01MA10|EF06MA10,0.9235|0.8593|0.8555|0.8314|0.7563,0.064191,False,False
sedu_ama5_2025t3-D013_M-08,sedu_ama5_2025t3,5,EF05MA13|EF05MA20|EF08MA10|EF05MA18|EF07MA08,1.0000|0.7962|0.5913|0.5439|0.5432,0.20381,False,EF07MA32|EF04MA21|EF03MA15|EF06MA07|EF03MA09,1.0000|0.9764|0.9303|0.9188|0.8920,0.023566,False,EF05MA13|EF05MA20|EF03MA09|EF05MA18|EF07MA08,0.8842|0.8233|0.6975|0.6964|0.6955,0.060926,False,False
sedu_ama5_2025t3-D065_M-01,sedu_ama5_2025t3,5,EF01MA20|EF06MA04|EF04MA14|EM13MAT104|EF01MA10,1.0000|0.9591|0.9165|0.7848|0.7639,0.040944,False,EF06MA12|EF01MA05|EF06MA30|EF04MA01|EF08MA22,1.0000|0.9981|0.9891|0.9406|0.9097,0.001929,False,EM13MAT312|EF01MA20|EF03MA25|EF09MA02|EF06MA30,0.8151|0.8073|0.7887|0.7821|0.7651,0.007819,False,True
sedu_ama5_2025t3-D065_M-02,sedu_ama5_2025t3,5,EF02MA06|EF01MA20|EM13MAT407|EF02MA03|EF03MA06,1.0000|0.7009|0.6036|0.5760|0.5257,0.299098,False,EF05MA23|EM13MAT312|EF05MA22|EF08MA22|EM13MAT511,1.0000|0.9953|0.9696|0.9652|0.9305,0.004658,False,EM13MAT312|EF01MA20|EF02MA03|EF05MA23|EF02MA06,0.7591|0.7408|0.7395|0.7085|0.7029,0.018257,False,True
sedu_ama5_2025t3-D065_M-03,sedu_ama5_2025t3,5,EF03MA06|EF08MA21|EF05MA22|EF08MA20|EF02MA06,1.0000|0.7559|0.7166|0.6838|0.6587,0.244072,False,EF08MA21|EF01MA03|EF01MA04|EF06MA12|EF02MA02,1.0000|0.9106|0.8917|0.8706|0.8599,0.089366,False,EF08MA21|EF03MA06|EF05MA22|EM13MAT312|EF06MA12,0.8780|0.7493|0.7364|0.6837|0.6794,0.128673,False,False
sedu_ama5_2025t3-D065_M-04,sedu_ama5_2025t3,5,EM13MAT312|EF03MA27|EM13MAT311|EM13MAT511|EF04MA24,1.0000|0.8472|0.8367|0.8367|0.7990,0.152822,False,EF06MA30|EF04MA26|EF06MA12|EF08MA22|EF05MA22,1.0000|0.9880|0.9808|0.9483|0.9257,0.01201,False,EM13MAT312|EF06MA30|EF05MA23|EF08MA22|EF07MA34,0.9456|0.8627|0.8583|0.8411|0.8217,0.082955,False,False
sedu_ama5_2025t3-D065_M-05,sedu_ama5_2025t3,5,EF01MA19|EF02MA20|EM13MAT312|EF01MA12|EF03MA24,1.0000|0.5047|0.4347|0.4098|0.4046,0.495335,False,EF06MA30|EF01MA03|EF05MA23|EF09MA20|EM13MAT312,1.0000|0.9624|0.9517|0.9433|0.9211,0.037641,False,EF01MA19|EM13MAT312|EF05MA23|EF09MA20|EF08MA22,0.9311|0.6779|0.6492|0.6450|0.6168,0.253175,False,False
sedu_ama5_2025t3-D065_M-06,sedu_ama5_2025t3,5,EF04MA14|EF03MA11|EF08MA22|EF09MA20|EF01MA21,1.0000|0.8315|0.7266|0.7072|0.6082,0.168516,False,EF06MA12|EF03MA09|EF07MA10|EF08MA22|EF01MA03,1.0000|0.9337|0.9240|0.9115|0.8990,0.066298,False,EF08MA22|EF04MA14|EF03MA11|EF09MA20|EF04MA02,0.8191|0.7826|0.6750|0.6249|0.6213,0.036429,False,True
sedu_ama5_2025t3-D111_M-01,sedu_ama5_2025t3,5,EM13MAT510|EM13MAT505|EF01MA10|EM13MAT503|EF04MA17,1.0000|0.4464|0.3966|0.3914|0.3766,0.553637,False,EF03MA14|EF06MA17|EF05MA16|EF04MA17|EF07MA24,1.0000|0.9669|0.9418|0.9106|0.8990,0.033105,False,EF05MA16|EF06MA17|EF03MA14|EF04MA17|EM13MAT510,0.6592|0.6587|0.6558|0.6436|0.6304,0.000479,False,True
sedu_ama5_2025t3-D111_M-02,sedu_ama5_2025t3,5,EM13MAT407|EF05MA21|EF04MA17|EF05MA16|EF02MA15,1.0000|0.7735|0.7432|0.7432|0.6919,0.226478,False,EF03MA14|EF05MA16|EF08MA21|EF02MA14|EF07MA22,1.0000|0.9802|0.9579|0.8432|0.8319,0.019776,False,EF05MA16|EF03MA14|EM13MAT407|EF04MA17|EF03MA13,0.8617|0.8074|0.7850|0.7738|0.7210,0.054334,False,False
sedu_ama5_2025t3-D111_M-03,sedu_ama5_2025t3,5,EF03MA21|EF01MA14|EF02MA02|EF06MA12|EF04MA07,1.0000|0.7276|0.6482|0.5346|0.5024,0.272393,False,EF07MA22|EF08MA21|EF03MA13|EF03MA14|EF08MA15,1.0000|0.8928|0.8594|0.8585|0.8379,0.107189,False,EF03MA21|EF01MA14|EF07MA22|EF03MA13|EF03MA14,0.8009|0.7301|0.7182|0.6426|0.6422,0.070812,False,False
sedu_ama5_2025t3-D111_M-04,sedu_ama5_2025t3,5,EF05MA21|EF04MA17|EF05MA16|EF05MA09|EF02MA15,1.0000|0.9608|0.9608|0.9265|0.8944,0.039231,False,EF03MA14|EF05MA16|EF08MA21|EF08MA17|EF04MA17,1.0000|0.8998|0.8464|0.8387|0.7953,0.100225,False,EF05MA16|EF03MA14|EF04MA17|EF05MA21|EF06MA17,0.9303|0.8974|0.8780|0.8433|0.7750,0.032912,False,True
sedu_ama5_2025t3-D111_M-05,sedu_ama5_2025t3,5,EF09MA19|EM13MAT505|EM13MAT510|EM13MAT509|EF01MA10,1.0000|0.9298|0.9298|0.8528|0.8261,0.070202,False,EF01MA13|EF06MA25|EF03MA13|EF02MA14|EF03MA14,1.0000|0.9019|0.8732|0.8593|0.8560,0.098114,False,EF01MA13|EF09MA19|EM13MAT509|EM13MAT504|EF05MA16,0.8780|0.8150|0.7895|0.7755|0.7745,0.062959,False,False
sedu_ama5_2025t3-D111_M-06,sedu_ama5_2025t3,5,EF05MA18|EF04MA17|EF05MA16|EF01MA10|EF03MA13,1.0000|0.9243|0.9243|0.8272|0.7645,0.075738,False,EF03MA14|EF07MA20|EF05MA16|EF07MA07|EF04MA17,1.0000|0.8683|0.8654|0.8295|0.8221,0.131716,False,EF05MA16|EF03MA14|EF04MA17|EF05MA18|EF03MA13,0.8948|0.8823|0.8732|0.8369|0.7021,0.012558,False,True
sedu_ama5_2025t3-D112_M-01,sedu_ama5_2025t3,5,EM13MAT505|EF03MA16|EF04MA19|EF06MA22|EF08MA19,1.0000|0.9730|0.8882|0.8242|0.8223,0.026989,False,EF07MA31|EF08MA14|EF01MA14|EF09MA10|EF07MA20,1.0000|0.9836|0.9792|0.9686|0.9619,0.016392,False,EF04MA19|EF03MA16|EM13MAT505|EF08MA14|EF08MA19,0.9031|0.8700|0.8660|0.8651|0.8414,0.033089,False,True
sedu_ama5_2025t3-D112_M-02,sedu_ama5_2025t3,5,EF02MA15|EF01MA14|EF05MA17|EM13MAT505|EF03MA16,1.0000|0.9393|0.8782|0.8045|0.7711,0.060664,False,EF01MA14|EF02MA15|EF07MA20|EF04MA21|EF03MA14,1.0000|0.9440|0.9302|0.9300|0.9244,0.056012,False,EF02MA15|EF01MA14|EF05MA17|EF04MA21|EF03MA16,0.9720|0.9697|0.8467|0.7857|0.7834,0.002326,False,True
sedu_ama5_2025t3-D112_M-03,sedu_ama5_2025t3,5,EF03MA16|EF02MA15|EF01MA14|EF05MA17|EF08MA18,1.0000|0.8165|0.7670|0.6454|0.6454,0.183503,False,EF07MA20|EF01MA14|EF07MA24|EF03MA14|EF07MA26,1.0000|0.9528|0.9461|0.9459|0.9374,0.047227,False,EF01MA14|EF03MA16|EF02MA15|EF05MA17|EF08MA19,0.8599|0.8579|0.8420|0.7459|0.7238,0.001978,False,True
sedu_ama5_2025t3-D112_M-04,sedu_ama5_2025t3,5,EF04MA18|EF04MA14|EF06MA20|EF03MA02|EF05MA18,1.0000|0.7322|0.7204|0.7182|0.6354,0.267826,False,EF07MA31|EF08MA14|EF07MA24|EF01MA14|EF04MA18,1.0000|0.9549|0.9242|0.8992|0.8944,0.045104,False,EF04MA18|EF06MA20|EF05MA18|EF08MA14|EF07MA31,0.9472|0.7841|0.7440|0.7295|0.6650,0.163094,False,False
sedu_ama5_2025t3-D112_M-05,sedu_ama5_2025t3,5,EM13MAT504|EF04MA17|EF05MA16|EF05MA17|EF04MA18,1.0000|0.7836|0.7836|0.7836|0.7331,0.216417,False,EF03MA14|EF05MA16|EF07MA20|EF01MA14|EF03MA13,1.0000|0.9261|0.9231|0.9026|0.8862,0.073896,False,EF05MA16|EM13MAT504|EF04MA18|EF04MA17|EF06MA25,0.8548|0.8350|0.7907|0.7900|0.7862,0.019854,False,True
sedu_ama5_2025t3-D112_M-06,sedu_ama5_2025t3,5,EF09MA17|EF03MA21|EF03MA16|EF07MA01|EF03MA13,1.0000|0.9428|0.8944|0.8771|0.8291,0.057191,False,EF05MA17|EF01MA14|EF02MA15|EF07MA21|EF04MA18,1.0000|0.9942|0.9890|0.9549|0.9545,0.005809,False,EF09MA17|EF03MA21|EF03MA16|EF05MA17|EF02MA15,0.9590|0.9425|0.9163|0.8922|0.8596,0.016522,False,True
sedu_ama5_2025t3-D113_M-01,sedu_ama5_2025t3,5,EF04MA21|EF06MA21|EF03MA16|EF05MA18|EF05MA17,1.0000|0.9425|0.8469|0.8266|0.6015,0.057523,False,EF06MA25|EF09MA17|EF06MA21|EF04MA21|EF07MA21,1.0000|0.9704|0.9553|0.9099|0.8981,0.029611,False,EF04MA21|EF06MA21|EF03MA16|EF05MA18|EF09MA17,0.9549|0.9489|0.8495|0.8364|0.7804,0.006051,False,True
sedu_ama5_2025t3-D113_M-02,sedu_ama5_2025t3,5,EF06MA21|EF04MA21|EF05MA18|EF03MA16|EF09MA17,1.0000|0.9670|0.8771|0.8189|0.5710,0.033036,False,EF06MA21|EF04MA19|EF01MA14|EF09MA10|EF07MA31,1.0000|0.9908|0.9793|0.9759|0.9746,0.009233,False,EF06MA21|EF04MA21|EF05MA18|EF03MA16|EF04MA19,1.0000|0.9211|0.8907|0.8530|0.7320,0.078868,False,False
sedu_ama5_2025t3-D113_M-03,sedu_ama5_2025t3,5,EF05MA18|EF06MA21|EF04MA21|EF05MA12|EF04MA18,1.0000|0.8880|0.7352|0.5377|0.5110,0.111955,False,EM13MAT506|EF07MA31|EF06MA29|EF04MA21|EF08MA14,1.0000|0.9910|0.9889|0.9493|0.9431,0.009033,False,EF05MA18|EF06MA21|EF04MA21|EF07MA31|EF05MA20,0.9513|0.8535|0.8423|0.7090|0.6674,0.097782,False,False
sedu_ama5_2025t3-D113_M-04,sedu_ama5_2025t3,5,EF04MA21|EF06MA21|EF05MA18|EF07MA13|EF03MA16,1.0000|0.9546|0.8372|0.6109|0.4949,0.045442,False,EF01MA14|EF07MA20|EF08MA21|EF06MA19|EF02MA15,1.0000|0.9867|0.9546|0.9292|0.9264,0.013317,False,EF04MA21|EF06MA21|EF05MA18|EF01MA14|EF08MA21,0.9274|0.8980|0.8556|0.7287|0.6858,0.029375,False,True
sedu_ama5_2025t3-D113_M-05,sedu_ama5_2025t3,5,EF05MA18|EF03MA16|EF04MA21|EF05MA17|EF06MA21,1.0000|0.8237|0.8198|0.7314|0.6966,0.176282,False,EF07MA24|EF07MA31|EF07MA26|EF04MA21|EF08MA19,1.0000|0.9387|0.9278|0.9187|0.9106,0.061266,False,EF05MA18|EF04MA21|EF07MA24|EF06MA19|EF07MA26,0.8769|0.8693|0.8313|0.7851|0.7723,0.007626,False,True
sedu_ama5_2025t3-D113_M-06,sedu_ama5_2025t3,5,EM13MAT315|EF06MA21|EF05MA20|EF05MA18|EF03MA14,1.0000|0.7774|0.7678|0.6819|0.5842,0.222563,False,EF06MA25|EF05MA20|EF04MA21|EF03MA21|EF06MA21,1.0000|0.9479|0.9089|0.9026|0.8935,0.052057,False,EF05MA20|EF06MA21|EF05MA18|EF03MA14|EF06MA25,0.8579|0.8355|0.7716|0.6866|0.6429,0.022399,False,True
sedu_ama9_2023t1-D009_M-01,sedu_ama9_2023t1,9,EM13MAT510|EF04MA09|EF07MA04|EF01MA05|EF01MA10,1.0000|0.7964|0.7964|0.7594|0.7573,0.203562,False,EF05MA01|EF04MA01|EF03MA01|EF03MA02|EF06MA01,1.0000|0.9750|0.9436|0.9199|0.9082,0.025035,False,EF07MA04|EF04MA09|EF01MA05|EF05MA05|EF07MA10,0.7850|0.7734|0.7703|0.7613|0.7538,0.01163,False,True
sedu_ama9_2023t1-D009_M-02,sedu_ama9_2023t1,9,EF07MA12|EF07MA10|EF02MA03|EF05MA05|EF05MA02,1.0000|0.9608|0.9429|0.9258|0.8694,0.039231,False,EF07MA10|EF05MA05|EF06MA08|EF06MA16|EF03MA04,1.0000|0.9942|0.8156|0.8070|0.7714,0.005787,False,EF07MA10|EF05MA05|EF07MA12|EF07MA11|EF05MA02,0.9804|0.9600|0.8649|0.7759|0.7632,0.020368,False,True
sedu_ama9_2023t1-D009_M-03,sedu_ama9_2023t1,9,EF07MA04|EF07MA12|EF01MA04|EF07MA10|EF05MA05,1.0000|0.9129|0.8935|0.8771|0.8452,0.087129,False,EF04MA02|EF03MA09|EF05MA01|EF03MA02|EF06MA01,1.0000|0.9572|0.9522|0.9253|0.9173,0.042835,False,EF07MA04|EF07MA10|EF05MA05|EF07MA12|EF03MA04,0.9015|0.8664|0.8639|0.8588|0.8030,0.035102,False,True
sedu_ama9_2023t1-D010_M-01,sedu_ama9_2023t1,9,EF07MA15|EM13MAT315|EF07MA09|EF03MA17|EF06MA30,1.0000|0.9824|0.4945|0.4247|0.3830,0.017556,False,EF01MA06|EF05MA11|EF04MA13|EF04MA14|EF02MA05,1.0000|0.9767|0.9759|0.9677|0.9300,0.023279,False,EM13MAT315|EF07MA15|EF07MA09|EF07MA05|EF09MA09,0.9065|0.7393|0.6715|0.6008|0.5952,0.167202,False,False
sedu_ama9_2023t1-D010_M-02,sedu_ama9_2023t1,9,EF06MA23|EF07MA18|EF09MA04|EF06MA22|EF09MA11,1.0000|0.8536|0.8353|0.7721|0.7721,0.146422,False,EF08MA06|EF03MA09|EF07MA12|EF07MA04|EF05MA04,1.0000|0.9977|0.9651|0.9463|0.9278,0.002331,False,EF08MA06|EF04MA05|EF06MA23|EF09MA04|EF07MA18,0.8530|0.8448|0.8188|0.8012|0.7954,0.00818,False,True
sedu_ama9_2023t1-D010_M-03,sedu_ama9_2023t1,9,EF08MA06|EF07MA35|EF03MA24|EF01MA21|EF09MA19,1.0000|0.4332|0.4174|0.3832|0.3832,0.566829,False,EF07MA13|EF04MA14|EF03MA17|EF03MA11|EF01MA03,1.0000|0.8963|0.8470|0.8307|0.7914,0.103677,False,EF08MA06|EF07MA13|EF02MA03|EM13MAT313|EF07MA35,0.8281|0.6565|0.5221|0.5194|0.5052,0.171605,False,False
sedu_ama9_2023t1-D011_M-01,sedu_ama9_2023t1,9,EF08MA05|EF02MA20|EF01MA19|EF07MA05|EF03MA24,1.0000|0.9404|0.8921|0.8660|0.7540,0.059639,False,EM13MAT201|EF08MA04|EF09MA08|EM13MAT314|EF05MA19,1.0000|0.9717|0.9370|0.9109|0.8925,0.028328,False,EF02MA20|EF01MA19|EF04MA10|EF03MA24|EF07MA09,0.8545|0.8221|0.7616|0.7605|0.7408,0.032412,False,True
sedu_ama9_2023t1-D011_M-02,sedu_ama9_2023t1,9,EF06MA33|EF06MA11|EF02MA23|EF06MA08|EF03MA02,1.0000|0.9940|0.8540|0.8072|0.7859,0.006,False,EF04MA02|EF03MA09|EF06MA10|EF06MA11|EF07MA12,1.0000|0.9823|0.9394|0.9339|0.9339,0.017742,False,EF06MA11|EF06MA08|EF03MA02|EF07MA12|EF05MA07,0.9640|0.8674|0.8310|0.8124|0.7842,0.096595,False,False
sedu_ama9_2023t1-D011_M-03,sedu_ama9_2023t1,9,EF02MA03|EF06MA08|EF08MA05|EF05MA18|EF06MA09,1.0000|0.8874|0.8753|0.8073|0.7922,0.1126,False,EF04MA09|EF04MA10|EF05MA04|EF05MA01|EF05MA06,1.0000|0.9826|0.9026|0.8500|0.8417,0.017363,False,EF06MA08|EF05MA04|EF06MA09|EF03MA02|EF04MA10,0.8628|0.8277|0.8117|0.7947|0.7889,0.035117,False,True
sedu_ama9_2023t1-D013_M-01,sedu_ama9_2023t1,9,EM13MAT202|EF05MA04|EF06MA20|EF07MA12|EF05MA07,1.0000|0.8891|0.8557|0.8116|0.7798,0.110935,False,EF04MA10|EF04MA02|EF05MA01|EF06MA11|EF05MA06,1.0000|0.9617|0.9113|0.9035|0.8948,0.038309,False,EF05MA04|EF04MA10|EF05MA05|EF06MA11|EF07MA10,0.8782|0.8514|0.8184|0.7742|0.7725,0.026744,False,True
sedu_ama9_2023t1-D013_M-02,sedu_ama9_2023t1,9,EF07MA05|EF07MA07|EF07MA08|EF06MA15|EF06MA30,1.0000|0.8528|0.8165|0.8096|0.7619,0.147197,False,EF05MA04|EF01MA03|EF02MA03|EF07MA09|EF06MA15,1.0000|0.9413|0.9381|0.9351|0.8942,0.05872,False,EF06MA15|EF07MA09|EF07MA08|EF06MA09|EF05MA13,0.8519|0.8327|0.8198|0.7744|0.7373,0.019157,False,True
sedu_ama9_2023t1-D013_M-03,sedu_ama9_2023t1,9,EF05MA12|EF06MA09|EF08MA20|EF08MA05|EF06MA10,1.0000|0.8338|0.6721|0.6703|0.6223,0.166184,False,EF05MA04|EF02MA05|EF04MA04|EF04MA13|EF01MA06,1.0000|0.9623|0.9608|0.9564|0.9558,0.037664,False,EF05MA12|EF06MA09|EF08MA20|EF06MA10|EF07MA09,0.8941|0.7851|0.7421|0.7344|0.6697,0.10904,False,False
sedu_ama9_2023t1-D024_M-01,sedu_ama9_2023t1,9,EF07MA09|EF02MA03|EF06MA34|EF05MA14|EF08MA05,1.0000|0.8628|0.8152|0.7908|0.7906,0.137225,False,EF06MA23|EF09MA12|EF06MA29|EF06MA15|EF08MA17,1.0000|0.9876|0.9801|0.9412|0.9379,0.012443,False,EF07MA09|EF06MA34|EF06MA23|EF07MA07|EF08MA05,0.9188|0.7726|0.7611|0.7498|0.7394,0.146194,False,False
sedu_ama9_2023t1-D024_M-02,sedu_ama9_2023t1,9,EM13MAT504|EM13MAT314|EF03MA24|EF04MA25|EF09MA09,1.0000|0.9540|0.8777|0.8480|0.8367,0.046047,False,EF03MA24|EF01MA19|EF02MA20|EF04MA10|EF02MA02,1.0000|0.9728|0.9386|0.8581|0.8568,0.027158,False,EF03MA24|EF04MA25|EF05MA12|EM13MAT504|EF03MA17,0.9389|0.8013|0.7570|0.7542|0.6659,0.137604,False,False
sedu_ama9_2023t1-D024_M-03,sedu_ama9_2023t1,9,EM13MAT505|EM13MAT510|EF08MA04|EF05MA09|EF01MA10,1.0000|1.0000|0.9960|0.9201|0.8885,0.0,True,EF08MA20|EF03MA20|EF09MA19|EF02MA17|EF06MA12,1.0000|0.7545|0.7270|0.6975|0.6887,0.245497,False,EM13MAT510|EF08MA04|EF08MA20|EM13MAT505|EF02MA03,0.7268|0.7185|0.7124|0.6583|0.6563,0.008222,False,True
sedu_ama9_2023t1-D025_M-01,sedu_ama9_2023t1,9,EF04MA22|EF03MA23|EF02MA18|EF02MA19|EF03MA22,1.0000|0.9707|0.9367|0.8981|0.7980,0.029274,False,EF03MA23|EF02MA19|EF03MA22|EF02MA18|EF04MA22,1.0000|0.9859|0.8038|0.7344|0.7115,0.014149,False,EF03MA23|EF02MA19|EF04MA22|EF02MA18|EF03MA22,0.9854|0.9420|0.8558|0.8355|0.8009,0.043388,False,True
sedu_ama9_2023t1-D025_M-02,sedu_ama9_2023t1,9,EF09MA20|EF07MA15|EF06MA12|EF01MA17|EF06MA34,1.0000|0.8500|0.7662|0.6811|0.6720,0.149992,False,EF02MA18|EF02MA20|EF04MA23|EF08MA17|EF01MA12,1.0000|0.9858|0.9692|0.9585|0.9541,0.014154,False,EF09MA20|EF02MA18|EF01MA17|EF09MA12|EF06MA34,0.8141|0.7706|0.7632|0.7127|0.6881,0.043422,False,True
sedu_ama9_2023t1-D025_M-03,sedu_ama9_2023t1,9,EF03MA23|EF04MA22|EM13MAT301|EF05MA14|EF01MA15,1.0000|0.8165|0.7078|0.5694|0.5123,0.183503,False,EF01MA05|EF09MA10|EF09MA20|EF03MA23|EF02MA03,1.0000|0.9665|0.9515|0.9316|0.9298,0.033482,False,EF03MA23|EM13MAT301|EF01MA05|EF02MA03|EF04MA22,0.9658|0.6840|0.6701|0.6596|0.6476,0.281783,False,False
sedu_ama9_2023t1-D029_M-01,sedu_ama9_2023t1,9,EF06MA12|EM13MAT314|EF09MA18|EM13MAT106|EF06MA23,1.0000|0.9539|0.7249|0.6247|0.6092,0.046114,False,EF02MA16|EF06MA29|EM13MAT307|EF03MA18|EF06MA12,1.0000|0.9532|0.9402|0.9232|0.8975,0.046829,False,EF06MA12|EM13MAT314|EF09MA18|EM13MAT307|EF06MA23,0.9488|0.9219|0.7372|0.7253|0.7236,0.026832,False,True
sedu_ama9_2023t1-D029_M-02,sedu_ama9_2023t1,9,EF08MA06|EM13MAT510|EM13MAT307|EF01MA10|EF07MA15,1.0000|0.5576|0.4969|0.4955|0.4715,0.442354,False,EF05MA04|EF07MA10|EF03MA09|EF06MA08|EF07MA15,1.0000|0.9532|0.9518|0.9494|0.9471,0.046765,False,EF08MA06|EF07MA15|EF06MA12|EF07MA16|EF01MA10,0.9273|0.7093|0.6737|0.6589|0.6222,0.218032,False,False
sedu_ama9_2023t1-D029_M-03,sedu_ama9_2023t1,9,EM13MAT315|EF06MA03|EF04MA03|EF06MA12|EF09MA04,1.0000|0.6189|0.5705|0.5407|0.5224,0.381147,False,EF07MA12|EF04MA05|EF05MA04|EF07MA04|EF04MA13,1.0000|0.9981|0.9725|0.9700|0.9587,0.001855,False,EM13MAT315|EF04MA05|EF06MA12|EF01MA02|EF09MA04,0.8991|0.7375|0.7155|0.6847|0.6727,0.161552,False,False
sedu_ama9_2023t1-D035_M-01,sedu_ama9_2023t1,9,EM13MAT201|EF05MA09|EF06MA28|EM13MAT510|EM13MAT405,1.0000|0.9819|0.9688|0.9527|0.8544,0.018087,False,EF04MA25|EF03MA24|EF02MA20|EF01MA19|EM13MAT314,1.0000|0.9496|0.9364|0.9289|0.9114,0.050401,False,EM13MAT201|EF03MA24|EM13MAT510|EF04MA25|EF05MA09,0.8531|0.8173|0.8029|0.7500|0.7469,0.035804,False,True
sedu_ama9_2023t1-D035_M-02,sedu_ama9_2023t1,9,EM13MAT503|EF06MA30|EF09MA04|EF04MA05|EF06MA12,1.0000|0.7363|0.3047|0.2782|0.2409,0.263716,False,EF04MA01|EF08MA03|EF07MA04|EF03MA09|EF09MA10,1.0000|0.9395|0.9392|0.9148|0.9104,0.060453,False,EM13MAT503|EF06MA30|EF04MA01|EF07MA04|EF06MA12,0.9429|0.5878|0.5852|0.5773|0.5621,0.355109,False,False
sedu_ama9_2023t1-D035_M-03,sedu_ama9_2023t1,9,EF03MA23|EF04MA22|EF06MA12|EF07MA29|EF01MA02,1.0000|0.5017|0.3488|0.2975|0.2848,0.49828,False,EF03MA23|EF08MA03|EF07MA09|EF09MA07|EF04MA13,1.0000|0.9981|0.9631|0.9113|0.9078,0.00186,False,EF03MA23|EF04MA22|EF08MA03|EF06MA12|EF05MA09,1.0000|0.6150|0.4991|0.4863|0.4862,0.384989,False,False
sedu_ama9_2023t1-D038_M-01,sedu_ama9_2023t1,9,EF05MA12|EF05MA14|EF05MA18|EF02MA07|EF01MA03,1.0000|0.6949|0.6407|0.5924|0.5775,0.305058,False,EM13MAT303|EF09MA09|EF06MA15|EF01MA03|EF02MA07,1.0000|0.9881|0.9845|0.9703|0.9629,0.011947,False,EF05MA12|EF02MA07|EF01MA03|EF07MA17|EF06MA15,0.9245|0.7777|0.7739|0.7092|0.6999,0.146822,False,False
sedu_ama9_2023t1-D038_M-02,sedu_ama9_2023t1,9,EF03MA06|EF08MA09|EF04MA14|EF04MA02|EF04MA23,1.0000|0.9253|0.9168|0.7167|0.6794,0.074707,False,EF07MA22|EF07MA21|EF07MA25|EM13MAT105|EF07MA24,1.0000|0.9399|0.9089|0.8601|0.8546,0.060149,False,EF03MA06|EF08MA09|EF04MA14|EF09MA17|EF07MA21,0.7246|0.6730|0.6686|0.6247|0.6184,0.051663,False,False
sedu_ama9_2023t1-D038_M-03,sedu_ama9_2023t1,9,EF04MA25|EM13MAT106|EF04MA15|EF05MA12|EF03MA24,1.0000|0.3677|0.3514|0.3467|0.3450,0.6323,False,EF04MA25|EF01MA19|EF03MA24|EF03MA20|EF02MA02,1.0000|0.6184|0.6120|0.5930|0.5701,0.381624,False,EF04MA25|EF03MA24|EF05MA12|EM13MAT106|EF01MA19,1.0000|0.4785|0.4566|0.3799|0.3092,0.521462,False,False
sedu_ama9_2023t1-D039_M-01,sedu_ama9_2023t1,9,EF09MA07|EM13MAT106|EF03MA23|EM13MAT301|EF07MA22,1.0000|0.6067|0.5695|0.5570|0.4810,0.393286,False,EF03MA18|EF03MA23|EF06MA21|EF06MA22|EF09MA19,1.0000|0.9520|0.8488|0.8230|0.7967,0.048008,False,EF03MA23|EF09MA07|EF03MA18|EM13MAT301|EF04MA22,0.7608|0.7471|0.6409|0.6344|0.6250,0.013643,False,True
sedu_ama9_2023t1-D039_M-02,sedu_ama9_2023t1,9,EF03MA24|EF02MA20|EF02MA03|EF09MA04|EF06MA26,1.0000|0.8237|0.5729|0.5496|0.5017,0.176299,False,EF02MA20|EF03MA24|EF01MA19|EF04MA10|EF03MA01,1.0000|0.9988|0.9914|0.8296|0.6025,0.001167,False,EF03MA24|EF02MA20|EF01MA19|EF04MA10|EF02MA03,0.9994|0.9119|0.7127|0.5863|0.5452,0.087566,False,False
sedu_ama9_2023t1-D039_M-03,sedu_ama9_2023t1,9,EF03MA23|EF04MA22|EF02MA03|EF02MA19|EF02MA18,1.0000|0.8165|0.7102|0.5755|0.5113,0.183503,False,EF08MA20|EF03MA23|EF03MA18|EF01MA03|EF09MA19,1.0000|0.9519|0.9251|0.9120|0.8865,0.048143,False,EF03MA23|EF04MA22|EF02MA03|EF01MA03|EF02MA19,0.9759|0.8283|0.7839|0.7031|0.6827,0.147643,False,False
sedu_ama9_2024t3-D039_M-01,sedu_ama9_2024t3,9,EF08MA19|EF02MA17|EF09MA12|EM13MAT505|EM13MAT510,1.0000|0.5620|0.5226|0.4987|0.4987,0.437966,False,EF02MA17|EF07MA30|EF03MA20|EF04MA20|EF08MA20,1.0000|0.8701|0.8384|0.8321|0.8258,0.129924,False,EF08MA19|EF02MA17|EF03MA20|EF05MA19|EM13MAT307,0.8778|0.7810|0.6543|0.5508|0.5394,0.096787,False,False
sedu_ama9_2024t3-D039_M-02,sedu_ama9_2024t3,9,EF01MA18|EF06MA12|EF01MA06|EF06MA15|EF01MA02,1.0000|0.6814|0.6514|0.5811|0.5564,0.318582,False,EF02MA02|EF02MA17|EF01MA03|EF06MA12|EF07MA04,1.0000|0.9040|0.8172|0.7914|0.7723,0.095964,False,EF01MA18|EF06MA12|EF01MA06|EF02MA02|EF01MA03,0.7367|0.7364|0.7090|0.6855|0.6495,0.000298,False,True
sedu_ama9_2024t3-D039_M-03,sedu_ama9_2024t3,9,EF01MA17|EF02MA18|EF01MA18|EF05MA09|EF01MA16,1.0000|0.7947|0.4317|0.4163|0.4160,0.205281,False,EF04MA15|EF06MA09|EF09MA04|EF07MA04|EF01MA05,1.0000|0.9401|0.9322|0.9292|0.9235,0.059946,False,EF01MA17|EF03MA23|EF02MA18|EF02MA03|EF04MA15,0.6755|0.6472|0.6231|0.5620|0.5000,0.028324,False,True
sedu_ama9_2024t3-D049_M-01,sedu_ama9_2024t3,9,EF09MA16|EF06MA16|EM13MAT505|EM13MAT510|EF08MA07,1.0000|0.9644|0.9541|0.9541|0.9201,0.035621,False,EF03MA12|EF04MA16|EF01MA13|EF01MA11|EF06MA28,1.0000|0.8989|0.8670|0.8438|0.8288,0.101127,False,EF08MA07|EF06MA21|EF06MA23|EF06MA16|EF09MA16,0.7836|0.7794|0.7723|0.7482|0.7358,0.004237,False,True
sedu_ama9_2024t3-D049_M-02,sedu_ama9_2024t3,9,EF01MA13|EF07MA33|EF02MA14|EF03MA18|EF03MA13,1.0000|0.9217|0.9075|0.8690|0.8584,0.078303,False,EM13MAT106|EF03MA12|EF01MA11|EM13MAT201|EF04MA16,1.0000|0.9932|0.9822|0.9791|0.9789,0.006765,False,EF01MA13|EF02MA14|EF03MA18|EF05MA19|EF03MA13,0.8076|0.7400|0.7229|0.6549|0.6540,0.067503,False,False
sedu_ama9_2024t3-D049_M-03,sedu_ama9_2024t3,9,EF06MA21|EF06MA22|EF04MA19|EF06MA11|EF08MA14,1.0000|0.9535|0.9129|0.7448|0.7445,0.046537,False,EF07MA22|EF06MA28|EF08MA21|EF07MA25|EF01MA13,1.0000|0.9038|0.8974|0.8959|0.8699,0.096166,False,EF06MA21|EF06MA22|EF04MA19|EF04MA21|EF08MA17,0.9053|0.8676|0.7538|0.6688|0.6544,0.037713,False,True
sedu_ama9_2024t3-D057_M-01,sedu_ama9_2024t3,9,EF08MA18|EF07MA21|EF05MA20|EF04MA19|EM13MAT105,1.0000|0.8062|0.6391|0.6303|0.6302,0.193774,False,EF09MA10|EF07MA20|EF07MA22|EF08MA14|EF04MA19,1.0000|0.9479|0.8665|0.8639|0.8535,0.052076,False,EF08MA18|EF07MA20|EF07MA21|EF04MA19|EF05MA20,0.7890|0.7657|0.7593|0.7419|0.7235,0.023222,False,True
sedu_ama9_2024t3-D057_M-02,sedu_ama9_2024t3,9,EF08MA19|EF03MA15|EF03MA24|EF04MA25|EF04MA24,1.0000|0.9038|0.8777|0.8480|0.7535,0.096236,False,EF08MA21|EF08MA16|EF07MA30|EF08MA19|EF07MA22,1.0000|0.9808|0.9506|0.9043|0.9002,0.019194,False,EF08MA19|EF08MA21|EF07MA30|EF06MA12|EF03MA15,0.9521|0.8057|0.7400|0.6811|0.6734,0.146427,False,False
sedu_ama9_2024t3-D057_M-03,sedu_ama9_2024t3,9,EF01MA14|EM13MAT315|EF07MA28|EF06MA29|EF02MA15,1.0000|0.9346|0.7861|0.7553|0.5910,0.065422,False,EF04MA21|EF09MA17|EF07MA28|EF06MA29|EF07MA22,1.0000|0.9032|0.8936|0.8894|0.8817,0.096821,False,EF07MA28|EF01MA14|EF06MA29|EF04MA21|EF04MA16,0.8399|0.8365|0.8224|0.7559|0.7096,0.003381,False,True
sedu_ama9_2024t3-D058_M-01,sedu_ama9_2024t3,9,EF07MA31|EF08MA19|EF07MA32|EF04MA21|EF03MA16,1.0000|1.0000|0.9354|0.8367|0.7421,0.0,True,EF04MA21|EF07MA31|EF06MA25|EF07MA32|EF07MA24,1.0000|0.9845|0.9399|0.9066|0.9046,0.015458,False,EF07MA31|EF08MA19|EF07MA32|EF04MA21|EF06MA21,0.9923|0.9427|0.9210|0.9183|0.8045,0.049524,False,True
sedu_ama9_2024t3-D058_M-02,sedu_ama9_2024t3,9,EF06MA29|EF07MA32|EF07MA31|EF04MA21|EM13MAT201,1.0000|0.9958|0.9113|0.8906|0.8494,0.004249,False,EM13MAT201|EF09MA07|EF09MA08|EM13MAT314|EM13MAT101,1.0000|0.9705|0.9679|0.9637|0.9343,0.029485,False,EM13MAT201|EF09MA08|EF06MA29|EF05MA12|EM13MAT101,0.9247|0.8757|0.8697|0.8006|0.7925,0.049069,False,True
sedu_ama9_2024t3-D058_M-03,sedu_ama9_2024t3,9,EF04MA21|EF05MA20|EF08MA10|EF07MA31|EF08MA19,1.0000|0.8938|0.8681|0.7923|0.7923,0.106212,False,EF06MA28|EF02MA16|EF07MA27|EF07MA25|EF07MA22,1.0000|0.8564|0.8358|0.8138|0.8120,0.14365,False,EF05MA20|EF04MA21|EF08MA19|EF07MA31|EM13MAT309,0.8347|0.8338|0.7224|0.6824|0.6773,0.000922,False,True
sedu_ama9_2025t3g-D049_M-01,sedu_ama9_2025t3g,9,EF07MA30|EF03MA15|EF09MA16|EF07MA28|EF03MA19,1.0000|0.9753|0.7623|0.6551|0.6365,0.024746,False,EF04MA21|EF06MA25|EF09MA01|EF06MA29|EF05MA20,1.0000|0.9517|0.9069|0.9059|0.8932,0.048267,False,EF07MA30|EF03MA15|EF09MA16|EF06MA29|EF02MA16,0.9114|0.9066|0.8128|0.7677|0.7470,0.004771,False,True
sedu_ama9_2025t3g-D049_M-02,sedu_ama9_2025t3g,9,EF05MA18|EF06MA20|EF06MA19|EF06MA18|EF03MA16,1.0000|0.8819|0.7709|0.7598|0.6966,0.118143,False,EF09MA10|EF08MA21|EF04MA21|EF07MA24|EF07MA28,1.0000|0.9762|0.9478|0.9425|0.9245,0.023761,False,EF05MA18|EF06MA20|EF06MA19|EF08MA14|EF06MA18,0.9144|0.7992|0.7682|0.7658|0.7453,0.115158,False,False
sedu_ama9_2025t3g-D049_M-03,sedu_ama9_2025t3g,9,EF09MA16|EF06MA16|EM13MAT505|EM13MAT510|EF08MA07,1.0000|0.9644|0.9541|0.9541|0.9201,0.035621,False,EF03MA12|EF04MA16|EF01MA13|EF01MA11|EF06MA28,1.0000|0.8996|0.8656|0.8458|0.8309,0.100438,False,EF08MA07|EF06MA21|EF03MA13|EF06MA23|EF06MA16,0.7816|0.7800|0.7741|0.7721|0.7493,0.001634,False,True
sedu_ama9_2025t3g-D049_M-04,sedu_ama9_2025t3g,9,EF07MA25|EF09MA13|EF03MA15|EF09MA14|EF04MA14,1.0000|0.8055|0.7888|0.7782|0.7698,0.194497,False,EF06MA28|EF07MA25|EF08MA21|EF06MA25|EF07MA22,1.0000|0.9993|0.9935|0.8872|0.8838,0.000681,False,EF07MA25|EF06MA28|EF09MA12|EF08MA19|EF03MA15,0.9997|0.8317|0.7101|0.6836|0.6673,0.168002,False,False
sedu_ama9_2025t3g-D049_M-05,sedu_ama9_2025t3g,9,EF03MA21|EF08MA22|EF01MA15|EF06MA28|EF09MA17,1.0000|0.5376|0.4230|0.4012|0.3753,0.462367,False,EF06MA28|EF06MA23|EF07MA22|EF07MA24|EF03MA12,1.0000|0.9956|0.9468|0.9277|0.9231,0.00439,False,EF03MA21|EF06MA28|EF06MA23|EF08MA22|EF09MA17,0.9028|0.7006|0.6725|0.6525|0.6373,0.202199,False,False
sedu_ama9_2025t3g-D049_M-06,sedu_ama9_2025t3g,9,EF07MA25|EF02MA15|EF01MA14|EF03MA15|EF03MA16,1.0000|0.6840|0.6425|0.6302|0.5657,0.316007,False,EF07MA25|EF07MA24|EF08MA21|EF06MA25|EF07MA26,1.0000|0.9750|0.9293|0.9079|0.8586,0.024986,False,EF07MA25|EF02MA15|EF01MA14|EF03MA15|EF08MA21,1.0000|0.6872|0.6819|0.6084|0.6080,0.312831,False,False
sedu_ama9_2025t3g-D049_M-07,sedu_ama9_2025t3g,9,EF03MA15|EF09MA16|EF04MA02|EF06MA24|EM13MAT506,1.0000|0.8774|0.8724|0.7631|0.6659,0.122631,False,EF09MA10|EF06MA23|EF09MA16|EF07MA24|EF07MA32,1.0000|0.9933|0.9585|0.9516|0.9477,0.00672,False,EF03MA15|EF09MA16|EF04MA21|EF09MA10|EF06MA24,0.9192|0.9179|0.7929|0.7403|0.7387,0.001321,False,True
sedu_ama9_2025t3g-D049_M-08,sedu_ama9_2025t3g,9,EF09MA13|EF02MA15|EF09MA14|EF07MA32|EF08MA06,1.0000|0.9661|0.9661|0.9354|0.9311,0.033908,False,EF07MA24|EF08MA14|EF07MA31|EF06MA19|EF09MA13,1.0000|0.9642|0.9631|0.9447|0.9315,0.03583,False,EF09MA13|EF08MA14|EF07MA32|EF02MA15|EF01MA14,0.9657|0.8566|0.8511|0.8104|0.8076,0.109145,False,False
sedu_ama9_2025t3g-D049_M-09,sedu_ama9_2025t3g,9,EM13MAT310|EM13MAT407|EF06MA34|EF09MA16|EM13MAT404,1.0000|0.9629|0.9007|0.8936|0.7862,0.037135,False,EF06MA28|EF08MA20|EF09MA16|EF06MA23|EF08MA21,1.0000|0.7222|0.7212|0.7010|0.6513,0.277771,False,EF09MA16|EM13MAT310|EF06MA34|EF06MA23|EM13MAT407,0.8074|0.8059|0.7622|0.6752|0.6704,0.001496,False,True
sedu_ama9_2025t3g-D049_M-10,sedu_ama9_2025t3g,9,EF01MA12|EF07MA05|EF09MA01|EF09MA18|EF06MA13,1.0000|0.8872|0.8819|0.8476|0.8377,0.112757,False,EF06MA28|EF09MA10|EF08MA21|EF05MA09|EM13MAT310,1.0000|0.9736|0.9379|0.9276|0.9191,0.026414,False,EF09MA01|EF01MA12|EF06MA23|EF06MA17|EF02MA08,0.8683|0.8674|0.8327|0.8251|0.7778,0.000934,False,True
sedu_ama9_2025t3g-D058_M-01,sedu_ama9_2025t3g,9,EF07MA32|EF08MA19|EF08MA22|EF02MA15|EF04MA21,1.0000|0.8961|0.8151|0.7485|0.7276,0.103872,False,EF08MA19|EF06MA28|EF04MA21|EF08MA21|EF06MA17,1.0000|0.9580|0.9300|0.9100|0.9076,0.042003,False,EF08MA19|EF07MA32|EF04MA21|EF07MA27|EF07MA28,0.9481|0.9009|0.8288|0.7306|0.7233,0.047183,False,True
sedu_ama9_2025t3g-D058_M-02,sedu_ama9_2025t3g,9,EM13MAT307|EF06MA28|EF08MA22|EF03MA24|EF04MA25,1.0000|0.8938|0.8681|0.7343|0.7094,0.106188,False,EF02MA16|EF04MA21|EF06MA29|EF05MA20|EF08MA21,1.0000|0.8869|0.8429|0.8294|0.8169,0.11308,False,EM13MAT307|EF06MA28|EF05MA20|EF06MA29|EF08MA22,0.8588|0.8444|0.6798|0.6653|0.6571,0.014422,False,True
sedu_ama9_2025t3g-D058_M-03,sedu_ama9_2025t3g,9,EF08MA10|EF01MA10|EM13MAT509|EF07MA25|EF09MA12,1.0000|0.9861|0.8784|0.8764|0.7881,0.013891,False,EF02MA16|EF07MA27|EF01MA03|EF06MA28|EF06MA17,1.0000|0.9489|0.9037|0.8880|0.8871,0.05114,False,EF07MA25|EF09MA12|EF01MA03|EF01MA10|EM13MAT509,0.8286|0.7298|0.6933|0.6827|0.6591,0.098734,False,False
sedu_ama9_2025t3g-D058_M-04,sedu_ama9_2025t3g,9,EF04MA21|EF05MA20|EF08MA10|EF07MA31|EF08MA19,1.0000|0.8938|0.8681|0.7923|0.7923,0.106212,False,EF06MA28|EF02MA16|EF07MA27|EF07MA25|EF03MA14,1.0000|0.8388|0.8334|0.8163|0.8088,0.161166,False,EF04MA21|EF05MA20|EF08MA19|EM13MAT309|EF07MA31,0.8322|0.8315|0.7167|0.6783|0.6761,0.000683,False,True
sedu_ama9_2025t3g-D058_M-05,sedu_ama9_2025t3g,9,EM13MAT201|EF08MA19|EF07MA33|EF04MA21|EF09MA11,1.0000|0.8730|0.6624|0.5781|0.5649,0.126954,False,EF05MA20|EF06MA25|EF07MA31|EF04MA21|EF08MA19,1.0000|0.9996|0.9574|0.9454|0.9397,0.000434,False,EF08MA19|EM13MAT201|EF04MA21|EF09MA11|EF07MA22,0.9064|0.7810|0.7617|0.7337|0.7119,0.125316,False,False
sedu_ama9_2025t3g-D058_M-06,sedu_ama9_2025t3g,9,EF05MA06|EF04MA21|EF02MA08|EF02MA17|EF03MA27,1.0000|0.9857|0.9248|0.9080|0.8773,0.01431,False,EF04MA21|EF08MA21|EF08MA19|EF07MA30|EF05MA21,1.0000|0.9381|0.8987|0.8962|0.8661,0.061917,False,EF04MA21|EF02MA17|EF05MA06|EF02MA08|EF03MA15,0.9928|0.8007|0.7591|0.7580|0.7447,0.192169,False,False
sedu_ama9_2025t3g-D058_M-07,sedu_ama9_2025t3g,9,EF03MA16|EF04MA21|EF07MA31|EF08MA19|EF07MA32,1.0000|0.9732|0.8531|0.8531|0.7980,0.026789,False,EF04MA21|EF05MA20|EF06MA25|EF07MA32|EF08MA19,1.0000|0.8730|0.8347|0.8296|0.8281,0.126979,False,EF04MA21|EF03MA16|EF08MA19|EF07MA31|EF07MA32,0.9866|0.8742|0.8406|0.8283|0.8138,0.112436,False,False
sedu_ama9_2025t3g-D058_M-08,sedu_ama9_2025t3g,9,EF07MA32|EF08MA19|EF06MA24|EF07MA26|EF07MA31,1.0000|0.8276|0.7717|0.7529|0.6936,0.172417,False,EF04MA21|EF07MA30|EF07MA32|EF08MA19|EF06MA29,1.0000|0.9376|0.9103|0.8883|0.8754,0.062441,False,EF07MA32|EF08MA19|EF07MA30|EF04MA21|EF07MA31,0.9551|0.8580|0.7866|0.7508|0.7461,0.097173,False,False
sedu_ama9_2025t3g-D058_M-09,sedu_ama9_2025t3g,9,EF02MA15|EF01MA14|EF07MA27|EF08MA19|EF07MA32,1.0000|0.9393|0.7887|0.6537|0.5214,0.060664,False,EF08MA21|EF06MA21|EF07MA30|EF04MA21|EF05MA20,1.0000|0.9379|0.8542|0.8468|0.8395,0.062061,False,EF02MA15|EF01MA14|EF07MA27|EF08MA19|EF04MA21,0.8028|0.7985|0.7639|0.6825|0.6566,0.004286,False,True
sedu_ama9_2025t3g-D058_M-10,sedu_ama9_2025t3g,9,EF08MA19|EF07MA32|EF02MA15|EF01MA14|EF03MA15,1.0000|0.9565|0.8189|0.7693|0.7476,0.043472,False,EF04MA21|EF08MA21|EF08MA19|EF07MA30|EM13MAT309,1.0000|0.9846|0.9676|0.9653|0.9587,0.015421,False,EF08MA19|EF07MA32|EF04MA21|EF07MA27|EF08MA21,0.9838|0.9021|0.8352|0.7837|0.7837,0.081748,False,False
sedu_ama9_2025t3g-D060_M-01,sedu_ama9_2025t3g,9,EM13MAT314|EF05MA12|EF08MA22|EF06MA34|EF02MA02,1.0000|0.5533|0.4856|0.4377|0.4214,0.446716,False,EF03MA20|EF02MA02|EF02MA17|EF08MA20|EM13MAT314,1.0000|0.9484|0.9090|0.8775|0.8395,0.051635,False,EM13MAT314|EF02MA02|EF03MA20|EF02MA17|EF05MA12,0.9198|0.6849|0.6718|0.6599|0.6009,0.234873,False,False
sedu_ama9_2025t3g-D060_M-02,sedu_ama9_2025t3g,9,EM13MAT510|EF03MA24|EF04MA25|EF09MA12|EF04MA14,1.0000|0.9086|0.8777|0.8448|0.6739,0.091443,False,EF08MA20|EF02MA03|EF01MA03|EF08MA03|EF07MA17,1.0000|0.9259|0.9017|0.8700|0.8186,0.074113,False,EF03MA24|EF01MA03|EM13MAT510|EF04MA25|EF09MA12,0.8080|0.7302|0.7206|0.6992|0.6913,0.07775,False,False
sedu_ama9_2025t3g-D060_M-03,sedu_ama9_2025t3g,9,EF08MA20|EF07MA23|EF02MA17|EM13MAT505|EM13MAT510,1.0000|0.8883|0.8864|0.8563|0.8563,0.111747,False,EF08MA20|EF03MA20|EF08MA21|EF02MA17|EF03MA18,1.0000|0.7292|0.6186|0.6074|0.5809,0.270816,False,EF08MA20|EF02MA17|EF03MA20|EM13MAT510|EF09MA19,1.0000|0.7469|0.7354|0.6024|0.5867,0.253121,False,False
sedu_ama9_2025t3g-D060_M-04,sedu_ama9_2025t3g,9,EF03MA24|EF04MA25|EF03MA18|EF08MA21|EF08MA20,1.0000|0.9661|0.8200|0.8200|0.7417,0.033908,False,EF08MA20|EF08MA21|EF03MA20|EF06MA12|EF02MA17,1.0000|0.6751|0.6526|0.5794|0.5739,0.324911,False,EF08MA20|EF08MA21|EF04MA25|EF03MA24|EF03MA18,0.8709|0.7475|0.7077|0.6656|0.6654,0.123315,False,False
sedu_ama9_2025t3g-D060_M-05,sedu_ama9_2025t3g,9,EF06MA08|EF06MA09|EF05MA04|EF06MA10|EF05MA05,1.0000|0.7595|0.6744|0.6214|0.5700,0.240488,False,EF08MA20|EF04MA09|EF05MA04|EF07MA30|EF05MA03,1.0000|0.9714|0.9582|0.8751|0.8673,0.028554,False,EF06MA08|EF05MA04|EF06MA09|EF05MA05|EF06MA10,0.8841|0.8163|0.7591|0.6718|0.6643,0.067764,False,False
sedu_ama9_2025t3g-D060_M-06,sedu_ama9_2025t3g,9,EF03MA23|EM13MAT404|EF05MA09|EF02MA19|EF02MA03,1.0000|0.4758|0.4176|0.4031|0.3617,0.524226,False,EF08MA20|EF09MA19|EF07MA30|EF06MA09|EF08MA03,1.0000|0.7628|0.7058|0.6942|0.6587,0.237245,False,EF03MA23|EF08MA20|EF02MA19|EM13MAT404|EF04MA22,0.8117|0.5000|0.4716|0.4649|0.4620,0.311736,False,False
sedu_ama9_2025t3g-D060_M-07,sedu_ama9_2025t3g,9,EF02MA04|EF03MA06|EF02MA13|EF06MA34|EF06MA15,1.0000|0.8750|0.8101|0.7578|0.6905,0.124995,False,EF07MA26|EF09MA12|EF08MA14|EF07MA24|EM13MAT308,1.0000|0.9513|0.9237|0.9119|0.8380,0.048722,False,EF07MA26|EF02MA04|EF03MA06|EF06MA15|EF06MA34,0.7324|0.6966|0.6810|0.6786|0.6607,0.035782,False,True
sedu_ama9_2025t3g-D060_M-08,sedu_ama9_2025t3g,9,EM13MAT315|EF05MA23|EF05MA22|EF07MA37|EF01MA16,1.0000|0.6742|0.6202|0.6202|0.5976,0.3258,False,EF08MA20|EF08MA21|EF09MA19|EF07MA09|EF01MA03,1.0000|0.7156|0.5570|0.5459|0.5197,0.284446,False,EM13MAT315|EF08MA20|EF07MA37|EF05MA23|EF05MA22,0.7153|0.5000|0.4846|0.4595|0.4550,0.215291,False,False
sedu_ama9_2025t3g-D060_M-09,sedu_ama9_2025t3g,9,EF01MA18|EF06MA34|EF04MA24|EF04MA23|EF02MA03,1.0000|0.8702|0.7682|0.6567|0.5843,0.129782,False,EM13MAT314|EF08MA20|EF06MA32|EF06MA12|EF01MA15,1.0000|0.8684|0.8335|0.8126|0.7960,0.131615,False,EM13MAT314|EF06MA34|EF01MA18|EF02MA03|EF08MA20,0.7678|0.7548|0.6773|0.6552|0.6170,0.013071,False,True
sedu_ama9_2025t3g-D060_M-10,sedu_ama9_2025t3g,9,EF06MA28|EM13MAT307|EM13MAT404|EF01MA17|EF01MA18,1.0000|0.6417|0.5774|0.5470|0.5255,0.358311,False,EM13MAT201|EF08MA20|EF06MA28|EF04MA24|EF02MA02,1.0000|0.9726|0.8569|0.8110|0.7410,0.027395,False,EF06MA28|EM13MAT201|EM13MAT307|EF04MA24|EM13MAT404,0.9284|0.7336|0.6236|0.6229|0.5571,0.19481,False,False
sedu_ama9_2025t3g-D062_M-01,sedu_ama9_2025t3g,9,EF08MA21|EF08MA20|EF06MA24|EF07MA30|EF05MA19,1.0000|0.9045|0.4315|0.4208|0.3640,0.095466,False,EM13MAT504|EM13MAT309|EF08MA21|EF05MA16|EF06MA17,1.0000|0.9795|0.9097|0.9061|0.9043,0.020478,False,EF08MA21|EF08MA20|EF07MA30|EM13MAT504|EF09MA19,0.9548|0.8524|0.6534|0.6253|0.6176,0.102463,False,False
sedu_ama9_2025t3g-D062_M-02,sedu_ama9_2025t3g,9,EF07MA30|EF07MA22|EF08MA21|EF06MA24|EF01MA13,1.0000|0.9083|0.7279|0.7223|0.7130,0.091717,False,EF05MA21|EM13MAT504|EF08MA21|EF07MA30|EM13MAT309,1.0000|0.9620|0.9359|0.9097|0.8773,0.037976,False,EF07MA30|EF07MA22|EF08MA21|EM13MAT504|EF08MA20,0.9549|0.8863|0.8319|0.7501|0.7251,0.068507,False,False
sedu_ama9_2025t3g-D062_M-03,sedu_ama9_2025t3g,9,EF08MA21|EF08MA20|EM13MAT103|EF01MA14|EF09MA18,1.0000|0.6746|0.5693|0.4390|0.3998,0.325353,False,EF08MA21|EF08MA20|EM13MAT504|EF07MA30|EF09MA19,1.0000|0.9645|0.8111|0.8006|0.7577,0.035458,False,EF08MA21|EF08MA20|EF09MA19|EM13MAT504|EF07MA30,1.0000|0.8196|0.5404|0.5276|0.5114,0.180405,False,False
sedu_ama9_2025t3g-D062_M-04,sedu_ama9_2025t3g,9,EF03MA15|EF09MA01|EM13MAT407|EM13MAT504|EF08MA19,1.0000|0.8377|0.7449|0.7418|0.7040,0.162262,False,EF08MA20|EF08MA21|EF05MA21|EF07MA30|EM13MAT504,1.0000|0.9954|0.8498|0.8443|0.7337,0.004597,False,EF08MA21|EF08MA20|EF03MA15|EM13MAT504|EF09MA01,0.7822|0.7574|0.7464|0.7377|0.6840,0.024864,False,True
sedu_ama9_2025t3g-D062_M-05,sedu_ama9_2025t3g,9,EF03MA27|EF08MA21|EF08MA20|EM13MAT302|EF07MA30,1.0000|0.8438|0.8315|0.8276|0.7961,0.156194,False,EF08MA21|EF07MA30|EF05MA21|EF06MA21|EF04MA21,1.0000|0.9258|0.9002|0.8469|0.8239,0.074217,False,EF08MA21|EF07MA30|EF08MA20|EF05MA21|EM13MAT309,0.9219|0.8609|0.8036|0.7273|0.7197,0.06098,False,False
sedu_ama9_2025t3g-D062_M-06,sedu_ama9_2025t3g,9,EF05MA12|EM13MAT314|EM13MAT407|EF05MA13|EF03MA25,1.0000|0.9422|0.6315|0.6036|0.5355,0.057761,False,EF08MA21|EF05MA12|EF01MA09|EF05MA21|EF07MA22,1.0000|0.8922|0.8676|0.8431|0.8098,0.107761,False,EF05MA12|EM13MAT314|EF05MA21|EF09MA09|EM13MAT407,0.9461|0.7250|0.5767|0.5754|0.5433,0.221144,False,False
sedu_ama9_2025t3g-D062_M-07,sedu_ama9_2025t3g,9,EF09MA01|EF07MA33|EM13MAT315|EF08MA09|EF07MA18,1.0000|0.5696|0.5271|0.5171|0.4875,0.430408,False,EF08MA21|EF08MA20|EF07MA30|EM13MAT504|EF09MA19,1.0000|0.7981|0.7602|0.7384|0.7169,0.201855,False,EF09MA01|EF03MA20|EF06MA24|EF08MA21|EF03MA13,0.7378|0.5361|0.5114|0.5000|0.4973,0.201726,False,False
sedu_ama9_2025t3g-D062_M-08,sedu_ama9_2025t3g,9,EF03MA24|EM13MAT302|EF05MA20|EM13MAT407|EF08MA06,1.0000|0.8928|0.7766|0.6618|0.5927,0.107151,False,EF02MA02|EF01MA04|EF01MA03|EF02MA03|EF08MA21,1.0000|0.9908|0.9226|0.9080|0.8557,0.009205,False,EF03MA24|EF04MA25|EF02MA02|EF05MA20|EM13MAT302,0.7999|0.6650|0.6509|0.6298|0.6045,0.134883,False,False
sedu_ama9_2025t3g-D062_M-09,sedu_ama9_2025t3g,9,EM13MAT503|EF02MA02|EF07MA01|EF06MA12|EF06MA25,1.0000|0.9623|0.8660|0.7937|0.7467,0.03767,False,EF08MA21|EF07MA30|EF08MA20|EF09MA19|EF01MA15,1.0000|0.8312|0.8265|0.7672|0.7521,0.16875,False,EF02MA02|EM13MAT503|EF06MA12|EF06MA25|EF08MA21,0.7679|0.7215|0.6994|0.6844|0.6550,0.046461,False,True
sedu_ama9_2025t3g-D062_M-10,sedu_ama9_2025t3g,9,EF08MA21|EF08MA20|EF07MA32|EF07MA31|EF07MA30,1.0000|0.6662|0.5347|0.4346|0.4216,0.333778,False,EF08MA21|EF07MA30|EF08MA20|EM13MAT504|EF05MA21,1.0000|0.9483|0.9232|0.9060|0.8602,0.051694,False,EF08MA21|EF08MA20|EF07MA30|EM13MAT504|EF07MA32,1.0000|0.7947|0.6849|0.6332|0.6124,0.205299,False,False
sedu_ama9_2025t3g-D121_M-01,sedu_ama9_2025t3g,9,EF07MA33|EF09MA02|EF05MA20|EF05MA17|EF09MA17,1.0000|0.6987|0.5532|0.5402|0.5303,0.301268,False,EF03MA14|EF07MA20|EF01MA14|EF07MA22|EF06MA25,1.0000|1.0000|0.9670|0.9281|0.9281,3.4e-05,False,EF07MA33|EF05MA20|EF03MA14|EF05MA17|EF01MA14,0.8789|0.7114|0.7105|0.6717|0.6654,0.167448,False,False
sedu_ama9_2025t3g-D121_M-02,sedu_ama9_2025t3g,9,EF07MA33|EF08MA22|EF08MA19|EF09MA11|EF09MA16,1.0000|0.3869|0.3831|0.3178|0.3137,0.613106,False,EF07MA20|EF06MA25|EF07MA33|EF06MA16|EF09MA11,1.0000|0.9064|0.9047|0.8928|0.8502,0.093595,False,EF07MA33|EF09MA11|EF07MA22|EF09MA16|EF08MA19,0.9524|0.5840|0.5522|0.5492|0.5317,0.368368,False,False
sedu_ama9_2025t3g-D121_M-03,sedu_ama9_2025t3g,9,EF08MA19|EF07MA33|EF09MA17|EF03MA21|EF03MA16,1.0000|0.9635|0.8728|0.8229|0.7807,0.036525,False,EF09MA10|EF01MA14|EF07MA20|EF06MA25|EF04MA18,1.0000|0.9657|0.9539|0.9496|0.9401,0.034265,False,EF08MA19|EF09MA17|EF01MA14|EF07MA33|EF03MA16,0.8838|0.8031|0.7823|0.7795|0.7748,0.080716,False,False
sedu_ama9_2025t3g-D121_M-04,sedu_ama9_2025t3g,9,EF06MA25|EF08MA19|EF09MA11|EF07MA33|EF06MA26,1.0000|0.9957|0.9842|0.9594|0.8115,0.004273,False,EF07MA20|EF06MA25|EF07MA24|EF09MA11|EF06MA19,1.0000|0.9797|0.9612|0.9401|0.9401,0.020304,False,EF06MA25|EF09MA11|EF07MA33|EF08MA19|EF09MA16,0.9898|0.9622|0.9280|0.8792|0.8148,0.027674,False,True
sedu_ama9_2025t3g-D121_M-05,sedu_ama9_2025t3g,9,EF09MA11|EF06MA25|EF06MA26|EF04MA18|EF06MA27,1.0000|0.8483|0.6884|0.6842|0.6373,0.15174,False,EF06MA25|EF07MA20|EF07MA24|EF06MA19|EF04MA21,1.0000|0.8724|0.8482|0.8402|0.8025,0.127557,False,EF06MA25|EF09MA11|EF04MA18|EF06MA26|EF06MA19,0.9241|0.8323|0.7069|0.6876|0.6635,0.091788,False,False
sedu_ama9_2025t3g-D121_M-06,sedu_ama9_2025t3g,9,EF07MA33|EF08MA19|EF03MA27|EF08MA22|EF09MA01,1.0000|0.9759|0.7907|0.5955|0.5653,0.024094,False,EF06MA25|EF07MA20|EF09MA10|EF05MA20|EF08MA21,1.0000|0.9467|0.9297|0.9246|0.9217,0.053272,False,EF07MA33|EF08MA19|EF09MA11|EF09MA16|EF09MA01,0.8916|0.8709|0.6865|0.6739|0.6601,0.020664,False,True
sedu_ama9_2025t3g-D121_M-07,sedu_ama9_2025t3g,9,EF07MA33|EF08MA19|EF07MA15|EF09MA16|EF09MA02,1.0000|0.4924|0.4411|0.3989|0.3469,0.507572,False,EM13MAT504|EF09MA16|EF08MA19|EF09MA11|EF06MA19,1.0000|0.9502|0.9209|0.8897|0.8578,0.0498,False,EF07MA33|EF08MA19|EF09MA16|EM13MAT504|EF09MA11,0.9215|0.7067|0.6746|0.6054|0.6037,0.214851,False,False
sedu_ama9_2025t3g-D121_M-08,sedu_ama9_2025t3g,9,EF09MA18|EF09MA07|EF07MA33|EF07MA17|EF06MA25,1.0000|0.6279|0.6278|0.5537|0.4961,0.372146,False,EF08MA21|EF05MA20|EF04MA21|EF07MA30|EF01MA15,1.0000|0.9642|0.8971|0.8907|0.8818,0.035759,False,EF09MA18|EF07MA33|EF06MA25|EF09MA07|EF04MA21,0.8628|0.7075|0.6580|0.6440|0.6201,0.155361,False,False
sedu_ama9_2025t3g-D121_M-09,sedu_ama9_2025t3g,9,EF09MA16|EF08MA19|EF07MA33|EF09MA11|EF07MA22,1.0000|0.7314|0.6419|0.5474|0.5241,0.268628,False,EF07MA20|EF09MA10|EF06MA25|EF09MA11|EF09MA16,1.0000|0.9564|0.9304|0.9163|0.8769,0.043556,False,EF09MA16|EF09MA11|EF08MA19|EF07MA22|EF07MA33,0.9385|0.7319|0.7198|0.6795|0.6677,0.206622,False,False
sedu_ama9_2025t3g-D121_M-10,sedu_ama9_2025t3g,9,EF07MA28|EF07MA26|EF08MA19|EF09MA15|EF07MA33,1.0000|0.8063|0.6930|0.6844|0.5644,0.193741,False,EF07MA24|EF06MA19|EF08MA14|EF07MA31|EF07MA26,1.0000|0.9069|0.8708|0.8599|0.8408,0.093127,False,EF07MA28|EF07MA26|EF07MA24|EF08MA19|EF08MA14,0.8710|0.8235|0.7590|0.7274|0.6388,0.047481,False,True
sedu_ama9_2026int-D009_M-01,sedu_ama9_2026int,9,EF01MA12|EF09MA16|EF01MA11|EF07MA12|EF02MA12,1.0000|0.9122|0.8295|0.7936|0.7791,0.087786,False,EF09MA16|EF08MA19|EF09MA10|EF07MA23|EF06MA16,1.0000|0.8334|0.7904|0.7718|0.7581,0.166639,False,EF09MA16|EF01MA12|EF01MA11|EF02MA12|EF06MA16,0.9561|0.7611|0.7169|0.6571|0.6568,0.195005,False,False
sedu_ama9_2026int-D009_M-02,sedu_ama9_2026int,9,EF09MA02|EF09MA16|EF09MA01|EF02MA12|EF04MA09,1.0000|0.9010|0.8368|0.6228|0.5631,0.098976,False,EF03MA09|EF06MA16|EF07MA10|EF05MA05|EF09MA16,1.0000|0.9945|0.9307|0.9025|0.8682,0.005503,False,EF09MA16|EF09MA02|EF09MA01|EF06MA16|EF07MA10,0.8846|0.8350|0.7996|0.7242|0.7137,0.049626,False,True
sedu_ama9_2026int-D009_M-03,sedu_ama9_2026int,9,EF09MA02|EF09MA16|EF09MA01|EF02MA12|EF04MA09,1.0000|0.9010|0.8368|0.6228|0.5631,0.098976,False,EF06MA16|EF03MA09|EF07MA10|EF05MA05|EF09MA16,1.0000|0.9610|0.9174|0.9069|0.9001,0.03898,False,EF09MA16|EF09MA02|EF09MA01|EF06MA16|EF07MA10,0.9006|0.8480|0.7996|0.7270|0.7071,0.052551,False,False
sedu_ama9_2026int-D030_M-01,sedu_ama9_2026int,9,EF08MA06|EF08MA11|EF08MA10|EF05MA11|EF09MA09,1.0000|0.5022|0.4788|0.4588|0.3989,0.497838,False,EF08MA06|EF05MA11|EF09MA09|EF08MA03|EF04MA13,1.0000|0.9743|0.8525|0.8463|0.8180,0.025713,False,EF08MA06|EF05MA11|EF09MA09|EF07MA12|EF07MA04,1.0000|0.7165|0.6257|0.5681|0.5637,0.283454,False,False
sedu_ama9_2026int-D030_M-02,sedu_ama9_2026int,9,EF08MA06|EF06MA29|EF04MA21|EF07MA28|EF07MA32,1.0000|0.7372|0.5944|0.5362|0.4998,0.262772,False,EF08MA19|EF04MA21|EF07MA31|EF07MA32|EF06MA29,1.0000|0.8888|0.8735|0.8596|0.8354,0.111227,False,EF06MA29|EF08MA06|EF08MA19|EF04MA21|EF07MA31,0.7863|0.7795|0.7466|0.7416|0.6833,0.006774,False,True
sedu_ama9_2026int-D030_M-03,sedu_ama9_2026int,9,EM13MAT503|EF08MA22|EF04MA02|EF06MA30|EF01MA09,1.0000|0.8321|0.7813|0.7363|0.6732,0.16795,False,EF07MA04|EF08MA03|EF04MA01|EF02MA02|EF05MA09,1.0000|0.9814|0.9365|0.9245|0.9134,0.018645,False,EM13MAT503|EF08MA22|EF04MA02|EF07MA12|EF05MA04,0.8641|0.8124|0.7019|0.6679|0.6395,0.051709,False,False
sedu_ama9_2026int-D038_M-01,sedu_ama9_2026int,9,EF01MA17|EF01MA18|EM13MAT303|EM13MAT403|EF02MA18,1.0000|0.9608|0.9608|0.9258|0.7947,0.039231,False,EM13MAT201|EF09MA08|EM13MAT104|EF09MA07|EF05MA19,1.0000|0.9935|0.9533|0.9257|0.9050,0.006455,False,EM13MAT303|EM13MAT403|EF01MA17|EF01MA18|EM13MAT404,0.8232|0.6532|0.6403|0.6181|0.5925,0.170041,False,False
sedu_ama9_2026int-D038_M-02,sedu_ama9_2026int,9,EF05MA12|EM13MAT314|EF08MA06|EF04MA15|EF05MA11,1.0000|0.7514|0.7054|0.7041|0.6714,0.248564,False,EF04MA25|EF03MA24|EF05MA12|EF01MA19|EF02MA20,1.0000|0.8473|0.7956|0.7234|0.6855,0.152688,False,EF05MA12|EF04MA25|EF03MA24|EF09MA09|EF08MA06,0.8978|0.7875|0.6731|0.5735|0.5612,0.110319,False,False
sedu_ama9_2026int-D038_M-03,sedu_ama9_2026int,9,EF06MA15|EF06MA33|EF05MA13|EM13MAT201|EF05MA09,1.0000|0.9154|0.8563|0.8563|0.8409,0.084626,False,EF01MA04|EF06MA33|EF05MA06|EF07MA36|EF04MA01,1.0000|0.8561|0.8059|0.7151|0.7094,0.143947,False,EF06MA33|EF06MA15|EM13MAT201|EF05MA13|EF02MA03,0.8857|0.7894|0.7589|0.6848|0.6419,0.09634,False,False
sedu_ama9_2026int-D039_M-01,sedu_ama9_2026int,9,EF01MA17|EF01MA18|EF02MA18|EF04MA24|EF04MA23,1.0000|0.5957|0.5483|0.4927|0.4212,0.404297,False,EF07MA04|EF08MA03|EF03MA09|EF04MA01|EF04MA22,1.0000|0.9506|0.9239|0.8739|0.8679,0.049433,False,EF01MA17|EF02MA18|EF01MA18|EF04MA24|EF07MA04,0.8444|0.6785|0.6671|0.5824|0.5000,0.16592,False,False
sedu_ama9_2026int-D039_M-02,sedu_ama9_2026int,9,EF01MA17|EM13MAT106|EF05MA20|EF02MA18|EF05MA09,1.0000|0.9866|0.8522|0.7947|0.7559,0.013357,False,EF07MA04|EF08MA03|EF07MA12|EF07MA07|EF04MA22,1.0000|0.9608|0.9221|0.9137|0.9048,0.039208,False,EF01MA17|EF02MA18|EF05MA10|EF05MA09|EF05MA20,0.8197|0.8034|0.7092|0.7066|0.7033,0.016296,False,True
sedu_ama9_2026int-D039_M-03,sedu_ama9_2026int,9,EF07MA22|EM13MAT106|EF05MA12|EF06MA12|EF01MA12,1.0000|0.9394|0.7178|0.7072|0.7030,0.060585,False,EF02MA17|EF08MA03|EF03MA07|EF07MA30|EF09MA19,1.0000|0.9765|0.9663|0.9644|0.9642,0.023486,False,EF07MA22|EF05MA12|EF06MA12|EF01MA06|EF05MA19,0.8142|0.7496|0.7371|0.7067|0.6473,0.064588,False,False
sedu_ama9_2026int-D058_M-01,sedu_ama9_2026int,9,EF01MA14|EF08MA21|EF08MA20|EF07MA30|EM13MAT309,1.0000|0.9547|0.8635|0.8268|0.8194,0.045312,False,EF02MA16|EF04MA21|EM13MAT309|EF01MA04|EF06MA33,1.0000|0.9191|0.9161|0.9023|0.8861,0.080878,False,EF08MA21|EM13MAT309|EF07MA30|EF01MA14|EF04MA21,0.8988|0.8678|0.8353|0.7996|0.7945,0.031048,False,True
sedu_ama9_2026int-D058_M-02,sedu_ama9_2026int,9,EF01MA14|EF04MA21|EF08MA21|EF07MA32|EF03MA15,1.0000|0.9587|0.9547|0.9194|0.8668,0.041281,False,EF04MA21|EF08MA19|EF07MA31|EF08MA21|EF07MA24,1.0000|0.9888|0.9695|0.9473|0.9318,0.011163,False,EF04MA21|EF08MA21|EF01MA14|EF07MA32|EF08MA19,0.9794|0.9510|0.9065|0.8932|0.8396,0.028363,False,True
sedu_ama9_2026int-D058_M-03,sedu_ama9_2026int,9,EF07MA25|EF08MA22|EF01MA14|EF04MA21|EF09MA01,1.0000|0.9697|0.9094|0.9000|0.8654,0.030307,False,EF07MA25|EF07MA22|EF03MA14|EF07MA24|EF08MA21,1.0000|0.9297|0.9063|0.8883|0.8740,0.070299,False,EF07MA25|EF01MA14|EF04MA21|EF08MA19|EF08MA21,1.0000|0.8505|0.8439|0.8250|0.8218,0.149508,False,False
sedu_ama9_2026int-D063_M-01,sedu_ama9_2026int,9,EF03MA28|EF01MA21|EF06MA33|EF03MA26|EF05MA24,1.0000|0.9236|0.9089|0.8848|0.8718,0.076439,False,EF03MA24|EF09MA22|EF07MA37|EF06MA32|EF08MA27,1.0000|0.9816|0.9725|0.9670|0.9601,0.018446,False,EF01MA21|EF06MA32|EF05MA24|EF02MA22|EF03MA26,0.8517|0.8408|0.8361|0.8248|0.8174,0.010981,False,True
sedu_ama9_2026int-D063_M-02,sedu_ama9_2026int,9,EF08MA04|EF04MA28|EF02MA22|EM13MAT406|EM13MAT102,1.0000|0.9857|0.9293|0.9071|0.9047,0.0143,False,EM13MAT104|EF08MA25|EF05MA06|EF09MA23|EF08MA04,1.0000|0.9679|0.9352|0.8930|0.8714,0.032081,False,EF08MA04|EM13MAT102|EF02MA22|EM13MAT406|EF07MA37,0.9357|0.8552|0.8452|0.7848|0.7802,0.080506,False,False
sedu_ama9_2026int-D063_M-03,sedu_ama9_2026int,9,EF04MA28|EF02MA23|EF06MA33|EF02MA22|EF03MA28,1.0000|0.9030|0.8420|0.7477|0.7316,0.097046,False,EM13MAT104|EF07MA29|EF06MA13|EF05MA06|EF06MA33,1.0000|0.9841|0.9806|0.9531|0.9494,0.015898,False,EF06MA33|EF02MA22|EF05MA24|EF07MA36|EF01MA22,0.8957|0.7888|0.7732|0.7565|0.7459,0.106958,False,False
sedu_ama9_2026t1-D009_M-01,sedu_ama9_2026t1,9,EF01MA19|EF07MA12|EF04MA24|EF07MA10|EF05MA05,1.0000|0.9456|0.9113|0.9085|0.8755,0.05436,False,EF04MA23|EF04MA24|EF06MA28|EF07MA33|EM13MAT101,1.0000|0.9243|0.7936|0.6937|0.6310,0.075724,False,EF04MA24|EF04MA23|EF01MA19|EF03MA04|EF07MA12,0.9178|0.7922|0.7863|0.6587|0.6460,0.125614,False,False
sedu_ama9_2026t1-D009_M-02,sedu_ama9_2026t1,9,EF03MA27|EF02MA09|EF03MA01|EF04MA24|EM13MAT510,1.0000|0.9739|0.7404|0.7161|0.6433,0.026071,False,EF01MA05|EF02MA01|EF03MA02|EF06MA05|EF05MA05,1.0000|0.9860|0.8489|0.8351|0.8304,0.014045,False,EF02MA09|EF01MA05|EF03MA01|EF03MA27|EF07MA10,0.8748|0.7866|0.7513|0.7105|0.6765,0.088179,False,False
sedu_ama9_2026t1-D009_M-03,sedu_ama9_2026t1,9,EF06MA12|EF01MA02|EF03MA06|EF01MA03|EF05MA12,1.0000|0.8165|0.8165|0.7780|0.7336,0.183503,False,EM13MAT314|EF03MA24|EM13MAT104|EM13MAT201|EF09MA08,1.0000|0.9582|0.8971|0.8926|0.8801,0.041787,False,EF06MA12|EM13MAT314|EF05MA12|EF01MA03|EF01MA02,0.9148|0.7959|0.7929|0.7454|0.7140,0.118926,False,False
sedu_ama9_2026t1-D009_M-04,sedu_ama9_2026t1,9,EF06MA02|EF09MA01|EM13MAT510|EF05MA05|EF09MA02,1.0000|0.9971|0.9066|0.8923|0.8374,0.002873,False,EF06MA25|EF07MA20|EF07MA33|EF05MA16|EF04MA20,1.0000|0.8591|0.8445|0.8262|0.8227,0.140891,False,EF09MA01|EF06MA02|EF03MA12|EF01MA05|EF09MA02,0.9048|0.7659|0.7228|0.7137|0.7120,0.138904,False,False
sedu_ama9_2026t1-D010_M-01,sedu_ama9_2026t1,9,EF01MA17|EF01MA18|EF03MA24|EF04MA25|EF09MA07,1.0000|0.9608|0.9498|0.9175|0.8600,0.039231,False,EF03MA24|EF02MA20|EF01MA19|EF04MA10|EF04MA23,1.0000|0.9192|0.7992|0.7639|0.7431,0.080773,False,EF03MA24|EF05MA12|EF09MA07|EF02MA20|EF04MA25,0.9749|0.7258|0.7244|0.7190|0.7009,0.249122,False,False
sedu_ama9_2026t1-D010_M-02,sedu_ama9_2026t1,9,EF04MA25|EF05MA12|EF08MA13|EF02MA06|EM13MAT314,1.0000|0.8414|0.6411|0.6323|0.6323,0.158587,False,EF03MA24|EF02MA20|EF01MA19|EF04MA23|EF05MA12,1.0000|0.8700|0.8255|0.7751|0.7570,0.129965,False,EF05MA12|EF03MA24|EF02MA20|EF04MA25|EF01MA19,0.7992|0.7267|0.7177|0.7177|0.6810,0.07252,False,False
sedu_ama9_2026t1-D010_M-03,sedu_ama9_2026t1,9,EF07MA14|EF04MA25|EF08MA06|EF05MA20|EF02MA19,1.0000|0.9661|0.8955|0.8523|0.8480,0.033908,False,EF01MA19|EF02MA20|EF03MA24|EF02MA02|EF01MA04,1.0000|0.8236|0.8233|0.7579|0.6798,0.176434,False,EF04MA25|EF03MA24|EF05MA20|EF07MA14|EF02MA19,0.7955|0.7283|0.6572|0.6393|0.6259,0.067211,False,False
sedu_ama9_2026t1-D010_M-04,sedu_ama9_2026t1,9,EF03MA24|EF06MA30|EF05MA12|EF08MA11|EF08MA10,1.0000|0.7483|0.6816|0.6313|0.6020,0.251669,False,EF02MA02|EF05MA12|EF01MA03|EM13MAT504|EF02MA03,1.0000|0.9911|0.8354|0.8006|0.7846,0.008929,False,EF03MA24|EF05MA12|EF02MA02|EF02MA03|EF04MA20,0.8885|0.8363|0.7783|0.6655|0.6303,0.052177,False,False
sedu_ama9_2026t1-D010_M-05,sedu_ama9_2026t1,9,EF01MA17|EF06MA23|EF09MA16|EF02MA03|EF07MA14,1.0000|0.7398|0.6269|0.5975|0.5809,0.260157,False,EF09MA16|EF03MA12|EF04MA16|EF08MA22|EF09MA10,1.0000|0.9811|0.9733|0.9581|0.9580,0.018933,False,EF09MA16|EF01MA17|EF06MA23|EF07MA07|EF02MA03,0.8134|0.8090|0.7904|0.7650|0.7036,0.004493,False,True
sedu_ama9_2026t1-D010_M-06,sedu_ama9_2026t1,9,EM13MAT315|EF07MA12|EF09MA04|EF07MA10|EF04MA05,1.0000|0.7629|0.7495|0.7329|0.6842,0.237149,False,EF03MA09|EF07MA12|EF07MA04|EF06MA11|EF08MA06,1.0000|0.9532|0.9360|0.9312|0.9199,0.04681,False,EF07MA12|EF09MA04|EF07MA10|EF06MA11|EF07MA04,0.8580|0.7735|0.7716|0.7687|0.7330,0.084559,False,False
sedu_ama9_2026t1-D010_M-07,sedu_ama9_2026t1,9,EM13MAT315|EF09MA04|EF04MA05|EF08MA06|EF04MA09,1.0000|0.5224|0.4769|0.4415|0.4331,0.47762,False,EF03MA09|EF08MA06|EF02MA06|EF07MA12|EF07MA04,1.0000|0.8593|0.8405|0.8399|0.8383,0.140665,False,EM13MAT315|EF08MA06|EF05MA04|EF07MA08|EF07MA04,0.6758|0.6504|0.6280|0.6119|0.6038,0.025359,False,True
sedu_ama9_2026t1-D013_M-01,sedu_ama9_2026t1,9,EF01MA16|EF05MA12|EF05MA14|EF09MA09|EF05MA04,1.0000|0.9636|0.9450|0.9168|0.9038,0.036408,False,EF02MA02|EF03MA24|EF05MA12|EF06MA28|EF01MA19,1.0000|0.9416|0.9387|0.9173|0.9119,0.058364,False,EF05MA12|EF02MA02|EF03MA24|EF04MA10|EF05MA04,0.9511|0.8503|0.8285|0.8077|0.7778,0.100816,False,False
sedu_ama9_2026t1-D013_M-02,sedu_ama9_2026t1,9,EF02MA03|EF01MA03|EF06MA30|EF05MA06|EF05MA04,1.0000|0.8868|0.8780|0.8076|0.7841,0.113247,False,EF03MA01|EM13MAT104|EF01MA19|EF07MA36|EF07MA33,1.0000|0.9062|0.8776|0.8349|0.8049,0.093763,False,EF02MA03|EF01MA03|EF06MA30|EF05MA06|EF02MA02,0.8079|0.7787|0.7438|0.7221|0.6984,0.029237,False,True
sedu_ama9_2026t1-D013_M-03,sedu_ama9_2026t1,9,EF05MA06|EF01MA19|EM13MAT504|EF05MA04|EF07MA12,1.0000|0.6035|0.5811|0.5773|0.5270,0.396463,False,EF05MA06|EF05MA04|EF03MA08|EF03MA09|EF08MA03,1.0000|0.9468|0.9282|0.8576|0.8554,0.053198,False,EF05MA06|EF05MA04|EF01MA19|EF06MA10|EF07MA10,1.0000|0.7621|0.6457|0.6357|0.6198,0.237942,False,False
sedu_ama9_2026t1-D013_M-04,sedu_ama9_2026t1,9,EF06MA09|EF04MA20|EF03MA24|EF01MA12|EF03MA17,1.0000|0.9754|0.9502|0.8108|0.7433,0.024637,False,EF06MA28|EM13MAT201|EF02MA02|EF07MA29|EF06MA34,1.0000|0.9518|0.9367|0.8511|0.8498,0.048168,False,EF04MA20|EF03MA24|EF01MA12|EF06MA09|EF02MA17,0.8484|0.8017|0.7690|0.7224|0.7153,0.046659,False,True
sedu_ama9_2026t1-D013_M-05,sedu_ama9_2026t1,9,EF03MA06|EF06MA30|EF06MA12|EF05MA14|EF06MA08,1.0000|0.6827|0.6627|0.6376|0.6177,0.317285,False,EF07MA33|EF09MA16|EF02MA02|EF08MA22|EM13MAT201,1.0000|0.8693|0.8548|0.8431|0.8392,0.130695,False,EF03MA06|EF06MA12|EF06MA30|EF05MA04|EF05MA14,0.7485|0.7276|0.7042|0.6405|0.6269,0.020858,False,True
sedu_ama9_2026t1-D013_M-06,sedu_ama9_2026t1,9,EF08MA04|EF04MA10|EF06MA28|EF04MA02|EF05MA06,1.0000|0.8004|0.7464|0.7155|0.7042,0.199584,False,EM13MAT201|EF02MA02|EF09MA08|EF04MA20|EF05MA19,1.0000|0.8573|0.8556|0.8305|0.8275,0.142691,False,EF08MA04|EF04MA10|EM13MAT201|EF06MA12|EF07MA35,0.8953|0.7832|0.6926|0.6880|0.6579,0.112154,False,False
sedu_ama9_2026t1-D020_M-01,sedu_ama9_2026t1,9,EF03MA24|EF09MA03|EM13MAT406|EF08MA06|EF04MA25,1.0000|0.8755|0.6618|0.5927|0.5612,0.124501,False,EF02MA02|EF03MA24|EF07MA12|EF08MA03|EF07MA04,1.0000|0.9017|0.8764|0.8742|0.8722,0.098278,False,EF03MA24|EF09MA03|EF08MA06|EF04MA25|EF02MA02,0.9509|0.8441|0.6915|0.6652|0.6509,0.10674,False,False
sedu_ama9_2026t1-D020_M-02,sedu_ama9_2026t1,9,EF08MA11|EF08MA10|EF02MA19|EF07MA13|EF03MA22,1.0000|0.9535|0.8165|0.7437|0.7255,0.046537,False,EF02MA20|EF03MA24|EF04MA10|EF01MA19|EF07MA09,1.0000|0.9300|0.9296|0.8858|0.7706,0.069955,False,EF08MA11|EF08MA10|EF02MA19|EF03MA11|EF07MA13,0.7591|0.7401|0.6432|0.6162|0.6055,0.019006,False,True
sedu_ama9_2026t1-D020_M-03,sedu_ama9_2026t1,9,EF01MA18|EF04MA23|EF08MA21|EF06MA34|EF04MA26,1.0000|0.6592|0.5027|0.4990|0.4860,0.340752,False,EF03MA24|EF02MA20|EF01MA19|EF04MA23|EM13MAT201,1.0000|0.9551|0.8698|0.8409|0.7257,0.044909,False,EF04MA23|EF02MA20|EF03MA24|EF01MA18|EF01MA19,0.7501|0.7051|0.6825|0.6565|0.6508,0.044951,False,True
sedu_ama9_2026t1-D020_M-04,sedu_ama9_2026t1,9,EF03MA23|EF04MA24|EF02MA19|EF04MA23|EF03MA10,1.0000|0.9813|0.6791|0.6293|0.6188,0.018698,False,EF04MA24|EF04MA23|EF02MA19|EF01MA17|EF01MA18,1.0000|0.9743|0.6920|0.6599|0.5929,0.025685,False,EF04MA24|EF04MA23|EF03MA23|EF02MA19|EF03MA22,0.9907|0.8018|0.7759|0.6855|0.5755,0.188867,False,False
sedu_ama9_2026t1-D020_M-05,sedu_ama9_2026t1,9,EF04MA25|EF01MA18|EF04MA05|EF08MA06|EF03MA22,1.0000|0.9817|0.8797|0.8145|0.7052,0.018275,False,EF01MA19|EF03MA24|EF02MA20|EF02MA02|EF04MA25,1.0000|0.9697|0.9461|0.9222|0.7632,0.030253,False,EF04MA25|EF03MA24|EF01MA18|EF04MA05|EF04MA22,0.8816|0.7268|0.7187|0.6837|0.6053,0.154805,False,False
sedu_ama9_2026t1-D020_M-06,sedu_ama9_2026t1,9,EF08MA04|EF04MA05|EF08MA06|EM13MAT312|EF01MA06,1.0000|0.5774|0.5345|0.5345|0.5000,0.42265,False,EF01MA06|EF09MA03|EF03MA03|EF02MA05|EF08MA03,1.0000|0.9889|0.9210|0.9057|0.8885,0.011133,False,EF08MA04|EF01MA06|EF09MA03|EF04MA05|EF02MA05,0.8242|0.7500|0.7444|0.7048|0.6661,0.07424,False,False
sedu_ama9_2026t1-D021_M-01,sedu_ama9_2026t1,9,EF01MA04|EF04MA09|EF07MA04|EF01MA05|EF07MA21,1.0000|0.7691|0.7691|0.7333|0.7198,0.230943,False,EF06MA16|EF07MA20|EF07MA33|EF07MA22|EF06MA25,1.0000|0.9580|0.9567|0.9541|0.9347,0.042012,False,EF01MA04|EF01MA05|EF07MA21|EF07MA10|EF01MA19,0.8157|0.7954|0.7667|0.7528|0.7486,0.020355,False,True
sedu_ama9_2026t1-D021_M-02,sedu_ama9_2026t1,9,EF02MA12|EF07MA11|EF03MA12|EF06MA08|EF07MA12,1.0000|0.9086|0.8639|0.8234|0.8089,0.091368,False,EF04MA23|EF04MA24|EF08MA07|EM13MAT302|EF06MA28,1.0000|0.8269|0.6048|0.5158|0.5144,0.173149,False,EF04MA24|EF02MA12|EF04MA23|EF06MA08|EF07MA12,0.6609|0.6407|0.6283|0.6153|0.6127,0.020253,False,True
sedu_ama9_2026t1-D021_M-03,sedu_ama9_2026t1,9,EF03MA04|EF03MA22|EF04MA22|EF05MA03|EF04MA10,1.0000|0.9441|0.8980|0.8247|0.7847,0.055868,False,EF06MA12|EF06MA34|EF08MA20|EF03MA24|EF08MA21,1.0000|0.9774|0.9646|0.9457|0.9306,0.022631,False,EF03MA24|EF03MA04|EF04MA22|EF03MA22|EF04MA10,0.8650|0.8606|0.7524|0.7496|0.7443,0.00441,False,True
sedu_ama9_2026t1-D021_M-04,sedu_ama9_2026t1,9,EF06MA08|EF07MA12|EF07MA10|EF05MA05|EF07MA04,1.0000|0.9824|0.9438|0.9095|0.8913,0.017616,False,EF01MA19|EF03MA24|EF05MA05|EF05MA06|EF03MA09,1.0000|0.9021|0.8967|0.8802|0.8726,0.097944,False,EF07MA12|EF05MA05|EF07MA10|EF06MA08|EF07MA04,0.9045|0.9031|0.8873|0.8781|0.8646,0.001357,False,True
sedu_ama9_2026t1-D024_M-01,sedu_ama9_2026t1,9,EF09MA09|EM13MAT314|EF05MA12|EF05MA19|EF02MA06,1.0000|0.9207|0.6862|0.6151|0.5886,0.079333,False,EF08MA20|EM13MAT314|EF06MA12|EF09MA19|EF05MA19,1.0000|0.8539|0.7887|0.7786|0.7409,0.146077,False,EM13MAT314|EF09MA09|EF08MA20|EF05MA19|EF05MA12,0.8873|0.7351|0.7009|0.6780|0.6482,0.152162,False,False
sedu_ama9_2026t1-D024_M-02,sedu_ama9_2026t1,9,EF03MA12|EF06MA30|EF01MA01|EF01MA02|EF01MA03,1.0000|0.8000|0.0000|0.0000|0.0000,0.2,False,EF03MA12|EF02MA12|EF09MA16|EF04MA16|EF08MA17,1.0000|0.9764|0.9134|0.9101|0.9065,0.023602,False,EF03MA12|EF06MA30|EF02MA12|EF09MA16|EF04MA16,1.0000|0.6455|0.4882|0.4567|0.4550,0.354483,False,False
sedu_ama9_2026t1-D024_M-03,sedu_ama9_2026t1,9,EF08MA05|EF02MA09|EF03MA27|EF04MA26|EF05MA14,1.0000|0.9359|0.8525|0.7893|0.7864,0.064053,False,EM13MAT201|EF09MA07|EF06MA28|EM13MAT307|EF06MA29,1.0000|0.9686|0.8837|0.8478|0.7990,0.031403,False,EM13MAT201|EF08MA05|EF06MA29|EM13MAT307|EF02MA16,0.7351|0.6816|0.6521|0.6448|0.6396,0.053476,False,False
sedu_ama9_2026t1-D024_M-04,sedu_ama9_2026t1,9,EF03MA19|EF02MA16|EF07MA22|EF08MA17|EF05MA19,1.0000|0.9661|0.9327|0.7689|0.7645,0.033908,False,EF08MA21|EF07MA30|EF02MA16|EF03MA19|EF05MA21,1.0000|0.9847|0.8834|0.8759|0.8575,0.015295,False,EF03MA19|EF02MA16|EF07MA22|EF07MA30|EF08MA20,0.9380|0.9247|0.8949|0.8021|0.7254,0.013221,False,True
sedu_ama9_2026t1-D024_M-05,sedu_ama9_2026t1,9,EM13MAT309|EF03MA24|EF09MA18|EF05MA19|EF02MA18,1.0000|0.7909|0.5047|0.4743|0.4663,0.209074,False,EM13MAT201|EF07MA29|EF06MA28|EF06MA32|EF07MA36,1.0000|0.9774|0.9754|0.9193|0.9071,0.022602,False,EM13MAT309|EF03MA24|EF05MA19|EF08MA17|EM13MAT101,0.8171|0.7180|0.6653|0.6538|0.6184,0.099021,False,False
sedu_ama9_2026t1-D029_M-01,sedu_ama9_2026t1,9,EF06MA29|EF07MA28|EM13MAT307|EF09MA15|EF08MA19,1.0000|0.9813|0.9303|0.6865|0.6293,0.018711,False,EF06MA29|EF08MA19|EM13MAT307|EF04MA21|EF07MA28,1.0000|0.9648|0.9597|0.9296|0.9035,0.035207,False,EF06MA29|EM13MAT307|EF07MA28|EF08MA19|EF09MA15,1.0000|0.9450|0.9424|0.7971|0.7528,0.055027,False,False
sedu_ama9_2026t1-D029_M-02,sedu_ama9_2026t1,9,EF02MA17|EF03MA19|EF09MA18|EF04MA20|EF03MA20,1.0000|1.0000|0.9722|0.8819|0.8367,0.0,True,EF09MA01|EF09MA16|EF08MA19|EF02MA16|EF07MA24,1.0000|0.9949|0.9377|0.9099|0.8954,0.005113,False,EF03MA19|EF04MA20|EF02MA17|EF09MA18|EF09MA16,0.9105|0.8381|0.8110|0.8092|0.7852,0.07248,False,False
sedu_ama9_2026t1-D029_M-03,sedu_ama9_2026t1,9,EF06MA29|EF03MA15|EF02MA16|EM13MAT506|EF03MA06,1.0000|0.7729|0.7688|0.6964|0.6444,0.227058,False,EF06MA29|EF04MA21|EF05MA20|EF08MA21|EF08MA19,1.0000|0.9525|0.8667|0.8480|0.8465,0.04754,False,EF06MA29|EF02MA16|EM13MAT506|EF03MA15|EF08MA19,1.0000|0.7869|0.7512|0.7309|0.7028,0.213057,False,False
sedu_ama9_2026t1-D029_M-04,sedu_ama9_2026t1,9,EM13MAT315|EF07MA15|EF01MA19|EF06MA12|EF08MA06,1.0000|0.7071|0.6207|0.5407|0.5352,0.292893,False,EF07MA29|EF08MA03|EF04MA13|EF06MA14|EF06MA13,1.0000|0.9965|0.9803|0.9649|0.9592,0.00346,False,EF07MA29|EM13MAT315|EF06MA11|EF01MA19|EM13MAT304,0.7306|0.7228|0.6994|0.6715|0.6703,0.007738,False,True
sedu_ama9_2026t1-D029_M-05,sedu_ama9_2026t1,9,EF06MA12|EF09MA09|EM13MAT307|EF03MA10|EF07MA31,1.0000|0.7110|0.6521|0.6209|0.6066,0.289029,False,EF08MA19|EF09MA16|EF07MA30|EF05MA20|EM13MAT505,1.0000|0.9740|0.9484|0.8970|0.8927,0.02603,False,EF06MA12|EF08MA19|EM13MAT307|EF07MA31|EF09MA19,0.8441|0.8033|0.7155|0.6727|0.6720,0.040821,False,True
sedu_ama9_2026t1-D029_M-06,sedu_ama9_2026t1,9,EF08MA02|EF03MA06|EF06MA12|EM13MAT307|EF06MA03,1.0000|0.6910|0.5923|0.5805|0.5491,0.309008,False,EF08MA02|EF03MA09|EF05MA04|EF06MA05|EF08MA05,1.0000|0.9981|0.9971|0.9296|0.9290,0.001927,False,EF08MA02|EF06MA12|EF03MA06|EF01MA02|EF06MA03,1.0000|0.7155|0.7018|0.5664|0.5642,0.284487,False,False
sedu_ama9_2026t3-D009_M-01,sedu_ama9_2026t3,9,EF09MA16|EM13MAT510|EF07MA04|EF07MA12|EF08MA06,1.0000|0.9190|0.9108|0.8314|0.8216,0.08096,False,EF07MA10|EF05MA05|EF03MA09|EF08MA11|EF08MA10,1.0000|0.9767|0.9353|0.8986|0.8658,0.023285,False,EF07MA10|EF05MA05|EF09MA16|EF07MA04|EF07MA12,0.8994|0.8732|0.8644|0.7570|0.7509,0.026171,False,True
sedu_ama9_2026t3-D009_M-02,sedu_ama9_2026t3,9,EF07MA04|EF02MA12|EF07MA12|EF07MA10|EF05MA05,1.0000|0.9265|0.9129|0.8771|0.8452,0.073482,False,EF07MA10|EF05MA05|EF06MA16|EF03MA09|EF05MA04,1.0000|0.9657|0.9247|0.8961|0.8605,0.034257,False,EF07MA10|EF05MA05|EF06MA16|EF07MA03|EF07MA04,0.9385|0.9054|0.8481|0.8237|0.8175,0.03308,False,True
sedu_ama9_2026t3-D009_M-03,sedu_ama9_2026t3,9,EF07MA12|EF07MA10|EF05MA05|EF07MA11|EF04MA09,1.0000|0.9608|0.9258|0.8660|0.8344,0.039231,False,EF05MA05|EF03MA09|EF03MA02|EF07MA10|EF06MA08,1.0000|0.9876|0.9557|0.9222|0.9210,0.012438,False,EF05MA05|EF07MA10|EF07MA12|EF07MA11|EF04MA09,0.9629|0.9415|0.9335|0.8578|0.8479,0.021446,False,True
sedu_ama9_2026t3-D009_M-04,sedu_ama9_2026t3,9,EF07MA12|EF07MA10|EF05MA05|EF07MA11|EF04MA09,1.0000|0.9608|0.9258|0.8660|0.8344,0.039231,False,EF05MA05|EF03MA09|EF07MA10|EF05MA04|EF06MA08,1.0000|0.9789|0.9169|0.8927|0.8767,0.021118,False,EF05MA05|EF07MA10|EF07MA12|EF04MA09|EF07MA11,0.9629|0.9389|0.9102|0.8414|0.8220,0.024059,False,True
sedu_ama9_2026t3-D009_M-05,sedu_ama9_2026t3,9,EF07MA12|EF07MA10|EF05MA05|EF07MA11|EF04MA09,1.0000|0.9608|0.9258|0.8660|0.8344,0.039231,False,EF05MA05|EF03MA09|EF07MA10|EF05MA04|EF03MA02,1.0000|0.9985|0.9484|0.9094|0.8521,0.001523,False,EF05MA05|EF07MA10|EF07MA12|EF04MA09|EF07MA11,0.9629|0.9546|0.8965|0.8392|0.8199,0.008302,False,True
sedu_ama9_2026t3-D013_M-01,sedu_ama9_2026t3,9,EF05MA04|EF06MA09|EF06MA10|EF06MA08|EF07MA08,1.0000|0.9525|0.9202|0.9098|0.8658,0.047461,False,EF03MA02|EF01MA07|EF05MA05|EF04MA10|EF04MA09,1.0000|0.9949|0.9853|0.9538|0.9487,0.005053,False,EF05MA04|EF06MA10|EF06MA08|EF06MA09|EF07MA08,0.9644|0.9217|0.9156|0.9124|0.8129,0.042701,False,True
sedu_ama9_2026t3-D013_M-02,sedu_ama9_2026t3,9,EF08MA04|EF04MA01|EF04MA10|EF05MA02|EF05MA01,1.0000|0.6382|0.6382|0.6191|0.6017,0.361819,False,EF05MA06|EF05MA04|EF03MA02|EF05MA05|EF05MA01,1.0000|0.9888|0.9600|0.9532|0.9273,0.011214,False,EF08MA04|EF05MA06|EF05MA01|EF04MA10|EF05MA02,0.8543|0.7835|0.7645|0.7306|0.7296,0.07086,False,False
sedu_ama9_2026t3-D013_M-03,sedu_ama9_2026t3,9,EF08MA04|EF06MA10|EF07MA08|EF06MA09|EF06MA08,1.0000|0.7568|0.6877|0.6367|0.5748,0.24321,False,EF05MA06|EF05MA04|EF09MA05|EF04MA09|EF06MA07,1.0000|0.9265|0.7855|0.7714|0.7323,0.073481,False,EF08MA04|EF05MA06|EF05MA04|EF06MA10|EF06MA09,0.8585|0.7454|0.7413|0.7096|0.6407,0.113135,False,False
sedu_ama9_2026t3-D013_M-04,sedu_ama9_2026t3,9,EF06MA08|EF08MA05|EF03MA26|EF06MA10|EF05MA04,1.0000|0.9480|0.8952|0.8801|0.8781,0.051969,False,EF05MA04|EF04MA09|EF05MA03|EF04MA10|EF06MA10,1.0000|0.9903|0.9198|0.8532|0.8515,0.009689,False,EF05MA04|EF06MA08|EF06MA10|EF08MA05|EF05MA05,0.9391|0.9222|0.8658|0.7968|0.7870,0.016832,False,True
sedu_ama9_2026t3-D013_M-05,sedu_ama9_2026t3,9,EF08MA04|EF05MA06|EF05MA04|EF07MA12|EF07MA10,1.0000|0.7681|0.5243|0.4786|0.4599,0.231937,False,EF05MA06|EF05MA04|EF09MA05|EF05MA03|EF08MA04,1.0000|0.8705|0.7275|0.7150|0.7138,0.129488,False,EF05MA06|EF08MA04|EF05MA04|EF09MA05|EF05MA03,0.8840|0.8569|0.6974|0.5679|0.5586,0.02715,False,True
sedu_ama9_2026t3-D013_M-06,sedu_ama9_2026t3,9,EF06MA30|EF05MA04|EF07MA12|EF05MA07|EF07MA10,1.0000|0.9865|0.9006|0.8652|0.8652,0.013477,False,EF06MA10|EF09MA02|EF06MA09|EF07MA12|EF06MA08,1.0000|0.9664|0.9648|0.9403|0.9366,0.033629,False,EF05MA04|EF07MA12|EF06MA10|EF06MA30|EF05MA05,0.9527|0.9204|0.9027|0.9002|0.8563,0.032263,False,True
sedu_ama9_2026t3-D018_M-01,sedu_ama9_2026t3,9,EF08MA06|EF07MA15|EF07MA16|EF07MA17|EF07MA13,1.0000|0.4897|0.4897|0.3670|0.3178,0.510279,False,EF08MA06|EF07MA15|EF07MA16|EF09MA09|EM13MAT502,1.0000|0.8515|0.8480|0.8435|0.8043,0.148546,False,EF08MA06|EF07MA15|EF07MA16|EF09MA09|EM13MAT502,1.0000|0.6706|0.6688|0.5744|0.5284,0.329412,False,False
sedu_ama9_2026t3-D018_M-02,sedu_ama9_2026t3,9,EF08MA06|EF07MA17|EF07MA15|EF07MA16|EF07MA13,1.0000|0.4417|0.4191|0.4191|0.3825,0.558273,False,EF08MA06|EF09MA09|EF07MA15|EF07MA16|EF04MA04,1.0000|0.8899|0.8201|0.8170|0.8052,0.110141,False,EF08MA06|EF09MA09|EF07MA15|EF07MA16|EF07MA17,1.0000|0.6287|0.6196|0.6180|0.5677,0.371301,False,False
sedu_ama9_2026t3-D018_M-03,sedu_ama9_2026t3,9,EF08MA06|EF07MA17|EF07MA15|EF07MA16|EF07MA13,1.0000|0.4417|0.4191|0.4191|0.3825,0.558273,False,EF08MA06|EF09MA09|EF07MA15|EF07MA16|EF04MA04,1.0000|0.8899|0.8201|0.8170|0.8052,0.110141,False,EF08MA06|EF09MA09|EF07MA15|EF07MA16|EF07MA17,1.0000|0.6287|0.6196|0.6180|0.5677,0.371301,False,False
sedu_ama9_2026t3-D018_M-04,sedu_ama9_2026t3,9,EF08MA06|EF07MA17|EF07MA15|EF07MA16|EF07MA13,1.0000|0.4417|0.4191|0.4191|0.3825,0.558273,False,EF08MA06|EF09MA09|EF07MA15|EF07MA16|EF04MA04,1.0000|0.8899|0.8201|0.8170|0.8052,0.110141,False,EF08MA06|EF09MA09|EF07MA15|EF07MA16|EF07MA17,1.0000|0.6287|0.6196|0.6180|0.5677,0.371301,False,False
sedu_ama9_2026t3-D018_M-05,sedu_ama9_2026t3,9,EF08MA06|EF07MA17|EF07MA15|EF07MA16|EF07MA13,1.0000|0.4417|0.4191|0.4191|0.3825,0.558273,False,EF08MA06|EF09MA09|EF07MA15|EF07MA16|EF04MA04,1.0000|0.8899|0.8201|0.8170|0.8052,0.110141,False,EF08MA06|EF09MA09|EF07MA15|EF07MA16|EF07MA17,1.0000|0.6287|0.6196|0.6180|0.5677,0.371301,False,False
sedu_ama9_2026t3-D038_M-01,sedu_ama9_2026t3,9,EF06MA32|EF05MA03|EM13MAT101|EF01MA01|EF01MA18,1.0000|0.9846|0.8354|0.7931|0.6970,0.015405,False,EF08MA02|EF05MA10|EF04MA14|EF09MA06|EF02MA05,1.0000|0.9722|0.9306|0.8276|0.8141,0.027804,False,EF06MA32|EF05MA03|EM13MAT101|EF01MA01|EF03MA27,0.8320|0.7668|0.7465|0.6953|0.6204,0.065165,False,False
sedu_ama9_2026t3-D038_M-02,sedu_ama9_2026t3,9,EF08MA04|EF07MA02|EF06MA13|EF09MA05|EF05MA06,1.0000|0.4472|0.4082|0.4082|0.3536,0.552786,False,EF05MA06|EF03MA08|EF06MA30|EF05MA04|EF03MA09,1.0000|0.9577|0.9479|0.9355|0.9290,0.042323,False,EF08MA04|EF05MA06|EF06MA13|EF07MA02|EF09MA05,0.8555|0.6768|0.5653|0.5566|0.5267,0.178746,False,False
sedu_ama9_2026t3-D038_M-03,sedu_ama9_2026t3,9,EF03MA24|EF02MA12|EF02MA09|EF04MA22|EF03MA19,1.0000|0.9680|0.9550|0.8709|0.8287,0.032024,False,EF09MA23|EF01MA19|EF04MA23|EM13MAT102|EM13MAT104,1.0000|0.9617|0.9528|0.9524|0.9487,0.038254,False,EF03MA24|EF04MA23|EF01MA19|EF02MA20|EM13MAT102,0.9188|0.8433|0.8387|0.8249|0.7556,0.075436,False,False
sedu_ama9_2026t3-D038_M-04,sedu_ama9_2026t3,9,EF04MA27|EF06MA33|EF02MA22|EF08MA21|EF03MA06,1.0000|0.7355|0.7218|0.7129|0.6959,0.264517,False,EM13MAT106|EF06MA09|EF03MA08|EF02MA02|EF05MA04,1.0000|0.9435|0.9166|0.8995|0.8938,0.056484,False,EF04MA27|EF08MA20|EF08MA21|EM13MAT201|EF03MA06,0.7351|0.7213|0.6775|0.6759|0.6479,0.013801,False,True
sedu_ama9_2026t3-D039_M-01,sedu_ama9_2026t3,9,EM13MAT314|EF01MA17|EF09MA16|EF09MA07|EF09MA18,1.0000|0.9949|0.8117|0.7592|0.7356,0.005106,False,EF06MA32|EM13MAT314|EF06MA33|EF08MA20|EF09MA16,1.0000|0.9280|0.8956|0.8702|0.8313,0.072019,False,EM13MAT314|EF09MA16|EF01MA17|EF01MA06|EF09MA07,0.9640|0.8215|0.7155|0.7129|0.7106,0.142479,False,False
sedu_ama9_2026t3-D039_M-02,sedu_ama9_2026t3,9,EF01MA17|EF02MA18|EF04MA28|EM13MAT407|EF09MA06,1.0000|0.7863|0.7415|0.6364|0.6302,0.213664,False,EF08MA03|EF07MA07|EF05MA09|EF07MA04|EF03MA07,1.0000|0.9690|0.9489|0.9420|0.9146,0.030963,False,EF02MA06|EF02MA18|EF01MA17|EF05MA09|EF03MA06,0.7556|0.7299|0.7133|0.7025|0.6749,0.025724,False,True
sedu_ama9_2026t3-D039_M-03,sedu_ama9_2026t3,9,EF01MA17|EF01MA18|EF02MA18|EF08MA24|EF01MA22,1.0000|0.8286|0.7436|0.6252|0.6091,0.171382,False,EM13MAT314|EF06MA32|EM13MAT104|EF09MA07|EF05MA19,1.0000|0.9886|0.9435|0.9043|0.9003,0.011408,False,EF07MA36|EF06MA32|EM13MAT104|EF01MA17|EF01MA22,0.7152|0.6887|0.6581|0.6463|0.6293,0.026528,False,True
sedu_ama9_2026t3-D039_M-04,sedu_ama9_2026t3,9,EF01MA17|EF03MA23|EF02MA18|EF04MA22|EF01MA18,1.0000|0.7716|0.6623|0.6300|0.5573,0.228407,False,EF02MA18|EF04MA22|EF03MA18|EF01MA17|EF03MA23,1.0000|0.8705|0.7833|0.7735|0.7621,0.129524,False,EF01MA17|EF02MA18|EF03MA23|EF04MA22|EF01MA18,0.8867|0.8312|0.7669|0.7502|0.6128,0.05558,False,False
sedu_ama9_2026t3-D049_M-01,sedu_ama9_2026t3,9,EF01MA10|EF03MA10|EF09MA01|EF06MA19|EF07MA24,1.0000|0.9747|0.9661|0.9377|0.9010,0.025321,False,EF06MA19|EF07MA24|EF08MA14|EF09MA12|EF03MA15,1.0000|0.8746|0.8583|0.8461|0.8290,0.125363,False,EF06MA19|EF07MA24|EF09MA13|EF02MA15|EF07MA26,0.9689|0.8878|0.8269|0.8185|0.8181,0.081076,False,False
sedu_ama9_2026t3-D049_M-02,sedu_ama9_2026t3,9,EF07MA32|EF09MA13|EF07MA31|EF08MA19|EF02MA15,1.0000|0.7216|0.7013|0.7013|0.6972,0.278352,False,EF06MA19|EF07MA31|EF07MA24|EF07MA32|EF08MA14,1.0000|0.8845|0.8699|0.8584|0.8283,0.115464,False,EF07MA32|EF07MA31|EF08MA19|EF09MA13|EF03MA15,0.9292|0.7929|0.7394|0.7371|0.6960,0.136286,False,False
sedu_ama9_2026t3-D049_M-03,sedu_ama9_2026t3,9,EF07MA25|EF08MA21|EM13MAT509|EF07MA32|EF01MA14,1.0000|0.7957|0.7745|0.6673|0.6551,0.204253,False,EF07MA24|EF06MA19|EF08MA21|EF07MA25|EF08MA15,1.0000|0.9459|0.9423|0.9363|0.9229,0.054095,False,EF07MA25|EF08MA21|EF07MA32|EM13MAT509|EM13MAT309,0.9682|0.8690|0.7289|0.7107|0.6692,0.099128,False,False
sedu_ama9_2026t3-D049_M-04,sedu_ama9_2026t3,9,EF02MA15|EF01MA14|EF03MA15|EF03MA16|EF06MA24,1.0000|0.9393|0.9214|0.8270|0.8151,0.060664,False,EF07MA25|EF07MA24|EF06MA21|EF08MA21|EM13MAT505,1.0000|0.9827|0.9548|0.9535|0.9484,0.0173,False,EF02MA15|EF01MA14|EF03MA15|EF08MA19|EF05MA21,0.8659|0.8525|0.8197|0.7982|0.7680,0.013449,False,True
sedu_ama9_2026t3-D049_M-05,sedu_ama9_2026t3,9,EF03MA15|EF06MA17|EF09MA01|EM13MAT503|EF05MA17,1.0000|0.6707|0.6165|0.6001|0.5783,0.329292,False,EF06MA23|EM13MAT505|EF07MA24|EF07MA27|EF06MA17,1.0000|0.9323|0.9181|0.9122|0.9120,0.067665,False,EF03MA15|EF06MA17|EF08MA19|EF09MA01|EF05MA17,0.8858|0.7913|0.6993|0.6441|0.6379,0.094469,False,False
sedu_ama9_2026t3-D081_M-01,sedu_ama9_2026t3,9,EF01MA10|EF07MA15|EF07MA16|EF02MA09|EF08MA06,1.0000|0.9154|0.9154|0.8758|0.6947,0.084567,False,EF03MA07|EF03MA09|EF03MA15|EF02MA07|EM13MAT310,1.0000|0.9619|0.9083|0.9011|0.8828,0.038111,False,EF07MA15|EF07MA16|EF02MA09|EF01MA10|EF08MA06,0.8423|0.8258|0.8238|0.8137|0.7300,0.016544,False,True
sedu_ama9_2026t3-D081_M-02,sedu_ama9_2026t3,9,EM13MAT405|EF02MA10|EF08MA06|EM13MAT301|EF07MA17,1.0000|0.6544|0.6538|0.6186|0.5766,0.345551,False,EF03MA07|EF08MA06|EF03MA09|EF07MA16|EF07MA31,1.0000|0.9905|0.9515|0.9086|0.8847,0.009543,False,EF08MA06|EF07MA16|EM13MAT405|EF03MA10|EF07MA15,0.8221|0.7278|0.7202|0.6922|0.6820,0.094335,False,False
sedu_ama9_2026t3-D081_M-03,sedu_ama9_2026t3,9,EF07MA15|EF07MA16|EF08MA06|EF01MA10|EF07MA13,1.0000|1.0000|0.8484|0.6769|0.5984,0.0,True,EF07MA15|EF07MA16|EF08MA06|EF03MA10|EF09MA09,1.0000|0.9589|0.9117|0.8974|0.8556,0.041098,False,EF07MA15|EF07MA16|EF08MA06|EF09MA09|EF01MA10,1.0000|0.9795|0.8800|0.7152|0.7148,0.020549,False,True
sedu_ama9_2026t3-D081_M-04,sedu_ama9_2026t3,9,EF01MA10|EF07MA15|EF07MA16|EF02MA15|EF05MA14,1.0000|0.8140|0.8140|0.6711|0.6598,0.186024,False,EF06MA16|EF03MA15|EF06MA20|EF07MA10|EF01MA14,1.0000|0.9870|0.9601|0.9436|0.9433,0.013,False,EF01MA10|EF07MA15|EF03MA15|EF02MA15|EF01MA14,0.8704|0.8469|0.7971|0.7922|0.7868,0.023538,False,True
sedu_ama9_2026t3-D081_M-05,sedu_ama9_2026t3,9,EF08MA06|EF03MA24|EM13MAT101|EF06MA30|EF01MA18,1.0000|0.9960|0.7617|0.7101|0.6840,0.004005,False,EF02MA02|EF02MA20|EF01MA04|EF01MA19|EF05MA04,1.0000|0.9173|0.9172|0.8809|0.8655,0.082665,False,EF03MA24|EF02MA02|EF04MA25|EF08MA06|EF05MA12,0.8614|0.7771|0.7017|0.6962|0.6638,0.084265,False,False
sedu_ama9_2026t3-D087_M-01,sedu_ama9_2026t3,9,EF08MA09|EF08MA07|EM13MAT315|EF08MA21|EF06MA24,1.0000|0.7916|0.7300|0.6778|0.5493,0.208391,False,EF08MA19|EF08MA03|EF08MA17|EF08MA21|EF06MA29,1.0000|0.8692|0.8659|0.8599|0.8588,0.130812,False,EF08MA09|EF08MA21|EF08MA07|EF08MA19|EF06MA24,0.8751|0.7689|0.7484|0.7451|0.6675,0.106284,False,False
sedu_ama9_2026t3-D087_M-02,sedu_ama9_2026t3,9,EM13MAT314|EF09MA04|EF03MA01|EF08MA09|EF09MA03,1.0000|0.9355|0.8607|0.7732|0.7396,0.064509,False,EF03MA17|EF05MA12|EF03MA24|EF05MA04|EF02MA02,1.0000|0.9122|0.8978|0.8515|0.8508,0.087801,False,EM13MAT314|EF09MA04|EF09MA03|EF03MA17|EF05MA12,0.8331|0.7775|0.7415|0.7408|0.6928,0.055619,False,False
sedu_ama9_2026t3-D087_M-03,sedu_ama9_2026t3,9,EF04MA22|EF03MA23|EF03MA22|EM13MAT101|EM13MAT311,1.0000|0.8011|0.6705|0.6194|0.5013,0.198937,False,EF05MA16|EF09MA19|EF03MA18|EF08MA21|EM13MAT504,1.0000|0.9832|0.9521|0.9334|0.9146,0.016757,False,EF04MA22|EF03MA18|EF03MA23|EM13MAT311|EF06MA17,0.7234|0.6990|0.6792|0.5943|0.5813,0.024453,False,True
sedu_ama9_2026t3-D087_M-04,sedu_ama9_2026t3,9,EF06MA30|EF05MA22|EF06MA29|EM13MAT307|EF09MA04,1.0000|0.9919|0.9919|0.9882|0.4139,0.008084,False,EF01MA03|EF03MA07|EF02MA03|EF05MA09|EF03MA09,1.0000|0.9934|0.9650|0.9534|0.9345,0.006567,False,EF06MA29|EF06MA30|EF05MA22|EM13MAT307|EF06MA12,0.7700|0.7335|0.7186|0.6340|0.6173,0.036465,False,True
sedu_ama9_2026t3-D087_M-05,sedu_ama9_2026t3,9,EF02MA16|EF06MA24|EF01MA14|EM13MAT506|EF08MA19,1.0000|0.9053|0.8927|0.8384|0.8079,0.094693,False,EF08MA21|EF04MA21|EF07MA32|EF08MA19|EF07MA30,1.0000|0.9863|0.8819|0.8800|0.8791,0.013731,False,EF02MA16|EF08MA19|EM13MAT506|EF06MA24|EF01MA14,0.8976|0.8439|0.8074|0.8042|0.8039,0.053607,False,False
sedu_ama9_2026t3-D117_M-01,sedu_ama9_2026t3,9,EF06MA20|EF07MA24|EF06MA19|EF07MA26|EF03MA15,1.0000|0.9565|0.9156|0.8905|0.8314,0.043491,False,EF08MA14|EF07MA24|EF07MA31|EF07MA32|EF06MA16,1.0000|0.9893|0.9859|0.9830|0.9736,0.010657,False,EF07MA24|EF06MA20|EF06MA19|EF06MA16|EF03MA15,0.9729|0.9714|0.9339|0.8743|0.8725,0.001479,False,True
sedu_ama9_2026t3-D117_M-02,sedu_ama9_2026t3,9,EF03MA16|EF06MA21|EF04MA19|EF05MA18|EF07MA31,1.0000|1.0000|0.9129|0.8771|0.8452,0.0,True,EF08MA14|EF06MA20|EF01MA14|EF06MA19|EF07MA31,1.0000|0.9569|0.9235|0.8902|0.8858,0.043139,False,EF08MA14|EF07MA31|EF06MA21|EF03MA16|EF04MA19,0.8837|0.8655|0.8579|0.8548|0.8339,0.01818,False,True
sedu_ama9_2026t3-D117_M-03,sedu_ama9_2026t3,9,EF09MA02|EF08MA14|EM13MAT505|EM13MAT510|EF01MA10,1.0000|0.9996|0.9074|0.9074|0.8062,0.000384,False,EF06MA20|EF06MA19|EF03MA09|EF08MA14|EF01MA14,1.0000|0.9505|0.9418|0.9325|0.8913,0.049454,False,EF08MA14|EF06MA20|EF07MA31|EM13MAT505|EF03MA16,0.9661|0.8161|0.7630|0.7380|0.7203,0.149952,False,False
sedu_ama9_2026t3-D117_M-04,sedu_ama9_2026t3,9,EF08MA14|EM13MAT505|EM13MAT510|EF09MA01|EF01MA10,1.0000|0.9077|0.9077|0.8392|0.8065,0.092261,False,EF08MA14|EF07MA31|EF06MA20|EF06MA19|EF09MA10,1.0000|0.9359|0.9175|0.8995|0.8934,0.064122,False,EF08MA14|EF07MA31|EF09MA01|EF06MA20|EF06MA21,1.0000|0.7953|0.7898|0.7750|0.7641,0.204734,False,False
sedu_ama9_2026t3-D117_M-05,sedu_ama9_2026t3,9,EF06MA20|EF06MA19|EF07MA26|EF05MA17|EF06MA18,1.0000|0.9356|0.7668|0.7650|0.6800,0.064392,False,EF08MA14|EF07MA31|EF06MA19|EF06MA20|EF07MA24,1.0000|0.9779|0.9135|0.9114|0.9094,0.02208,False,EF06MA20|EF06MA19|EF07MA26|EF07MA24|EF05MA17,0.9557|0.9245|0.8142|0.7739|0.7506,0.031154,False,True
sedu_ama9_2026t3-D120_M-01,sedu_ama9_2026t3,9,EF08MA06|EM13MAT501|EM13MAT502|EF09MA09|EF07MA24,1.0000|0.8160|0.7718|0.7074|0.6909,0.184019,False,EM13MAT201|EF09MA07|EF04MA23|EF09MA08|EM13MAT307,1.0000|0.8482|0.8426|0.8329|0.8236,0.151793,False,EF08MA19|EF03MA24|EF08MA06|EF04MA23|EM13MAT201,0.7163|0.6500|0.6409|0.6306|0.6228,0.066374,False,False
sedu_ama9_2026t3-D120_M-02,sedu_ama9_2026t3,9,EF07MA15|EF08MA09|EF08MA07|EF08MA11|EF09MA04,1.0000|0.9814|0.9252|0.8777|0.8662,0.018646,False,EF01MA19|EF09MA09|EF03MA24|EF09MA19|EF02MA20,1.0000|0.8608|0.8519|0.8239|0.8156,0.139188,False,EF08MA07|EF08MA09|EF03MA24|EF07MA15|EF09MA04,0.8391|0.8166|0.7969|0.7621|0.7620,0.022522,False,True
sedu_ama9_2026t3-D120_M-03,sedu_ama9_2026t3,9,EF03MA06|EF08MA11|EF05MA12|EF07MA14|EF08MA10,1.0000|0.7453|0.7391|0.7177|0.7107,0.254658,False,EF06MA30|EF06MA12|EF02MA02|EF05MA06|EF01MA03,1.0000|0.9843|0.9771|0.9613|0.9503,0.015653,False,EF03MA06|EF08MA11|EF02MA02|EF06MA12|EF08MA10,0.8492|0.7912|0.7903|0.7459|0.7413,0.057986,False,False
sedu_ama9_2026t3-D120_M-04,sedu_ama9_2026t3,9,EM13MAT314|EF06MA30|EF01MA17|EM13MAT510|EF09MA12,1.0000|0.9257|0.7830|0.7115|0.6180,0.074277,False,EM13MAT314|EF08MA02|EF06MA32|EM13MAT404|EF07MA37,1.0000|0.8265|0.8261|0.7899|0.7710,0.17349,False,EM13MAT314|EF06MA30|EM13MAT510|EF01MA17|EF09MA12,1.0000|0.6419|0.5916|0.5834|0.5537,0.358079,False,False
sedu_ama9_2026t3-D121_M-01,sedu_ama9_2026t3,9,EF08MA19|EF07MA33|EF09MA11|EF02MA10|EF07MA22,1.0000|0.8407|0.8224|0.7669|0.3937,0.159305,False,EF07MA22|EF07MA20|EF03MA14|EF03MA13|EF07MA26,1.0000|0.9744|0.9267|0.8640|0.8337,0.025622,False,EF08MA19|EF07MA33|EF09MA11|EF02MA10|EF07MA22,0.8361|0.8291|0.8057|0.7299|0.6968,0.006978,False,True
sedu_ama9_2026t3-D121_M-02,sedu_ama9_2026t3,9,EF07MA33|EF09MA11|EF08MA19|EF07MA22|EF02MA15,1.0000|0.7340|0.6506|0.3514|0.3143,0.265973,False,EF09MA10|EF09MA11|EF07MA20|EF07MA22|EF07MA26,1.0000|0.9984|0.9878|0.9731|0.9450,0.001632,False,EF09MA11|EF07MA33|EF08MA19|EF07MA22|EF01MA14,0.8662|0.8529|0.7143|0.6622|0.5965,0.013347,False,True
sedu_ama9_2026t3-D121_M-03,sedu_ama9_2026t3,9,EF07MA33|EF05MA18|EF08MA19|EF04MA21|EF09MA16,1.0000|0.6113|0.5672|0.5626|0.4356,0.388706,False,EF06MA19|EF07MA31|EF06MA16|EF07MA32|EF04MA21,1.0000|0.9775|0.9643|0.9514|0.9300,0.02246,False,EF07MA33|EF04MA21|EF08MA19|EF05MA18|EF09MA16,0.8662|0.7463|0.7328|0.7132|0.6388,0.119924,False,False
sedu_ama9_2026t3-D121_M-04,sedu_ama9_2026t3,9,EF02MA15|EF01MA14|EM13MAT303|EF03MA07|EM13MAT201,1.0000|0.9393|0.8518|0.7822|0.7674,0.060664,False,EF07MA20|EF06MA25|EF01MA14|EF05MA20|EF06MA19,1.0000|0.8982|0.8897|0.8603|0.8404,0.101766,False,EF02MA15|EF01MA14|EF09MA11|EF08MA19|EF03MA26,0.9163|0.9145|0.7064|0.6534|0.6374,0.001728,False,True
sedu_es_9ef-D01-01,sedu_es_9ef,9,EF08MA14|EF09MA22|EF04MA21|EF08MA23|EF04MA19,1.0000|0.8586|0.7803|0.7631|0.6724,0.141399,False,EF04MA16|EF02MA14|EF08MA21|EF07MA20|EF07MA22,1.0000|0.9774|0.9761|0.9739|0.9611,0.022573,False,EF08MA14|EF04MA21|EF07MA20|EF04MA19|EF07MA22,0.8792|0.8644|0.7686|0.7363|0.6356,0.014802,False,True
sedu_es_9ef-D01-02,sedu_es_9ef,9,EF03MA26|EF05MA25|EF05MA24|EF08MA23|EF03MA02,1.0000|0.8449|0.8279|0.6840|0.6726,0.155071,False,EF03MA15|EF07MA10|EF03MA26|EF03MA07|EF01MA07,1.0000|0.9622|0.9496|0.9357|0.9200,0.037768,False,EF03MA26|EF03MA02|EF05MA02|EF03MA15|EF01MA07,0.9748|0.7953|0.7363|0.7111|0.7040,0.17952,False,False
sedu_es_9ef-D01-03,sedu_es_9ef,9,EF01MA11|EF01MA12|EF09MA02|EF05MA06|EF08MA03,1.0000|0.8452|0.7937|0.6915|0.6867,0.154846,False,EF01MA12|EF01MA11|EF05MA16|EF03MA14|EF06MA20,1.0000|0.9710|0.9067|0.8673|0.8579,0.028996,False,EF01MA11|EF01MA12|EF04MA16|EF03MA21|EF09MA17,0.9855|0.9226|0.6919|0.6807|0.6756,0.062925,False,False
sedu_es_9ef-D01-04,sedu_es_9ef,9,EF07MA15|EF01MA22|EF06MA34|EF02MA22|EF04MA27,1.0000|0.6855|0.6638|0.6258|0.5794,0.314458,False,EF06MA28|EF04MA16|EF01MA11|EF01MA12|EF06MA34,1.0000|0.9033|0.8930|0.8790|0.8748,0.096675,False,EF06MA34|EF07MA15|EF02MA22|EF01MA22|EF04MA27,0.7693|0.6536|0.6191|0.5943|0.5379,0.115692,False,False
sedu_es_9ef-D02-01,sedu_es_9ef,9,EF03MA27|EF02MA15|EF01MA14|EM13MAT503|EF04MA17,1.0000|0.9769|0.9176|0.8759|0.8253,0.023148,False,EF05MA21|EF03MA14|EF06MA25|EF01MA13|EF05MA20,1.0000|0.9285|0.9241|0.9166|0.9160,0.071497,False,EF02MA15|EF01MA14|EF05MA16|EF05MA21|EF04MA17,0.8817|0.8476|0.8442|0.8094|0.7991,0.034156,False,True
sedu_es_9ef-D02-02,sedu_es_9ef,9,EF04MA17|EF05MA16|EF02MA15|EF01MA14|EF05MA17,1.0000|1.0000|0.9994|0.9387|0.8776,0.0,True,EF06MA28|EF03MA14|EF01MA13|EF07MA25|EF05MA16,1.0000|0.9704|0.8607|0.8507|0.8424,0.02962,False,EF05MA16|EF02MA15|EF04MA17|EF01MA14|EF03MA14,0.9212|0.8773|0.8718|0.8541|0.8153,0.043847,False,True
sedu_es_9ef-D02-03,sedu_es_9ef,9,EF02MA15|EF05MA09|EF01MA14|EF04MA17|EF05MA16,1.0000|0.9729|0.9393|0.8449|0.8449,0.027065,False,EF06MA25|EF07MA20|EF01MA13|EF03MA14|EF06MA21,1.0000|0.9546|0.9468|0.9465|0.9034,0.045369,False,EF02MA15|EF01MA14|EF05MA16|EF04MA17|EF05MA21,0.9224|0.9090|0.8363|0.7920|0.7255,0.013381,False,True
sedu_es_9ef-D02-04,sedu_es_9ef,9,EF03MA13|EF03MA14|EF04MA17|EF05MA16|EF02MA14,1.0000|1.0000|0.6975|0.6975|0.6599,0.0,True,EF03MA14|EF03MA13|EF02MA14|EF08MA21|EF05MA16,1.0000|0.9901|0.9228|0.9050|0.9046,0.009929,False,EF03MA14|EF03MA13|EF05MA16|EF02MA14|EF04MA17,1.0000|0.9950|0.8010|0.7913|0.7102,0.004965,False,True
sedu_es_9ef-D03-01,sedu_es_9ef,9,EF07MA28|EF07MA27|EF04MA14|EM13MAT505|EM13MAT510,1.0000|0.8660|0.5543|0.5344|0.5344,0.133975,False,EF06MA19|EF08MA14|EF07MA24|EF07MA31|EF09MA12,1.0000|0.9780|0.9711|0.9151|0.9112,0.021998,False,EF07MA28|EF08MA14|EF07MA27|EF09MA12|EF06MA19,0.8920|0.7362|0.7092|0.6844|0.6748,0.155823,False,False
sedu_es_9ef-D03-02,sedu_es_9ef,9,EF06MA19|EF07MA24|EF09MA13|EF02MA15|EF09MA14,1.0000|0.9608|0.9351|0.9034|0.9034,0.039231,False,EF07MA24|EF06MA19|EF08MA14|EF07MA26|EF07MA31,1.0000|0.9875|0.8686|0.8461|0.8427,0.012542,False,EF06MA19|EF07MA24|EF09MA13|EF07MA26|EF07MA32,0.9937|0.9804|0.8797|0.8703|0.8236,0.013345,False,True
sedu_es_9ef-D03-03,sedu_es_9ef,9,EF01MA10|EF09MA21|EM13MAT505|EM13MAT510|EF04MA18,1.0000|0.7812|0.7628|0.7628|0.4966,0.218767,False,EF07MA20|EF05MA04|EF01MA12|EF06MA25|EF09MA12,1.0000|0.9814|0.9058|0.9020|0.8852,0.018627,False,EF01MA10|EF07MA20|EF06MA25|EF09MA21|EF03MA21,0.8286|0.6877|0.6851|0.6561|0.6371,0.140885,False,False
sedu_es_9ef-D03-04,sedu_es_9ef,9,EF08MA06|EF07MA35|EF03MA24|EF05MA12|EF02MA01,1.0000|0.7338|0.7071|0.6236|0.5916,0.266201,False,EF05MA04|EF03MA09|EF03MA26|EF01MA21|EF07MA07,1.0000|0.9684|0.9543|0.9452|0.9354,0.031583,False,EF08MA06|EF06MA25|EF08MA10|EF03MA21|EF07MA20,0.8589|0.7148|0.7031|0.6795|0.6734,0.144055,False,False
sedu_es_9ef-D04-01,sedu_es_9ef,9,EF05MA18|EF07MA33|EF03MA18|EF06MA29|EF06MA04,1.0000|0.6982|0.6583|0.6491|0.5744,0.301797,False,EF06MA25|EF06MA21|EF05MA18|EF04MA21|EF05MA20,1.0000|0.9198|0.9048|0.8556|0.8485,0.080185,False,EF05MA18|EF06MA21|EF06MA29|EF04MA21|EF03MA18,0.9524|0.7281|0.7160|0.6571|0.6570,0.224309,False,False
sedu_es_9ef-D04-02,sedu_es_9ef,9,EF09MA13|EF09MA12|EF08MA21|EF03MA15|EF06MA19,1.0000|0.8395|0.7881|0.7803|0.7603,0.160472,False,EF04MA21|EF06MA19|EF06MA25|EF03MA15|EF09MA10,1.0000|0.9997|0.9927|0.9521|0.9502,0.000302,False,EF09MA13|EF06MA19|EF03MA15|EF09MA12|EF07MA24,0.8861|0.8800|0.8662|0.8587|0.8240,0.006106,False,True
sedu_es_9ef-D04-03,sedu_es_9ef,9,EF06MA21|EM13MAT315|EF05MA13|EF03MA07|EF04MA12,1.0000|0.9355|0.7288|0.6755|0.6606,0.064524,False,EF02MA08|EF02MA07|EF06MA21|EF08MA21|EF07MA26,1.0000|0.9611|0.9403|0.9334|0.8874,0.03895,False,EF06MA21|EF03MA07|EF05MA20|EM13MAT315|EF05MA13,0.9701|0.7200|0.7078|0.7046|0.6889,0.25011,False,False
sedu_es_9ef-D04-04,sedu_es_9ef,9,EF06MA20|EF06MA19|EF06MA18|EF05MA18|EF05MA17,1.0000|0.9113|0.6417|0.5725|0.5376,0.088652,False,EF08MA14|EF04MA21|EF07MA31|EF06MA20|EF06MA19,1.0000|0.9296|0.9140|0.8955|0.8951,0.07037,False,EF06MA20|EF06MA19|EF05MA18|EF07MA24|EF06MA18,0.9478|0.9032|0.7259|0.6772|0.6752,0.044541,False,True
sedu_es_9ef-D05-01,sedu_es_9ef,9,EF04MA21|EM13MAT505|EF07MA22|EF01MA14|EF05MA19,1.0000|0.8411|0.7875|0.7579|0.6455,0.158868,False,EF07MA22|EF03MA14|EF06MA21|EF08MA21|EF03MA13,1.0000|0.9966|0.9826|0.9672|0.9493,0.003388,False,EF04MA21|EF07MA22|EM13MAT505|EF01MA14|EF08MA21,0.9321|0.8937|0.8791|0.7972|0.7856,0.038397,False,True
sedu_es_9ef-D05-02,sedu_es_9ef,9,EF04MA21|EF06MA21|EF03MA16|EF09MA12|EF08MA14,1.0000|0.8568|0.7438|0.5739|0.4862,0.143248,False,EF08MA14|EF04MA21|EF07MA31|EF06MA20|EF06MA21,1.0000|0.9300|0.9197|0.8860|0.8670,0.069957,False,EF04MA21|EF06MA21|EF03MA16|EF08MA14|EF09MA12,0.9650|0.8619|0.7613|0.7431|0.6920,0.103131,False,False
sedu_es_9ef-D05-03,sedu_es_9ef,9,EF06MA29|EF03MA15|EF04MA20|EF07MA28|EF04MA21,1.0000|0.5372|0.5283|0.5227|0.5034,0.46281,False,EF04MA21|EF06MA29|EF07MA32|EF09MA01|EF05MA18,1.0000|0.9264|0.8859|0.8618|0.8155,0.073564,False,EF06MA29|EF04MA21|EF07MA32|EF07MA28|EF03MA15,0.9632|0.7517|0.6862|0.6641|0.6562,0.211537,False,False
sedu_es_9ef-D05-04,sedu_es_9ef,9,EF05MA03|EF04MA09|EF01MA22|EF04MA07|EF09MA21,1.0000|0.9696|0.9445|0.8299|0.8108,0.030357,False,EF06MA21|EF08MA21|EF06MA28|EF03MA14|EF07MA22,1.0000|0.9855|0.9744|0.9306|0.9230,0.014485,False,EF05MA16|EF05MA03|EF06MA21|EF04MA09|EF05MA17,0.7859|0.7648|0.7305|0.6979|0.6846,0.021163,False,True
sedu_es_9ef-D06-01,sedu_es_9ef,9,EF05MA15|EF04MA16|EF03MA12|EF02MA12|EF04MA21,1.0000|0.9513|0.9354|0.7633|0.7469,0.048714,False,EF05MA15|EF09MA10|EF07MA20|EF09MA11|EF04MA18,1.0000|0.9910|0.9653|0.9576|0.9454,0.009048,False,EF05MA15|EF04MA16|EF03MA12|EF06MA20|EF02MA12,1.0000|0.9101|0.8401|0.7482|0.7036,0.089915,False,False
sedu_es_9ef-D06-02,sedu_es_9ef,9,EF06MA34|EF04MA16|EF03MA12|EF09MA06|EF01MA11,1.0000|0.8209|0.7872|0.7104|0.6934,0.17914,False,EF04MA16|EF03MA12|EF01MA11|EF06MA25|EF02MA12,1.0000|0.9985|0.9943|0.9391|0.8475,0.001497,False,EF04MA16|EF03MA12|EF01MA11|EF06MA34|EF09MA06,0.9104|0.8929|0.8438|0.8170|0.7587,0.01758,False,True
sedu_es_9ef-D06-03,sedu_es_9ef,9,EF02MA12|EF03MA12|EF04MA16|EF05MA15|EF05MA17,1.0000|0.8340|0.7990|0.6965|0.5396,0.165972,False,EF06MA23|EF03MA12|EF09MA17|EF09MA10|EF04MA16,1.0000|0.9462|0.8655|0.8601|0.8373,0.053788,False,EF03MA12|EF02MA12|EF04MA16|EF05MA15|EF05MA17,0.8901|0.8701|0.8182|0.7431|0.6023,0.02007,False,True
sedu_es_9ef-D06-04,sedu_es_9ef,9,EF03MA22|EF07MA15|EF04MA22|EF01MA10|EM13MAT311,1.0000|0.9576|0.9512|0.8264|0.6550,0.042432,False,EF07MA20|EF06MA25|EF07MA24|EF04MA18|EF05MA15,1.0000|0.9490|0.9484|0.8840|0.8593,0.051006,False,EF03MA22|EF07MA15|EF05MA15|EF03MA12|EF04MA22,0.7929|0.7559|0.7354|0.7079|0.7068,0.036935,False,True
sedu_es_9ef-D07-01,sedu_es_9ef,9,EF06MA21|EF09MA13|EF05MA12|EF09MA12|EF06MA02,1.0000|0.7118|0.7022|0.5976|0.5959,0.288155,False,EF04MA21|EF05MA18|EF05MA20|EF06MA29|EF06MA25,1.0000|0.9724|0.9631|0.9618|0.9329,0.027596,False,EF06MA21|EF09MA12|EF03MA15|EF05MA18|EF09MA13,0.9296|0.7303|0.7277|0.7055|0.7029,0.199314,False,False
sedu_es_9ef-D07-02,sedu_es_9ef,9,EM13MAT509|EF09MA01|EF08MA14|EF09MA07|EF07MA28,1.0000|0.9968|0.7606|0.7234|0.7233,0.003168,False,EF08MA14|EF09MA01|EF06MA19|EF06MA20|EF07MA31,1.0000|0.9475|0.9430|0.9318|0.9297,0.052506,False,EF09MA01|EF08MA14|EM13MAT509|EF07MA28|EF07MA33,0.9722|0.8803|0.7948|0.7755|0.7725,0.091866,False,False
sedu_es_9ef-D07-03,sedu_es_9ef,9,EF09MA12|EM13MAT308|EF03MA16|EF09MA13|EF02MA15,1.0000|0.8367|0.7180|0.7071|0.5862,0.16334,False,EF09MA12|EF08MA14|EF07MA24|EF09MA13|EF06MA19,1.0000|0.9555|0.9457|0.9152|0.8965,0.044456,False,EF09MA12|EM13MAT308|EF09MA13|EF02MA15|EF03MA16,1.0000|0.8151|0.8111|0.7050|0.6977,0.184894,False,False
sedu_es_9ef-D07-04,sedu_es_9ef,9,EF06MA21|EF09MA12|EF04MA14|EF02MA20|EM13MAT308,1.0000|0.5976|0.5843|0.5034|0.5000,0.402386,False,EF06MA25|EF03MA24|EF04MA10|EF05MA20|EF02MA20,1.0000|0.9646|0.9623|0.9621|0.9452,0.035404,False,EF06MA21|EF02MA20|EF06MA29|EF03MA24|EF04MA14,0.8677|0.7243|0.6854|0.6841|0.6712,0.143402,False,False
sedu_es_9ef-D08-01,sedu_es_9ef,9,EF07MA27|EF07MA25|EM13MAT302|EF08MA15|EF06MA18,1.0000|0.5296|0.4161|0.4020|0.3966,0.470433,False,EF07MA27|EM13MAT505|EF07MA22|EF07MA25|EF08MA15,1.0000|0.9189|0.9042|0.8817|0.8788,0.081094,False,EF07MA27|EF07MA25|EF08MA15|EM13MAT505|EF08MA16,1.0000|0.7057|0.6404|0.6215|0.5623,0.294342,False,False
sedu_es_9ef-D08-02,sedu_es_9ef,9,EF03MA15|EF08MA16|EF08MA10|EF04MA11|EF09MA10,1.0000|0.8592|0.7389|0.6803|0.6803,0.140762,False,EF07MA24|EF06MA19|EF04MA21|EF07MA31|EF01MA14,1.0000|0.9991|0.9751|0.9691|0.9680,0.000873,False,EF03MA15|EF08MA16|EF01MA14|EF02MA15|EF07MA32,0.9375|0.8419|0.7860|0.7813|0.7581,0.095567,False,False
sedu_es_9ef-D08-03,sedu_es_9ef,9,EF08MA16|EF08MA15|EF06MA18|EF07MA27|EF04MA11,1.0000|0.7391|0.7292|0.7292|0.6641,0.260899,False,EF07MA27|EF07MA24|EM13MAT506|EF07MA19|EF06MA16,1.0000|0.9984|0.9932|0.9932|0.9788,0.001616,False,EF08MA16|EF07MA27|EF08MA15|EF06MA18|EF07MA28,0.9017|0.8646|0.8520|0.8259|0.7864,0.037135,False,True
sedu_es_9ef-D08-04,sedu_es_9ef,9,EF08MA16|EF07MA24|EF07MA27|EF08MA15|EF07MA26,1.0000|0.8961|0.8951|0.8830|0.8342,0.103876,False,EF07MA27|EF07MA28|EF06MA17|EF07MA31|EF06MA19,1.0000|0.9450|0.9394|0.9374|0.9331,0.05503,False,EF08MA16|EF07MA27|EF07MA24|EF08MA15|EF07MA26,0.9663|0.9475|0.9135|0.8913|0.8426,0.018796,False,True
sedu_es_9ef-D09-01,sedu_es_9ef,9,EF05MA24|EF08MA23|EF05MA25|EF03MA28|EF02MA10,1.0000|0.8064|0.7499|0.7378|0.7377,0.193557,False,EF02MA14|EF01MA13|EF05MA16|EF03MA14|EF06MA20,1.0000|0.9357|0.9332|0.9192|0.8575,0.064345,False,EF04MA16|EF08MA23|EF05MA24|EF05MA15|EF09MA17,0.7074|0.6832|0.6827|0.6631|0.6390,0.024222,False,True
sedu_es_9ef-D09-02,sedu_es_9ef,9,EF06MA16|EF09MA16|EF07MA12|EF05MA15|EF08MA12,1.0000|0.8267|0.6004|0.5879|0.5879,0.173334,False,EF07MA20|EF06MA16|EF05MA15|EF08MA07|EF03MA14,1.0000|0.9971|0.8587|0.8071|0.8036,0.002896,False,EF06MA16|EF09MA16|EF07MA20|EF05MA15|EF08MA07,0.9986|0.7827|0.7296|0.7233|0.6899,0.215874,False,False
sedu_es_9ef-D09-03,sedu_es_9ef,9,EF09MA16|EF05MA15|EF07MA20|EF06MA16|EF07MA19,1.0000|0.9959|0.9959|0.9749|0.9316,0.004122,False,EF06MA16|EF07MA20|EF05MA15|EF09MA16|EF08MA07,1.0000|0.9994|0.9544|0.8980|0.8785,0.000638,False,EF07MA20|EF06MA16|EF05MA15|EF09MA16|EF05MA14,0.9976|0.9874|0.9752|0.9490|0.8756,0.01018,False,True
sedu_es_9ef-D09-04,sedu_es_9ef,9,EF07MA20|EF01MA10|EF05MA06|EF09MA16|EM13MAT505,1.0000|0.9287|0.8508|0.7802|0.7084,0.071264,False,EF07MA20|EF06MA19|EF06MA16|EF03MA15|EF01MA14,1.0000|0.9795|0.9531|0.9390|0.9343,0.0205,False,EF07MA20|EF09MA16|EF05MA15|EF01MA10|EF05MA14,1.0000|0.7667|0.7184|0.6962|0.6621,0.233349,False,False
sedu_es_9ef-D10-01,sedu_es_9ef,9,EF09MA01|EF08MA21|EF01MA14|EF04MA21|EF07MA33,1.0000|0.9277|0.7975|0.6459|0.5406,0.072303,False,EF08MA21|EF07MA24|EF07MA25|EF06MA25|EF07MA26,1.0000|0.9884|0.9435|0.9387|0.8939,0.01162,False,EF08MA21|EF09MA01|EF04MA21|EF01MA14|EF08MA19,0.9638|0.8883|0.7306|0.7061|0.6253,0.075542,False,False
sedu_es_9ef-D10-02,sedu_es_9ef,9,EF05MA19|EF03MA17|EF01MA06|EF04MA20|EF07MA33,1.0000|0.9919|0.9302|0.9129|0.8686,0.00811,False,EF08MA21|EF02MA16|EF07MA25|EF06MA23|EF07MA24,1.0000|0.9834|0.9762|0.9583|0.9486,0.016588,False,EF05MA19|EF03MA18|EF01MA06|EF08MA15|EF08MA16,0.8915|0.8563|0.8510|0.8393|0.8393,0.035232,False,True
sedu_es_9ef-D10-03,sedu_es_9ef,9,EM13MAT505|EM13MAT510|EF06MA28|EF09MA17|EF01MA10,1.0000|1.0000|0.9943|0.9301|0.8885,0.0,True,EF06MA25|EF09MA17|EF02MA12|EF06MA26|EF03MA12,1.0000|0.9841|0.9663|0.9545|0.9522,0.015874,False,EF06MA28|EF09MA17|EF06MA23|EF03MA21|EM13MAT510,0.9667|0.9571|0.8197|0.8192|0.7868,0.009613,False,True
sedu_es_9ef-D10-04,sedu_es_9ef,9,EF01MA14|EF04MA21|EF08MA19|EF08MA21|EF06MA17,1.0000|0.8183|0.8106|0.7958|0.7738,0.181706,False,EF06MA21|EF03MA14|EF04MA18|EF07MA28|EF04MA21,1.0000|0.9670|0.9644|0.9510|0.9364,0.033049,False,EF01MA14|EF04MA21|EF08MA19|EF08MA21|EF06MA17,0.9198|0.8774|0.8711|0.8619|0.8396,0.042387,False,True
sedu_es_9ef-D11-01,sedu_es_9ef,9,EF07MA33|EF09MA11|EF07MA22|EF08MA19|EF02MA09,1.0000|0.8528|0.8165|0.7559|0.7392,0.147197,False,EF07MA20|EF03MA09|EF06MA20|EF09MA10|EF06MA19,1.0000|0.9914|0.9836|0.9640|0.9626,0.00859,False,EF09MA11|EF07MA33|EF07MA22|EF02MA09|EF08MA19,0.8331|0.7693|0.7615|0.7141|0.6408,0.063796,False,False
sedu_es_9ef-D11-02,sedu_es_9ef,9,EF07MA33|EF01MA17|EF01MA18|EM13MAT309|EF05MA09,1.0000|0.6583|0.6325|0.6172|0.5418,0.34171,False,EF08MA21|EF06MA25|EF04MA21|EF05MA20|EF09MA10,1.0000|0.9423|0.9331|0.8799|0.8361,0.057662,False,EF07MA33|EF09MA16|EM13MAT309|EF06MA23|EF05MA09,0.8269|0.6343|0.5875|0.5779|0.5209,0.192551,False,False
sedu_es_9ef-D11-03,sedu_es_9ef,9,EF07MA33|EF08MA06|EF07MA35|EF03MA24|EF05MA12,1.0000|0.6770|0.4968|0.4787|0.4222,0.32303,False,EF07MA30|EF08MA21|EF03MA18|EF05MA21|EF08MA20,1.0000|0.9539|0.8908|0.8676|0.8487,0.046125,False,EF07MA33|EF05MA12|EF08MA06|EF07MA30|EF08MA21,0.7408|0.5147|0.5077|0.5000|0.4769,0.226093,False,False
sedu_es_9ef-D11-04,sedu_es_9ef,9,EF05MA18|EF09MA11|EF08MA16|EF01MA03|EF06MA26,1.0000|0.9410|0.7802|0.5647|0.5498,0.059016,False,EF09MA10|EF06MA25|EF06MA26|EF09MA12|EF09MA11,1.0000|0.9604|0.9502|0.9463|0.9189,0.039625,False,EF09MA11|EF05MA18|EF06MA26|EF09MA10|EF06MA25,0.9299|0.8521|0.7500|0.7245|0.7046,0.077801,False,False
sedu_es_9ef-D12-01,sedu_es_9ef,9,EM13MAT106|EM13MAT503|EF07MA01|EF06MA12|EF06MA28,1.0000|0.7627|0.6605|0.6053|0.5395,0.237344,False,EF08MA19|EF06MA28|EF08MA16|EF07MA24|EF07MA27,1.0000|0.9606|0.9319|0.9317|0.9162,0.039358,False,EF06MA28|EM13MAT106|EF04MA21|EF05MA09|EF07MA22,0.7501|0.7016|0.6877|0.6801|0.6763,0.04844,False,True
sedu_es_9ef-D12-02,sedu_es_9ef,9,EF07MA33|EF08MA19|EF09MA11|EF07MA22|EF03MA18,1.0000|0.7559|0.4891|0.4683|0.4021,0.244071,False,EF06MA25|EF08MA21|EF07MA33|EF09MA01|EF09MA10,1.0000|0.8871|0.8870|0.8845|0.8763,0.112915,False,EF07MA33|EF08MA19|EF07MA22|EF09MA11|EF02MA16,0.9435|0.7752|0.6385|0.6363|0.5642,0.16829,False,False
sedu_es_9ef-D12-03,sedu_es_9ef,9,EF01MA17|EF08MA16|EF01MA14|EF08MA15|EF02MA10,1.0000|0.8045|0.6869|0.6738|0.6452,0.195483,False,EF07MA24|EF08MA16|EF08MA19|EF03MA14|EF04MA21,1.0000|0.9404|0.9312|0.9289|0.9194,0.059578,False,EF08MA16|EF01MA17|EF04MA21|EF08MA15|EF01MA14,0.8725|0.8597|0.7764|0.7365|0.7111,0.012781,False,True
sedu_es_9ef-D12-04,sedu_es_9ef,9,EF04MA21|EF06MA29|EF07MA32|EF07MA28|EF01MA14,1.0000|0.7605|0.5854|0.5519|0.5448,0.239479,False,EF04MA21|EF07MA24|EF07MA31|EF06MA25|EF06MA19,1.0000|0.9254|0.9226|0.9021|0.8994,0.074553,False,EF04MA21|EF06MA29|EF07MA32|EF07MA28|EF01MA14,1.0000|0.7480|0.7176|0.7021|0.6956,0.251964,False,False
sedu_es_9ef-D13-01,sedu_es_9ef,9,EM13MAT201|EF08MA19|EF07MA33|EF04MA21|EF07MA31,1.0000|0.8987|0.5577|0.4867|0.4771,0.101337,False,EF08MA19|EF09MA16|EF07MA32|EF04MA21|EM13MAT506,1.0000|0.9941|0.9830|0.9700|0.9464,0.005876,False,EF08MA19|EM13MAT201|EF04MA21|EF07MA32|EF07MA31,0.9493|0.8115|0.7283|0.7147|0.7107,0.137867,False,False
sedu_es_9ef-D13-02,sedu_es_9ef,9,EF01MA14|EF08MA21|EF02MA15|EF08MA22|EF07MA33,1.0000|0.9057|0.7673|0.6903|0.6854,0.094271,False,EF07MA24|EF07MA26|EF06MA19|EF07MA25|EF07MA31,1.0000|0.9295|0.9081|0.8721|0.8632,0.070527,False,EF01MA14|EF08MA21|EF02MA15|EF04MA21|EF03MA16,0.9146|0.8555|0.7885|0.7641|0.6806,0.059163,False,False
sedu_es_9ef-D13-03,sedu_es_9ef,9,EF07MA32|EF08MA19|EF08MA22|EF02MA15|EF04MA21,1.0000|0.8961|0.8151|0.7485|0.7276,0.103872,False,EF08MA19|EF06MA28|EF08MA21|EF04MA21|EF06MA17,1.0000|0.9744|0.9251|0.9171|0.9095,0.025616,False,EF08MA19|EF07MA32|EF04MA21|EF07MA27|EF07MA28,0.9481|0.8992|0.8224|0.7323|0.7233,0.048832,False,True
sedu_es_9ef-D13-04,sedu_es_9ef,9,EF04MA21|EM13MAT315|EF07MA32|EF07MA15|EF06MA29,1.0000|0.7488|0.6995|0.5295|0.5151,0.251242,False,EF08MA19|EF04MA21|EF07MA32|EF07MA31|EF07MA30,1.0000|0.9081|0.8830|0.8670|0.8455,0.091884,False,EF04MA21|EF07MA32|EF08MA19|EF07MA31|EM13MAT307,0.9541|0.7912|0.7514|0.6848|0.6495,0.162838,False,False
sedu_es_9ef-D14-01,sedu_es_9ef,9,EF08MA21|EF09MA19|EM13MAT309|EF08MA20|EM13MAT504,1.0000|0.6921|0.6815|0.5532|0.5232,0.307851,False,EF08MA20|EF08MA21|EF09MA19|EM13MAT504|EF05MA21,1.0000|0.8699|0.7796|0.6717|0.6352,0.130134,False,EF08MA21|EF08MA20|EF09MA19|EM13MAT309|EM13MAT504,0.9349|0.7766|0.7359|0.6582|0.5974,0.158335,False,False
sedu_es_9ef-D14-02,sedu_es_9ef,9,EF08MA21|EF08MA20|EM13MAT103|EF01MA14|EF09MA18,1.0000|0.6746|0.5693|0.4390|0.3998,0.325353,False,EF08MA21|EF08MA20|EM13MAT504|EF07MA30|EF09MA19,1.0000|0.9645|0.8111|0.8006|0.7577,0.035458,False,EF08MA21|EF08MA20|EF09MA19|EM13MAT504|EF07MA30,1.0000|0.8196|0.5404|0.5276|0.5114,0.180405,False,False
sedu_es_9ef-D14-03,sedu_es_9ef,9,EF08MA21|EF03MA24|EF08MA20|EF07MA32|EF06MA24,1.0000|0.5999|0.5837|0.5774|0.5686,0.400102,False,EF08MA20|EF08MA21|EF05MA21|EF07MA30|EM13MAT504,1.0000|0.9947|0.9237|0.8885|0.8691,0.005261,False,EF08MA21|EF08MA20|EF07MA30|EM13MAT504|EF06MA24,0.9974|0.7919|0.7237|0.6010|0.5943,0.205497,False,False
sedu_es_9ef-D14-04,sedu_es_9ef,9,EF05MA12|EM13MAT314|EM13MAT407|EF05MA13|EF03MA25,1.0000|0.9422|0.6315|0.6036|0.5355,0.057761,False,EF08MA21|EF05MA12|EF01MA09|EF05MA21|EF07MA22,1.0000|0.8922|0.8676|0.8431|0.8098,0.107761,False,EF05MA12|EM13MAT314|EF05MA21|EF09MA09|EM13MAT407,0.9461|0.7250|0.5767|0.5754|0.5433,0.221144,False,False
sedu_es_9ef-D15-01,sedu_es_9ef,9,EM13MAT314|EF05MA12|EF08MA22|EF06MA34|EF02MA02,1.0000|0.5533|0.4856|0.4377|0.4214,0.446716,False,EF03MA20|EF02MA02|EF02MA17|EF08MA20|EM13MAT314,1.0000|0.9484|0.9090|0.8775|0.8395,0.051635,False,EM13MAT314|EF02MA02|EF03MA20|EF02MA17|EF05MA12,0.9198|0.6849|0.6718|0.6599|0.6009,0.234873,False,False
sedu_es_9ef-D15-02,sedu_es_9ef,9,EF01MA17|EF03MA18|EF06MA15|EM13MAT106|EF05MA09,1.0000|0.9543|0.8902|0.8874|0.8326,0.045725,False,EF02MA03|EM13MAT106|EF01MA03|EF03MA01|EF08MA03,1.0000|0.9627|0.9444|0.8624|0.8344,0.03731,False,EM13MAT106|EF03MA18|EF06MA15|EF05MA09|EF01MA17,0.9250|0.7715|0.7698|0.7034|0.6928,0.153515,False,False
sedu_es_9ef-D15-03,sedu_es_9ef,9,EM13MAT510|EF03MA24|EF04MA25|EF09MA12|EF04MA14,1.0000|0.9086|0.8777|0.8448|0.6739,0.091443,False,EF08MA20|EF02MA03|EF01MA03|EF08MA03|EF07MA17,1.0000|0.9259|0.9017|0.8700|0.8186,0.074113,False,EF03MA24|EF01MA03|EM13MAT510|EF04MA25|EF09MA12,0.8080|0.7302|0.7206|0.6992|0.6913,0.07775,False,False
sedu_es_9ef-D15-04,sedu_es_9ef,9,EF09MA16|EF02MA12|EF06MA23|EF08MA22|EF06MA34,1.0000|0.7514|0.6928|0.6409|0.5777,0.248595,False,EF09MA16|EF02MA20|EF01MA19|EF06MA34|EF03MA24,1.0000|0.8792|0.8559|0.8478|0.8477,0.120796,False,EF09MA16|EF06MA23|EF06MA34|EF02MA12|EF02MA20,1.0000|0.7417|0.7127|0.7077|0.7030,0.258267,False,False
sedu_es_9ef-D16-01,sedu_es_9ef,9,EF07MA12|EF07MA10|EF09MA02|EF07MA04|EF05MA05,1.0000|0.9608|0.9308|0.9305|0.9258,0.039231,False,EF07MA10|EF06MA16|EF09MA10|EF05MA05|EF05MA04,1.0000|0.9710|0.9605|0.9570|0.9206,0.02897,False,EF07MA10|EF05MA05|EF07MA12|EF03MA04|EF07MA03,0.9804|0.9414|0.8253|0.7959|0.7943,0.038981,False,True
sedu_es_9ef-D16-02,sedu_es_9ef,9,EF01MA17|EF01MA18|EF04MA24|EF06MA34|EF04MA23,1.0000|0.9608|0.7682|0.7269|0.6567,0.039231,False,EF04MA24|EF01MA17|EF04MA23|EF01MA18|EF06MA34,1.0000|0.7153|0.7006|0.6298|0.5897,0.284708,False,EF04MA24|EF01MA17|EF01MA18|EF04MA23|EF06MA34,0.8841|0.8576|0.7953|0.6787|0.6583,0.02647,False,True
sedu_es_9ef-D16-03,sedu_es_9ef,9,EF07MA04|EF07MA03|EF09MA16|EF04MA09|EF05MA18,1.0000|0.8452|0.6685|0.6572|0.6367,0.154846,False,EF03MA09|EF05MA05|EF08MA07|EF06MA16|EF07MA04,1.0000|0.8682|0.8539|0.8438|0.8214,0.131804,False,EF07MA04|EF07MA03|EF03MA09|EF05MA05|EF07MA10,0.9107|0.7418|0.7219|0.7118|0.6988,0.168918,False,False
sedu_es_9ef-D16-04,sedu_es_9ef,9,EF07MA04|EF07MA03|EF09MA16|EF04MA09|EF05MA18,1.0000|0.8452|0.6685|0.6572|0.6367,0.154846,False,EF06MA16|EF03MA09|EF05MA05|EF07MA10|EM13MAT501,1.0000|0.9808|0.9698|0.9633|0.8898,0.019186,False,EF07MA04|EF07MA03|EF07MA10|EF05MA05|EF07MA20,0.9094|0.7868|0.7698|0.7626|0.7377,0.122623,False,False
sedu_es_9ef-D17-01,sedu_es_9ef,9,EF07MA12|EF07MA10|EF05MA05|EF07MA04|EF05MA02,1.0000|0.9608|0.9258|0.8879|0.8811,0.039231,False,EF05MA05|EF07MA10|EF06MA01|EF03MA02|EF05MA01,1.0000|0.9955|0.8900|0.8884|0.8855,0.004527,False,EF07MA10|EF05MA05|EF06MA01|EF07MA12|EF05MA02,0.9781|0.9629|0.8618|0.8483|0.8146,0.015211,False,True
sedu_es_9ef-D17-02,sedu_es_9ef,9,EF09MA02|EF09MA01|EF09MA16|EM13MAT510|EF04MA09,1.0000|0.8371|0.7774|0.6765|0.6749,0.16289,False,EF06MA16|EF06MA19|EF03MA09|EF09MA16|EF04MA21,1.0000|0.9550|0.9377|0.9168|0.9130,0.044986,False,EF09MA01|EF09MA16|EF09MA02|EF04MA09|EF07MA10,0.8550|0.8471|0.8349|0.7797|0.7280,0.00791,False,True
sedu_es_9ef-D17-03,sedu_es_9ef,9,EM13MAT510|EF04MA09|EF07MA04|EF01MA05|EF01MA10,1.0000|0.7964|0.7964|0.7594|0.7573,0.203562,False,EF05MA05|EF03MA09|EF07MA10|EF03MA02|EF06MA16,1.0000|0.9660|0.9539|0.9303|0.9178,0.033951,False,EF05MA05|EF07MA10|EF07MA04|EF04MA09|EF01MA05,0.8366|0.8262|0.7965|0.7706|0.7644,0.010328,False,True
sedu_es_9ef-D17-04,sedu_es_9ef,9,EM13MAT510|EF08MA11|EF01MA10|EF08MA10|EF04MA09,1.0000|0.7300|0.7185|0.6960|0.6697,0.269983,False,EF04MA01|EF07MA10|EF05MA01|EF03MA09|EF05MA05,1.0000|0.9465|0.9182|0.8804|0.8776,0.053532,False,EF08MA11|EF07MA10|EF08MA10|EF05MA05|EF07MA04,0.7787|0.7669|0.7528|0.7218|0.7149,0.011732,False,True
sedu_es_9ef-D18-01,sedu_es_9ef,9,EF07MA09|EM13MAT505|EM13MAT510|EF03MA17|EF01MA10,1.0000|0.9248|0.9248|0.8589|0.8217,0.075172,False,EF04MA14|EF02MA03|EF01MA03|EF07MA13|EF08MA12,1.0000|0.9488|0.9393|0.9386|0.9233,0.051196,False,EF07MA09|EM13MAT510|EF01MA10|EF03MA17|EF07MA13,0.9199|0.8632|0.8074|0.7778|0.7511,0.056666,False,False
sedu_es_9ef-D18-02,sedu_es_9ef,9,EF08MA06|EF07MA35|EF03MA24|EF05MA12|EF02MA01,1.0000|0.7338|0.7071|0.6236|0.5916,0.266201,False,EF03MA09|EF04MA15|EF06MA10|EF03MA08|EF07MA12,1.0000|0.9743|0.8529|0.8477|0.8278,0.02572,False,EF08MA06|EF02MA01|EF02MA03|EF06MA02|EF07MA35,0.8995|0.6983|0.5656|0.5428|0.5125,0.2012,False,False
sedu_es_9ef-D18-03,sedu_es_9ef,9,EF07MA09|EF09MA21|EF03MA17|EF06MA30|EF08MA06,1.0000|0.9472|0.8589|0.7746|0.7380,0.05282,False,EF03MA09|EF08MA06|EF03MA07|EF08MA03|EF02MA06,1.0000|0.9630|0.9580|0.9460|0.9131,0.037023,False,EF07MA09|EF08MA06|EF07MA16|EF09MA09|EF07MA15,0.9336|0.8505|0.7458|0.7187|0.7096,0.083148,False,False
sedu_es_9ef-D18-04,sedu_es_9ef,9,EM13MAT315|EF08MA11|EF08MA10|EF03MA10|EF08MA06,1.0000|0.5701|0.5436|0.4031|0.3714,0.429904,False,EF05MA11|EF08MA03|EF03MA09|EF03MA07|EF08MA06,1.0000|0.9862|0.9785|0.9213|0.9202,0.013843,False,EF08MA06|EM13MAT315|EF09MA09|EF07MA17|EF03MA10,0.6458|0.6415|0.5904|0.5758|0.5635,0.004332,False,True
sedu_es_9ef-D19-01,sedu_es_9ef,9,EM13MAT201|EF05MA09|EF06MA28|EM13MAT510|EM13MAT405,1.0000|0.9819|0.9688|0.9527|0.8544,0.018087,False,EF04MA25|EF03MA24|EF02MA20|EF01MA19|EM13MAT314,1.0000|0.9496|0.9364|0.9289|0.9114,0.050401,False,EM13MAT201|EF03MA24|EM13MAT510|EF04MA25|EF05MA09,0.8531|0.8173|0.8029|0.7500|0.7469,0.035804,False,True
sedu_es_9ef-D19-02,sedu_es_9ef,9,EF03MA24|EF02MA02|EF05MA06|EF02MA03|EF05MA12,1.0000|0.8396|0.8354|0.8244|0.6816,0.160448,False,EF04MA25|EF02MA03|EF01MA03|EF03MA24|EF05MA12,1.0000|0.9340|0.9217|0.9159|0.8375,0.066028,False,EF03MA24|EF02MA03|EF02MA02|EF04MA25|EF05MA12,0.9580|0.8792|0.8095|0.7806|0.7595,0.078756,False,False
sedu_es_9ef-D19-03,sedu_es_9ef,9,EF05MA13|EF07MA09|EF01MA18|EF02MA01|EF09MA04,1.0000|0.8693|0.8689|0.8597|0.8582,0.13073,False,EF01MA19|EF03MA24|EF01MA03|EF02MA03|EF02MA02,1.0000|0.9368|0.8697|0.8565|0.8428,0.063174,False,EF05MA13|EF02MA03|EF02MA02|EF02MA01|EF07MA09,0.8205|0.7916|0.7914|0.7568|0.7528,0.028969,False,True
sedu_es_9ef-D19-04,sedu_es_9ef,9,EF06MA30|EF05MA09|EF03MA27|EF01MA01|EF01MA02,1.0000|0.9577|0.8607|0.0000|0.0000,0.042297,False,EF01MA03|EF02MA03|EF03MA09|EF01MA04|EF05MA09,1.0000|0.9233|0.9208|0.8408|0.8297,0.076658,False,EF05MA09|EF06MA30|EF03MA27|EF01MA03|EF02MA03,0.8937|0.7295|0.6302|0.5000|0.4617,0.164202,False,False
sedu_es_9ef-D20-01,sedu_es_9ef,9,EF04MA24|EF04MA23|EF08MA13|EM13MAT315|EF01MA17,1.0000|0.7569|0.2336|0.2233|0.2106,0.243083,False,EF04MA23|EF04MA24|EF05MA19|EF08MA07|EF08MA12,1.0000|0.8226|0.6203|0.6118|0.5672,0.177442,False,EF04MA24|EF04MA23|EF05MA19|EF08MA12|EM13MAT305,0.9113|0.8785|0.4095|0.3600|0.3508,0.03282,False,True
sedu_es_9ef-D20-02,sedu_es_9ef,9,EF02MA12|EF02MA03|EF06MA23|EF01MA12|EF05MA14,1.0000|0.9505|0.9220|0.8997|0.8289,0.049465,False,EF03MA09|EF08MA03|EF07MA09|EF07MA04|EF06MA11,1.0000|0.9383|0.9242|0.9190|0.8857,0.061657,False,EF02MA03|EF05MA09|EF02MA06|EF07MA04|EF07MA09,0.8879|0.7387|0.7386|0.7244|0.7241,0.149138,False,False
sedu_es_9ef-D20-03,sedu_es_9ef,9,EF09MA07|EM13MAT405|EF09MA02|EM13MAT306|EF08MA05,1.0000|0.8819|0.8303|0.8303|0.8160,0.118083,False,EF02MA20|EF01MA19|EF03MA24|EF04MA10|EF09MA05,1.0000|0.9237|0.8519|0.8106|0.6875,0.076271,False,EF03MA24|EF09MA02|EF08MA05|EF09MA04|EF09MA03,0.6498|0.6274|0.6034|0.5636|0.5547,0.022402,False,True
sedu_es_9ef-D20-04,sedu_es_9ef,9,EF02MA19|EF02MA18|EF03MA22|EF05MA19|EF04MA22,1.0000|0.8885|0.8885|0.8725|0.8452,0.111477,False,EF04MA23|EF04MA24|EF01MA18|EF01MA17|EF04MA10,1.0000|0.8112|0.6556|0.6433|0.6056,0.188788,False,EF04MA23|EF02MA19|EF05MA19|EF04MA24|EF03MA22,0.8571|0.7816|0.7358|0.7247|0.7134,0.075565,False,False
sedu_es_9ef-D21-01,sedu_es_9ef,9,EF06MA09|EF01MA19|EF08MA05|EF06MA10|EF07MA05,1.0000|0.9204|0.8039|0.7463|0.6962,0.079644,False,EF05MA06|EF01MA04|EF04MA01|EF06MA33|EF01MA03,1.0000|0.9215|0.8937|0.8028|0.7903,0.078461,False,EF06MA09|EF01MA19|EF06MA10|EF06MA12|EF01MA04,0.8154|0.7038|0.6760|0.6747|0.6497,0.111573,False,False
sedu_es_9ef-D21-02,sedu_es_9ef,9,EF07MA05|EF07MA07|EF07MA08|EF06MA15|EF06MA30,1.0000|0.8528|0.8165|0.8096|0.7619,0.147197,False,EF05MA04|EF01MA03|EF02MA03|EF07MA09|EF06MA15,1.0000|0.9413|0.9381|0.9351|0.8942,0.05872,False,EF06MA15|EF07MA09|EF07MA08|EF06MA09|EF05MA13,0.8519|0.8327|0.8198|0.7744|0.7373,0.019157,False,True
sedu_es_9ef-D21-03,sedu_es_9ef,9,EF06MA34|EF09MA09|EF01MA17|EM13MAT504|EF01MA18,1.0000|0.8382|0.8269|0.8077|0.7945,0.16185,False,EF08MA20|EM13MAT314|EF06MA12|EF03MA18|EF09MA19,1.0000|0.8446|0.8374|0.7925|0.7854,0.155364,False,EF08MA20|EF03MA18|EF08MA21|EF06MA34|EF02MA17,0.8480|0.7810|0.6978|0.6914|0.6814,0.067007,False,False
sedu_es_9ef-D21-04,sedu_es_9ef,9,EM13MAT510|EF05MA13|EF04MA12|EF05MA20|EF08MA22,1.0000|0.9606|0.9504|0.9438|0.8347,0.039426,False,EF02MA03|EF04MA21|EF05MA13|EF06MA15|EF01MA03,1.0000|0.9729|0.9555|0.9310|0.9120,0.027149,False,EF05MA13|EF05MA20|EM13MAT510|EF04MA21|EF08MA22,0.9580|0.9109|0.8177|0.7771|0.7757,0.047168,False,True
sedu_es_9ef-D22-01,sedu_es_9ef,9,EF02MA15|EF07MA32|EF01MA14|EF03MA15|EF04MA21,1.0000|0.9682|0.9393|0.9129|0.8660,0.031754,False,EF03MA09|EF04MA21|EF07MA32|EF02MA07|EF05MA04,1.0000|0.9730|0.8452|0.8317|0.8270,0.027034,False,EF04MA21|EF07MA32|EF02MA15|EF01MA14|EF03MA15,0.9195|0.9067|0.8744|0.8717|0.8417,0.01278,False,True
sedu_es_9ef-D22-02,sedu_es_9ef,9,EF07MA05|EF06MA10|EF07MA07|EF07MA08|EF06MA09,1.0000|0.9081|0.8528|0.8165|0.7559,0.091927,False,EF06MA07|EF05MA13|EF07MA08|EF06MA15|EF08MA21,1.0000|0.9875|0.9105|0.9028|0.8992,0.012534,False,EF07MA08|EF06MA07|EF06MA10|EF07MA09|EF07MA05,0.8635|0.8244|0.8043|0.7859|0.7604,0.039052,False,True
sedu_es_9ef-D22-03,sedu_es_9ef,9,EF03MA23|EF02MA17|EF05MA19|EM13MAT201|EF04MA20,1.0000|0.6568|0.6345|0.6345|0.5792,0.343201,False,EF08MA21|EF03MA18|EF02MA19|EF03MA23|EF04MA22,1.0000|0.9981|0.9976|0.9766|0.9548,0.001868,False,EF03MA23|EF06MA24|EF05MA19|EF02MA17|EM13MAT201,0.9883|0.6815|0.6669|0.6445|0.6309,0.306795,False,False
sedu_es_9ef-D22-04,sedu_es_9ef,9,EF01MA03|EF02MA03|EF05MA20|EF03MA11|EF05MA12,1.0000|0.7559|0.6050|0.5215|0.4996,0.244071,False,EF02MA03|EF01MA03|EF05MA20|EF07MA09|EF05MA12,1.0000|0.8958|0.8457|0.8217|0.8010,0.104171,False,EF01MA03|EF02MA03|EF05MA20|EF07MA09|EF05MA12,0.9479|0.8780|0.7253|0.6571|0.6503,0.06995,False,False
sedu_es_9ef-D23-01,sedu_es_9ef,9,EF06MA14|EF09MA02|EF06MA30|EF04MA14|EF06MA15,1.0000|0.7949|0.6930|0.6846|0.6432,0.205122,False,EF03MA09|EF08MA03|EF05MA04|EF03MA07|EF07MA17,1.0000|0.9345|0.9119|0.8957|0.8920,0.065457,False,EF06MA14|EF06MA30|EF09MA12|EF06MA15|EF04MA14,0.8350|0.6861|0.6785|0.6720|0.6693,0.148944,False,False
sedu_es_9ef-D23-02,sedu_es_9ef,9,EF05MA04|EF06MA09|EF06MA10|EF06MA07|EF06MA08,1.0000|0.8452|0.8165|0.7255|0.6202,0.154846,False,EF05MA04|EF04MA09|EF03MA09|EF06MA10|EF05MA05,1.0000|0.9073|0.8937|0.8524|0.8517,0.092742,False,EF05MA04|EF06MA10|EF06MA09|EF06MA07|EF04MA09,1.0000|0.8345|0.8105|0.7807|0.7176,0.165528,False,False
sedu_es_9ef-D23-03,sedu_es_9ef,9,EF05MA04|EF06MA09|EF06MA10|EF06MA07|EF06MA08,1.0000|0.8452|0.8165|0.7255|0.6202,0.154846,False,EF05MA04|EF04MA09|EF03MA09|EF03MA02|EF06MA10,1.0000|0.9393|0.8393|0.7980|0.7661,0.060738,False,EF05MA04|EF06MA10|EF06MA09|EF04MA09|EF06MA07,1.0000|0.7913|0.7911|0.7336|0.7268,0.208713,False,False
sedu_es_9ef-D23-04,sedu_es_9ef,9,EF05MA20|EF06MA15|EF05MA13|EF02MA13|EF08MA14,1.0000|0.8097|0.6934|0.6456|0.5540,0.19033,False,EF02MA03|EF05MA13|EF01MA03|EF04MA25|EF03MA11,1.0000|0.9589|0.9336|0.9043|0.8976,0.041114,False,EF06MA15|EF05MA20|EF05MA13|EF05MA10|EF01MA03,0.8489|0.8384|0.8261|0.6284|0.6282,0.010522,False,True
sedu_es_9ef-D24-01,sedu_es_9ef,9,EF09MA04|EF06MA26|EF08MA20|EF03MA05|EF09MA03,1.0000|0.9129|0.8875|0.8722|0.7906,0.087129,False,EF08MA20|EF04MA25|EF08MA07|EF04MA09|EF01MA19,1.0000|0.9119|0.8296|0.7956|0.7889,0.088089,False,EF08MA20|EF09MA03|EF09MA04|EM13MAT313|EF03MA20,0.9437|0.7726|0.7715|0.6806|0.6605,0.171193,False,False
sedu_es_9ef-D24-02,sedu_es_9ef,9,EF03MA02|EF05MA02|EF04MA02|EF01MA07|EF02MA04,1.0000|0.7670|0.7454|0.7255|0.6346,0.233035,False,EF03MA02|EF03MA09|EF04MA09|EF05MA01|EF04MA02,1.0000|0.9756|0.9434|0.9392|0.9283,0.024414,False,EF03MA02|EF04MA02|EF05MA02|EF01MA07|EF06MA02,1.0000|0.8368|0.8045|0.8005|0.7571,0.163169,False,False
sedu_es_9ef-D24-03,sedu_es_9ef,9,EF04MA02|EF03MA02|EF05MA02|EF01MA07|EF02MA04,1.0000|0.7991|0.6129|0.5797|0.5071,0.200938,False,EF03MA02|EF01MA07|EF03MA09|EF04MA02|EF05MA01,1.0000|0.9522|0.9449|0.9386|0.9261,0.047776,False,EF04MA02|EF03MA02|EF01MA07|EF05MA02|EF06MA02,0.9693|0.8995|0.7660|0.7257|0.6574,0.06977,False,False
sedu_es_9ef-D24-04,sedu_es_9ef,9,EF09MA04|EF06MA26|EF08MA20|EF03MA05|EF09MA03,1.0000|0.9129|0.8875|0.8722|0.7906,0.087129,False,EF08MA20|EF04MA25|EF04MA09|EM13MAT314|EF09MA03,1.0000|0.9034|0.8532|0.8502|0.8346,0.096603,False,EF08MA20|EF09MA03|EF09MA04|EF03MA20|EF02MA17,0.9437|0.8126|0.7668|0.7035|0.6937,0.13114,False,False
sedu_es_9ef-D25-01,sedu_es_9ef,9,EF07MA09|EM13MAT505|EM13MAT510|EF03MA17|EF01MA10,1.0000|0.9248|0.9248|0.8589|0.8217,0.075172,False,EF04MA14|EF02MA03|EF01MA03|EF07MA13|EF08MA12,1.0000|0.9488|0.9393|0.9386|0.9233,0.051196,False,EF07MA09|EM13MAT510|EF01MA10|EF03MA17|EF07MA13,0.9199|0.8632|0.8074|0.7778|0.7511,0.056666,False,False
sedu_es_9ef-D25-02,sedu_es_9ef,9,EF08MA06|EF07MA35|EF03MA24|EF05MA12|EF02MA01,1.0000|0.7338|0.7071|0.6236|0.5916,0.266201,False,EF07MA09|EF05MA04|EF03MA09|EF06MA10|EF07MA15,1.0000|0.9960|0.9346|0.9342|0.9192,0.004043,False,EF08MA06|EF07MA35|EF03MA24|EF02MA01|EF06MA02,0.9408|0.6478|0.6321|0.6094|0.5553,0.29298,False,False
sedu_es_9ef-D25-03,sedu_es_9ef,9,EF07MA15|EM13MAT315|EF09MA21|EF07MA09|EM13MAT304,1.0000|0.9824|0.9367|0.4945|0.4757,0.017556,False,EF07MA09|EF06MA10|EF03MA09|EF08MA06|EF08MA03,1.0000|0.9649|0.9530|0.9398|0.9150,0.035096,False,EF07MA15|EF07MA09|EF08MA06|EM13MAT315|EF05MA11,0.9244|0.7472|0.6524|0.6388|0.6368,0.177133,False,False
sedu_es_9ef-D25-04,sedu_es_9ef,9,EF06MA23|EF07MA18|EF09MA04|EF06MA22|EF09MA11,1.0000|0.8536|0.8353|0.7721|0.7721,0.146422,False,EF03MA09|EF08MA06|EF07MA12|EF07MA04|EF05MA04,1.0000|0.9922|0.9548|0.9396|0.9182,0.007784,False,EF08MA06|EF04MA05|EF06MA23|EF07MA18|EF09MA04,0.8491|0.8360|0.8112|0.7970|0.7955,0.01308,False,True
sedu_es_9ef-D26-01,sedu_es_9ef,9,EF05MA09|EF07MA14|EF06MA12|EF08MA20|EF07MA30,1.0000|0.6977|0.6062|0.5946|0.5693,0.302338,False,EF03MA09|EF01MA03|EF02MA07|EF08MA21|EF04MA21,1.0000|0.9669|0.9386|0.8973|0.8949,0.033149,False,EF05MA09|EF06MA12|EF07MA30|EF02MA03|EF07MA22,0.8811|0.7088|0.6831|0.6456|0.6424,0.172312,False,False
sedu_es_9ef-D26-02,sedu_es_9ef,9,EF06MA29|EF09MA01|EF05MA14|EF05MA15|EM13MAT201,1.0000|0.7746|0.6295|0.6151|0.6081,0.225355,False,EM13MAT314|EF08MA17|EM13MAT201|EF05MA19|EF08MA21,1.0000|0.9705|0.9526|0.8999|0.8766,0.029523,False,EF06MA29|EM13MAT201|EF09MA01|EF06MA21|EF05MA14,0.9012|0.7803|0.7714|0.6371|0.6183,0.120929,False,False
sedu_es_9ef-D26-03,sedu_es_9ef,9,EM13MAT504|EM13MAT314|EF03MA24|EF04MA25|EF09MA09,1.0000|0.9540|0.8777|0.8480|0.8367,0.046047,False,EF03MA24|EF01MA19|EF02MA20|EF04MA10|EF02MA02,1.0000|0.9728|0.9386|0.8581|0.8568,0.027158,False,EF03MA24|EF04MA25|EF05MA12|EM13MAT504|EF03MA17,0.9389|0.8013|0.7570|0.7542|0.6659,0.137604,False,False
sedu_es_9ef-D26-04,sedu_es_9ef,9,EF01MA15|EM13MAT505|EM13MAT510|EF08MA04|EF05MA09,1.0000|0.9540|0.9540|0.9502|0.8777,0.046047,False,EF08MA20|EF03MA20|EF09MA19|EF02MA17|EF06MA12,1.0000|0.7560|0.7191|0.6981|0.6707,0.24397,False,EM13MAT510|EF01MA15|EF08MA20|EF08MA04|EF02MA03,0.7071|0.7042|0.7026|0.6946|0.6351,0.0029,False,True
sedu_es_9ef-D27-01,sedu_es_9ef,9,EF08MA06|EM13MAT510|EM13MAT307|EF01MA10|EF07MA15,1.0000|0.5576|0.4969|0.4955|0.4715,0.442354,False,EF03MA09|EF06MA10|EF05MA04|EF08MA06|EF07MA15,1.0000|0.9495|0.9475|0.9254|0.9224,0.050493,False,EF08MA06|EF07MA15|EF07MA16|EF06MA12|EF01MA10,0.9627|0.6970|0.6855|0.6554|0.6144,0.265754,False,False
sedu_es_9ef-D27-02,sedu_es_9ef,9,EF06MA03|EF04MA03|EF04MA10|EF06MA12|EF09MA04,1.0000|0.9219|0.9033|0.8738|0.8441,0.078098,False,EF03MA09|EF05MA04|EF07MA08|EF08MA06|EF04MA13,1.0000|0.9771|0.9325|0.9182|0.8941,0.02287,False,EF06MA12|EF04MA05|EF08MA06|EF04MA03|EF09MA04,0.8600|0.8226|0.8158|0.8086|0.7807,0.037394,False,True
sedu_es_9ef-D27-03,sedu_es_9ef,9,EF08MA06|EF07MA04|EF01MA10|EF06MA12|EF07MA03,1.0000|0.6730|0.5905|0.5875|0.5688,0.327039,False,EF03MA09|EF06MA12|EF05MA04|EF01MA03|EF02MA03,1.0000|0.9993|0.9895|0.9770|0.9078,0.00072,False,EF08MA06|EF06MA12|EF07MA04|EF07MA16|EF07MA03,0.9152|0.7934|0.7854|0.6558|0.6511,0.121782,False,False
sedu_es_9ef-D27-04,sedu_es_9ef,9,EM13MAT315|EF06MA03|EF04MA03|EF06MA12|EF09MA04,1.0000|0.6189|0.5705|0.5407|0.5224,0.381147,False,EF03MA09|EF07MA12|EF07MA04|EF08MA03|EF03MA07,1.0000|0.9204|0.9193|0.9130|0.9094,0.079561,False,EM13MAT315|EF06MA12|EF04MA03|EF08MA06|EF07MA04,0.7503|0.6937|0.6826|0.6742|0.6443,0.056557,False,False
sedu_es_9ef-D28-01,sedu_es_9ef,9,EF08MA04|EF06MA30|EM13MAT504|EF05MA06|EF07MA02,1.0000|0.6933|0.5278|0.4907|0.4472,0.30666,False,EF01MA03|EF02MA02|EF02MA11|EF01MA04|EF02MA07,1.0000|0.9940|0.9747|0.9735|0.9451,0.006045,False,EF08MA04|EF02MA11|EM13MAT504|EF05MA06|EF06MA30,0.7645|0.7027|0.6316|0.6224|0.6094,0.061854,False,False
sedu_es_9ef-D28-02,sedu_es_9ef,9,EF02MA06|EF07MA02|EF02MA17|EF03MA06|EF01MA17,1.0000|1.0000|0.9819|0.9129|0.8653,0.0,True,EF03MA20|EF08MA20|EF01MA03|EF05MA12|EF02MA03,1.0000|0.9060|0.8726|0.8161|0.8133,0.093971,False,EF03MA20|EF02MA17|EF02MA06|EF03MA06|EF07MA02,0.9108|0.8932|0.7816|0.7713|0.7031,0.017568,False,True
sedu_es_9ef-D28-03,sedu_es_9ef,9,EF04MA25|EF03MA24|EF08MA06|EF04MA15|EF05MA11,1.0000|0.9576|0.5676|0.5665|0.5402,0.04238,False,EF01MA19|EF03MA24|EF04MA25|EF01MA03|EF01MA04,1.0000|0.8885|0.8754|0.8434|0.8388,0.111512,False,EF04MA25|EF03MA24|EF04MA15|EF08MA06|EF02MA02,0.9377|0.9231|0.5701|0.5458|0.5449,0.014624,False,True
sedu_es_9ef-D28-04,sedu_es_9ef,9,EF04MA15|EF06MA14|EF09MA04|EF08MA09|EF05MA09,1.0000|0.7906|0.7108|0.6932|0.6901,0.209431,False,EF04MA25|EF04MA09|EF01MA04|EF09MA18|EF02MA02,1.0000|0.8388|0.8238|0.8087|0.7535,0.161202,False,EF04MA25|EF09MA18|EF04MA15|EF09MA03|EF03MA24,0.7531|0.7021|0.6260|0.5847|0.5686,0.05106,False,False
sedu_es_9ef-D29-01,sedu_es_9ef,9,EF05MA09|EF03MA20|EF03MA27|EF02MA03|EF01MA01,1.0000|0.5837|0.4494|0.4330|0.0000,0.416294,False,EF01MA03|EF02MA03|EF09MA09|EF08MA20|EM13MAT504,1.0000|0.9731|0.9451|0.9123|0.9119,0.026944,False,EF05MA09|EF03MA20|EF02MA03|EF01MA03|EF03MA27,0.9194|0.7236|0.7030|0.5000|0.4886,0.195775,False,False
sedu_es_9ef-D29-02,sedu_es_9ef,9,EF06MA13|EF06MA12|EF08MA13|EF05MA09|EF07MA22,1.0000|0.6888|0.6188|0.5682|0.5624,0.311172,False,EF08MA20|EF06MA12|EF01MA03|EF03MA07|EF05MA09,1.0000|0.9576|0.9471|0.8981|0.8977,0.042415,False,EF06MA12|EF06MA13|EF05MA09|EF02MA03|EF05MA13,0.8232|0.8003|0.7329|0.6835|0.6308,0.022941,False,True
sedu_es_9ef-D29-03,sedu_es_9ef,9,EF09MA07|EF02MA18|EF03MA23|EF02MA19|EF03MA22,1.0000|0.8367|0.7106|0.6865|0.6099,0.163336,False,EF09MA07|EM13MAT314|EF06MA23|EF03MA23|EF03MA18,1.0000|0.9968|0.9721|0.9483|0.9440,0.003166,False,EF09MA07|EF03MA23|EF02MA18|EM13MAT314|EF03MA12,1.0000|0.8294|0.7936|0.7605|0.7121,0.170564,False,False
sedu_es_9ef-D29-04,sedu_es_9ef,9,EM13MAT106|EF06MA13|EF02MA03|EF06MA12|EF08MA13,1.0000|0.8787|0.7341|0.6053|0.5438,0.121269,False,EF08MA03|EF03MA07|EM13MAT504|EF09MA19|EF07MA09,1.0000|0.9734|0.9591|0.9305|0.9126,0.026626,False,EF02MA03|EF06MA13|EF05MA09|EF07MA09|EF06MA12,0.7972|0.7282|0.6992|0.6624|0.6613,0.069018,False,False
sedu_es_9ef-D30-01,sedu_es_9ef,9,EF09MA01|EF06MA19|EF06MA20|EF06MA18|EF05MA17,1.0000|0.8950|0.8005|0.7751|0.7068,0.104978,False,EF07MA31|EF07MA24|EF07MA19|EF08MA14|EF06MA16,1.0000|0.9276|0.9036|0.9010|0.9010,0.072438,False,EF09MA01|EF06MA19|EF06MA18|EF06MA20|EF05MA18,0.9468|0.8819|0.7942|0.7713|0.7446,0.064847,False,False
sedu_es_9ef-D30-02,sedu_es_9ef,9,EF03MA23|EF04MA22|EF03MA12|EF03MA10|EF09MA01,1.0000|0.8165|0.7233|0.6470|0.5568,0.183503,False,EF06MA23|EF05MA15|EF08MA07|EF09MA19|EF01MA11,1.0000|0.9510|0.9134|0.9052|0.9035,0.049001,False,EF03MA23|EF03MA12|EF06MA23|EF09MA01|EF03MA18,0.8159|0.8029|0.7317|0.7046|0.6847,0.012985,False,True
sedu_es_9ef-D30-03,sedu_es_9ef,9,EF08MA06|EF07MA15|EF07MA16|EF05MA02|EF07MA35,1.0000|0.4715|0.4715|0.3616|0.3203,0.52853,False,EF03MA09|EF08MA06|EF06MA10|EF07MA09|EF07MA16,1.0000|0.9948|0.9555|0.9292|0.9132,0.005243,False,EF08MA06|EF07MA16|EF07MA15|EF07MA09|EF09MA09,0.9974|0.6923|0.6628|0.5681|0.5620,0.305058,False,False
sedu_es_9ef-D30-04,sedu_es_9ef,9,EF06MA17|EF03MA24|EF04MA25|EF06MA12|EF04MA24,1.0000|0.7456|0.7203|0.6007|0.5879,0.254386,False,EF03MA20|EF05MA12|EF02MA17|EF08MA20|EF03MA17,1.0000|0.9968|0.9807|0.8956|0.8536,0.003226,False,EF06MA17|EF05MA12|EF03MA24|EF04MA25|EF06MA12,0.7091|0.6986|0.6976|0.6962|0.6770,0.010493,False,True
sedu_es_9ef-D31-01,sedu_es_9ef,9,EF08MA10|EF08MA06|EF08MA11|EF06MA28|EF08MA19,1.0000|0.8402|0.8156|0.7271|0.6258,0.159763,False,EF08MA21|EF02MA02|EF02MA16|EF01MA03|EF05MA21,1.0000|0.9114|0.8640|0.8365|0.8338,0.088628,False,EF06MA28|EF08MA10|EF06MA23|EF08MA19|EF04MA21,0.7560|0.6805|0.6748|0.6697|0.6439,0.075489,False,False
sedu_es_9ef-D31-02,sedu_es_9ef,9,EF08MA22|EF04MA21|EF08MA21|EF05MA20|EF07MA32,1.0000|0.9740|0.9241|0.9148|0.7796,0.025951,False,EF08MA21|EF08MA19|EF07MA22|EF06MA25|EF05MA20,1.0000|0.8955|0.8705|0.8654|0.8582,0.104482,False,EF08MA21|EF04MA21|EF05MA20|EF07MA32|EF08MA22,0.9620|0.9110|0.8865|0.7890|0.7817,0.051028,False,False
sedu_es_9ef-D31-03,sedu_es_9ef,9,EF08MA09|EF08MA07|EF01MA01|EF01MA02|EF01MA03,1.0000|0.9428|0.0000|0.0000|0.0000,0.057191,False,EF08MA07|EF07MA18|EF03MA09|EF08MA09|EF06MA14,1.0000|0.9684|0.9655|0.8919|0.8793,0.031632,False,EF08MA07|EF08MA09|EF07MA18|EF03MA09|EF06MA14,0.9714|0.9459|0.4842|0.4827|0.4397,0.025473,False,True
sedu_es_9ef-D31-04,sedu_es_9ef,9,EF01MA06|EF09MA03|EF09MA04|EF02MA05|EM13MAT307,1.0000|0.9550|0.8953|0.8528|0.7779,0.044993,False,EF02MA02|EF07MA04|EF01MA06|EF08MA03|EF07MA12,1.0000|0.9669|0.9665|0.9477|0.9135,0.033115,False,EF01MA06|EF09MA03|EF09MA04|EF02MA05|EF08MA06,0.9833|0.8831|0.8532|0.8103|0.7481,0.100186,False,False
sedu_es_9ef-D32-01,sedu_es_9ef,9,EF08MA06|EF07MA15|EF07MA16|EF08MA11|EF08MA10,1.0000|0.7941|0.7941|0.7717|0.7358,0.205884,False,EF07MA15|EF07MA16|EF08MA06|EF03MA10|EM13MAT501,1.0000|0.9404|0.8960|0.8857|0.8454,0.059594,False,EF08MA06|EF07MA15|EF07MA16|EF08MA11|EF08MA10,0.9480|0.8971|0.8673|0.7898|0.7838,0.050943,False,False
sedu_es_9ef-D32-02,sedu_es_9ef,9,EM13MAT501|EM13MAT502|EM13MAT403|EF01MA01|EF02MA01,1.0000|0.9459|0.7288|0.6952|0.6941,0.054095,False,EF07MA15|EF03MA10|EF07MA16|EF08MA10|EF03MA09,1.0000|0.9244|0.9164|0.9010|0.8939,0.075569,False,EM13MAT501|EM13MAT502|EF07MA15|EF08MA06|EF07MA16,0.9181|0.8903|0.7861|0.7572|0.7443,0.027777,False,True
sedu_es_9ef-D32-03,sedu_es_9ef,9,EF07MA15|EF07MA13|EF04MA14|EF02MA20|EF01MA19,1.0000|0.9129|0.8592|0.7402|0.7022,0.087129,False,EM13MAT507|EM13MAT502|EF03MA09|EM13MAT501|EF06MA05,1.0000|0.9428|0.9383|0.9330|0.9176,0.057227,False,EF07MA15|EF04MA14|EF07MA13|EF08MA06|EF09MA06,0.8655|0.8295|0.8071|0.7197|0.6747,0.035981,False,True
sedu_es_9ef-D32-04,sedu_es_9ef,9,EM13MAT501|EM13MAT502|EM13MAT403|EF01MA01|EF02MA01,1.0000|0.9459|0.7288|0.6952|0.6941,0.054095,False,EF07MA15|EF03MA10|EF08MA10|EF02MA09|EF03MA09,1.0000|0.9260|0.9168|0.9131|0.8982,0.074024,False,EM13MAT501|EM13MAT502|EF07MA15|EF08MA06|EF07MA16,0.9029|0.8803|0.7861|0.7492|0.7309,0.02262,False,True
sedu_es_9ef-D33-01,sedu_es_9ef,9,EF08MA06|EF08MA09|EF08MA07|EF09MA04|EM13MAT307,1.0000|0.7654|0.7216|0.6756|0.6293,0.23461,False,EF02MA20|EF01MA19|EF04MA10|EF03MA24|EF08MA03,1.0000|0.9927|0.9749|0.9613|0.9381,0.007276,False,EF08MA06|EF03MA24|EF08MA07|EF09MA03|EF09MA04,0.8039|0.6893|0.6774|0.6757|0.6670,0.114553,False,False
sedu_es_9ef-D33-02,sedu_es_9ef,9,EF01MA03|EF08MA09|EF08MA07|EF02MA13|EF04MA14,1.0000|0.9258|0.8729|0.7973|0.7895,0.074181,False,EF05MA12|EF04MA25|EF05MA04|EF01MA03|EF03MA24,1.0000|0.9169|0.7607|0.7405|0.7401,0.083126,False,EF01MA03|EF04MA25|EF08MA07|EF02MA03|EF03MA24,0.8702|0.7965|0.7810|0.7421|0.7200,0.07375,False,False
sedu_es_9ef-D33-03,sedu_es_9ef,9,EF08MA09|EF03MA11|EF05MA10|EF06MA14|EF04MA12,1.0000|0.8775|0.8426|0.8426|0.7744,0.122506,False,EF03MA07|EF03MA09|EF08MA03|EF06MA10|EF02MA07,1.0000|0.9875|0.9851|0.9389|0.9287,0.012545,False,EF08MA09|EF06MA14|EF03MA11|EF08MA07|EF05MA10,0.8332|0.8213|0.7887|0.7285|0.7172,0.011954,False,True
sedu_es_9ef-D33-04,sedu_es_9ef,9,EF03MA23|EF08MA09|EF08MA07|EF01MA18|EF06MA34,1.0000|0.6766|0.6379|0.6047|0.5451,0.323394,False,EM13MAT507|EF08MA03|EF04MA13|EF09MA03|EF07MA33,1.0000|0.9914|0.9500|0.9488|0.9385,0.008585,False,EF03MA23|EF08MA07|EF06MA34|EF08MA09|EF01MA18,0.7367|0.7248|0.6216|0.6108|0.5885,0.011831,False,True
sedu_es_9ef-D34-01,sedu_es_9ef,9,EF08MA09|EF07MA18|EF08MA08|EF09MA09|EF09MA12,1.0000|0.9428|0.9194|0.7845|0.3927,0.057191,False,EF05MA12|EF03MA07|EF01MA03|EF08MA07|EF02MA03,1.0000|0.9450|0.9439|0.9093|0.9014,0.055037,False,EF08MA08|EF07MA18|EF09MA09|EF08MA09|EF01MA04,0.8284|0.8203|0.8198|0.7266|0.6296,0.008153,False,True
sedu_es_9ef-D34-02,sedu_es_9ef,9,EF08MA08|EF08MA09|EF07MA18|EM13MAT301|EF09MA21,1.0000|0.8527|0.8039|0.7272|0.7180,0.147338,False,EF08MA12|EF07MA17|EF07MA09|EF09MA06|EF06MA15,1.0000|0.9821|0.9291|0.9252|0.9108,0.017877,False,EF08MA08|EF07MA18|EF08MA09|EF09MA09|EM13MAT510,0.9116|0.7867|0.7396|0.7395|0.6869,0.124847,False,False
sedu_es_9ef-D34-03,sedu_es_9ef,9,EF02MA13|EF04MA02|EF08MA08|EF08MA09|EF04MA14,1.0000|0.9330|0.9200|0.8824|0.8364,0.067007,False,EF05MA05|EF04MA10|EF06MA08|EF06MA11|EF06MA10,1.0000|0.9774|0.9485|0.9209|0.9132,0.022591,False,EF05MA05|EF07MA12|EF04MA10|EF04MA02|EF08MA08,0.8339|0.7992|0.7952|0.7841|0.7805,0.034732,False,True
sedu_es_9ef-D34-04,sedu_es_9ef,9,EF03MA11|EF08MA22|EM13MAT301|EF06MA14|EF05MA22,1.0000|0.9229|0.9082|0.7782|0.7244,0.077071,False,EF05MA07|EF07MA11|EF06MA10|EF05MA08|EF03MA07,1.0000|0.9702|0.9662|0.9570|0.9555,0.029772,False,EF03MA11|EF06MA14|EM13MAT301|EF05MA08|EF08MA22,0.9015|0.8472|0.8433|0.8385|0.7812,0.054345,False,False
sedu_es_9ef-D35-01,sedu_es_9ef,9,EF03MA26|EF02MA20|EF01MA19|EF04MA10|EF09MA06,1.0000|0.8361|0.7932|0.7778|0.7473,0.163921,False,EM13MAT502|EF09MA12|EM13MAT501|EF08MA12|EF09MA13,1.0000|0.9078|0.9024|0.8929|0.8842,0.092187,False,EF03MA26|EF09MA06|EF08MA08|EF07MA23|EM13MAT510,0.9338|0.7741|0.7031|0.6831|0.6738,0.159632,False,False
sedu_es_9ef-D35-02,sedu_es_9ef,9,EM13MAT505|EM13MAT510|EF09MA06|EF04MA10|EF08MA08,1.0000|1.0000|0.9577|0.9001|0.9001,0.0,True,EF01MA21|EF09MA22|EF07MA07|EF02MA22|EF03MA26,1.0000|0.9432|0.9084|0.8975|0.8847,0.056763,False,EF03MA26|EF01MA21|EF02MA22|EM13MAT510|EF06MA34,0.8828|0.8255|0.8231|0.8103|0.7827,0.057284,False,False
sedu_es_9ef-D35-03,sedu_es_9ef,9,EF03MA26|EF02MA20|EF01MA19|EF04MA10|EF09MA06,1.0000|0.8361|0.7932|0.7778|0.7473,0.163921,False,EM13MAT502|EF09MA12|EM13MAT501|EF07MA28|EF03MA26,1.0000|0.9543|0.9164|0.9112|0.9087,0.045657,False,EF03MA26|EF09MA06|EF08MA08|EF07MA23|EM13MAT510,0.9544|0.7657|0.7150|0.6858|0.6830,0.188655,False,False
sedu_es_9ef-D35-04,sedu_es_9ef,9,EF03MA26|EF02MA20|EF01MA19|EF04MA10|EF09MA06,1.0000|0.8361|0.7932|0.7778|0.7473,0.163921,False,EM13MAT502|EF09MA12|EF07MA20|EM13MAT501|EF07MA28,1.0000|0.9440|0.9176|0.9158|0.9069,0.056015,False,EF03MA26|EF09MA06|EF08MA08|EM13MAT510|EF07MA23,0.9507|0.7777|0.7106|0.6921|0.6908,0.173048,False,False
sedu_es_9ef-D36-01,sedu_es_9ef,9,EF05MA12|EM13MAT404|EF04MA02|EF04MA14|EF05MA06,1.0000|0.8346|0.8026|0.7317|0.6912,0.165419,False,EF08MA20|EF05MA12|EF01MA06|EF03MA20|EF02MA02,1.0000|0.7893|0.7637|0.7078|0.7035,0.210662,False,EF05MA12|EM13MAT404|EF04MA14|EF01MA06|EF06MA09,0.8947|0.6596|0.6529|0.6168|0.6163,0.235078,False,False
sedu_es_9ef-D36-02,sedu_es_9ef,9,EF03MA27|EF01MA18|EF04MA14|EF04MA26|EF02MA02,1.0000|0.7531|0.7187|0.6611|0.5897,0.246857,False,EF01MA03|EF02MA03|EF06MA15|EF05MA04|EF06MA28,1.0000|0.9940|0.8006|0.7994|0.7887,0.006029,False,EF02MA03|EF03MA27|EF01MA03|EF04MA14|EF02MA02,0.7865|0.7857|0.6814|0.6756|0.6463,0.000877,False,True
sedu_es_9ef-D36-03,sedu_es_9ef,9,EF01MA18|EF05MA22|EF01MA21|EF03MA26|EF07MA35,1.0000|1.0000|0.5422|0.4254|0.4254,0.0,True,EF02MA22|EF01MA21|EF08MA23|EF02MA02|EF03MA21,1.0000|0.9208|0.9204|0.8988|0.8820,0.079206,False,EF01MA18|EF05MA22|EF01MA21|EF02MA22|EF08MA23,0.8446|0.7765|0.7315|0.6807|0.6651,0.068038,False,False
sedu_es_9ef-D36-04,sedu_es_9ef,9,EM13MAT404|EF04MA28|EF06MA32|EM13MAT105|EF04MA25,1.0000|0.8739|0.7929|0.7266|0.7177,0.126083,False,EF08MA20|EF01MA15|EM13MAT314|EF01MA03|EF02MA17,1.0000|0.8746|0.7835|0.7676|0.7621,0.125386,False,EM13MAT404|EF06MA32|EF04MA25|EF02MA03|EF04MA28,0.8200|0.7537|0.6159|0.5965|0.5940,0.06626,False,False
sedu_es_9ef-D37-01,sedu_es_9ef,9,EF02MA22|EF01MA18|EF03MA26|EF02MA23|EF04MA27,1.0000|0.8989|0.7948|0.6550|0.6253,0.101065,False,EF09MA22|EF07MA37|EF01MA21|EF08MA23|EF06MA31,1.0000|0.9522|0.9211|0.8697|0.8408,0.047756,False,EF02MA22|EF01MA18|EF03MA26|EF01MA21|EF07MA37,0.8971|0.7881|0.7774|0.7662|0.7351,0.10898,False,False
sedu_es_9ef-D37-02,sedu_es_9ef,9,EF02MA22|EF03MA27|EF03MA26|EF04MA28|EF05MA25,1.0000|0.9734|0.9625|0.8324|0.8268,0.026577,False,EF08MA23|EF07MA37|EF02MA22|EF06MA32|EF09MA23,1.0000|0.9794|0.9791|0.9678|0.9656,0.020636,False,EF02MA22|EF03MA27|EF09MA23|EF03MA26|EF06MA32,0.9895|0.8964|0.8697|0.8640|0.8410,0.093179,False,False
sedu_es_9ef-D37-03,sedu_es_9ef,9,EF07MA37|EF02MA22|EF06MA33|EF04MA12|EF03MA26,1.0000|0.9252|0.7790|0.7553|0.7004,0.07476,False,EF07MA10|EF01MA21|EM13MAT501|EF06MA05|EF05MA06,1.0000|0.9774|0.9708|0.9648|0.9559,0.022552,False,EF02MA22|EF06MA33|EF03MA26|EF07MA37|EF01MA21,0.8660|0.8445|0.8051|0.7997|0.7996,0.021509,False,True
sedu_es_9ef-D37-04,sedu_es_9ef,9,EF02MA22|EF03MA26|EF04MA27|EF01MA21|EF05MA24,1.0000|0.7948|0.6253|0.6113|0.5731,0.205202,False,EF09MA22|EM13MAT407|EF08MA23|EF01MA21|EF02MA22,1.0000|0.8705|0.8641|0.8637|0.8448,0.129499,False,EF02MA22|EF03MA26|EF01MA21|EF09MA22|EF04MA27,0.9224|0.7629|0.7375|0.6995|0.6865,0.159504,False,False
