item_id,EF01MA01,EF01MA02,EF01MA03,EF01MA04,EF01MA05,EF01MA06,EF01MA07,EF01MA08,EF01MA09,EF01MA10,EF01MA11,EF01MA12,EF01MA13,EF01MA14,EF01MA15,EF01MA16,EF01MA17,EF01MA18,EF01MA19,EF01MA20,EF01MA21,EF01MA22,EF02MA01,EF02MA02,EF02MA03,EF02MA04,EF02MA05,EF02MA06,EF02MA07,EF02MA08,EF02MA09,EF02MA10,EF02MA11,EF02MA12,EF02MA13,EF02MA14,EF02MA15,EF02MA16,EF02MA17,EF02MA18,EF02MA19,EF02MA20,EF02MA21,EF02MA22,EF02MA23,EF03MA01,EF03MA02,EF03MA03,EF03MA04,EF03MA05,EF03MA06,EF03MA07,EF03MA08,EF03MA09,EF03MA10,EF03MA11,EF03MA12,EF03MA13,EF03MA14,EF03MA15,EF03MA16,EF03MA17,EF03MA18,EF03MA19,EF03MA20,EF03MA21,EF03MA22,EF03MA23,EF03MA24,EF03MA25,EF03MA26,EF03MA27,EF03MA28,EF04MA01,EF04MA02,EF04MA03,EF04MA04,EF04MA05,EF04MA06,EF04MA07,EF04MA08,EF04MA09,EF04MA10,EF04MA11,EF04MA12,EF04MA13,EF04MA14,EF04MA15,EF04MA16,EF04MA17,EF04MA18,EF04MA19,EF04MA20,EF04MA21,EF04MA22,EF04MA23,EF04MA24,EF04MA25,EF04MA26,EF04MA27,EF04MA28,EF05MA01,EF05MA02,EF05MA03,EF05MA04,EF05MA05,EF05MA06,EF05MA07,EF05MA08,EF05MA09,EF05MA10,EF05MA11,EF05MA12,EF05MA13,EF05MA14,EF05MA15,EF05MA16,EF05MA17,EF05MA18,EF05MA19,EF05MA20,EF05MA21,EF05MA22,EF05MA23,EF05MA24,EF05MA25,EF06MA01,EF06MA02,EF06MA03,EF06MA04,EF06MA05,EF06MA06,EF06MA07,EF06MA08,EF06MA09,EF06MA10,EF06MA11,EF06MA12,EF06MA13,EF06MA14,EF06MA15,EF06MA16,EF06MA17,EF06MA18,EF06MA19,EF06MA20,EF06MA21,EF06MA22,EF06MA23,EF06MA24,EF06MA25,EF06MA26,EF06MA27,EF06MA28,EF06MA29,EF06MA30,EF06MA31,EF06MA32,EF06MA33,EF06MA34,EF07MA01,EF07MA02,EF07MA03,EF07MA04,EF07MA05,EF07MA06,EF07MA07,EF07MA08,EF07MA09,EF07MA10,EF07MA11,EF07MA12,EF07MA13,EF07MA14,EF07MA15,EF07MA16,EF07MA17,EF07MA18,EF07MA19,EF07MA20,EF07MA21,EF07MA22,EF07MA23,EF07MA24,EF07MA25,EF07MA26,EF07MA27,EF07MA28,EF07MA29,EF07MA30,EF07MA31,EF07MA32,EF07MA33,EF07MA34,EF07MA35,EF07MA36,EF07MA37,EF08MA01,EF08MA02,EF08MA03,EF08MA04,EF08MA05,EF08MA06,EF08MA07,EF08MA08,EF08MA09,EF08MA10,EF08MA11,EF08MA12,EF08MA13,EF08MA14,EF08MA15,EF08MA16,EF08MA17,EF08MA18,EF08MA19,EF08MA20,EF08MA21,EF08MA22,EF08MA23,EF08MA24,EF08MA25,EF08MA26,EF08MA27,EF09MA01,EF09MA02,EF09MA03,EF09MA04,EF09MA05,EF09MA06,EF09MA07,EF09MA08,EF09MA09,EF09MA10,EF09MA11,EF09MA12,EF09MA13,EF09MA14,EF09MA15,EF09MA16,EF09MA17,EF09MA18,EF09MA19,EF09MA20,EF09MA21,EF09MA22,EF09MA23,EM13MAT101,EM13MAT102,EM13MAT103,EM13MAT104,EM13MAT105,EM13MAT106,EM13MAT201,EM13MAT202,EM13MAT203,EM13MAT301,EM13MAT302,EM13MAT303,EM13MAT304,EM13MAT305,EM13MAT306,EM13MAT307,EM13MAT308,EM13MAT309,EM13MAT310,EM13MAT311,EM13MAT312,EM13MAT313,EM13MAT314,EM13MAT315,EM13MAT316,EM13MAT401,EM13MAT402,EM13MAT403,EM13MAT404,EM13MAT405,EM13MAT406,EM13MAT407,EM13MAT501,EM13MAT502,EM13MAT503,EM13MAT504,EM13MAT505,EM13MAT506,EM13MAT507,EM13MAT508,EM13MAT509,EM13MAT510,EM13MAT511
sedu_ama5_2023t1-D002_M-01,0.577477,0.736653,0.639877,0.426216,0.642533,0.595993,0.798094,0.554311,0.481313,0.646156,0.557598,0.521396,0.534114,0.697172,0.295216,0.142161,0.394427,0.440373,0.366473,0.075677,0.568465,0.399977,0.801677,0.602484,0.579074,0.630015,0.565142,0.686651,0.697826,0.428505,0.650981,0.461275,0.650026,0.47484,0.312597,0.592503,0.690292,0.6449,0.303128,0.284582,0.522477,0.317248,0.119065,0.447806,0.418495,0.690709,0.941297,0.5808,0.823787,0.568851,0.585419,0.762544,0.785919,0.946373,0.718238,0.488449,0.428934,0.539799,0.625545,0.77815,0.554121,0.579764,0.47318,0.577277,0.427754,0.503157,0.369133,0.481186,0.329062,0.181038,0.61267,0.326794,0.370836,0.741414,0.705406,0.572016,0.621202,0.458098,0.565977,0.579433,0.485911,0.894124,0.691135,0.72906,0.774606,0.65107,0.548592,0.5919,0.573235,0.568801,0.662287,0.556446,0.469966,0.893253,0.340118,0.254994,0.360541,0.168425,0.274779,0.427368,0.275194,0.857485,0.753713,0.956067,0.992279,1.0,0.77393,0.583826,0.539305,0.679117,0.54683,0.325618,0.465907,0.613642,0.454167,0.574986,0.63223,0.626274,0.683342,0.443434,0.720099,0.549895,0.222704,0.208969,0.288368,0.267019,0.766562,0.715769,0.506915,0.484383,0.812898,0.367066,0.850208,0.869412,0.761186,0.789224,0.661173,0.753859,0.483904,0.523121,0.646445,0.93401,0.753148,0.693117,0.893756,0.750876,0.529174,0.516637,0.63755,0.38956,0.706855,0.442445,0.282145,0.319784,0.766682,0.509163,0.495992,0.22046,0.23241,0.490269,0.48893,0.464313,0.7341,0.734365,0.35206,0.490905,0.681681,0.781264,0.7245,0.947639,0.800481,0.731043,0.410199,0.380079,0.699999,0.589905,0.453492,0.437447,0.73181,0.739774,0.393514,0.510407,0.579866,0.745385,0.458827,0.757895,0.568674,0.784635,0.338635,0.724014,0.843452,0.823042,0.876297,0.210316,0.370958,0.218194,0.327522,0.618557,0.483272,0.740643,0.549081,0.659859,0.52649,0.634526,0.509489,0.317324,0.785478,0.782652,0.636894,0.370997,0.767232,0.500497,0.525067,0.570109,0.355047,0.738724,0.517672,0.726504,0.611307,0.38089,0.352394,0.345932,0.0,0.375753,0.931268,0.763037,0.739974,0.636274,0.438475,0.274731,0.302987,0.437361,0.515752,0.793478,0.55762,0.60084,0.645292,0.586878,0.647535,0.836504,0.534449,0.52622,0.610255,0.187688,0.303934,0.518191,0.240531,0.198804,0.314377,0.227041,0.331872,0.298301,0.022271,0.321032,0.183415,0.258349,0.2988,0.404973,0.415027,0.411354,0.411018,0.350831,0.433014,0.565094,0.443536,0.622937,0.381358,0.325964,0.403986,0.326483,0.399901,0.393133,0.453446,0.437107,0.462456,0.493118,0.066981,0.343927,0.384198,0.773246,0.702315,0.506985,0.717363,0.439008,0.794598,0.810216,0.739958,0.436933,0.506239,0.3804
sedu_ama5_2023t1-D002_M-02,0.546446,0.741712,0.66569,0.43881,0.667396,0.695512,0.820245,0.706785,0.60034,0.697983,0.599391,0.653554,0.774083,0.950525,0.296764,0.163342,0.384681,0.474498,0.52594,0.028708,0.676469,0.432803,0.735939,0.552122,0.585975,0.652719,0.666093,0.72098,0.781094,0.576925,0.631386,0.612771,0.733441,0.543785,0.527993,0.821427,0.907145,0.638511,0.257382,0.254956,0.574674,0.418195,0.044721,0.521108,0.497467,0.697315,0.885111,0.676122,0.832619,0.684912,0.667741,0.841049,0.720167,0.968808,0.765633,0.567896,0.654651,0.794499,0.859782,0.895915,0.761524,0.503323,0.439733,0.562331,0.354426,0.709011,0.43821,0.522869,0.442346,0.182061,0.768955,0.418894,0.489504,0.724902,0.76709,0.663837,0.683912,0.572192,0.628767,0.631575,0.539862,0.718541,0.734427,0.730434,0.706352,0.707206,0.573046,0.59628,0.713193,0.620636,0.917182,0.819821,0.438502,0.95737,0.408984,0.387393,0.491677,0.131497,0.227561,0.605793,0.403792,0.799168,0.711239,0.881853,0.869813,0.84924,0.686762,0.660756,0.590763,0.752701,0.519442,0.517584,0.484361,0.546659,0.663744,0.726266,0.78642,0.871853,0.769258,0.467115,0.823804,0.581898,0.196203,0.146835,0.500312,0.458516,0.805607,0.657345,0.605111,0.53972,0.770415,0.511273,0.75458,0.775397,0.734201,0.752403,0.611504,0.716505,0.504708,0.555846,0.629061,1.0,0.794226,0.753867,0.982139,0.891017,0.728769,0.711444,0.74212,0.543502,0.929424,0.578118,0.345577,0.529213,0.776317,0.386816,0.695994,0.392546,0.368503,0.575365,0.518122,0.467929,0.72857,0.778735,0.438565,0.53643,0.724722,0.729875,0.646888,0.923258,0.714311,0.746695,0.529828,0.536951,0.836087,0.647157,0.618345,0.579713,0.817367,0.99824,0.765333,0.863358,0.789487,0.927386,0.707406,0.939278,0.682233,0.92524,0.396828,0.765369,0.960967,0.896485,0.836845,0.22251,0.310955,0.332472,0.410454,0.692532,0.551442,0.803709,0.553147,0.622806,0.655036,0.837956,0.699427,0.522535,0.854938,0.784378,0.749747,0.451977,0.855757,0.748825,0.702928,0.747805,0.703094,0.891638,0.448721,0.880492,0.529273,0.546475,0.403328,0.310543,0.0,0.466546,0.907094,0.741269,0.700867,0.705292,0.415777,0.442618,0.336035,0.456483,0.648446,0.975339,0.843512,0.76577,0.824067,0.746169,0.795019,0.916872,0.787338,0.424521,0.687227,0.154031,0.444365,0.636139,0.300645,0.321169,0.388067,0.180737,0.335691,0.553482,0.084379,0.33416,0.241816,0.400554,0.534556,0.534084,0.481649,0.503814,0.395267,0.533909,0.539082,0.729514,0.578925,0.741766,0.385843,0.316393,0.464562,0.350271,0.465692,0.435341,0.623356,0.649984,0.521027,0.571898,0.269675,0.583219,0.538218,0.91275,0.884761,0.594339,0.805091,0.628054,0.847571,0.691049,0.653266,0.638749,0.596918,0.353034
sedu_ama5_2023t1-D002_M-03,0.674319,0.707155,0.650833,0.382484,0.751676,0.61233,0.848966,0.661858,0.487874,0.713349,0.506726,0.469533,0.482095,0.624125,0.268668,0.160024,0.360508,0.408563,0.371262,0.104661,0.528878,0.395381,0.837543,0.573292,0.590792,0.718113,0.634035,0.792323,0.682388,0.436269,0.765942,0.568654,0.716265,0.433673,0.292013,0.52721,0.602565,0.480743,0.18387,0.229178,0.45205,0.335926,0.188108,0.447468,0.412102,0.71475,0.931658,0.620174,0.916302,0.705087,0.681272,0.785576,0.820709,1.0,0.813673,0.632982,0.412988,0.509771,0.537695,0.690889,0.528255,0.470833,0.31436,0.387241,0.294023,0.449504,0.296866,0.449799,0.340059,0.239257,0.620677,0.366457,0.405273,0.775882,0.773369,0.700222,0.70663,0.469641,0.615053,0.633789,0.449243,0.821485,0.670555,0.805875,0.803033,0.740853,0.580791,0.69859,0.541473,0.470665,0.628389,0.522706,0.352087,0.75969,0.264622,0.268074,0.365865,0.197893,0.304081,0.448736,0.34763,0.866929,0.792141,0.920598,0.901871,0.963574,0.678613,0.709566,0.656357,0.676934,0.576898,0.443763,0.411628,0.649826,0.42717,0.563536,0.536468,0.562078,0.631367,0.393101,0.609715,0.465509,0.237292,0.25453,0.338021,0.325466,0.841226,0.681609,0.585727,0.562145,0.824032,0.405547,0.801802,0.847055,0.774646,0.820047,0.67525,0.743665,0.474872,0.592947,0.644944,0.870801,0.641669,0.591043,0.769792,0.672214,0.500538,0.47738,0.585888,0.370777,0.602242,0.365875,0.22535,0.304787,0.677789,0.533382,0.453868,0.26616,0.255794,0.456349,0.57143,0.459454,0.808148,0.784434,0.413683,0.451429,0.62621,0.773096,0.668888,0.965623,0.820414,0.779815,0.437309,0.594672,0.758196,0.647385,0.496865,0.471872,0.695121,0.666409,0.407432,0.521786,0.541248,0.665802,0.381839,0.636747,0.476079,0.676252,0.297473,0.618124,0.760681,0.744318,0.724276,0.25239,0.409954,0.250422,0.302992,0.64419,0.570069,0.70749,0.528226,0.6257,0.583993,0.692582,0.532154,0.348985,0.821011,0.860648,0.625848,0.396703,0.653305,0.455914,0.471855,0.529542,0.39967,0.643254,0.388031,0.656579,0.555676,0.372894,0.407902,0.386451,0.0,0.348034,0.785892,0.855437,0.746294,0.689009,0.411129,0.337526,0.34094,0.445131,0.529847,0.742925,0.561621,0.538766,0.53336,0.582633,0.579642,0.671199,0.480268,0.406873,0.526613,0.222615,0.301174,0.454992,0.252575,0.247705,0.319237,0.206766,0.339501,0.342618,0.074299,0.254977,0.204016,0.281332,0.36749,0.436799,0.42953,0.43225,0.394936,0.36138,0.439497,0.516553,0.423286,0.661037,0.400826,0.363787,0.386264,0.309117,0.381953,0.405041,0.469801,0.468431,0.431055,0.468088,0.117636,0.393425,0.375657,0.761346,0.717651,0.466659,0.579949,0.398246,0.709221,0.592572,0.551684,0.41137,0.518072,0.32544
sedu_ama5_2023t1-D005_M-01,0.595531,0.483962,0.657547,0.568172,0.696892,0.700558,0.822551,0.791315,0.241859,0.613124,0.277723,0.253,0.297963,0.406812,0.23651,0.11358,0.161819,0.321791,0.566929,0.040054,0.339602,0.416898,0.775745,0.510224,0.552009,0.710101,0.768324,0.884667,0.821591,0.514689,0.606766,0.394978,0.699627,0.282624,0.201402,0.443338,0.392401,0.320999,0.254318,0.041017,0.2346,0.268563,0.134742,0.208747,0.463248,0.813957,0.850285,0.798908,0.727534,0.900709,0.792944,0.900537,0.811343,0.975346,0.715315,0.684022,0.328684,0.458606,0.365197,0.385995,0.327543,0.32574,0.222605,0.29812,0.306876,0.310022,0.193974,0.409517,0.321489,0.102735,0.473564,0.250716,0.402631,0.828447,1.0,0.863669,0.716955,0.447568,0.675524,0.508433,0.445695,0.642116,0.677514,0.677464,0.547465,0.790524,0.590268,0.758395,0.323799,0.324777,0.481987,0.413447,0.230003,0.513113,0.23982,0.208805,0.203635,0.123517,0.129068,0.354011,0.235865,0.851402,0.716829,0.664077,0.68535,0.674155,0.613916,0.860141,0.810581,0.716093,0.460921,0.672379,0.359421,0.581287,0.333527,0.339106,0.406205,0.42486,0.352876,0.400871,0.392547,0.392365,0.174893,0.100347,0.242682,0.279112,0.772185,0.605474,0.747796,0.690847,0.84804,0.490753,0.636142,0.691727,0.865594,0.847512,0.742989,0.754025,0.534527,0.687705,0.637186,0.609552,0.552939,0.370617,0.482236,0.41344,0.327202,0.360976,0.507947,0.550599,0.337848,0.385941,0.045765,0.25359,0.364159,0.433415,0.282165,0.216617,0.321862,0.282026,0.681138,0.538138,0.62735,0.866777,0.45503,0.406816,0.548163,0.617155,0.696331,0.673494,0.761955,0.798296,0.421613,0.480724,0.641949,0.580379,0.573354,0.61366,0.579558,0.435841,0.403942,0.539706,0.388374,0.585089,0.28025,0.617533,0.369608,0.579988,0.416101,0.585762,0.670335,0.582749,0.596662,0.185583,0.174748,0.215959,0.134309,0.757659,0.439759,0.847423,0.461855,0.438404,0.796164,0.647436,0.634124,0.501369,0.557011,0.584753,0.536148,0.43447,0.509262,0.402346,0.397006,0.516795,0.409726,0.656791,0.361581,0.564337,0.472424,0.205586,0.192318,0.072934,0.0,0.107135,0.558994,0.758654,0.731433,0.813148,0.37223,0.409532,0.292737,0.315786,0.708476,0.4951,0.495143,0.444208,0.506539,0.604557,0.499152,0.463847,0.351419,0.240118,0.68487,0.123383,0.186474,0.101059,0.104296,0.205679,0.161335,0.109549,0.24451,0.334,0.033326,0.220343,0.035814,0.323018,0.615678,0.552954,0.275579,0.540526,0.36715,0.46922,0.345218,0.518964,0.528671,0.622801,0.309844,0.333715,0.416846,0.306375,0.364686,0.288467,0.486949,0.465756,0.317707,0.40361,0.339149,0.29059,0.237277,0.727365,0.639393,0.453366,0.558706,0.40479,0.371833,0.528627,0.395904,0.246073,0.358198,0.137688
sedu_ama5_2023t1-D005_M-02,0.760065,0.639885,0.661532,0.431951,0.835153,0.669023,0.858266,0.518869,0.0,0.46953,0.184762,0.228438,0.274796,0.216423,0.102046,0.229184,0.382338,0.611941,0.267195,0.212424,0.369169,0.416947,0.903492,0.656629,0.521301,0.653353,0.630127,0.597959,0.630784,0.354638,0.593376,0.141267,0.503922,0.275765,0.179945,0.256251,0.173375,0.367689,0.258947,0.240309,0.456366,0.220797,0.312278,0.331109,0.40477,0.862253,0.954133,0.778315,0.690275,0.766672,0.558488,0.69192,0.821084,0.883561,0.551209,0.574912,0.24246,0.267725,0.324388,0.18,0.182415,0.343035,0.301947,0.365157,0.287534,0.171691,0.408462,0.49667,0.189836,0.268646,0.465645,0.212265,0.328204,0.944942,0.964008,0.769423,0.539013,0.451195,0.513505,0.41853,0.36556,0.638216,0.799777,0.67239,0.645685,0.627901,0.438515,0.881441,0.150044,0.216188,0.415279,0.242104,0.192361,0.455525,0.379398,0.147361,0.402612,0.086329,0.399408,0.209868,0.234404,1.0,0.790547,0.616208,0.718511,0.794511,0.618471,0.757694,0.72636,0.497354,0.447472,0.440712,0.343976,0.388491,0.314915,0.391081,0.330968,0.278447,0.262582,0.230269,0.363631,0.258194,0.269573,0.290349,0.230633,0.196722,0.894045,0.651558,0.802201,0.550682,0.654599,0.270902,0.424217,0.799531,0.9623,0.741542,0.813999,0.902745,0.461808,0.607893,0.38552,0.677555,0.415581,0.192104,0.357921,0.135856,0.235502,0.33654,0.415262,0.395175,0.368952,0.282971,0.116111,0.168773,0.271266,0.645893,0.247252,0.173274,0.216244,0.159221,0.625917,0.403997,0.634544,0.898174,0.35688,0.336953,0.423581,0.389202,0.564378,0.766864,0.688023,0.817264,0.233432,0.12435,0.528558,0.43539,0.345729,0.316307,0.640339,0.3454,0.180564,0.275296,0.252836,0.474656,0.153289,0.501011,0.356767,0.441114,0.359862,0.449477,0.539877,0.39961,0.631691,0.421274,0.119882,0.241503,0.181849,0.869462,0.337728,0.72604,0.450414,0.45156,0.546503,0.663361,0.583386,0.309509,0.552922,0.599287,0.412169,0.316016,0.335534,0.395646,0.331401,0.368111,0.205695,0.438724,0.284294,0.441158,0.591834,0.192094,0.114493,0.034939,0.058958,0.118366,0.610602,0.996881,0.957018,0.890414,0.219773,0.100618,0.264982,0.216656,0.35529,0.322795,0.311903,0.303544,0.283435,0.362539,0.416102,0.446879,0.209662,0.327256,0.59219,0.277143,0.363235,0.141823,0.144686,0.185285,0.311238,0.169625,0.270164,0.128981,0.114051,0.163803,0.057216,0.255026,0.362359,0.434475,0.191094,0.306879,0.30927,0.477963,0.373969,0.321696,0.387666,0.434278,0.427352,0.453214,0.539375,0.27389,0.366747,0.130875,0.361782,0.338439,0.138062,0.288815,0.086865,0.264114,0.110742,0.614886,0.499075,0.304334,0.532035,0.273839,0.2985,0.531468,0.366997,0.252304,0.329794,0.352608
sedu_ama5_2023t1-D005_M-03,0.303857,0.322341,0.545457,1.0,0.376698,0.366703,0.491235,0.43205,0.335539,0.360184,0.235173,0.217127,0.382299,0.236423,0.273918,0.155795,0.090882,0.286255,0.480478,0.190966,0.252466,0.390051,0.437991,0.648912,0.525395,0.486812,0.448195,0.449408,0.459447,0.39996,0.31864,0.310635,0.450956,0.255544,0.387394,0.351512,0.210219,0.230089,0.232158,0.035676,0.006103,0.213909,0.246663,0.135884,0.439241,0.538258,0.399263,0.477105,0.296892,0.398835,0.360111,0.463716,0.451035,0.520184,0.295144,0.355436,0.283387,0.405414,0.326733,0.193632,0.189973,0.226537,0.089705,0.159076,0.29333,0.289698,0.157584,0.207041,0.226778,0.203719,0.257687,0.201378,0.339198,0.771756,0.489663,0.307822,0.230128,0.228024,0.299503,0.225379,0.425978,0.37161,0.303818,0.354279,0.263283,0.258005,0.29491,0.294685,0.28666,0.237034,0.233777,0.218008,0.148269,0.252857,0.266112,0.01532,0.059613,0.323264,0.19923,0.237238,0.158127,0.600003,0.424045,0.278903,0.372984,0.368597,0.549439,0.304124,0.223305,0.427466,0.249515,0.280839,0.23835,0.378744,0.20087,0.144158,0.352221,0.192955,0.171418,0.217488,0.274861,0.243661,0.268435,0.19982,0.254372,0.231409,0.417701,0.271962,0.341922,0.166537,0.458747,0.333504,0.322369,0.359244,0.334644,0.35887,0.369696,0.494042,0.422203,0.229395,0.36666,0.277723,0.287266,0.171275,0.213196,0.277707,0.245107,0.285373,0.23553,0.299413,0.199139,0.242561,0.16016,0.327124,0.095924,0.223434,0.09212,0.27529,0.454234,0.167292,0.252371,0.357216,0.334848,0.424406,0.228197,0.300472,0.332142,0.287983,0.312594,0.387037,0.278671,0.350791,0.154712,0.440506,0.285418,0.186369,0.247832,0.190089,0.230669,0.228885,0.2266,0.390322,0.049953,0.216825,0.178614,0.320234,0.074107,0.228229,0.314182,0.402252,0.302115,0.268634,0.226494,0.234169,0.0,0.229079,0.174708,0.422394,0.206149,0.41837,0.243786,0.080092,0.282465,0.251241,0.324743,0.092431,0.221242,0.230543,0.126579,0.289396,0.18915,0.230304,0.20015,0.342137,0.163051,0.28504,0.282695,0.426246,0.339808,0.212141,0.191204,0.008338,0.168881,0.085021,0.179818,0.28892,0.362569,0.391839,0.305358,0.080232,0.110409,0.175819,0.224817,0.188722,0.200591,0.220666,0.162656,0.236035,0.236724,0.06191,0.274753,0.225592,0.346528,0.158237,0.199674,0.015956,0.119023,0.138687,0.201865,0.241935,0.148462,0.268569,0.075705,0.280094,0.061883,0.245507,0.285237,0.210738,0.135559,0.239825,0.17455,0.278563,0.131887,0.26114,0.357283,0.359241,0.261452,0.273385,0.259381,0.181724,0.170532,0.128491,0.184721,0.118579,0.03947,0.221995,0.177316,0.13085,0.200255,0.21743,0.12008,0.25002,0.290273,0.134766,0.051186,0.222877,0.062418,0.127631,0.118593,0.276359
sedu_ama5_2023t1-D011_M-01,0.298689,0.645625,0.95908,0.635276,0.510508,0.944276,0.490958,0.65138,0.540877,0.272518,0.296701,0.260228,0.408361,0.169805,0.400859,0.381031,0.303395,0.393924,0.597833,0.248365,0.378399,0.562486,0.397732,0.755426,0.946578,0.289883,0.985805,0.691751,0.581621,0.368924,0.085734,0.224582,0.484932,0.32395,0.305914,0.491152,0.328922,0.547795,0.292628,0.114664,0.332293,0.488377,0.096607,0.718536,0.346924,0.514394,0.503232,0.947836,0.612195,0.52414,0.766422,0.704101,0.602931,0.817215,0.44129,0.83358,0.373555,0.425219,0.430964,0.45048,0.179479,0.643443,0.514167,0.439358,0.264902,0.431576,0.270495,0.371412,0.545524,0.316622,0.604216,0.401901,0.33603,0.382186,0.522682,0.542808,0.827604,0.56076,0.492735,0.660946,0.430889,0.68464,0.455322,0.293213,0.488896,1.0,0.793244,0.593953,0.340337,0.406583,0.159602,0.211228,0.347297,0.81453,0.392815,0.304224,0.393204,0.219262,0.346964,0.669351,0.252243,0.388714,0.241095,0.761374,0.893092,0.621789,0.750717,0.430651,0.368015,0.863455,0.7534,0.575123,0.589261,0.862568,0.455353,0.563956,0.533386,0.254394,0.400291,0.309673,0.523378,0.431939,0.462158,0.304069,0.448334,0.400014,0.309656,0.192323,0.436606,0.19804,0.558944,0.294782,0.830888,0.452358,0.74447,0.727633,0.480543,0.584833,0.340564,0.504669,0.866381,0.683907,0.489944,0.186543,0.634645,0.477205,0.207724,0.194683,0.262178,0.278557,0.345849,0.561015,0.098933,0.417713,0.718952,0.534864,0.147946,0.333262,0.351421,0.463022,0.259799,0.221504,0.71991,0.497367,0.168185,0.205112,0.541921,0.84132,0.894966,0.528904,0.733687,0.440113,0.478139,0.167066,0.321469,0.481666,0.631607,0.617719,0.41589,0.568338,0.156715,0.382336,0.237496,0.676875,0.077024,0.605434,0.281643,0.606094,0.465335,0.645132,0.541896,0.53936,0.765283,0.266074,0.337043,0.352255,0.352193,0.629393,0.552445,0.625007,0.461286,0.580531,0.544852,0.83422,0.617962,0.471447,0.290945,0.389618,0.803409,0.269772,0.514932,0.051166,0.259969,0.274591,0.09497,0.439198,0.734633,0.777637,0.625951,0.393669,0.24728,0.089113,0.217467,0.320544,0.587159,0.319648,0.719952,0.593361,0.173492,0.406395,0.235693,0.377779,0.639275,0.592956,0.29343,0.546403,0.646072,0.689325,0.386582,0.559823,0.496107,0.443439,0.609032,0.464087,0.0,0.215369,0.178072,0.248953,0.357768,0.066095,0.362049,0.318262,0.413597,0.227198,0.10111,0.391787,0.373294,0.146816,0.582113,0.29677,0.272569,0.518721,0.50291,0.500322,0.385955,0.75617,0.312496,0.405906,0.598533,0.32133,0.356596,0.060572,0.293342,0.449127,0.482359,0.408412,0.043642,0.24652,0.711056,0.444109,0.551945,0.055187,0.741392,0.107099,0.309738,0.18656,0.137122,0.245811,0.58846,0.214979
sedu_ama5_2023t1-D011_M-02,0.451035,0.685371,0.860421,0.719014,0.551416,0.666608,0.621814,0.543138,0.56385,0.44397,0.387841,0.404393,0.516831,0.208548,0.332292,0.531103,0.349554,0.388027,0.511486,0.459042,0.490453,0.62755,0.548342,0.518828,0.857126,0.508313,0.727094,0.575473,0.709669,0.639591,0.376938,0.337462,0.553095,0.499209,0.264023,0.449376,0.355181,0.330544,0.320503,0.199979,0.348609,0.421802,0.477561,0.59072,0.365848,0.569464,0.632562,0.684969,0.568839,0.426457,0.527046,0.599662,0.630204,0.776697,0.478447,0.658738,0.500268,0.345376,0.463492,0.31719,0.409359,0.545215,0.190582,0.304142,0.447272,0.529917,0.268479,0.458456,0.354317,0.709211,0.387309,0.478206,0.300738,0.55564,0.6643,0.421704,0.497,0.242585,0.464087,0.446033,0.554231,0.720343,0.739877,0.459975,0.541585,0.611151,0.686454,0.43018,0.405602,0.451571,0.200947,0.251308,0.3892,0.701223,0.408299,0.312763,0.159893,0.299163,0.675429,0.40002,0.126023,0.589798,0.487821,0.756587,0.883743,0.66342,1.0,0.419852,0.358239,0.61201,0.807806,0.310242,0.647674,0.813517,0.262589,0.317239,0.500456,0.290052,0.468484,0.323787,0.68132,0.439116,0.582701,0.530725,0.422307,0.139612,0.499968,0.441788,0.365079,0.290771,0.521672,0.393291,0.793703,0.723211,0.645311,0.65094,0.495765,0.862621,0.634084,0.526537,0.796207,0.48573,0.506914,0.271332,0.388417,0.329704,0.326323,0.131524,0.472679,0.30205,0.550637,0.430331,0.197412,0.285807,0.620891,0.740277,0.245464,0.301685,0.268365,0.450021,0.346381,0.531879,0.568284,0.363448,0.317941,0.572896,0.482153,0.591318,0.963582,0.549095,0.480585,0.345634,0.502278,0.331311,0.407986,0.425677,0.665383,0.229671,0.433433,0.597846,0.228343,0.460988,0.253361,0.518832,0.156168,0.528455,0.229877,0.424616,0.621312,0.398776,0.376786,0.43921,0.635544,0.435868,0.396125,0.333472,0.494534,0.509045,0.406998,0.642193,0.494583,0.524767,0.287311,0.341343,0.35244,0.0,0.44744,0.456579,0.776348,0.463517,0.485394,0.062962,0.253132,0.333039,0.17016,0.328206,0.488629,0.628003,0.73882,0.342237,0.159626,0.287041,0.349192,0.261959,0.626174,0.57039,0.68377,0.466574,0.510712,0.336004,0.277236,0.517714,0.283879,0.673964,0.183185,0.569574,0.528437,0.588116,0.349105,0.40108,0.48467,0.463642,0.408824,0.611944,0.530169,0.201557,0.200261,0.229151,0.452587,0.317381,0.427629,0.253488,0.440572,0.388293,0.192395,0.315543,0.106833,0.175493,0.495745,0.344799,0.181188,0.411454,0.32879,0.544469,0.343212,0.461487,0.487905,0.52321,0.615048,0.281625,0.230467,0.184597,0.23905,0.229468,0.257203,0.272133,0.110664,0.111052,0.368943,0.457559,0.347305,0.196022,0.560522,0.055633,0.331643,0.486998,0.330525,0.199158,0.567981,0.473047
sedu_ama5_2023t1-D011_M-03,0.375855,0.653226,0.710564,0.399444,0.485359,0.569836,0.546071,0.626226,0.766016,0.52115,0.683094,0.670211,0.783314,0.778381,0.393573,0.144175,0.210499,0.233729,0.398533,0.2205,0.683246,0.337244,0.490759,0.359637,0.702816,0.494773,0.550726,0.476587,0.621369,0.657624,0.393167,0.46114,0.566727,0.515413,0.398865,0.703638,0.765205,0.395997,0.117459,0.062636,0.397041,0.401646,0.195395,0.711306,0.316919,0.359233,0.54839,0.449843,0.666208,0.300758,0.444814,0.49805,0.487522,0.804717,0.484937,0.416703,0.646036,0.703758,0.773459,0.804639,0.867898,0.473513,0.303023,0.25046,0.271152,1.0,0.195286,0.375684,0.3437,0.265083,0.729505,0.50476,0.30204,0.498711,0.370678,0.382897,0.52437,0.338931,0.355423,0.50536,0.403444,0.651338,0.456537,0.420734,0.585467,0.532558,0.5619,0.317328,0.73399,0.599534,0.734315,0.624731,0.247869,0.819967,0.196774,0.230074,0.294831,0.177192,0.381056,0.514379,0.162024,0.481854,0.372901,0.758204,0.916422,0.641382,0.605554,0.301854,0.209983,0.464618,0.520674,0.198286,0.448626,0.562432,0.341223,0.551557,0.739971,0.712722,0.7475,0.329777,0.904228,0.419311,0.310657,0.227204,0.3937,0.231211,0.427618,0.376048,0.233667,0.389983,0.543334,0.396238,0.697972,0.585935,0.533137,0.606136,0.296921,0.608625,0.358403,0.283913,0.599991,0.684843,0.688803,0.579101,0.793452,0.771263,0.695981,0.470096,0.601374,0.261747,0.98836,0.563189,0.422495,0.680129,0.705779,0.348609,0.600319,0.413387,0.203795,0.53341,0.289151,0.374652,0.542773,0.437801,0.40182,0.466866,0.68016,0.615631,0.690178,0.721488,0.463047,0.472456,0.471145,0.29211,0.509467,0.384178,0.414579,0.265992,0.404192,0.907334,0.572479,0.671894,0.476878,0.638846,0.44505,0.717729,0.369627,0.65142,0.311849,0.504657,0.604367,0.614793,0.510244,0.231499,0.311314,0.240873,0.512566,0.32574,0.675166,0.561076,0.454915,0.548837,0.226058,0.594495,0.518889,0.226208,0.730542,0.583832,0.602121,0.377462,0.653586,0.436721,0.475603,0.616228,0.462465,0.475081,0.444942,0.721438,0.405718,0.662418,0.33441,0.33125,0.0,0.448841,0.61779,0.345711,0.510645,0.393891,0.348439,0.376245,0.405308,0.425084,0.43055,0.864325,0.500499,0.766641,0.476138,0.444013,0.600469,0.433429,0.810591,0.350789,0.481044,0.320645,0.560466,0.599389,0.296495,0.412907,0.395977,0.066043,0.280622,0.459118,0.088265,0.217908,0.218697,0.121442,0.200605,0.27047,0.404469,0.241373,0.274699,0.36607,0.317425,0.469076,0.417461,0.514248,0.299246,0.325979,0.401502,0.3888,0.471887,0.383708,0.265984,0.306496,0.333835,0.496935,0.009985,0.337053,0.527755,0.610472,0.546414,0.503534,0.614337,0.320434,0.721826,0.400731,0.373601,0.503075,0.469454,0.328551
sedu_ama5_2023t1-D014_M-01,0.694378,0.536155,0.71679,0.532192,0.780434,0.677857,0.859547,0.790399,0.315166,0.628015,0.216147,0.242208,0.470486,0.492058,0.309887,0.159027,0.229239,0.395395,0.499763,0.15667,0.367408,0.378305,0.84174,0.61178,0.589826,0.763431,0.737212,0.799278,0.822583,0.476049,0.655379,0.373568,0.704743,0.282048,0.314076,0.435,0.431291,0.435215,0.366804,0.125249,0.296158,0.459328,0.268421,0.239054,0.365451,0.880515,0.979761,0.791359,0.808595,0.84792,0.697286,0.879304,0.763348,0.988408,0.692718,0.765755,0.288037,0.513894,0.455473,0.405485,0.366098,0.448534,0.304463,0.396844,0.420958,0.399857,0.238508,0.489174,0.456496,0.15316,0.467657,0.284211,0.328594,0.890062,1.0,0.781735,0.702913,0.481498,0.603397,0.462661,0.448829,0.781017,0.867627,0.746839,0.6348,0.625243,0.625026,0.783618,0.323344,0.375822,0.493525,0.527334,0.351708,0.546793,0.272106,0.26556,0.241576,0.280819,0.2146,0.282211,0.189018,0.944352,0.818084,0.678931,0.770907,0.829545,0.544835,0.828956,0.758162,0.599402,0.45731,0.515184,0.416128,0.530082,0.357271,0.424642,0.453234,0.414956,0.443252,0.403326,0.483316,0.412431,0.203503,0.198084,0.275202,0.231617,0.865844,0.764663,0.671402,0.625854,0.854868,0.438322,0.610861,0.847589,0.792242,0.836316,0.817896,0.792148,0.449416,0.630097,0.595836,0.709106,0.555059,0.396932,0.534496,0.477805,0.422062,0.464928,0.37251,0.452913,0.467891,0.324105,0.178448,0.316888,0.355486,0.45706,0.351802,0.218263,0.176578,0.253012,0.682771,0.382533,0.694074,0.865221,0.37702,0.42348,0.478814,0.607897,0.69888,0.817962,0.850399,0.839359,0.447069,0.4199,0.68196,0.568145,0.536779,0.565889,0.690061,0.55829,0.438158,0.480781,0.428436,0.584905,0.388109,0.59518,0.488122,0.524696,0.317743,0.645867,0.773625,0.553049,0.553536,0.205521,0.147787,0.143394,0.133873,0.759866,0.469636,0.792205,0.40933,0.50022,0.69141,0.70323,0.592503,0.47364,0.585181,0.589197,0.544325,0.384434,0.648537,0.468305,0.45013,0.485052,0.386637,0.625614,0.388046,0.554988,0.578056,0.201128,0.146534,0.155253,0.0,0.122047,0.690476,0.823921,0.863419,0.765942,0.292488,0.363516,0.333922,0.322388,0.588756,0.566911,0.489151,0.462397,0.538988,0.602629,0.460964,0.420369,0.325119,0.33957,0.602076,0.143254,0.300293,0.195652,0.122604,0.242479,0.202329,0.251846,0.288891,0.39062,0.064686,0.250878,0.035013,0.309385,0.424323,0.483001,0.283246,0.438919,0.34758,0.439504,0.333205,0.555887,0.469615,0.547389,0.286567,0.30432,0.469099,0.324418,0.273937,0.294358,0.506754,0.468276,0.244915,0.425266,0.27193,0.310861,0.13863,0.700585,0.616816,0.444458,0.619013,0.362822,0.354371,0.53742,0.425792,0.280893,0.288515,0.250511
sedu_ama5_2023t1-D014_M-02,0.812678,0.636362,0.70487,0.576032,0.872969,0.56721,0.70404,0.628308,0.377389,0.633793,0.423281,0.356884,0.40959,0.443203,0.345006,0.277172,0.294834,0.492642,0.598376,0.412867,0.394032,0.462241,0.890541,0.784266,0.653665,0.701886,0.502389,0.68545,0.649547,0.46097,0.737868,0.487977,0.696186,0.398586,0.348958,0.466676,0.427289,0.370559,0.329811,0.179969,0.435119,0.553304,0.564383,0.352599,0.494402,0.895372,0.88625,0.565208,0.651044,0.663841,0.538318,0.63371,0.770548,0.811508,0.700964,0.481352,0.404575,0.447833,0.444595,0.465158,0.487425,0.340838,0.350838,0.329096,0.358055,0.507121,0.457237,0.39943,0.563603,0.600128,0.573236,0.327414,0.40551,1.0,0.754841,0.719529,0.426243,0.491467,0.479165,0.453585,0.571856,0.500438,0.701563,0.819954,0.583215,0.503397,0.442978,0.798135,0.386442,0.313524,0.510344,0.44628,0.26765,0.528034,0.401792,0.251187,0.386662,0.262096,0.634533,0.307032,0.268406,0.907135,0.623385,0.471425,0.711928,0.75978,0.609111,0.649288,0.590003,0.590977,0.434659,0.416934,0.422476,0.352368,0.299631,0.359543,0.502916,0.506542,0.345541,0.296803,0.378667,0.321513,0.589381,0.638322,0.306114,0.274456,0.777672,0.574867,0.642852,0.657466,0.732045,0.390162,0.458936,0.627984,0.742146,0.661526,0.650322,0.839716,0.491521,0.47649,0.441316,0.698528,0.49634,0.436215,0.52325,0.487515,0.337603,0.486158,0.492098,0.413124,0.443574,0.412551,0.162145,0.373181,0.239725,0.765617,0.423811,0.233353,0.2935,0.370629,0.601168,0.416255,0.68442,0.851934,0.50773,0.399107,0.530416,0.480168,0.479631,0.789483,0.557754,0.763366,0.31814,0.465623,0.680069,0.561805,0.415033,0.356926,0.462812,0.427605,0.400163,0.497106,0.328251,0.535435,0.291077,0.583445,0.361909,0.525105,0.407059,0.399921,0.581633,0.47074,0.498861,0.567348,0.180555,0.262281,0.294398,0.620687,0.368618,0.674726,0.470325,0.484465,0.621414,0.553008,0.439798,0.28698,0.729747,0.788237,0.326193,0.433647,0.53524,0.435584,0.397471,0.425002,0.337762,0.506895,0.257585,0.479263,0.777815,0.360835,0.291925,0.182792,0.230359,0.298305,0.417603,0.786555,0.800694,0.724287,0.385749,0.25662,0.444465,0.35318,0.45948,0.426971,0.388885,0.54603,0.38208,0.407506,0.493647,0.377125,0.423286,0.22984,0.535982,0.482025,0.388799,0.313495,0.223578,0.2701,0.310798,0.0,0.353149,0.217674,0.307011,0.298085,0.166917,0.30623,0.396934,0.400076,0.347363,0.419712,0.280906,0.35537,0.332759,0.442378,0.397431,0.507676,0.66538,0.650602,0.447892,0.369396,0.562039,0.263891,0.319487,0.233147,0.204107,0.239887,0.320671,0.359212,0.355581,0.599164,0.529506,0.51056,0.512258,0.350084,0.332911,0.478764,0.369758,0.194466,0.388161,0.535782
sedu_ama5_2023t1-D014_M-03,0.727902,0.675569,0.622872,0.483588,0.758525,0.7289,0.817565,0.682318,0.385999,0.651983,0.484128,0.525237,0.48692,0.623975,0.267325,0.009455,0.280194,0.384873,0.48988,0.095571,0.54644,0.411622,0.931343,0.656293,0.542534,0.706311,0.637719,0.693309,0.7229,0.400242,0.636816,0.310351,0.642926,0.417842,0.327011,0.515907,0.566989,0.456359,0.288688,0.139949,0.426217,0.415858,0.183958,0.427469,0.450797,0.827681,1.0,0.693835,0.843222,0.671506,0.583256,0.773153,0.830616,0.986623,0.705999,0.52938,0.338571,0.49931,0.626104,0.635655,0.469732,0.547639,0.380896,0.38481,0.402055,0.520091,0.33935,0.439838,0.4452,0.170781,0.685904,0.346365,0.335461,0.858907,0.847591,0.674691,0.614516,0.516969,0.504385,0.52644,0.492418,0.789648,0.740979,0.760883,0.676449,0.618194,0.559428,0.798446,0.434343,0.472102,0.660856,0.488302,0.370361,0.67326,0.279637,0.292418,0.332467,0.163806,0.272326,0.418313,0.197962,0.927491,0.72592,0.719142,0.952959,0.925104,0.747939,0.638054,0.552642,0.619943,0.523713,0.385061,0.375673,0.451982,0.394236,0.552115,0.650436,0.506703,0.53762,0.417552,0.52962,0.453014,0.182245,0.199063,0.336672,0.219647,0.727538,0.731559,0.566643,0.5646,0.843169,0.361719,0.687759,0.829305,0.800162,0.862419,0.727304,0.858855,0.526521,0.585398,0.562348,0.845575,0.675653,0.459548,0.836181,0.71822,0.418225,0.462826,0.561285,0.414131,0.670883,0.473894,0.242374,0.378669,0.469747,0.486569,0.57756,0.312055,0.336476,0.38691,0.552831,0.466627,0.707614,0.814877,0.373005,0.376989,0.559201,0.653566,0.688178,0.889426,0.783347,0.825018,0.418331,0.243963,0.796709,0.569178,0.479945,0.456016,0.602387,0.764354,0.422061,0.51102,0.457527,0.744303,0.492423,0.721871,0.473052,0.639226,0.329375,0.664756,0.871779,0.650358,0.759314,0.174664,0.352664,0.245331,0.35913,0.736818,0.468428,0.751448,0.524691,0.643379,0.637637,0.722188,0.575591,0.389141,0.722789,0.713374,0.583725,0.345236,0.756582,0.532984,0.501504,0.589351,0.372995,0.694817,0.479593,0.661198,0.650991,0.415457,0.294284,0.331558,0.0,0.3355,0.721275,0.809537,0.81994,0.69473,0.432174,0.379167,0.378959,0.3829,0.593713,0.628077,0.596756,0.666042,0.586709,0.517754,0.517764,0.596469,0.497208,0.412339,0.584447,0.165336,0.475489,0.483949,0.311646,0.293815,0.374361,0.113404,0.407824,0.276538,0.073373,0.321622,0.170443,0.304262,0.326771,0.387942,0.386019,0.433371,0.420053,0.388659,0.295894,0.587413,0.393416,0.603465,0.344996,0.312965,0.514411,0.386942,0.404056,0.411668,0.449414,0.38674,0.418353,0.477556,0.171443,0.462194,0.397569,0.786309,0.743575,0.54713,0.698427,0.395554,0.581428,0.636737,0.562023,0.381904,0.401174,0.373953
sedu_ama5_2023t1-D022_M-01,0.206838,0.832928,0.744533,0.376,0.708126,0.826492,0.658292,0.755117,0.090962,0.460665,0.653937,0.514586,0.437648,0.262268,0.377297,0.540754,0.404606,0.361715,0.58866,0.51109,0.458846,0.666412,0.594834,0.734488,0.672503,0.548292,0.767574,0.818789,0.85549,0.706987,0.573043,0.475088,0.681397,0.641893,0.519494,0.49024,0.241571,0.57731,0.558772,0.478585,0.620699,0.557612,0.486426,0.589899,0.704189,0.610499,0.648583,0.754023,0.696399,0.710108,0.80096,0.867121,0.801349,0.901175,0.681567,0.513894,0.815902,0.429179,0.660513,0.477704,0.285774,0.508511,0.721077,0.556851,0.409932,0.426204,0.573473,0.686941,0.567121,0.458326,0.637188,0.382906,0.517486,0.78684,0.72914,0.818889,0.708097,0.618971,0.690452,0.759556,0.498898,0.527986,0.767353,0.636162,0.471167,0.709041,0.579868,0.724566,0.606603,0.406317,0.570165,0.440034,0.519316,0.558848,0.6867,0.420981,0.392759,0.0,0.575698,0.462895,0.358359,0.729957,0.600505,0.589027,0.840561,0.685057,0.800331,0.780251,0.717048,0.679161,0.470063,0.757788,0.520892,0.642182,0.460875,0.513641,0.669988,0.456352,0.413988,0.664642,0.718498,0.51578,0.701145,0.599415,0.495285,0.445902,0.637812,0.471473,0.751065,0.533731,0.723527,0.659359,0.69009,0.642784,0.759568,0.782641,0.795482,1.0,0.639109,0.501071,0.736465,0.64782,0.627873,0.453114,0.551913,0.508113,0.321673,0.498553,0.892005,0.81915,0.617656,0.657165,0.232743,0.387349,0.574934,0.807638,0.37004,0.435979,0.264498,0.416794,0.622253,0.611378,0.696861,0.972344,0.665064,0.514778,0.846384,0.689172,0.736891,0.792768,0.624815,0.849046,0.319837,0.513534,0.583766,0.618222,0.757128,0.592836,0.673928,0.541926,0.3969,0.686092,0.705041,0.793118,0.296882,0.710151,0.630784,0.612958,0.72431,0.725834,0.644461,0.664572,0.719311,0.580186,0.225999,0.385319,0.288806,0.82006,0.579113,0.89707,0.527121,0.402291,0.732459,0.857627,0.755312,0.604709,0.701723,0.751442,0.6039,0.695449,0.540411,0.523306,0.766074,0.682471,0.348937,0.815419,0.519809,0.762525,0.922478,0.43176,0.346455,0.128237,0.161738,0.484629,0.787494,0.780553,0.920566,0.929673,0.451028,0.455624,0.655913,0.588388,0.670677,0.819791,0.626543,0.709424,0.663457,0.891842,0.636667,0.976452,0.603179,0.409702,0.9034,0.584941,0.258303,0.463869,0.329617,0.221158,0.232928,0.238175,0.36964,0.281281,0.405614,0.601431,0.338007,0.371187,0.654979,0.628118,0.4954,0.70037,0.548206,0.59482,0.55221,0.629927,0.615014,0.621553,0.71273,0.792029,0.593949,0.518384,0.553793,0.332741,0.430001,0.355412,0.361909,0.374649,0.259199,0.395456,0.427793,0.704405,0.649563,0.559713,0.672259,0.559818,0.591075,0.694229,0.776785,0.331443,0.44491,0.68751
sedu_ama5_2023t1-D022_M-02,0.521797,0.589741,0.811269,0.53913,0.871994,0.638766,0.639768,0.543161,0.352659,0.685965,0.466655,0.31797,0.427562,0.497817,0.53131,0.726538,0.715883,0.72916,0.283433,0.537421,0.548419,0.515255,0.78309,0.637383,0.890266,0.647771,0.59043,0.800017,0.712299,0.466028,0.734661,0.717761,0.941809,0.393175,0.378002,0.440371,0.51566,0.493768,0.336508,0.749832,0.48014,0.245498,0.587771,0.529364,0.653842,0.622347,0.820258,0.670546,0.637426,0.524346,0.608586,0.879569,0.663035,1.0,0.813352,0.460784,0.321676,0.480268,0.592932,0.626305,0.37276,0.175742,0.302769,0.252451,0.34718,0.463295,0.463742,0.58326,0.338923,0.571698,0.705723,0.405403,0.505725,0.898901,0.578674,0.508374,0.460799,0.461797,0.521827,0.530965,0.58028,0.475193,0.384211,0.87152,0.647853,0.548695,0.461817,0.625397,0.525302,0.413686,0.478818,0.466943,0.269931,0.53044,0.611514,0.152298,0.516245,0.323319,0.663356,0.4532,0.357794,0.750834,0.547115,0.46162,0.748461,0.777645,0.667622,0.531658,0.564192,0.79796,0.489615,0.581696,0.429178,0.598292,0.299334,0.297128,0.549595,0.448436,0.391423,0.501641,0.44533,0.254708,0.588219,0.501393,0.253607,0.275862,0.650742,0.432968,0.553107,0.288741,0.823989,0.57887,0.693053,0.528792,0.611042,0.601565,0.680656,0.669216,0.372055,0.452555,0.740069,0.639232,0.575183,0.642732,0.627678,0.628072,0.377351,0.396691,0.388165,0.511448,0.368401,0.435997,0.193051,0.395695,0.349562,0.605571,0.530974,0.356212,0.366508,0.429003,0.55463,0.399087,0.654336,0.777565,0.374434,0.546909,0.739477,0.735276,0.624682,0.796641,0.626424,0.722297,0.1699,0.581987,0.599862,0.697335,0.415516,0.30759,0.53568,0.374181,0.348958,0.425051,0.438287,0.572094,0.374385,0.487178,0.483607,0.312864,0.336182,0.49284,0.56831,0.56339,0.455215,0.517428,0.087089,0.278612,0.28489,0.419717,0.239749,0.786057,0.454907,0.251428,0.662281,0.542954,0.573819,0.223909,0.657537,0.736459,0.335784,0.438381,0.630369,0.472002,0.308113,0.509608,0.260129,0.519449,0.422787,0.542398,0.743782,0.40164,0.36583,0.138894,0.215656,0.302978,0.449748,0.458157,0.498416,0.595454,0.347105,0.39673,0.420852,0.376929,0.482166,0.566089,0.381004,0.536108,0.383886,0.448003,0.230573,0.417442,0.360492,0.206841,0.639383,0.53705,0.241746,0.370745,0.243396,0.317742,0.334546,0.032373,0.300763,0.367351,0.336817,0.397187,0.183607,0.320292,0.46127,0.341368,0.423015,0.372706,0.35921,0.504526,0.180761,0.530234,0.389357,0.649602,0.590766,0.636597,0.23231,0.349841,0.292782,0.32397,0.283627,0.172508,0.285463,0.531157,0.0,0.30744,0.266775,0.504412,0.417835,0.516154,0.488094,0.50526,0.368942,0.517538,0.360018,0.340806,0.476708,0.574005
sedu_ama5_2023t1-D022_M-03,0.479161,0.58292,0.898593,0.559859,0.831113,0.605188,0.42775,0.460228,0.161551,0.54302,0.692695,0.631396,0.334265,0.173954,0.279622,0.507174,0.246384,0.380703,0.309067,0.717835,0.443605,0.503439,0.757439,0.897191,0.833326,0.385873,0.50389,0.570502,0.670035,0.670168,0.647078,0.358362,0.623016,0.592164,0.267356,0.337927,0.16737,0.339022,0.121135,0.308906,0.410561,0.282767,0.60332,0.619014,0.517985,0.607035,0.431873,0.621928,0.516835,0.545194,0.49866,0.671,0.691877,0.774725,0.505488,0.432325,0.811866,0.284944,0.402045,0.32974,0.290656,0.325557,0.297357,0.091137,0.03035,0.535098,0.387167,0.387751,0.359585,0.644374,0.685408,0.52569,0.482544,0.930991,0.608539,0.582694,0.411997,0.326834,0.508767,0.464353,0.567743,0.306507,0.497912,0.588405,0.520494,0.57408,0.487486,0.681087,0.691392,0.403931,0.349803,0.260582,0.240384,0.515111,0.336579,0.171496,0.238798,0.210385,0.723164,0.308697,0.228633,0.763698,0.380524,0.38218,0.447224,0.588871,0.641637,0.537191,0.554966,0.736942,0.673348,0.491696,0.388119,0.699439,0.284617,0.429766,0.457153,0.172204,0.40137,0.511397,0.511369,0.287752,0.669315,0.70203,0.308207,0.16941,0.55833,0.245475,0.541745,0.313149,0.455811,0.625417,0.415351,0.532906,0.593452,0.661364,0.607714,0.888435,0.574294,0.568876,0.637305,0.734915,0.594801,0.167542,0.234088,0.292281,0.409053,0.368039,0.569179,0.439954,0.614001,0.783926,0.125795,0.479184,0.459248,0.883362,0.195476,0.492638,0.318084,0.419491,0.501297,0.552509,0.583468,0.942688,0.397481,0.574027,0.66605,0.510348,0.672173,0.642632,0.56347,0.7493,0.183724,0.451822,0.411035,0.439424,0.49713,0.357932,0.49246,0.424564,0.255845,0.692914,0.31828,0.63021,0.396824,0.401359,0.194242,0.3936,0.631042,0.329856,0.427563,0.423127,0.830432,0.76282,0.237199,0.542749,0.441042,0.566428,0.376092,0.80435,0.419173,0.069136,0.497166,0.690017,0.60027,0.305924,0.426578,0.51288,0.469527,0.558239,0.409604,0.324368,0.24368,0.640359,0.14772,0.463505,0.330064,0.575646,1.0,0.391257,0.140242,0.17338,0.291857,0.340158,0.623868,0.842429,0.744583,0.73216,0.322975,0.362151,0.595738,0.529222,0.389732,0.573757,0.461781,0.570941,0.462359,0.53552,0.257741,0.392647,0.555583,0.255734,0.621616,0.745692,0.433504,0.205681,0.426949,0.322374,0.474436,0.0,0.428814,0.174036,0.488362,0.518006,0.334562,0.334511,0.349016,0.420072,0.401427,0.495834,0.39328,0.635486,0.129822,0.481788,0.542815,0.615407,0.796693,0.887782,0.476566,0.559674,0.379066,0.324412,0.30732,0.214003,0.114727,0.08116,0.010646,0.210612,0.233088,0.581282,0.501659,0.330066,0.361542,0.262427,0.346131,0.28714,0.19838,0.378305,0.350757,0.725815
sedu_ama5_2023t1-D023_M-01,0.371549,0.568316,1.0,0.735769,0.558513,0.658046,0.566227,0.717016,0.580423,0.485007,0.499744,0.614682,0.456012,0.36345,0.509656,0.063495,0.176325,0.318273,0.589767,0.326559,0.569691,0.587766,0.562716,0.800981,0.947628,0.618246,0.674022,0.655012,0.787294,0.669878,0.356677,0.261268,0.530705,0.37357,0.509859,0.434557,0.411215,0.180885,0.363608,0.130964,0.110926,0.529836,0.273629,0.72202,0.547516,0.731916,0.456822,0.657438,0.497262,0.49538,0.644554,0.742674,0.583773,0.802313,0.456851,0.539947,0.42167,0.356244,0.530101,0.580652,0.474279,0.389575,0.175863,0.21694,0.608108,0.57164,0.157254,0.319723,0.716312,0.544458,0.565152,0.586243,0.484807,0.716671,0.48088,0.500539,0.58119,0.356091,0.526449,0.468287,0.581522,0.417395,0.622102,0.436278,0.470513,0.693351,0.457882,0.417103,0.530998,0.386899,0.389134,0.338808,0.364624,0.680909,0.257336,0.274234,0.283886,0.760919,0.381892,0.488957,0.296785,0.554663,0.341526,0.495233,0.596251,0.503953,0.676486,0.420529,0.371059,0.72897,0.525659,0.314164,0.730715,0.563767,0.348166,0.361694,0.561495,0.370768,0.452215,0.306327,0.540498,0.286085,0.468367,0.298236,0.483061,0.354026,0.373998,0.238627,0.383264,0.159538,0.53933,0.434615,0.560034,0.468485,0.438399,0.55443,0.531463,0.764841,0.543355,0.364677,0.552461,0.50923,0.397908,0.315043,0.433666,0.504727,0.500904,0.402632,0.442222,0.283569,0.535086,0.45473,0.069442,0.401469,0.355143,0.418202,0.439098,0.583835,0.355505,0.419936,0.435625,0.444787,0.590944,0.619816,0.201054,0.390693,0.459499,0.533602,0.439804,0.612708,0.521918,0.535708,0.31611,0.273243,0.326121,0.313479,0.445734,0.180389,0.321004,0.584769,0.345419,0.499225,0.328111,0.560232,0.273194,0.449472,0.2,0.315691,0.40433,0.368197,0.453815,0.476437,0.216927,0.388678,0.424456,0.579951,0.573777,0.372514,0.242958,0.690994,0.369795,0.115065,0.387696,0.462173,0.557283,0.105806,0.417198,0.397922,0.522261,0.316565,0.38815,0.290627,0.12199,0.429111,0.227174,0.391111,0.37562,0.598565,0.588847,0.650834,0.231973,0.366825,0.33459,0.460115,0.431934,0.519461,0.552955,0.507241,0.38167,0.305524,0.246799,0.351689,0.387956,0.529267,0.204731,0.555086,0.384143,0.520159,0.227666,0.378437,0.531233,0.260487,0.397539,0.344698,0.571662,0.308635,0.513208,0.346137,0.486084,0.047919,0.633666,0.210852,0.678798,0.461386,0.36776,0.501173,0.179216,0.272449,0.500888,0.318631,0.227156,0.389522,0.310485,0.49779,0.433015,0.624478,0.374564,0.416074,0.449315,0.260397,0.244928,0.393581,0.179935,0.201462,0.270605,0.434646,0.0,0.302086,0.437951,0.553916,0.543486,0.330754,0.325938,0.335516,0.237236,0.24195,0.116379,0.320833,0.337194,0.423592
sedu_ama5_2023t1-D023_M-02,0.167026,0.611338,0.734179,0.482831,0.528505,0.782366,0.717686,0.784273,0.591967,0.338988,0.576432,0.579451,0.50205,0.525069,0.938375,0.353954,0.302327,0.28053,0.544821,0.31902,0.400747,0.88538,0.403411,0.508945,0.835445,0.817393,0.712823,0.903404,0.851852,0.886599,0.325144,0.415478,0.552509,0.493576,0.373138,0.632451,0.625318,0.412443,0.666394,0.365311,0.009545,0.447798,0.335414,0.622256,0.783832,0.382065,0.466677,0.675798,0.518007,0.720538,0.794797,0.961536,0.488949,0.549789,0.446341,0.702588,0.585437,0.595905,0.760382,0.589639,0.385527,0.315666,0.340328,0.430615,0.653574,0.730913,0.0,0.30228,0.760108,0.377469,0.590736,0.605922,0.608129,0.375261,0.516545,0.637194,0.731126,0.598424,0.89392,0.741457,0.681487,0.202046,0.603298,0.335329,0.340107,0.732466,0.618289,0.349761,0.663168,0.708716,0.611016,0.530206,0.451183,0.569356,0.26675,0.605831,0.36188,0.527527,0.294473,0.672965,0.432283,0.325402,0.336132,0.43948,0.495738,0.275502,0.456508,0.726347,0.731966,0.790449,0.55666,0.78834,1.0,0.702117,0.493574,0.299287,0.695263,0.67356,0.383007,0.86961,0.924797,0.540553,0.566818,0.189403,0.387179,0.51801,0.462328,0.397138,0.558413,0.426297,0.759953,0.900063,0.714277,0.262475,0.511991,0.518756,0.520865,0.444633,0.476861,0.418883,0.957498,0.386119,0.759237,0.809348,0.618682,0.793962,0.587921,0.586821,0.74494,0.891204,0.635342,0.692989,0.345963,0.420388,0.491102,0.355899,0.618905,0.582119,0.280368,0.523682,0.770414,0.529627,0.512155,0.653917,0.843918,0.59202,0.647212,0.751395,0.72155,0.499787,0.612379,0.559699,0.446886,0.525431,0.290165,0.482496,0.803967,0.622411,0.511113,0.417957,0.586548,0.80727,0.608012,0.630375,0.709659,0.77989,0.648464,0.594931,0.543637,0.569652,0.622627,0.588461,0.255487,0.442778,0.179973,0.418815,0.445521,0.356604,0.393889,0.807718,0.324568,0.132292,0.772199,0.481001,0.807856,0.640339,0.305639,0.262199,0.784476,0.805057,0.573588,0.787702,0.55922,0.878604,0.670266,0.676113,0.604763,0.838992,0.407854,0.780764,0.361532,0.014826,0.65167,0.395785,0.496521,0.330159,0.378069,0.692497,0.298333,0.712918,0.56614,0.583401,0.900049,0.66733,0.536816,0.686464,0.639135,0.646179,0.605978,0.452914,0.584502,0.184217,0.839193,0.458732,0.094865,0.310497,0.296184,0.462534,0.231288,0.253148,0.342448,0.748355,0.516071,0.56267,0.38487,0.519405,0.584496,0.684097,0.632191,0.70449,0.621996,0.68554,0.584358,0.775683,0.682182,0.702606,0.47016,0.444414,0.244954,0.59725,0.362163,0.546639,0.604858,0.598017,0.39933,0.629193,0.439306,0.586612,0.463506,0.751154,0.740068,0.433518,0.572349,0.947997,0.641085,0.503109,0.350532,0.489248,0.65734,0.573229
sedu_ama5_2023t1-D023_M-03,0.453695,0.66804,0.928347,0.776675,0.706043,0.719686,0.909545,0.733324,0.679977,0.661186,0.518471,0.41419,0.690564,0.525906,0.69116,0.050417,0.18126,0.13512,0.418074,0.122128,0.409465,0.53824,0.807939,0.873366,0.910729,0.89649,0.647514,0.852616,0.905009,0.735812,0.669209,0.541613,0.852612,0.398023,0.335433,0.73682,0.612299,0.628578,0.457314,0.071105,0.16244,0.332641,0.147674,0.459588,0.652733,0.62197,0.811823,0.679486,0.620298,0.669757,0.76425,0.920778,0.721942,0.914445,0.747846,0.474552,0.426626,0.739856,0.776381,0.726606,0.584713,0.270082,0.345168,0.403428,0.580719,0.607081,0.143663,0.389682,0.406564,0.29113,0.635574,0.278723,0.548468,0.802071,0.677588,0.669906,0.63538,0.570984,0.702254,0.617324,0.844458,0.588098,0.489078,0.756365,0.697144,0.722653,0.521693,0.596202,0.569064,0.632433,0.658678,0.640688,0.348872,0.730719,0.200384,0.089106,0.235904,0.28006,0.292065,0.44737,0.320919,0.761676,0.585676,0.617726,0.82051,0.685104,0.602412,0.690079,0.643969,1.0,0.470001,0.488163,0.543084,0.66619,0.380925,0.304214,0.806497,0.557331,0.65447,0.492364,0.728544,0.585916,0.361399,0.212235,0.152722,0.261992,0.653808,0.544456,0.605803,0.409524,0.761601,0.546264,0.824317,0.556179,0.65302,0.662128,0.632476,0.769236,0.486147,0.457863,0.758247,0.611559,0.755003,0.61671,0.648073,0.675506,0.666053,0.659129,0.627181,0.59911,0.552482,0.404071,0.233808,0.450629,0.496826,0.361741,0.367087,0.22375,0.173694,0.336871,0.649003,0.45149,0.642585,0.803687,0.554979,0.629007,0.634874,0.782905,0.615143,0.741765,0.694939,0.72682,0.25222,0.547114,0.62142,0.584562,0.581196,0.501236,0.541865,0.546692,0.547307,0.645441,0.485124,0.603499,0.522854,0.58921,0.54567,0.504423,0.396419,0.739095,0.656953,0.699251,0.358461,0.340377,0.11582,0.105036,0.282994,0.584077,0.453492,0.84996,0.458623,0.422472,0.68015,0.542892,0.624411,0.437979,0.649435,0.626542,0.5401,0.544803,0.610378,0.513887,0.394905,0.590054,0.458866,0.592496,0.667029,0.868035,0.64158,0.441474,0.33776,0.119058,0.0,0.214521,0.592841,0.536319,0.685742,0.70101,0.321526,0.38189,0.409671,0.41605,0.636123,0.644331,0.451901,0.574472,0.503422,0.655222,0.544457,0.391187,0.637156,0.437403,0.728292,0.248084,0.158522,0.208128,0.065247,0.223246,0.200531,0.155929,0.226832,0.491595,0.111186,0.198995,0.055015,0.43874,0.51817,0.499455,0.483505,0.488022,0.398694,0.507489,0.396042,0.544165,0.692682,0.868419,0.398337,0.437379,0.221607,0.334079,0.341124,0.303118,0.419525,0.386202,0.440537,0.532377,0.262017,0.316321,0.441851,0.671652,0.63511,0.505308,0.738646,0.575323,0.451826,0.507197,0.460239,0.374353,0.415146,0.436896
sedu_ama5_2023t1-D044_M-01,0.629298,0.445381,0.659872,0.770183,0.643716,0.45916,0.519334,0.671498,0.630108,0.65647,0.906653,0.864075,0.706055,0.631246,0.397705,0.514968,0.310888,0.522467,0.744734,0.364743,0.586152,0.565255,0.655955,0.66165,0.637987,0.556705,0.496384,0.583041,0.700672,0.751586,0.490979,0.608458,0.7863,0.870794,0.770973,0.717505,0.560223,0.57566,0.237729,0.297072,0.425768,0.480094,0.261311,0.614862,0.580686,0.670366,0.603488,0.485838,0.567952,0.451558,0.410536,0.591218,0.533314,0.748581,0.578069,0.438796,1.0,0.705269,0.704786,0.576669,0.651379,0.415671,0.330166,0.317846,0.361167,0.778095,0.405452,0.417186,0.546521,0.334183,0.652622,0.552885,0.437341,0.809075,0.467622,0.439775,0.356587,0.364446,0.391236,0.365197,0.547042,0.564896,0.608452,0.637684,0.50775,0.474114,0.448972,0.56123,0.925491,0.622296,0.584447,0.474232,0.374177,0.599107,0.413836,0.310516,0.233529,0.332508,0.372846,0.478959,0.267276,0.67167,0.484662,0.59323,0.567599,0.585093,0.493092,0.381733,0.36468,0.613261,0.473566,0.429258,0.378773,0.52331,0.552006,0.819084,0.725074,0.585953,0.457802,0.391353,0.621008,0.423748,0.236586,0.29094,0.291201,0.350886,0.532345,0.412905,0.464871,0.409833,0.497368,0.552466,0.507061,0.545222,0.569149,0.572315,0.42329,0.579294,0.360701,0.392132,0.582076,0.839106,0.729003,0.489751,0.530814,0.55902,0.571064,0.599202,0.624741,0.421485,0.817414,0.754207,0.264936,0.774432,0.479955,0.466191,0.404419,0.445719,0.515686,0.555641,0.399267,0.323084,0.617747,0.733297,0.300146,0.507224,0.666873,0.480274,0.661058,0.684415,0.571042,0.678479,0.529332,0.528382,0.529229,0.399392,0.377269,0.424559,0.532857,0.785734,0.634053,0.709789,0.514405,0.558585,0.469955,0.621402,0.40555,0.558872,0.443819,0.520858,0.570409,0.527256,0.671019,0.360066,0.299571,0.467102,0.488183,0.506972,0.52055,0.704556,0.338654,0.345357,0.478211,0.722678,0.779363,0.383856,0.596518,0.575398,0.557108,0.445264,0.538705,0.489843,0.34911,0.637306,0.529904,0.584537,0.408291,0.654071,0.575211,0.478053,0.212346,0.310807,0.048355,0.326054,0.693766,0.667389,0.546056,0.589289,0.217295,0.340916,0.279464,0.29476,0.479578,0.771427,0.493492,0.509607,0.506574,0.514903,0.474679,0.594143,0.866722,0.40315,0.560981,0.327599,0.552858,0.250546,0.419632,0.310717,0.347096,0.169718,0.236616,0.457351,0.326117,0.339956,0.331203,0.331636,0.270632,0.347221,0.280585,0.341861,0.33965,0.570611,0.328322,0.419194,0.563826,0.553724,0.513001,0.421308,0.451834,0.315702,0.462729,0.37999,0.351521,0.316298,0.277919,0.323671,0.0,0.08181,0.248083,0.778232,0.661379,0.476666,0.650105,0.382266,0.584989,0.518716,0.373862,0.525452,0.391,0.407116
sedu_ama5_2023t1-D044_M-02,0.324343,0.387622,0.347614,0.5683,0.275436,0.413785,0.178743,0.358167,0.511096,0.236045,0.994319,0.868065,0.855429,0.735912,0.305613,0.395106,0.46779,0.507764,0.286955,0.386862,0.576758,0.372719,0.183274,0.422882,0.353806,0.23189,0.29225,0.198961,0.446219,0.644397,0.146113,0.336667,0.414898,0.897717,0.726437,0.925441,0.711668,0.437622,0.194961,0.393753,0.358163,0.156964,0.275148,0.651876,0.448506,0.045743,0.101345,0.258601,0.370925,0.111787,0.180726,0.375478,0.205054,0.375503,0.116177,0.012902,0.984802,0.861181,0.912777,0.627762,0.70022,0.209246,0.376393,0.265333,0.146737,0.839177,0.443154,0.20726,0.195624,0.342579,0.596367,0.32149,0.386525,0.214041,0.126229,0.23049,0.202921,0.35169,0.235128,0.222228,0.450637,0.163709,0.155795,0.151283,0.107527,0.264551,0.149851,0.075203,0.960206,0.59246,0.814107,0.491911,0.305077,0.578925,0.305176,0.23345,0.567572,0.355031,0.407984,0.340504,0.32143,0.110976,0.071619,0.287851,0.320111,0.266551,0.298825,0.140622,0.080399,0.389233,0.0,0.259579,0.384973,0.265031,0.800628,0.961243,0.93791,0.77141,0.544019,0.299316,0.651864,0.284397,0.401578,0.286908,0.394156,0.274714,0.220673,0.162749,0.229184,0.219003,0.13719,0.395144,0.163035,0.261545,0.30764,0.244146,0.208852,0.494443,0.241456,0.037833,0.334003,0.740933,0.59215,0.547543,0.581231,0.665561,0.728637,0.748971,0.815221,0.388359,0.681502,0.622425,0.543795,1.0,0.424885,0.327245,0.538102,0.561836,0.412983,0.760294,0.192854,0.246624,0.319628,0.265863,0.450872,0.379854,0.581554,0.17088,0.329306,0.43124,0.208449,0.330123,0.305121,0.3251,0.239316,0.13836,0.24371,0.218736,0.485883,0.777602,0.638232,0.782438,0.612239,0.554424,0.523753,0.6024,0.422305,0.534881,0.335818,0.372,0.53626,0.459186,0.395769,0.50319,0.046687,0.470853,0.591632,0.110602,0.390521,0.334436,0.31066,0.142013,0.238467,0.640125,0.745539,0.305222,0.425224,0.349143,0.490302,0.418562,0.588866,0.634105,0.576088,0.804548,0.669292,0.605145,0.317197,0.5674,0.296073,0.559686,0.175216,0.183098,0.310699,0.40873,0.326128,0.355911,0.325438,0.317879,0.226611,0.240897,0.348552,0.248872,0.244523,0.61236,0.671678,0.59828,0.414947,0.20597,0.505521,0.691016,0.801376,0.379125,0.415734,0.35281,0.291501,0.574694,0.448692,0.388408,0.162722,0.023112,0.190053,0.391872,0.452552,0.511716,0.409718,0.403803,0.297161,0.476665,0.391858,0.169309,0.234657,0.649056,0.4892,0.379242,0.420003,0.447827,0.491094,0.419517,0.129745,0.57063,0.510544,0.31397,0.4466,0.461125,0.307397,0.416789,0.124391,0.357498,0.366699,0.404356,0.393615,0.524241,0.341528,0.610936,0.636758,0.345626,0.417302,0.681403,0.379169,0.450258
sedu_ama5_2023t1-D044_M-03,0.260944,0.386753,0.484421,1.0,0.443611,0.355921,0.519446,0.531084,0.719291,0.371497,0.799558,0.737025,0.724075,0.578264,0.400938,0.270349,0.217636,0.357371,0.706312,0.202826,0.728084,0.502141,0.430781,0.422844,0.519784,0.404385,0.484982,0.3866,0.541332,0.631439,0.262254,0.490942,0.569554,0.629792,0.662771,0.712239,0.598676,0.42563,0.098405,0.136369,0.2635,0.182013,0.13877,0.500334,0.587704,0.527629,0.400117,0.528645,0.475628,0.301394,0.356796,0.390325,0.232238,0.434256,0.346198,0.319793,0.854485,0.635714,0.646347,0.595746,0.663911,0.180591,0.168696,0.158207,0.156341,0.842402,0.44219,0.48124,0.243694,0.070003,0.512727,0.528339,0.479054,0.66823,0.405603,0.263697,0.245278,0.273401,0.341018,0.27307,0.513613,0.179347,0.186246,0.264055,0.195573,0.290495,0.244198,0.172036,0.8441,0.434818,0.563,0.561532,0.056171,0.439658,0.498186,0.047612,0.323994,0.116957,0.055808,0.571849,0.453958,0.558881,0.54679,0.283652,0.328433,0.338182,0.485389,0.244895,0.185953,0.500584,0.186351,0.455653,0.107856,0.285223,0.501491,0.489386,0.604728,0.62384,0.391921,0.137602,0.557096,0.418776,0.142655,0.046098,0.389659,0.504342,0.566712,0.282123,0.392688,0.210404,0.336957,0.401753,0.399203,0.267342,0.293867,0.225557,0.189647,0.227916,0.423761,0.154967,0.380438,0.32843,0.409405,0.406931,0.421478,0.566899,0.516853,0.628069,0.441567,0.290321,0.633328,0.492837,0.366665,0.626358,0.26698,0.115595,0.384003,0.367713,0.774513,0.371739,0.156402,0.364271,0.419352,0.212995,0.192026,0.272472,0.449657,0.364063,0.326942,0.464473,0.248101,0.232341,0.315446,0.66692,0.280473,0.239384,0.368167,0.16931,0.128849,0.623944,0.774664,0.720298,0.370187,0.348293,0.447082,0.58499,0.187744,0.455681,0.330596,0.322478,0.364378,0.334338,0.319422,0.186207,0.169667,0.350635,0.423665,0.378572,0.292421,0.3834,0.208627,0.121057,0.206712,0.428178,0.574692,0.224931,0.370363,0.203857,0.399325,0.290727,0.349436,0.44897,0.409762,0.537812,0.638217,0.36021,0.259757,0.451493,0.194712,0.525377,0.394664,0.153482,0.0,0.264159,0.153784,0.166578,0.179805,0.2819,0.402495,0.342015,0.034782,0.121744,0.418724,0.482265,0.419181,0.397484,0.403189,0.335466,0.408179,0.307162,0.849131,0.200757,0.461368,0.102827,0.408885,0.373558,0.256047,0.418079,0.219025,0.27345,0.142342,0.584715,0.0401,0.060156,0.151917,0.368544,0.546739,0.277967,0.394784,0.362608,0.249848,0.609146,0.163873,0.403107,0.479075,0.44226,0.325248,0.175139,0.288829,0.107267,0.24066,0.330191,0.294286,0.28073,0.271063,0.489185,0.278802,0.410831,0.43687,0.407719,0.347711,0.606763,0.44253,0.310819,0.299319,0.387311,0.2336,0.574811,0.346978,0.336562
sedu_ama5_2023t1-D060_M-01,0.400645,0.617324,0.875775,0.852435,0.704744,0.708189,0.626611,0.495686,0.309354,0.441595,0.48163,0.426846,0.557756,0.296607,0.616469,0.482779,0.486304,0.526838,0.542376,0.433054,0.462061,0.689468,0.653684,0.972046,0.823844,0.678989,0.64726,0.588685,0.662211,0.565284,0.505346,0.353871,0.635483,0.42873,0.265041,0.549177,0.320886,0.597816,0.779213,0.453099,0.554686,0.457528,0.47112,0.616086,0.721831,0.634818,0.618427,0.69113,0.439315,0.518757,0.571822,0.676784,0.716459,0.790462,0.454,0.379584,0.406154,0.562295,0.610848,0.403145,0.298855,0.549113,0.633058,0.640388,0.795981,0.512797,0.515854,0.651778,0.556513,0.45891,0.564336,0.454593,0.612721,0.851672,0.580331,0.576043,0.466235,0.510539,0.496362,0.503325,0.616563,0.686838,0.58016,0.585774,0.619103,0.610179,0.479458,0.5507,0.459179,0.529973,0.327143,0.361301,0.579097,0.615393,0.627804,0.440892,0.549645,0.515348,0.571598,0.461595,0.384236,0.712026,0.484308,0.533784,0.754219,0.584768,0.684044,0.527581,0.548747,0.646457,0.432627,0.408152,0.685342,0.620502,0.419619,0.430624,0.629368,0.362005,0.382019,0.607062,0.591511,0.656387,0.631412,0.528565,0.367557,0.414166,0.522678,0.421982,0.614818,0.389356,0.656516,0.530558,0.58518,0.511735,0.731134,0.568068,0.664589,0.809604,0.509119,0.375838,0.618596,0.542345,0.657274,0.333102,0.436938,0.347408,0.471621,0.40921,0.447463,0.623443,0.424387,0.515391,0.397939,0.459343,0.416297,0.663021,0.350755,0.520712,0.403451,0.496656,0.577025,0.488016,0.511538,0.746547,0.389391,0.529911,0.689044,0.562923,0.65907,0.607843,0.667178,0.718039,0.199866,0.296806,0.271901,0.370037,0.414111,0.266682,0.501012,0.410528,0.324891,0.528501,0.308747,0.489154,0.34364,0.571682,0.486529,0.45848,0.573982,0.885819,0.456279,0.499565,0.508855,0.54472,0.307328,0.435515,0.520507,0.662904,0.425932,0.763661,0.545453,0.506097,0.444835,0.572298,0.666277,0.277723,0.464926,0.554179,0.42259,0.467812,0.480116,0.451724,0.398498,0.60765,0.258779,0.561625,1.0,0.74677,0.718048,0.510805,0.462573,0.358996,0.377564,0.379987,0.588363,0.547928,0.686877,0.746867,0.372195,0.236709,0.507877,0.454932,0.463717,0.425979,0.283548,0.411873,0.333916,0.507746,0.446285,0.553197,0.443026,0.509322,0.849741,0.528765,0.290362,0.265676,0.393518,0.360504,0.35881,0.452667,0.422599,0.373584,0.457794,0.531292,0.434374,0.394092,0.417905,0.369752,0.358406,0.371392,0.629905,0.617917,0.513832,0.414283,0.759324,0.499875,0.544158,0.62707,0.444063,0.567435,0.529564,0.43327,0.236347,0.212659,0.296471,0.484215,0.0,0.320845,0.300507,0.425919,0.309287,0.546225,0.869166,0.539428,0.326827,0.448764,0.414415,0.43748,0.422458,0.5534
sedu_ama5_2023t1-D060_M-02,0.252695,0.596225,0.856291,0.692651,0.561778,0.680348,0.774444,0.652551,0.165466,0.269184,0.227013,0.160037,0.481966,0.205154,0.680818,0.155422,0.204195,0.26469,0.341472,0.012655,0.304868,0.497538,0.637166,0.869541,0.772416,0.787243,0.629167,0.69062,0.751723,0.605039,0.405109,0.203708,0.467254,0.346884,0.132994,0.499376,0.274995,0.576005,1.0,0.091168,0.326373,0.269466,0.11238,0.308434,0.536806,0.738583,0.710412,0.619542,0.376517,0.563143,0.650125,0.726303,0.686936,0.771825,0.372399,0.38515,0.350966,0.499577,0.565152,0.389328,0.323028,0.328428,0.553118,0.632894,0.990507,0.35193,0.384547,0.454753,0.236258,0.159921,0.482575,0.203359,0.501818,0.805689,0.629547,0.602213,0.427511,0.316708,0.472528,0.489309,0.619885,0.592993,0.495529,0.444151,0.433496,0.564574,0.328165,0.51627,0.344181,0.395027,0.441554,0.382198,0.709527,0.695231,0.438233,0.247163,0.348758,0.051026,0.219897,0.298313,0.249514,0.74068,0.510391,0.436949,0.694603,0.44198,0.404386,0.57869,0.532008,0.629208,0.342699,0.363318,0.630545,0.56884,0.39059,0.335327,0.594557,0.378428,0.404433,0.671569,0.524904,0.668679,0.35494,0.131038,0.228805,0.233713,0.484587,0.433951,0.561276,0.382676,0.625083,0.437952,0.548436,0.342462,0.655721,0.480483,0.64238,0.822241,0.29142,0.267716,0.618467,0.42023,0.598948,0.266787,0.429101,0.25119,0.529755,0.390626,0.589065,0.775704,0.394995,0.275204,0.141165,0.360442,0.280035,0.354197,0.112896,0.174581,0.145231,0.214179,0.55231,0.345548,0.392799,0.781466,0.393646,0.432719,0.554151,0.475082,0.538243,0.46704,0.435087,0.594708,0.075374,0.09999,0.203992,0.234502,0.390676,0.254735,0.466344,0.348976,0.326974,0.542616,0.276104,0.548673,0.216134,0.569739,0.460087,0.485307,0.523496,0.848826,0.448637,0.596995,0.19186,0.324966,0.05061,0.229267,0.086116,0.585661,0.267671,0.724573,0.437249,0.308022,0.394312,0.526697,0.585378,0.168584,0.394643,0.447869,0.33777,0.434375,0.347896,0.492562,0.311071,0.527745,0.276051,0.565709,0.794805,0.826375,0.526194,0.227657,0.11113,0.077006,0.0,0.223821,0.506223,0.421536,0.611728,0.717917,0.11433,0.120733,0.423308,0.330845,0.380365,0.448715,0.279962,0.415047,0.214663,0.346594,0.457414,0.445866,0.378209,0.45868,0.792034,0.219915,0.084238,0.095767,0.140477,0.048369,0.163665,0.236938,0.222826,0.337138,0.073133,0.454052,0.112097,0.116936,0.445423,0.422942,0.129424,0.290674,0.395233,0.487601,0.320749,0.402649,0.713964,0.48925,0.245494,0.404461,0.345667,0.34771,0.371352,0.224417,0.162652,0.177916,0.239667,0.248691,0.059676,0.174016,0.197567,0.467221,0.337701,0.352024,0.756076,0.414864,0.144231,0.356267,0.287624,0.263081,0.214027,0.248646
sedu_ama5_2023t1-D060_M-03,0.24228,0.4693,0.841292,0.458322,0.467518,0.648431,0.504902,0.528069,0.476679,0.403982,0.235686,0.362059,0.656457,0.452908,0.784399,0.197276,0.310239,0.20543,0.610233,0.287663,0.368647,0.285076,0.250525,0.332949,0.949742,0.434736,0.554261,0.387646,0.416971,0.529908,0.160322,0.495128,0.367828,0.213287,0.34146,0.501131,0.551257,0.228375,0.502337,0.32168,0.14932,0.670238,0.234369,0.736977,0.034604,0.351322,0.207329,0.514536,0.422488,0.274855,0.59997,0.486173,0.294101,0.526175,0.376262,0.618907,0.186171,0.470326,0.517965,0.435665,0.482519,0.522113,0.415936,0.284315,0.809193,0.694676,0.071385,0.43228,0.666916,0.245028,0.517755,0.517166,0.098681,0.183821,0.190449,0.283466,0.592431,0.44767,0.418609,0.638271,0.256209,0.557995,0.50995,0.381836,0.50758,0.636425,0.672045,0.319931,0.340313,0.322837,0.437023,0.419695,0.37342,0.657837,0.251803,0.507516,0.337752,0.73902,0.370836,0.420758,0.0,0.130461,0.130099,0.541717,0.85192,0.413575,0.415751,0.328543,0.271101,0.390101,0.486925,0.525401,0.855993,0.651377,0.115664,0.303554,0.432036,0.249658,0.455741,0.440025,0.844641,0.522249,0.344773,0.270573,0.409315,0.18961,0.313048,0.156955,0.238924,0.311214,0.403734,0.319069,0.605493,0.439226,0.475534,0.441664,0.337625,0.506426,0.253368,0.323984,0.670001,0.268478,0.220573,0.316905,0.483492,0.564461,0.477111,0.210166,0.325469,0.429497,0.493311,0.178678,0.339759,0.204553,0.385408,0.305501,0.416779,0.52351,0.070015,0.405501,0.317032,0.27884,0.328975,0.250469,0.353487,0.529097,0.400958,0.49859,0.711482,0.44675,0.494402,0.370907,0.544284,0.349355,0.482411,0.664453,0.721131,0.318013,0.181945,0.555685,0.277452,0.350663,0.293937,0.369753,0.309035,0.497309,0.115697,0.337082,0.36152,0.590875,0.522578,0.493909,0.040719,0.276479,0.339439,0.098319,0.547634,0.248428,0.375371,0.527285,0.231695,0.358834,0.442051,0.667942,0.627122,0.311583,0.541718,0.443897,0.838564,0.277749,0.561687,0.121116,0.06288,0.485516,0.239691,0.299516,1.0,0.778571,0.394486,0.55795,0.303047,0.335941,0.256098,0.266959,0.3972,0.147783,0.511083,0.346006,0.334449,0.602832,0.395557,0.391992,0.760481,0.592513,0.22999,0.763426,0.368668,0.472726,0.278459,0.279639,0.330348,0.253765,0.674211,0.45534,0.36038,0.260374,0.190206,0.329331,0.240159,0.306169,0.2995,0.342622,0.432172,0.186871,0.153703,0.300464,0.288661,0.262967,0.652712,0.332496,0.372369,0.496083,0.275632,0.590407,0.314061,0.389854,0.278918,0.353639,0.377698,0.447262,0.276254,0.440279,0.405497,0.547105,0.338603,0.64613,0.092392,0.235466,0.453858,0.535731,0.55927,0.416727,0.628944,0.31815,0.286271,0.481443,0.322608,0.214414,0.520593,0.555318
sedu_ama5_2023t1-D106_M-01,0.246001,0.487973,0.690408,0.45291,0.4519,0.531229,0.485093,0.43085,0.240105,0.294765,0.414922,0.426575,0.450869,0.247219,0.724421,0.050384,0.124832,0.142608,0.317719,0.032961,0.339652,0.434376,0.323714,0.598691,0.615665,0.334322,0.504619,0.452294,0.612766,0.465891,0.155449,0.161557,0.333227,0.392997,0.280678,0.521458,0.406527,1.0,0.691342,0.210647,0.45493,0.133171,0.0,0.449234,0.448002,0.428718,0.373707,0.526877,0.343563,0.526443,0.521217,0.551802,0.493989,0.431382,0.285424,0.391264,0.359854,0.353757,0.504779,0.516206,0.28863,0.5649,0.764124,0.862768,0.648159,0.443126,0.352225,0.405552,0.269207,0.237096,0.387778,0.340416,0.347872,0.271964,0.412088,0.472824,0.537937,0.46291,0.494544,0.415014,0.495174,0.595432,0.4237,0.166011,0.391851,0.66597,0.455807,0.441839,0.426345,0.330287,0.433423,0.48574,0.707704,0.872624,0.485479,0.53054,0.341666,0.132567,0.14064,0.439281,0.356426,0.30032,0.27116,0.611766,0.547515,0.253445,0.448447,0.408049,0.380751,0.567644,0.41957,0.493612,0.585544,0.454746,0.388308,0.310958,0.464845,0.429691,0.577403,0.665813,0.759229,0.669991,0.242936,0.084874,0.310175,0.38395,0.401165,0.301141,0.502821,0.200946,0.342168,0.274527,0.551239,0.234849,0.649506,0.466704,0.378809,0.52205,0.376987,0.438617,0.48744,0.31917,0.418691,0.252987,0.460205,0.262048,0.54352,0.429301,0.540449,0.637586,0.681613,0.486548,0.250828,0.506648,0.815692,0.324955,0.126811,0.355054,0.351467,0.252262,0.394389,0.343528,0.285841,0.48935,0.204957,0.417483,0.376122,0.471653,0.439304,0.29264,0.485075,0.432365,0.163574,0.213599,0.108175,0.275372,0.454799,0.307456,0.268634,0.462531,0.462947,0.560611,0.521176,0.637547,0.468184,0.581956,0.462659,0.540768,0.596826,0.756466,0.497372,0.612502,0.44553,0.289981,0.291856,0.36878,0.2872,0.496063,0.429807,0.608856,0.444616,0.334817,0.379252,0.372017,0.549905,0.254507,0.254634,0.219446,0.532968,0.370518,0.325435,0.399483,0.43409,0.550929,0.367254,0.682441,0.668014,0.81497,0.379296,0.408829,0.150142,0.196981,0.110666,0.352109,0.742166,0.31491,0.458879,0.53058,0.221451,0.240554,0.247814,0.408504,0.288189,0.558636,0.347834,0.425466,0.384327,0.463236,0.49556,0.659639,0.567673,0.649501,0.628998,0.22368,0.126795,0.13402,0.275721,0.299558,0.313588,0.297701,0.269337,0.383954,0.225039,0.506276,0.309322,0.474081,0.349587,0.358156,0.345157,0.374932,0.434249,0.454112,0.758262,0.469686,0.558962,0.539677,0.337323,0.260675,0.404473,0.290738,0.257798,0.369108,0.247903,0.249923,0.348747,0.399335,0.109595,0.340653,0.351315,0.568974,0.506203,0.361709,0.64694,0.459788,0.500138,0.418754,0.354709,0.464043,0.476197,0.35964
sedu_ama5_2023t1-D106_M-02,0.212578,0.524361,0.858664,0.470384,0.508359,0.585122,0.442269,0.396243,0.251935,0.325701,0.510128,0.549182,0.636283,0.272228,0.613434,0.148855,0.233527,0.297037,0.54558,0.233928,0.319929,0.484134,0.455068,0.559493,0.81887,0.292429,0.521951,0.368971,0.552032,0.415806,0.191257,0.209421,0.354298,0.523597,0.422444,0.541261,0.43037,0.807479,0.436689,0.229948,0.384577,0.525872,0.270432,0.481893,0.34997,0.56723,0.480254,0.570473,0.447396,0.406635,0.42512,0.53636,0.51627,0.490103,0.297404,0.51085,0.500353,0.409461,0.595622,0.453417,0.363157,0.562629,0.656111,0.61917,0.393519,0.603129,0.315733,0.474379,0.547015,0.43357,0.357568,0.386703,0.152276,0.490671,0.472148,0.333647,0.508192,0.352824,0.35528,0.385788,0.362981,0.48919,0.743102,0.356096,0.499219,0.578217,0.645038,0.413384,0.49023,0.589098,0.544563,0.629118,0.5321,0.802213,0.453187,0.47834,0.206389,0.183353,0.449717,0.265213,0.0,0.482055,0.32642,0.516028,0.763662,0.466149,0.525957,0.310684,0.290628,0.59668,0.630553,0.397491,0.41095,0.565498,0.246708,0.368745,0.61399,0.447892,0.661518,0.474417,0.881607,0.54966,0.502586,0.399386,0.205777,0.119318,0.469784,0.359315,0.316917,0.160336,0.453452,0.340839,0.551768,0.495143,0.526895,0.486177,0.414227,0.672125,0.308594,0.417985,0.576031,0.491621,0.634542,0.444089,0.563458,0.514345,0.506092,0.555664,0.458703,0.383402,1.0,0.798338,0.623667,0.707538,0.673884,0.50144,0.086038,0.30618,0.143745,0.327029,0.294016,0.256443,0.297758,0.45344,0.189188,0.548888,0.393545,0.430844,0.65637,0.467312,0.55132,0.471835,0.373914,0.172501,0.284538,0.425671,0.58512,0.299845,0.481119,0.648603,0.566029,0.522932,0.639606,0.712301,0.599609,0.56175,0.523697,0.499696,0.569069,0.55242,0.532942,0.455931,0.5965,0.381172,0.128228,0.198294,0.249146,0.523223,0.46389,0.718536,0.321286,0.292488,0.340876,0.458479,0.443221,0.204079,0.267071,0.255304,0.689383,0.313777,0.594851,0.439729,0.335774,0.566469,0.396151,0.539213,0.606159,0.778589,0.68531,0.283073,0.148223,0.129395,0.230353,0.197734,0.738626,0.40653,0.569001,0.501443,0.227702,0.366906,0.455835,0.427782,0.34334,0.907057,0.443944,0.712695,0.5813,0.63895,0.4316,0.436197,0.676346,0.529135,0.770501,0.460626,0.159385,0.006653,0.146693,0.324832,0.182297,0.259836,0.323629,0.497566,0.369892,0.454879,0.106462,0.35239,0.191833,0.259111,0.414729,0.238929,0.347141,0.465748,0.522536,0.542282,0.50182,0.476265,0.416284,0.405705,0.511763,0.335849,0.208065,0.264348,0.308031,0.314051,0.137159,0.393193,0.006488,0.154436,0.305042,0.53565,0.518456,0.350669,0.757669,0.444627,0.469328,0.392311,0.224626,0.517812,0.512101,0.47118
sedu_ama5_2023t1-D106_M-03,0.266721,0.590613,0.860246,0.547162,0.506797,0.722095,0.472618,0.420629,0.229031,0.322453,0.304884,0.370837,0.232216,0.086119,0.447571,0.168254,0.1832,0.143977,0.580882,0.376636,0.371262,0.407446,0.404749,0.687461,0.851247,0.283562,0.54052,0.542598,0.447777,0.392457,0.212521,0.220354,0.326025,0.412196,0.12224,0.3623,0.186607,0.330395,0.406135,0.161913,0.188558,0.451794,0.323315,0.61081,0.308533,0.376702,0.369061,0.530098,0.326779,0.394593,0.634862,0.529699,0.49659,0.6023,0.374198,0.347587,0.255722,0.261843,0.460879,0.306907,0.167583,0.353637,0.267485,0.184736,0.524644,0.285391,0.083411,0.322258,0.598864,0.370588,0.612676,0.409057,0.280367,0.40722,0.328225,0.473502,0.437471,0.493153,0.444413,0.614248,0.441984,0.361869,0.492101,0.35704,0.346201,0.672364,0.511082,0.485176,0.240739,0.465832,0.269569,0.149227,0.288371,0.488681,0.189653,0.523706,0.207379,0.343076,0.436177,0.450722,0.166969,0.364078,0.182701,0.456248,0.642611,0.422527,0.648631,0.411411,0.340749,0.699621,0.467554,0.579921,0.487527,0.614875,0.171562,0.19866,0.526466,0.105255,0.225266,0.452691,0.413469,0.406269,0.491006,0.37866,0.297934,0.190743,0.269819,0.084325,0.524529,0.301369,0.463577,0.509696,0.635205,0.384807,0.587274,0.479593,0.562255,0.790539,0.427579,0.399677,0.635477,0.26707,0.557652,0.189273,0.31445,0.322358,0.077843,0.083221,0.446512,0.48413,0.33304,0.37981,0.13713,0.054062,0.349761,0.592937,0.345253,0.375934,0.234579,0.404868,0.360368,0.455773,0.356048,0.605361,0.380675,0.505134,0.657277,0.559191,0.634416,0.46486,0.449033,0.528057,0.534084,0.24941,0.272484,0.504192,0.535145,0.370212,0.131849,0.279364,0.089205,0.351081,0.157264,0.371881,0.105879,0.333172,0.109001,0.311658,0.496697,0.504087,0.34493,0.41972,0.374907,0.439765,0.301942,0.237062,0.361634,0.562108,0.343315,0.662541,0.456749,0.357385,0.584898,0.663385,0.646856,0.388753,0.535734,0.574675,0.585339,0.416685,0.382473,0.000949,0.230039,0.39441,0.028786,0.402559,1.0,0.719648,0.628878,0.328737,0.347217,0.247082,0.080618,0.28923,0.354953,0.390115,0.596334,0.580066,0.428611,0.481369,0.363325,0.332412,0.744793,0.341177,0.253017,0.380234,0.302316,0.549086,0.252783,0.409934,0.318671,0.347877,0.827966,0.513909,0.18879,0.261342,0.183816,0.119738,0.251884,0.167066,0.306024,0.0,0.316518,0.229618,0.16382,0.326065,0.326938,0.301295,0.599271,0.488602,0.506533,0.50519,0.2152,0.415719,0.523987,0.577316,0.576431,0.656288,0.463677,0.416068,0.398877,0.346765,0.164715,0.219398,0.37541,0.482409,0.106221,0.217635,0.464738,0.641077,0.708386,0.304233,0.742187,0.305364,0.244947,0.376154,0.472423,0.096688,0.588995,0.66406
sedu_ama5_2023t1-D114_M-01,0.345017,0.500471,0.82488,0.871941,0.377717,0.678958,0.667485,0.645108,0.464752,0.439092,0.468884,0.427475,0.456264,0.18046,0.561669,0.253217,0.189454,0.322481,1.0,0.161189,0.438517,0.495505,0.533112,0.865049,0.795419,0.566357,0.758946,0.564875,0.524075,0.532371,0.166451,0.36624,0.506975,0.482168,0.309907,0.417437,0.2694,0.288382,0.455771,0.0,0.29992,0.855903,0.153049,0.567046,0.413364,0.750878,0.521954,0.720586,0.379521,0.530133,0.640904,0.508973,0.407939,0.575636,0.334904,0.452115,0.380457,0.301934,0.289802,0.35299,0.411974,0.609277,0.403079,0.379121,0.740266,0.491216,0.361028,0.571084,0.940025,0.146029,0.379693,0.48243,0.345172,0.615894,0.438999,0.447988,0.516384,0.501251,0.389935,0.262107,0.487173,0.678318,0.691067,0.363773,0.288698,0.692701,0.399494,0.441953,0.429082,0.326357,0.261972,0.175126,0.435791,0.564154,0.462512,0.2443,0.280544,0.974221,0.22514,0.397066,0.19109,0.650609,0.524288,0.520446,0.675026,0.566445,0.550094,0.447307,0.311954,0.462806,0.229696,0.368728,0.60836,0.404713,0.218568,0.261914,0.382381,0.277073,0.361872,0.334104,0.407656,0.388393,0.173764,0.118437,0.242788,0.226937,0.487106,0.412891,0.460942,0.11758,0.442316,0.260048,0.543588,0.574293,0.514054,0.55465,0.501937,0.525561,0.418462,0.281118,0.442528,0.226563,0.333093,0.153678,0.314584,0.247568,0.307882,0.279533,0.305721,0.25645,0.312801,0.306078,0.244553,0.312926,0.362575,0.310589,0.32328,0.393998,0.228718,0.47458,0.262734,0.400918,0.545824,0.568438,0.224408,0.277602,0.370396,0.502687,0.431285,0.521779,0.615579,0.584385,0.493034,0.425126,0.351034,0.32499,0.343639,0.162676,0.131359,0.33384,0.236256,0.274071,0.158572,0.297574,0.104009,0.297839,0.032534,0.244073,0.380293,0.408896,0.340478,0.338842,0.317101,0.13698,0.312935,0.24738,0.50367,0.417724,0.279093,0.610064,0.465493,0.189271,0.491147,0.304701,0.341726,0.121189,0.300916,0.358747,0.402921,0.227981,0.276931,0.090368,0.043981,0.330251,0.218115,0.271859,0.591319,0.573805,0.376841,0.360492,0.265931,0.330647,0.114246,0.139942,0.379904,0.529706,0.674806,0.585751,0.420746,0.329633,0.172364,0.151743,0.560747,0.365836,0.07379,0.272319,0.290645,0.42389,0.197465,0.2669,0.448054,0.405894,0.468456,0.201392,0.369988,0.059979,0.223179,0.267024,0.276052,0.30327,0.511679,0.222781,0.336517,0.181235,0.054236,0.459144,0.267125,0.234938,0.445314,0.33531,0.236291,0.321432,0.408286,0.277271,0.556211,0.347536,0.231157,0.216539,0.387756,0.208711,0.35878,0.283097,0.095077,0.14416,0.230036,0.511754,0.117634,0.1337,0.361989,0.35258,0.329951,0.496005,0.506683,0.070507,0.101596,0.376787,0.167454,0.161524,0.389589,0.332604
sedu_ama5_2023t1-D114_M-02,0.617004,0.580454,0.956995,0.592449,0.793276,0.600407,0.684055,0.605914,0.341176,0.581568,0.459411,0.307856,0.291098,0.115877,0.516739,0.202807,0.168661,0.233161,0.642523,0.24171,0.255859,0.427824,0.790279,0.692432,1.0,0.505021,0.685724,0.733155,0.60686,0.408554,0.453885,0.476534,0.647001,0.450457,0.078272,0.374563,0.213362,0.153521,0.124992,0.000839,0.210262,0.64992,0.309444,0.40842,0.334794,0.643061,0.677069,0.652483,0.685733,0.674058,0.755282,0.70725,0.722653,0.879108,0.601726,0.834245,0.301918,0.285181,0.35183,0.416843,0.281156,0.394376,0.097395,0.096842,0.264526,0.445499,0.0598,0.488855,0.618392,0.341133,0.344149,0.282481,0.279091,0.635868,0.635244,0.665242,0.683553,0.494394,0.577332,0.576169,0.353264,0.663979,0.685154,0.620719,0.471115,0.809267,0.597219,0.707022,0.351345,0.349168,0.335397,0.215699,0.103134,0.536074,0.18867,0.267712,0.268869,0.749941,0.429175,0.28127,0.119728,0.661878,0.572344,0.586522,0.831922,0.830014,0.822213,0.673699,0.609739,0.712124,0.46976,0.782797,0.4749,0.722371,0.089489,0.270876,0.41121,0.13826,0.329919,0.233889,0.389459,0.235954,0.379843,0.347832,0.233337,0.105917,0.69123,0.503971,0.567513,0.349825,0.555991,0.27565,0.715152,0.720349,0.732299,0.732905,0.707963,0.683976,0.591722,0.659386,0.70012,0.399903,0.379802,0.171288,0.28018,0.229293,0.105043,0.157766,0.377498,0.236661,0.289483,0.318893,0.032902,0.050696,0.421698,0.633589,0.140584,0.196789,0.0087,0.236879,0.498636,0.513671,0.668038,0.605732,0.44892,0.371964,0.36176,0.727068,0.668392,0.771727,0.657329,0.60064,0.616009,0.675219,0.513321,0.655673,0.696828,0.494482,0.227551,0.276786,0.146052,0.303506,0.285227,0.23215,0.0,0.159803,0.094378,0.130833,0.293546,0.313943,0.317022,0.403503,0.281643,0.311739,0.380415,0.06724,0.267903,0.437258,0.497334,0.696692,0.48174,0.231734,0.643468,0.627896,0.444763,0.290126,0.468143,0.534285,0.690413,0.41393,0.195699,0.022596,0.077776,0.263723,0.155026,0.240171,0.340068,0.380628,0.670315,0.252643,0.330374,0.321969,0.165659,0.087636,0.369961,0.650856,0.683803,0.537692,0.592361,0.458214,0.265684,0.311113,0.616124,0.452768,0.222526,0.319854,0.212448,0.58621,0.097216,0.380558,0.345858,0.263698,0.520917,0.387626,0.092843,0.068734,0.049246,0.353463,0.168156,0.0132,0.466069,0.180588,0.385415,0.016613,0.012112,0.438954,0.363925,0.394514,0.685671,0.606697,0.295944,0.394718,0.279691,0.348118,0.4818,0.61717,0.43851,0.47698,0.342568,0.30982,0.130664,0.317732,0.322047,0.327167,0.295975,0.512732,0.152396,0.073917,0.390487,0.565581,0.50195,0.409367,0.375769,0.126355,0.202733,0.388114,0.392469,0.067943,0.571417,0.498814
sedu_ama5_2023t1-D114_M-03,0.271518,0.620576,0.90597,0.673577,0.627693,0.751611,0.686169,0.725166,0.30968,0.470532,0.350746,0.247602,0.375505,0.009407,0.725934,0.148214,0.072809,0.023545,0.882509,0.156339,0.270594,0.68471,0.606549,0.891678,0.856996,0.613132,0.825063,0.81315,0.621695,0.582649,0.336075,0.216959,0.52935,0.310097,0.203439,0.41176,0.135466,0.407159,0.577716,0.171419,0.421275,0.870443,0.152768,0.60966,0.488531,0.594012,0.552503,0.647325,0.567038,0.667952,0.815035,0.647777,0.751911,0.756117,0.506834,0.794966,0.124539,0.354912,0.556116,0.341564,0.210337,0.793947,0.624453,0.410221,0.557387,0.430686,0.314397,0.783111,0.886639,0.254137,0.34809,0.476293,0.319423,0.599599,0.469912,0.669162,0.751005,0.701544,0.50406,0.670145,0.45335,0.761161,0.582892,0.384976,0.529429,0.79135,0.727556,0.724682,0.165528,0.551804,0.268862,0.481043,0.452758,0.54343,0.482647,0.146118,0.020873,1.0,0.345383,0.409841,0.28198,0.592128,0.557804,0.628715,0.949933,0.523029,0.821769,0.615918,0.445747,0.565712,0.631044,0.639944,0.796186,0.918349,0.020964,0.12977,0.578895,0.154259,0.435384,0.589392,0.590506,0.541969,0.418101,0.256969,0.257584,0.356287,0.437243,0.450003,0.542459,0.375212,0.593123,0.4304,0.942148,0.486834,0.707491,0.709785,0.578155,0.617007,0.766276,0.578536,0.823261,0.266062,0.522862,0.204948,0.385577,0.303761,0.277272,0.249629,0.547368,0.483881,0.399297,0.329828,0.293692,0.200295,0.570821,0.501134,0.0,0.242733,0.324448,0.311346,0.451345,0.754699,0.594726,0.634159,0.573912,0.471885,0.502636,0.804315,0.872347,0.557475,0.717987,0.747046,0.490891,0.414543,0.398356,0.510446,0.628772,0.595774,0.231877,0.41925,0.336485,0.352204,0.325605,0.519085,0.263501,0.476057,0.439301,0.467619,0.50865,0.644328,0.402803,0.521888,0.386267,0.278404,0.545519,0.300068,0.313868,0.447292,0.425496,0.725038,0.563534,0.405435,0.589668,0.552437,0.512843,0.648998,0.382862,0.432683,0.621282,0.559872,0.305418,0.153467,0.353526,0.370261,0.250273,0.363342,0.797913,0.721433,0.524457,0.339605,0.501017,0.464001,0.43869,0.318929,0.630564,0.406529,0.668814,0.635421,0.726889,0.564675,0.399253,0.435867,0.906647,0.454868,0.216305,0.552911,0.553396,0.802841,0.460409,0.38452,0.451379,0.39906,0.614595,0.441083,0.029878,0.116818,0.360836,0.396826,0.181628,0.38318,0.73345,0.47062,0.46179,0.330166,0.275399,0.696101,0.417612,0.530539,0.560026,0.688261,0.620251,0.359586,0.428977,0.513211,0.716567,0.48874,0.258529,0.470694,0.438656,0.479865,0.438502,0.461064,0.338586,0.411629,0.395735,0.617173,0.17005,0.303968,0.465393,0.454804,0.538278,0.434611,0.718653,0.31918,0.256871,0.523967,0.491508,0.109502,0.494449,0.395056
sedu_ama5_2024t3-D022_M-01,0.327705,0.452913,0.476326,0.455879,0.395266,0.622904,0.274264,0.282649,0.036008,0.247892,0.29695,0.442169,0.115576,0.0,0.231786,0.240133,0.206412,0.25416,0.864517,0.356272,0.43525,0.494475,0.467291,0.498922,0.450572,0.057796,0.589786,0.314261,0.266872,0.16709,0.222058,0.098519,0.198733,0.31439,0.358861,0.144922,0.049782,0.306684,0.263477,0.24635,0.29045,0.745064,0.408669,0.583422,0.372204,0.617358,0.252315,0.529101,0.475226,0.405316,0.373829,0.28898,0.572258,0.34019,0.255112,0.435039,0.281938,0.065121,0.330525,0.201332,0.013396,0.589565,0.341813,0.3338,0.191446,0.284179,0.349086,0.2845,0.72134,0.451596,0.383834,0.665892,0.343159,0.55108,0.378165,0.441834,0.494146,0.306023,0.358901,0.509718,0.144931,0.382898,0.652653,0.203654,0.417441,0.562048,0.588121,0.385746,0.284522,0.389376,0.111459,0.095052,0.482254,0.301114,0.401713,0.648813,0.291211,0.263006,0.4569,0.441729,0.332373,0.489276,0.313608,0.399797,0.479591,0.383432,0.691153,0.366413,0.325084,0.300546,0.702132,0.295841,0.418141,0.400627,0.231963,0.206755,0.363128,0.176013,0.188626,0.565536,0.425227,0.114427,0.45136,0.32491,0.650836,0.462103,0.283906,0.400769,0.427785,0.240582,0.551816,0.485339,0.414931,0.413108,0.385279,0.481576,0.440068,0.49558,0.691723,0.44014,0.372571,0.333009,0.43017,0.148688,0.190497,0.281206,0.154742,0.135708,0.335979,0.281043,0.304447,0.501474,0.251796,0.43373,0.54403,0.454676,0.273393,0.684554,0.795034,0.40576,0.337767,0.749746,0.388038,0.340461,0.153992,0.357552,0.519916,0.317232,0.440702,0.398317,0.363968,0.413007,0.246996,0.294002,0.132884,0.198669,0.397385,0.321495,0.190772,0.277043,0.145731,0.291752,0.122053,0.269592,0.139645,0.268292,0.224082,0.37401,0.680042,0.205823,0.241139,0.300552,0.553423,0.447551,0.576478,0.83762,0.553787,0.413074,0.483516,0.493336,0.667638,0.182239,0.16095,0.263775,0.476636,0.302541,0.203722,0.229065,0.351316,0.495379,0.064593,0.189228,0.244033,0.493422,0.09169,0.326936,0.191676,0.167607,0.45793,0.502058,0.481989,0.502628,0.571759,0.643727,0.359134,0.301932,0.462531,0.408169,0.727461,0.352263,0.482838,0.686377,0.308278,0.247957,0.224194,0.304997,0.203354,0.349311,0.321338,0.271483,0.257534,0.300199,0.38691,0.451003,0.45252,0.409296,0.831346,0.59273,0.644996,0.389644,1.0,0.276752,0.480001,0.740551,0.631193,0.487887,0.295015,0.426068,0.514122,0.408748,0.507743,0.333751,0.368928,0.314448,0.289004,0.334355,0.421383,0.448519,0.58015,0.624042,0.421696,0.645558,0.202736,0.159696,0.276379,0.457412,0.205677,0.460926,0.429301,0.392955,0.401705,0.326356,0.301716,0.236281,0.329925,0.495105,0.382312,0.246158,0.462947,0.5149
sedu_ama5_2024t3-D022_M-02,0.279638,0.510265,0.788817,0.736837,0.331299,0.582311,0.480179,0.575973,0.306453,0.227066,0.113686,0.128378,0.346502,0.010855,0.548989,0.0,0.091788,0.046996,1.0,0.050033,0.363082,0.520248,0.404565,0.748838,0.858312,0.323271,0.443548,0.457314,0.452558,0.437829,0.086142,0.041448,0.262015,0.105692,0.175982,0.38819,0.211072,0.302779,0.367209,0.047319,0.264352,0.847596,0.079486,0.608525,0.388223,0.457582,0.303397,0.340947,0.27571,0.375854,0.572672,0.40689,0.416028,0.492007,0.309532,0.396486,0.068183,0.21915,0.398551,0.38462,0.293181,0.680346,0.354534,0.293124,0.461279,0.493825,0.241386,0.497967,0.945385,0.27483,0.351772,0.431945,0.315978,0.296358,0.305028,0.458536,0.519394,0.557124,0.355759,0.325869,0.50646,0.639875,0.617843,0.263021,0.245074,0.619832,0.45477,0.320685,0.122228,0.251545,0.261476,0.254788,0.384268,0.429965,0.459932,0.380996,0.343367,0.953111,0.316254,0.454008,0.273345,0.333179,0.25725,0.497586,0.74221,0.434462,0.634568,0.408376,0.260215,0.5173,0.255883,0.313382,0.7141,0.373128,0.066116,0.158266,0.465312,0.222354,0.364182,0.309498,0.360845,0.219348,0.270628,0.173765,0.371506,0.290652,0.294085,0.306551,0.385176,0.263274,0.445785,0.148716,0.602238,0.387545,0.513918,0.46632,0.476259,0.518683,0.519687,0.287608,0.450427,0.26039,0.274067,0.165813,0.350645,0.319172,0.129465,0.13567,0.385871,0.289431,0.354988,0.330099,0.180838,0.095289,0.381841,0.344934,0.403728,0.445642,0.396069,0.402527,0.375706,0.446222,0.417414,0.354677,0.383948,0.263379,0.387583,0.465356,0.374752,0.461037,0.452664,0.425583,0.302001,0.119002,0.236637,0.363352,0.368797,0.302661,0.168308,0.292654,0.212585,0.316214,0.262836,0.340801,0.067648,0.330874,0.039468,0.292122,0.519007,0.443396,0.294521,0.333477,0.0442,0.193571,0.496648,0.269813,0.543394,0.277599,0.192737,0.451823,0.473177,0.039397,0.418196,0.272574,0.377629,0.04172,0.374925,0.336322,0.450345,0.281659,0.226274,0.008863,0.131278,0.19965,0.181326,0.205391,0.349771,0.317255,0.319615,0.611628,0.432517,0.384745,0.240487,0.323594,0.359645,0.151337,0.461577,0.345729,0.596481,0.425866,0.008689,0.170008,0.592954,0.335384,0.243298,0.348286,0.31793,0.500804,0.228035,0.319089,0.353742,0.370528,0.492992,0.238586,0.149464,0.285134,0.326383,0.417008,0.153426,0.089328,0.467347,0.26647,0.554732,0.177807,0.169576,0.557234,0.288762,0.308959,0.611556,0.422977,0.273407,0.253553,0.357173,0.444576,0.427937,0.406296,0.225358,0.238605,0.193534,0.290936,0.46483,0.413649,0.263237,0.248739,0.313788,0.417922,0.097934,0.262957,0.628465,0.428851,0.299094,0.482843,0.5632,0.0257,0.191709,0.451276,0.26255,0.040979,0.5373,0.386513
sedu_ama5_2024t3-D022_M-03,0.382592,0.548557,0.671986,0.926333,0.50082,0.728696,0.75233,0.905198,0.234547,0.630935,0.250798,0.268207,0.391552,0.405841,0.132121,0.156476,0.063536,0.262704,1.0,0.162752,0.453512,0.411817,0.636293,0.609752,0.698234,0.402019,0.848686,0.781804,0.812456,0.591604,0.220965,0.427739,0.703542,0.36949,0.328562,0.39685,0.416644,0.259118,0.145935,0.015609,0.305499,0.603787,0.246407,0.432649,0.308854,0.593414,0.598316,0.832514,0.546453,0.719305,0.801851,0.770958,0.673631,0.778862,0.468409,0.627507,0.36482,0.358951,0.409443,0.373056,0.510745,0.547844,0.043268,0.19038,0.205857,0.51814,0.266937,0.53271,0.594471,0.132129,0.576025,0.436277,0.268612,0.614856,0.716772,0.637018,0.614642,0.477062,0.63328,0.56944,0.48562,0.722199,0.760469,0.371096,0.361276,0.736733,0.615581,0.48349,0.373935,0.286046,0.486667,0.43805,0.112426,0.601877,0.391645,0.093759,0.054653,0.391115,0.260003,0.487567,0.188265,0.696523,0.652589,0.676088,0.726552,0.723066,0.926662,0.667495,0.527874,0.568388,0.452801,0.651798,0.342198,0.664573,0.230462,0.313594,0.408155,0.386403,0.429886,0.20664,0.508335,0.254116,0.190134,0.133194,0.340183,0.274965,0.627039,0.572376,0.663514,0.331942,0.544247,0.492751,0.688543,0.803507,0.717522,0.818876,0.786705,0.509828,0.80649,0.603152,0.692066,0.415083,0.346473,0.29456,0.393599,0.384539,0.308258,0.264777,0.343144,0.302749,0.385919,0.439594,0.12564,0.143933,0.42567,0.41023,0.167043,0.331581,0.635545,0.257033,0.391477,0.727673,0.591941,0.627973,0.417801,0.411452,0.573568,0.612208,0.809454,0.646312,0.592909,0.65177,0.49522,0.547348,0.510169,0.498741,0.501834,0.418816,0.343499,0.451921,0.38423,0.434506,0.270369,0.415552,0.183035,0.572433,0.143596,0.520855,0.478429,0.432498,0.553652,0.559655,0.547578,0.205118,0.268659,0.304677,0.311391,0.653382,0.330755,0.823858,0.621591,0.245517,0.567988,0.618056,0.68264,0.297365,0.501745,0.425231,0.454701,0.416427,0.422438,0.144312,0.23682,0.460031,0.38844,0.573411,0.334883,0.451291,0.437973,0.375652,0.237561,0.107031,0.122124,0.140875,0.544017,0.602818,0.665852,0.601078,0.762513,0.442434,0.0,0.227786,0.677695,0.386054,0.384841,0.370033,0.436107,0.535568,0.388931,0.34872,0.474744,0.27873,0.5962,0.218335,0.551575,0.130248,0.210191,0.386922,0.444733,0.203666,0.326375,0.345255,0.095189,0.136068,0.056535,0.548326,0.579281,0.535165,0.507697,0.604771,0.356902,0.496749,0.382492,0.495656,0.505398,0.531899,0.338006,0.349351,0.728784,0.159834,0.482525,0.293783,0.517646,0.431982,0.372745,0.676656,0.175314,0.222175,0.349791,0.600526,0.429632,0.658905,0.432639,0.302437,0.299351,0.650032,0.410373,0.332477,0.414187,0.4149
sedu_ama5_2024t3-D023_M-01,0.277146,0.449482,0.656487,0.715316,0.321444,0.618479,0.72359,0.585757,0.370758,0.329591,0.21395,0.243276,0.455135,0.248487,0.392607,0.03779,0.055094,0.213078,1.0,0.0,0.39559,0.351862,0.42219,0.694635,0.590086,0.591036,0.540016,0.514774,0.67621,0.641861,0.241446,0.267515,0.365797,0.235195,0.273387,0.355603,0.329824,0.392881,0.421898,0.114016,0.287974,0.928171,0.092839,0.339408,0.335912,0.464581,0.536482,0.516042,0.343095,0.480677,0.525154,0.579977,0.442533,0.504533,0.317121,0.442647,0.269369,0.319347,0.382347,0.372586,0.502934,0.592608,0.430024,0.420135,0.546988,0.405757,0.26714,0.487998,0.931774,0.126519,0.420339,0.23251,0.335327,0.445126,0.43364,0.418361,0.511171,0.656423,0.492549,0.401774,0.542921,0.759265,0.850489,0.299864,0.304286,0.55542,0.442413,0.352315,0.305612,0.284541,0.355462,0.420979,0.376735,0.599821,0.315991,0.284176,0.275532,0.726706,0.193142,0.298273,0.221842,0.547928,0.509532,0.616724,0.744103,0.488041,0.616003,0.456573,0.350979,0.493565,0.316339,0.303576,0.640259,0.539745,0.220249,0.22194,0.423764,0.390921,0.541884,0.324928,0.506213,0.376035,0.20593,0.182669,0.094405,0.209998,0.477177,0.511615,0.406086,0.315676,0.411207,0.313688,0.59884,0.480054,0.565155,0.457247,0.506048,0.543054,0.49059,0.300819,0.54327,0.326218,0.294905,0.259801,0.416917,0.326405,0.523964,0.525338,0.446988,0.27316,0.316898,0.291129,0.343749,0.262876,0.346197,0.310103,0.29804,0.232694,0.258573,0.384152,0.367488,0.444117,0.337826,0.551335,0.511899,0.427795,0.464192,0.535078,0.543556,0.437073,0.52672,0.560176,0.243129,0.302315,0.371974,0.367749,0.351341,0.414476,0.334882,0.349236,0.370846,0.381265,0.342372,0.506215,0.287713,0.58282,0.212343,0.506154,0.312088,0.566134,0.591585,0.494987,0.283276,0.240687,0.137116,0.12166,0.362253,0.358763,0.307153,0.6195,0.631743,0.397436,0.498569,0.281004,0.314018,0.367187,0.382834,0.403191,0.342691,0.339532,0.459356,0.406491,0.344638,0.359012,0.380209,0.397283,0.451747,0.533625,0.368816,0.322389,0.181958,0.134373,0.082117,0.155084,0.559901,0.410669,0.651237,0.52917,0.604902,0.252186,0.11434,0.234774,0.47157,0.468757,0.357281,0.447528,0.353192,0.385338,0.485078,0.282155,0.352085,0.526478,0.505533,0.176451,0.235074,0.181224,0.14954,0.258776,0.114494,0.335267,0.381055,0.334986,0.14922,0.221796,0.065767,0.544045,0.380891,0.472966,0.419198,0.36068,0.24054,0.241176,0.54868,0.333514,0.576456,0.478981,0.194788,0.257215,0.248923,0.306593,0.431607,0.261991,0.281606,0.279596,0.294291,0.463657,0.360315,0.200809,0.240471,0.287635,0.285031,0.564452,0.502097,0.230968,0.266233,0.448977,0.261548,0.255727,0.350064,0.248968
sedu_ama5_2024t3-D023_M-02,0.424867,0.674117,0.865234,0.822157,0.6886,0.674714,0.818379,0.729711,0.452891,0.603002,0.643596,0.508404,0.697181,0.583563,0.556571,0.388792,0.384318,0.42409,0.475865,0.397019,0.586192,0.499716,0.754409,0.777696,0.793332,0.798194,0.589855,0.695793,0.899875,0.831258,0.641524,0.701997,0.796553,0.52574,0.665107,0.4874,0.496361,0.698139,0.452927,0.397868,0.545775,0.484994,0.463904,0.529818,0.625248,0.635833,0.753348,0.711653,0.609215,0.574506,0.591939,0.885354,0.675426,0.914818,0.610599,0.505933,0.629616,0.580922,0.661689,0.604706,0.703318,0.432773,0.551055,0.479082,0.530123,0.782216,0.502736,0.740889,0.440301,0.355101,0.782681,0.406994,0.535049,1.0,0.697542,0.53597,0.603562,0.4912,0.642942,0.590183,0.643734,0.676082,0.706538,0.765047,0.669386,0.592186,0.531217,0.563157,0.758713,0.507723,0.693671,0.59594,0.381728,0.630448,0.45766,0.157964,0.451399,0.443818,0.500464,0.33831,0.290019,0.901176,0.592112,0.638455,0.886707,0.753716,0.69284,0.581869,0.62963,0.757118,0.515595,0.412471,0.582106,0.667486,0.353356,0.468251,0.613853,0.601102,0.766263,0.557861,0.817895,0.359524,0.43508,0.433062,0.221935,0.276624,0.700274,0.496284,0.542636,0.305547,0.796876,0.708607,0.643641,0.708268,0.654768,0.684918,0.689181,0.883247,0.515918,0.428259,0.775289,0.706662,0.702524,0.577958,0.588194,0.613386,0.84153,0.865731,0.538201,0.531394,0.809558,0.736615,0.768619,0.721096,0.44137,0.439302,0.499762,0.402166,0.348648,0.388721,0.684534,0.525111,0.571086,0.93921,0.425559,0.627626,0.759254,0.588277,0.725862,0.755458,0.728944,0.807333,0.275002,0.534627,0.670065,0.557422,0.509363,0.395006,0.734863,0.570381,0.483777,0.612986,0.569162,0.673946,0.528194,0.563024,0.527762,0.433632,0.426471,0.67268,0.69012,0.605267,0.568152,0.540411,0.13136,0.294533,0.438673,0.654039,0.567763,0.939547,0.669194,0.370942,0.588534,0.646354,0.54904,0.361492,0.58955,0.618793,0.417683,0.574863,0.675461,0.763049,0.357305,0.734641,0.407742,0.551976,0.615352,0.750049,0.637516,0.496661,0.243132,0.229349,0.092334,0.286027,0.729418,0.590421,0.795399,0.785036,0.556349,0.411694,0.626758,0.478445,0.519462,0.9104,0.566206,0.606352,0.40702,0.568417,0.427238,0.337085,0.556404,0.515104,0.854674,0.417107,0.567852,0.39527,0.321514,0.465761,0.354232,0.371426,0.363776,0.455482,0.317254,0.406443,0.195256,0.356074,0.569864,0.558258,0.439232,0.505998,0.397507,0.504111,0.47244,0.496362,0.689249,0.677225,0.457859,0.538883,0.389232,0.558647,0.429074,0.491604,0.34265,0.305762,0.3336,0.551425,0.0,0.267699,0.225124,0.528004,0.443749,0.885803,0.676398,0.432153,0.525079,0.516694,0.378957,0.697756,0.372046,0.51654
sedu_ama5_2024t3-D023_M-03,0.45789,0.503279,0.87223,0.822208,0.629457,0.586859,0.626479,0.60406,0.413104,0.497832,0.400722,0.287969,0.465919,0.294793,0.488982,0.20788,0.213945,0.295075,1.0,0.298345,0.356123,0.429805,0.656407,0.844002,0.859889,0.520824,0.56392,0.623836,0.682877,0.5848,0.417665,0.388738,0.577237,0.351686,0.135686,0.439019,0.344725,0.369372,0.388959,0.173129,0.29643,0.839089,0.392079,0.437578,0.356279,0.566023,0.618448,0.560774,0.493373,0.496592,0.567799,0.672013,0.671547,0.73903,0.468514,0.51189,0.335755,0.403255,0.437861,0.487608,0.382455,0.582735,0.32953,0.337181,0.462852,0.500667,0.268188,0.498753,0.936184,0.371924,0.502394,0.350319,0.265927,0.639225,0.453357,0.485074,0.439614,0.462382,0.488495,0.503395,0.542305,0.672006,0.716019,0.488222,0.38992,0.591991,0.501856,0.55158,0.462929,0.326153,0.368804,0.333446,0.312132,0.699744,0.34295,0.242735,0.171946,0.793309,0.43157,0.315658,0.131225,0.643589,0.484438,0.513421,0.7487,0.691047,0.754619,0.481002,0.420035,0.565712,0.392534,0.530289,0.639499,0.64668,0.216959,0.332986,0.472068,0.303352,0.457544,0.412996,0.504384,0.393702,0.43391,0.406616,0.182242,0.128613,0.508584,0.434056,0.479076,0.251642,0.58426,0.420408,0.653588,0.571796,0.601037,0.578296,0.632583,0.593094,0.615389,0.417981,0.660454,0.514278,0.440014,0.306692,0.425986,0.38048,0.369189,0.282096,0.410841,0.345021,0.354493,0.364542,0.258483,0.19232,0.443727,0.565895,0.215556,0.281144,0.309388,0.348898,0.402441,0.545734,0.519587,0.622562,0.400962,0.347579,0.588179,0.600084,0.642254,0.638146,0.553991,0.627631,0.392143,0.370945,0.387271,0.468,0.503904,0.376644,0.319717,0.408919,0.269975,0.372514,0.225072,0.465552,0.203562,0.42055,0.212136,0.39991,0.413715,0.626329,0.471916,0.55517,0.347075,0.35333,0.249361,0.220942,0.301725,0.348539,0.292027,0.694879,0.518582,0.240656,0.478083,0.56101,0.502078,0.241584,0.457525,0.478663,0.458514,0.473282,0.44972,0.205468,0.242094,0.417383,0.224391,0.50743,0.550538,0.619262,0.600423,0.37221,0.221622,0.339276,0.194604,0.181678,0.50254,0.513345,0.602831,0.58077,0.625988,0.338052,0.18403,0.391408,0.528448,0.438043,0.241058,0.408521,0.395663,0.547039,0.237255,0.342734,0.386223,0.31454,0.506299,0.428261,0.222611,0.15909,0.220987,0.2433,0.252616,0.209643,0.511238,0.292986,0.343279,0.303092,0.121847,0.444992,0.299982,0.342224,0.568812,0.452852,0.309679,0.322694,0.341312,0.482784,0.528444,0.469191,0.399218,0.497573,0.395998,0.275627,0.340296,0.434314,0.221344,0.209851,0.181657,0.432534,0.0,0.13263,0.321249,0.385195,0.377364,0.485487,0.468325,0.242738,0.234272,0.463323,0.329565,0.214893,0.455042,0.47225
sedu_ama5_2024t3-D024_M-01,0.335367,0.508839,0.944192,0.733262,0.634745,0.65366,0.709703,0.756783,0.448364,0.428077,0.370748,0.369519,0.548896,0.529555,0.477196,0.092549,0.220027,0.317,1.0,0.144825,0.518041,0.447459,0.609789,0.79924,0.963222,0.770856,0.549288,0.760542,0.818651,0.785642,0.452586,0.397046,0.579575,0.230054,0.336054,0.500672,0.505921,0.351311,0.343718,0.278289,0.258131,0.849984,0.254993,0.499984,0.512459,0.526281,0.601713,0.499878,0.543409,0.513185,0.659222,0.860895,0.628513,0.889983,0.486368,0.552892,0.370814,0.53286,0.518659,0.649292,0.535924,0.434222,0.269291,0.235279,0.440266,0.543228,0.178925,0.403853,0.980803,0.307901,0.691027,0.327878,0.398787,0.585749,0.454798,0.56258,0.533547,0.580051,0.528908,0.50382,0.600728,0.689312,0.775257,0.536484,0.274791,0.528391,0.4529,0.478887,0.52031,0.254021,0.516928,0.482507,0.178266,0.634962,0.234823,0.335885,0.494372,0.742788,0.299186,0.411679,0.235728,0.52915,0.366956,0.47695,0.826558,0.65759,0.761633,0.561164,0.444712,0.692127,0.316681,0.551523,0.777009,0.514153,0.299273,0.408568,0.528008,0.473389,0.543365,0.347427,0.496312,0.283375,0.419012,0.322625,0.243048,0.200749,0.525512,0.316294,0.465491,0.337515,0.62188,0.447213,0.527102,0.538713,0.6376,0.595835,0.652864,0.762049,0.610405,0.386424,0.672101,0.621324,0.408504,0.472005,0.693229,0.582466,0.521919,0.476602,0.496491,0.399357,0.367701,0.331099,0.112191,0.288013,0.367267,0.461358,0.537234,0.391632,0.333297,0.422444,0.516469,0.492326,0.501846,0.634338,0.447635,0.326784,0.558439,0.505229,0.554448,0.647949,0.411492,0.61137,0.322442,0.405121,0.506182,0.521345,0.595772,0.487302,0.530498,0.454805,0.466996,0.554346,0.413371,0.795361,0.374559,0.751512,0.390181,0.502303,0.275033,0.68836,0.802043,0.634562,0.108368,0.385694,0.191053,0.182019,0.430822,0.287067,0.163774,0.747871,0.461077,0.313444,0.69167,0.740663,0.585596,0.324614,0.580377,0.581175,0.519646,0.427434,0.791121,0.530802,0.223828,0.464822,0.434982,0.537637,0.532205,0.652184,0.524093,0.54721,0.276693,0.335245,0.110264,0.228627,0.528676,0.507221,0.614578,0.583001,0.570522,0.442329,0.167502,0.35478,0.656016,0.560732,0.473828,0.772131,0.565359,0.578427,0.296806,0.426489,0.373271,0.144971,0.632342,0.270815,0.234651,0.327757,0.21115,0.273041,0.222763,0.0,0.460109,0.317747,0.31854,0.217574,0.132771,0.413379,0.417094,0.509011,0.573779,0.523888,0.335747,0.330648,0.324824,0.665834,0.544751,0.630255,0.355209,0.488871,0.24952,0.239855,0.291327,0.505667,0.398126,0.397077,0.285627,0.538494,0.09385,0.269953,0.341926,0.557107,0.499703,0.651763,0.478253,0.49043,0.410885,0.428741,0.403717,0.285686,0.425946,0.407859
sedu_ama5_2024t3-D024_M-02,0.460743,0.590851,0.868773,1.0,0.481914,0.598631,0.556879,0.510187,0.790687,0.629197,0.551603,0.455276,0.848563,0.549676,0.497968,0.625159,0.429535,0.656732,0.399001,0.601164,0.516106,0.634186,0.443926,0.70293,0.877731,0.551039,0.641296,0.444888,0.537986,0.603053,0.405794,0.692402,0.726323,0.585207,0.444324,0.796062,0.601671,0.200965,0.241257,0.240883,0.338245,0.308862,0.445687,0.629646,0.558726,0.474287,0.514883,0.610621,0.4254,0.28778,0.358838,0.505199,0.422431,0.661886,0.498361,0.518391,0.645536,0.825543,0.668648,0.426069,0.657698,0.317607,0.153883,0.181727,0.527649,0.674485,0.422206,0.482353,0.184859,0.501233,0.460933,0.334619,0.361888,0.640125,0.416921,0.278233,0.216591,0.234746,0.255753,0.290547,0.540514,0.348755,0.377588,0.508877,0.395718,0.403139,0.491263,0.379612,0.561086,0.396041,0.42771,0.398754,0.144617,0.693359,0.462164,0.10856,0.304126,0.299188,0.5926,0.525527,0.086803,0.531631,0.35031,0.381263,0.542971,0.467105,0.467985,0.212217,0.100786,0.58725,0.440201,0.372738,0.360171,0.464611,0.356243,0.389051,0.666826,0.401813,0.446759,0.077733,0.67247,0.390573,0.579035,0.502075,0.449496,0.197863,0.352364,0.215931,0.27786,0.265612,0.385992,0.347641,0.478682,0.472314,0.407973,0.393076,0.325659,0.63515,0.19734,0.327412,0.505736,0.448238,0.357034,0.329682,0.391283,0.435521,0.495895,0.192467,0.443645,0.337821,0.557541,0.318156,0.090528,0.429441,0.368661,0.534834,0.38224,0.377303,0.311015,0.409892,0.16464,0.154908,0.4002,0.346494,0.390164,0.434672,0.424472,0.415421,0.429455,0.473304,0.238665,0.319435,0.579676,0.483938,0.572909,0.485394,0.432563,0.329782,0.189002,0.57591,0.35855,0.532974,0.093536,0.331964,0.161694,0.476877,0.114393,0.467176,0.440148,0.442163,0.333985,0.442427,0.285923,0.493765,0.131506,0.276733,0.412821,0.449569,0.208237,0.468027,0.18735,0.202831,0.410068,0.425641,0.380825,0.133455,0.641181,0.574138,0.462675,0.268427,0.363528,0.187486,0.140599,0.363419,0.31738,0.293018,0.444753,0.824089,0.569136,0.400821,0.223632,0.13749,0.163737,0.208196,0.328078,0.505574,0.489261,0.500345,0.087012,0.283343,0.153687,0.094429,0.369164,0.400921,0.134484,0.464757,0.402478,0.352193,0.408832,0.226948,0.748371,0.3162,0.367849,0.574975,0.478833,0.152854,0.191185,0.219019,0.419567,0.181658,0.216927,0.247885,0.393626,0.059244,0.020382,0.299594,0.261144,0.193759,0.410157,0.285317,0.100358,0.422091,0.159507,0.288659,0.33458,0.499505,0.465184,0.569634,0.506278,0.104829,0.31117,0.0,0.216825,0.24429,0.361735,0.345832,0.216398,0.199327,0.584971,0.422308,0.359382,0.151253,0.407469,0.186603,0.26444,0.202243,0.179091,0.176365,0.452277,0.447662
sedu_ama5_2024t3-D024_M-03,0.077784,0.413287,0.959808,0.615848,0.264057,0.734853,0.392999,0.416384,0.27124,0.265739,0.219374,0.253748,0.330149,0.256072,0.523778,0.089992,0.220442,0.271496,0.769945,0.149048,0.441093,0.42057,0.318634,1.0,0.829703,0.335866,0.64707,0.432184,0.462203,0.252857,0.0,0.054001,0.308999,0.292026,0.206442,0.486046,0.343089,0.585392,0.870028,0.192957,0.211651,0.583737,0.133131,0.582001,0.447261,0.469945,0.35913,0.641649,0.262313,0.37711,0.660104,0.616939,0.453053,0.5999,0.247139,0.41386,0.149377,0.386889,0.430183,0.617336,0.140798,0.801553,0.638685,0.568583,0.904601,0.367345,0.168786,0.253952,0.764899,0.140555,0.515912,0.386667,0.449804,0.320593,0.272972,0.425298,0.530461,0.423569,0.400351,0.534042,0.459758,0.614095,0.437126,0.199962,0.209246,0.657483,0.382115,0.468341,0.242417,0.357833,0.337277,0.224961,0.701161,0.836654,0.225759,0.559178,0.507721,0.491602,0.183864,0.570079,0.235627,0.300848,0.152708,0.421284,0.569098,0.358877,0.560242,0.321868,0.257046,0.733088,0.247004,0.53753,0.945615,0.506157,0.56358,0.532336,0.541155,0.364176,0.352471,0.567694,0.447295,0.714277,0.414665,0.250655,0.257499,0.20644,0.092174,0.080644,0.332356,0.169537,0.496394,0.117453,0.508881,0.214396,0.500992,0.361974,0.347081,0.545791,0.271805,0.338034,0.51991,0.603726,0.545502,0.467068,0.68051,0.511837,0.248493,0.087982,0.410634,0.501852,0.35547,0.356106,0.058225,0.516252,0.571095,0.426215,0.452426,0.29541,0.301091,0.339724,0.248924,0.274046,0.366675,0.344761,0.260309,0.069008,0.397493,0.483019,0.368253,0.346217,0.447702,0.308692,0.653748,0.130415,0.280492,0.411781,0.511308,0.571325,0.478065,0.507513,0.170818,0.264506,0.230437,0.715015,0.199617,0.456474,0.57812,0.576406,0.388266,0.930798,0.601586,0.695321,0.376401,0.219885,0.527157,0.338343,0.205023,0.4015,0.164072,0.535825,0.423389,0.30504,0.610118,0.786246,0.582789,0.341987,0.221302,0.316505,0.700005,0.123127,0.533609,0.172291,0.3281,0.21036,0.132375,0.695249,0.899406,0.82356,0.593424,0.364749,0.407698,0.374011,0.198735,0.312875,0.642074,0.325194,0.425209,0.419215,0.320779,0.4002,0.321687,0.348063,0.667688,0.287904,0.25366,0.412702,0.538694,0.46783,0.371204,0.757931,0.360569,0.616442,0.566956,0.330955,0.083068,0.271691,0.277365,0.423816,0.268657,0.112162,0.624994,0.247562,0.481689,0.441739,0.136708,0.454398,0.330267,0.212822,0.650846,0.423549,0.255797,0.308781,0.697527,0.349968,0.614888,0.645009,0.265195,0.377658,0.470733,0.279605,0.303666,0.31011,0.333095,0.40975,0.392816,0.400002,0.122948,0.263911,0.732103,0.463867,0.581371,0.33606,0.860456,0.431115,0.441457,0.364261,0.421897,0.235806,0.414838,0.368369
sedu_ama5_2024t3-D042_M-01,0.219261,0.344889,0.358145,0.319774,0.417887,0.328769,0.136933,0.32922,0.368982,0.204758,0.663214,0.630673,0.564268,0.462679,0.261417,0.363784,0.405949,0.306369,0.520788,0.3198,0.399434,0.639424,0.236398,0.46993,0.398139,0.244177,0.273808,0.326312,0.417146,0.534129,0.222248,0.264603,0.34431,0.690632,0.691758,0.632331,0.504777,0.535181,0.287476,0.497783,0.400634,0.472153,0.282603,0.582721,0.621577,0.26465,0.074213,0.225694,0.456365,0.210491,0.248274,0.35064,0.358094,0.295453,0.229135,0.195928,0.811517,0.49742,0.795716,0.55773,0.43849,0.232536,0.347298,0.424835,0.113441,0.635146,0.438582,0.272035,0.440212,0.445522,0.417831,0.505672,0.542624,0.338914,0.095687,0.271707,0.286834,0.138986,0.304477,0.435501,0.434165,0.098864,0.305994,0.288169,0.362718,0.320115,0.288477,0.116009,0.767784,0.721231,0.544552,0.539579,0.551597,0.504092,0.424956,0.567485,0.545626,0.319356,0.417669,0.438424,0.45376,0.16341,0.050789,0.20153,0.223287,0.233205,0.275742,0.199818,0.259973,0.480662,0.345626,0.223893,0.489365,0.431083,0.593651,0.613878,0.781816,0.686335,0.406693,0.478551,0.676114,0.203941,0.393333,0.283509,0.415257,0.470491,0.170076,0.184686,0.268774,0.10888,0.393679,0.516278,0.210744,0.226896,0.225394,0.175941,0.167772,0.273589,0.359383,0.173971,0.455534,0.624561,0.721807,0.65571,0.571896,0.693133,0.507901,0.622776,0.528618,0.34773,0.604037,0.769345,0.36838,1.0,0.623613,0.36772,0.352645,0.651115,0.571436,0.63963,0.323127,0.382002,0.272773,0.088845,0.145633,0.343044,0.51828,0.227179,0.392344,0.379832,0.207436,0.182841,0.268479,0.481643,0.143177,0.217262,0.363006,0.208544,0.427305,0.539026,0.603449,0.740362,0.650423,0.62263,0.56846,0.532407,0.580539,0.495022,0.451017,0.193563,0.443243,0.443761,0.435256,0.499113,0.257571,0.704135,0.558971,0.08201,0.336901,0.342594,0.311183,0.235434,0.074946,0.432611,0.584518,0.272416,0.197579,0.204362,0.460652,0.469934,0.533671,0.58685,0.45194,0.701554,0.561037,0.590906,0.065428,0.267195,0.349237,0.60043,0.237963,0.214181,0.676034,0.590282,0.432402,0.138091,0.095212,0.234277,0.248296,0.385091,0.616459,0.621393,0.277964,0.58226,0.585683,0.680036,0.553596,0.385053,0.449759,0.61814,0.652939,0.345429,0.402206,0.47097,0.237447,0.501178,0.599398,0.766812,0.29585,0.172834,0.479817,0.651843,0.770727,0.79088,0.621923,0.475016,0.337616,0.391912,0.478273,0.287758,0.520516,0.510727,0.581858,0.49447,0.486082,0.516864,0.468469,0.381699,0.352782,0.524051,0.322731,0.424504,0.375967,0.343723,0.279249,0.418364,0.0,0.359715,0.395347,0.401964,0.457289,0.378956,0.398361,0.701568,0.659424,0.371803,0.473925,0.663516,0.542309,0.546372
sedu_ama5_2024t3-D042_M-02,0.238247,0.49928,0.997812,0.918531,0.556247,0.390181,0.408314,0.629593,0.729417,0.393777,0.416474,0.189931,0.500731,0.59022,0.753618,0.289373,0.065502,0.20224,0.226151,0.456123,0.340914,0.842533,0.327138,0.710885,0.977347,0.599948,0.385663,0.633756,0.767125,0.837846,0.282355,0.466648,0.582554,0.407288,0.342338,0.676109,0.661263,0.584026,0.379828,0.137019,0.065382,0.09336,0.583748,0.45817,0.905231,0.331622,0.328915,0.447659,0.256443,0.493828,0.576232,0.746174,0.443864,0.541211,0.292008,0.375364,0.70671,0.76496,0.7492,0.718362,0.679216,0.210937,0.451108,0.408536,0.264346,1.0,0.186868,0.187178,0.332486,0.587145,0.539673,0.464554,0.672305,0.498898,0.3969,0.483286,0.290309,0.416891,0.60962,0.586879,0.755564,0.022304,0.150368,0.374709,0.119271,0.268252,0.305753,0.219353,0.693072,0.684071,0.59139,0.422243,0.287716,0.662776,0.16056,0.112869,0.104852,0.253998,0.579643,0.60408,0.355601,0.328298,0.171711,0.15187,0.355003,0.329056,0.559767,0.475111,0.401216,0.770633,0.236278,0.388632,0.615583,0.47853,0.211148,0.214548,0.88541,0.738081,0.488995,0.450434,0.533546,0.199388,0.860655,0.570409,0.359551,0.378278,0.435435,0.121408,0.453535,0.266775,0.718391,0.666055,0.334955,0.215905,0.335383,0.339419,0.498038,0.746672,0.467172,0.161343,0.6481,0.35523,0.668667,0.66105,0.521504,0.627188,0.621402,0.867626,0.473136,0.533044,0.408002,0.631922,0.572782,0.353515,0.317217,0.660786,0.58108,0.395406,0.495013,0.355312,0.617985,0.337689,0.397751,0.449914,0.445768,0.336627,0.686807,0.361131,0.445106,0.56313,0.381731,0.397651,0.4104,0.426024,0.250761,0.321821,0.38359,0.313767,0.276487,0.206265,0.558541,0.680828,0.278396,0.365612,0.516347,0.669915,0.354249,0.497938,0.513509,0.420485,0.422649,0.490065,0.151003,0.739858,0.0922,0.397913,0.539311,0.46399,0.266689,0.591912,0.465259,0.0,0.457801,0.275306,0.517172,0.344781,0.382734,0.273048,0.305752,0.706514,0.492419,0.750798,0.32893,0.500019,0.569712,0.438562,0.274888,0.507661,0.688477,0.842101,0.299009,0.265321,0.606001,0.452812,0.122378,0.035649,0.348194,0.498354,0.318419,0.350407,0.291991,0.41543,0.4993,0.329109,0.329965,0.557631,0.279603,0.357196,0.48673,0.233628,0.631552,0.170056,0.686902,0.593028,0.169808,0.491421,0.291568,0.630134,0.36063,0.295143,0.223483,0.625377,0.528985,0.400555,0.419569,0.446549,0.446564,0.545121,0.452773,0.599332,0.427691,0.652693,0.38728,0.46193,0.732454,0.664751,0.713359,0.668703,0.305721,0.427823,0.179063,0.682619,0.385233,0.382263,0.332197,0.536208,0.145268,0.485943,0.658477,0.337726,0.345453,0.820849,0.492152,0.66244,0.502433,0.332427,0.202248,0.491458,0.650747,0.722525
sedu_ama5_2024t3-D042_M-03,0.314344,0.708009,0.814183,0.356195,0.690067,0.475796,0.67884,0.502177,0.529596,0.511505,0.318205,0.149175,0.603035,0.769761,0.707843,0.085121,0.38715,0.318035,0.246477,0.261739,0.400446,0.527724,0.616042,0.63523,0.883404,0.763558,0.339567,0.694824,0.80551,0.648026,0.601266,0.679149,0.607192,0.309303,0.422802,0.717595,0.80643,0.699021,0.497292,0.416107,0.043726,0.342701,0.399855,0.442417,0.66771,0.474503,0.683426,0.44635,0.421042,0.534018,0.564624,0.960398,0.560709,0.777454,0.574838,0.363404,0.381423,0.748537,0.915824,0.95161,0.525708,0.12073,0.456267,0.558831,0.513832,0.70347,0.0,0.105433,0.407535,0.413593,0.630739,0.365459,0.60856,0.691807,0.577765,0.509581,0.520264,0.519202,0.660854,0.599702,0.680909,0.352324,0.42814,0.716246,0.478546,0.430114,0.291041,0.449338,0.592511,0.674425,0.686498,0.457374,0.557853,0.826474,0.093641,0.50648,0.456747,0.339905,0.440518,0.480704,0.33085,0.595603,0.395882,0.352778,0.581121,0.553203,0.528749,0.548444,0.585606,0.756828,0.315878,0.396882,0.925186,0.523236,0.424099,0.451031,0.863626,0.814561,0.596547,0.739728,0.794016,0.371696,0.565927,0.373202,0.128271,0.223353,0.58384,0.383668,0.532363,0.239389,0.834955,0.614617,0.486593,0.35382,0.510558,0.395895,0.701491,0.809435,0.369035,0.32216,0.679744,0.70353,0.821983,1.0,0.789753,0.764409,0.743621,0.681308,0.460401,0.729426,0.704703,0.525126,0.350572,0.484009,0.569238,0.387108,0.61019,0.315875,0.089466,0.259899,0.663573,0.356207,0.450079,0.690709,0.561667,0.520129,0.594169,0.532872,0.469015,0.668236,0.514923,0.515027,0.310221,0.511461,0.548828,0.632789,0.464692,0.337223,0.792895,0.502646,0.458119,0.664798,0.556944,0.619895,0.49202,0.641495,0.774008,0.520773,0.344193,0.690546,0.655737,0.741244,0.559535,0.506743,0.068539,0.170716,0.20768,0.446513,0.370361,0.701258,0.47699,0.25027,0.555751,0.666526,0.635426,0.327757,0.522542,0.550413,0.501247,0.657999,0.59601,0.858214,0.569838,0.606585,0.475022,0.609846,0.480806,0.793618,0.627859,0.623338,0.307692,0.089977,0.322777,0.4334,0.567439,0.362293,0.495911,0.618739,0.249256,0.248858,0.60935,0.60484,0.495906,0.664723,0.563694,0.648507,0.363497,0.402097,0.529096,0.616514,0.509614,0.533856,0.679841,0.365789,0.136406,0.518071,0.156621,0.464053,0.2246,0.131146,0.232833,0.53235,0.421954,0.50031,0.274311,0.259632,0.381013,0.607298,0.564822,0.597242,0.453094,0.431044,0.481058,0.481394,0.608572,0.724995,0.513851,0.463601,0.218251,0.414019,0.223855,0.46719,0.359947,0.404096,0.381299,0.442297,0.003466,0.250341,0.433703,0.530598,0.490972,0.40227,0.704156,0.702536,0.776207,0.453865,0.475248,0.596827,0.434315,0.671722
sedu_ama5_2024t3-D113_M-01,0.078645,0.23467,0.305264,0.282563,0.118896,0.415944,0.242866,0.285588,0.404899,0.13234,0.490941,0.453674,0.563826,0.564205,0.343451,0.176613,0.146446,0.25939,0.162142,0.281307,0.369647,0.336653,0.130886,0.363086,0.245795,0.170785,0.31368,0.2467,0.433576,0.539091,0.14303,0.236858,0.19438,0.419972,0.518461,0.584501,0.542019,0.469118,0.313689,0.233439,0.10742,0.09243,0.184403,0.414563,0.357948,0.085152,0.07673,0.326684,0.226509,0.273083,0.278296,0.370798,0.242596,0.278549,0.041406,0.195325,0.701834,0.617381,0.784111,0.389224,0.495421,0.271167,0.30666,0.362254,0.208176,0.523864,0.163445,0.011163,0.127712,0.164728,0.395168,0.362336,0.403008,0.176658,0.170087,0.30395,0.336631,0.405016,0.438058,0.391234,0.305068,0.101672,0.151286,0.0,0.138429,0.29118,0.169256,0.114688,0.685515,0.60066,0.492417,0.493326,0.439709,0.628515,0.166783,0.271626,0.306062,0.141896,0.197467,0.429415,0.346759,0.135132,0.107764,0.322143,0.050117,0.086189,0.166342,0.237453,0.281748,0.394434,0.157189,0.36033,0.441194,0.346665,0.637542,0.493093,0.667594,0.644703,0.471673,0.570588,0.653104,0.439172,0.269532,0.122314,0.397264,0.408285,0.107643,0.155511,0.327081,0.235,0.17991,0.61912,0.226529,0.190275,0.244431,0.196517,0.200516,0.218913,0.272986,0.139036,0.347307,0.506545,0.601596,0.440031,0.408419,0.449985,0.749823,0.495635,0.572929,0.482095,0.626635,0.526321,0.331165,1.0,0.630747,0.185317,0.224688,0.563203,0.437946,0.5804,0.32633,0.333342,0.128376,0.304967,0.365772,0.37526,0.53125,0.233355,0.248873,0.187918,0.202351,0.259446,0.401774,0.229533,0.125074,0.025071,0.267336,0.27051,0.447805,0.524606,0.642087,0.849266,0.324826,0.516855,0.636427,0.574502,0.596992,0.655564,0.434252,0.433328,0.525386,0.517773,0.407706,0.413279,0.166169,0.570793,0.348094,0.190883,0.435817,0.39717,0.381401,0.122826,0.240405,0.337612,0.620433,0.304502,0.17325,0.109027,0.307424,0.500126,0.356884,0.59215,0.636051,0.712498,0.569556,0.665782,0.362876,0.554928,0.256643,0.479259,0.128594,0.180491,0.280084,0.441698,0.456493,0.18136,0.145018,0.321184,0.230133,0.258357,0.371532,0.421607,0.299213,0.369262,0.518922,0.429787,0.361791,0.185549,0.614507,0.468005,0.712587,0.347199,0.44715,0.227755,0.219758,0.368544,0.489513,0.415845,0.225836,0.187602,0.266104,0.667776,0.28278,0.662647,0.458096,0.481582,0.391658,0.481021,0.354452,0.329833,0.268906,0.431934,0.570367,0.38786,0.569351,0.49426,0.362551,0.341615,0.202684,0.522014,0.310956,0.414348,0.335628,0.372643,0.307887,0.4041,0.330357,0.344178,0.302926,0.39565,0.364612,0.347278,0.372395,0.685696,0.580341,0.296876,0.387831,0.527549,0.303211,0.327879
sedu_ama5_2024t3-D113_M-02,0.285673,0.535605,0.819607,0.239677,0.623097,0.631917,0.580189,0.67417,0.362549,0.49373,0.432549,0.47776,0.612032,0.655619,0.498995,0.060812,0.10229,0.069204,0.211233,0.147183,0.392673,0.29214,0.448803,0.401487,0.769368,0.422853,0.550093,0.613743,0.876489,0.719422,0.38144,0.388701,0.440452,0.395906,0.228443,0.604445,0.673048,0.609763,0.237543,0.187961,0.167343,0.22415,0.088136,0.641742,0.195413,0.319054,0.387739,0.605375,0.600464,0.539073,0.623297,0.863238,0.623274,0.780646,0.472754,0.640029,0.517491,0.614021,0.582564,0.731167,0.587629,0.467371,0.377353,0.439513,0.274129,0.6948,0.0,0.319507,0.300052,0.126021,0.804812,0.481614,0.307215,0.308973,0.428366,0.524208,0.787058,0.449378,0.694527,0.820321,0.407067,0.611588,0.438824,0.413962,0.616004,0.733186,0.840024,0.575538,0.639122,0.553776,0.683074,0.719576,0.382432,0.974186,0.049484,0.286782,0.081046,0.141648,0.234233,0.490198,0.170685,0.32116,0.246377,0.692724,0.711946,0.542411,0.385224,0.568988,0.573101,0.673551,0.691066,0.68237,0.674372,0.847981,0.458393,0.537897,0.552888,0.552448,0.866633,0.556617,1.0,0.586464,0.205391,0.16906,0.267014,0.188558,0.441531,0.278274,0.417819,0.462086,0.600089,0.576826,0.673506,0.569005,0.591606,0.746368,0.555147,0.611533,0.443102,0.696388,0.821088,0.831182,0.698604,0.569567,0.651207,0.626841,0.801275,0.506123,0.676696,0.558897,0.866381,0.535003,0.396863,0.428947,0.947758,0.339213,0.281297,0.346215,0.163388,0.359047,0.552898,0.387167,0.461014,0.68529,0.53015,0.606184,0.643274,0.652634,0.924398,0.592073,0.71938,0.655202,0.545898,0.369521,0.533597,0.670433,0.802197,0.714496,0.711792,0.718226,0.526957,0.655467,0.62626,0.775951,0.540653,0.680545,0.680661,0.733414,0.427473,0.722756,0.831556,0.889143,0.656834,0.222807,0.270362,0.244677,0.278481,0.476817,0.553958,0.841104,0.419795,0.335782,0.614433,0.903434,0.855582,0.736701,0.572032,0.44491,0.869996,0.54536,0.74308,0.466307,0.455731,0.726384,0.468324,0.819635,0.626049,0.853574,0.609336,0.473507,0.191897,0.273288,0.032846,0.278266,0.866167,0.539668,0.585426,0.578985,0.285462,0.658761,0.57052,0.668985,0.825137,0.802817,0.604118,0.785116,0.730645,0.805739,0.606737,0.610632,0.656701,0.390214,0.667714,0.354723,0.316147,0.301142,0.286789,0.351686,0.337558,0.256357,0.213761,0.449303,0.104716,0.336252,0.245119,0.24943,0.499192,0.677863,0.55231,0.615016,0.507407,0.54671,0.483389,0.701145,0.537391,0.679683,0.344993,0.381502,0.366177,0.432981,0.288993,0.516531,0.710993,0.854856,0.569165,0.593077,0.142643,0.36313,0.402382,0.902237,0.974787,0.473643,0.616746,0.62373,0.830819,0.60894,0.714917,0.53106,0.48596,0.45105
sedu_ama5_2024t3-D113_M-03,0.121027,0.353512,0.459878,0.212867,0.31117,0.487008,0.474675,0.500611,0.283513,0.348342,0.409983,0.378897,0.647159,0.765744,0.332882,0.0007,0.107066,0.177089,0.307934,0.0,0.265613,0.273812,0.326766,0.317877,0.399512,0.370487,0.461078,0.49757,0.656175,0.555779,0.311554,0.318479,0.341771,0.299556,0.286487,0.643466,0.736022,0.650882,0.339823,0.164786,0.251255,0.271513,0.023627,0.300939,0.29197,0.234886,0.399928,0.436088,0.46278,0.516754,0.546575,0.685222,0.5018,0.641773,0.356617,0.439997,0.507524,0.670088,0.734271,0.697981,0.584932,0.422046,0.41786,0.523864,0.305313,0.563727,0.124022,0.26271,0.28565,0.028603,0.45425,0.22234,0.282575,0.296804,0.420497,0.491875,0.595146,0.391984,0.609529,0.593751,0.264851,0.590571,0.464626,0.290984,0.438759,0.525705,0.439109,0.384604,0.598399,0.525678,0.709749,0.741549,0.421831,1.0,0.132159,0.208317,0.121348,0.169337,0.074451,0.311065,0.167994,0.353387,0.356476,0.65949,0.626708,0.395599,0.460555,0.518222,0.486646,0.477374,0.41715,0.465059,0.519389,0.622771,0.479957,0.578361,0.61982,0.659879,0.800504,0.535071,0.880902,0.62396,0.148208,0.064318,0.206927,0.233623,0.414887,0.351447,0.406073,0.358207,0.454869,0.518144,0.60563,0.408862,0.577206,0.56144,0.387142,0.449987,0.428469,0.460344,0.602122,0.741577,0.662508,0.577208,0.814687,0.691411,0.817201,0.612661,0.576859,0.597168,0.83267,0.554265,0.309353,0.453951,0.829023,0.283004,0.19805,0.26928,0.205133,0.305412,0.456236,0.404146,0.319925,0.469886,0.423286,0.437503,0.501215,0.526984,0.652168,0.435183,0.480397,0.487372,0.430528,0.310051,0.492704,0.394709,0.557058,0.576135,0.738645,0.768862,0.611784,0.805244,0.642522,0.914613,0.71398,0.860639,0.656891,0.904279,0.393502,0.809225,0.978507,0.908356,0.706812,0.180861,0.179062,0.206336,0.184775,0.341359,0.460184,0.625342,0.433868,0.394877,0.439979,0.723697,0.637596,0.499897,0.390298,0.304669,0.6391,0.486464,0.805583,0.666207,0.652381,0.717043,0.546548,0.924002,0.535979,0.857755,0.431771,0.301824,0.113221,0.15785,0.054307,0.254833,0.864038,0.422186,0.466168,0.463488,0.356201,0.363213,0.317113,0.484252,0.521885,0.764986,0.728348,0.753948,0.832112,0.660551,0.681514,0.717755,0.624986,0.354588,0.609082,0.113951,0.127142,0.289581,0.204926,0.275225,0.137762,0.155165,0.227819,0.553645,0.049088,0.392881,0.205051,0.343722,0.485669,0.543888,0.386332,0.531683,0.462834,0.538543,0.574857,0.682336,0.677044,0.516906,0.280865,0.259877,0.26841,0.366231,0.234682,0.439745,0.554659,0.637915,0.433608,0.42931,0.224485,0.281228,0.234582,0.59867,0.57539,0.527057,0.702866,0.655675,0.743648,0.519185,0.539343,0.601126,0.296156,0.271607
sedu_ama5_2025t3-D013_M-01,0.076814,0.665335,0.90437,0.437642,0.281585,0.955792,0.528346,0.700749,0.303569,0.350702,0.194163,0.352518,0.288415,0.225208,0.517152,0.193145,0.23848,0.284433,0.696272,0.030948,0.59564,0.61549,0.360164,0.525999,0.901904,0.29231,0.962336,0.633501,0.686082,0.430015,0.063075,0.18363,0.430005,0.225267,0.321823,0.361414,0.292291,0.375977,0.724746,0.174328,0.28765,0.633143,0.06163,0.709442,0.418468,0.680146,0.371427,0.926946,0.565679,0.597266,0.880424,0.767095,0.609527,0.766864,0.500517,0.70966,0.194612,0.309208,0.461614,0.465482,0.136018,0.732007,0.531176,0.503685,0.78437,0.423152,0.216833,0.401031,0.63494,0.275453,0.635608,0.653617,0.424579,0.301361,0.576545,0.598604,0.96077,0.421654,0.637275,0.614163,0.37863,0.721149,0.669744,0.344075,0.487894,0.956414,0.738204,0.40386,0.199042,0.421633,0.247121,0.280681,0.647228,0.709267,0.422276,0.513942,0.404387,0.325519,0.264565,0.758205,0.357516,0.344506,0.321257,0.739051,1.0,0.545155,0.888446,0.546238,0.534474,0.750212,0.698553,0.525042,0.78829,0.691627,0.268805,0.410395,0.513145,0.211114,0.35802,0.569456,0.745905,0.587336,0.332497,0.083296,0.795484,0.550025,0.258276,0.301895,0.458041,0.259773,0.665164,0.339433,0.773751,0.544626,0.736394,0.846502,0.514874,0.565408,0.579975,0.524374,0.861628,0.459394,0.505194,0.20153,0.526202,0.397101,0.174361,0.0,0.282096,0.480747,0.48308,0.433317,0.075278,0.215917,0.718518,0.399073,0.477275,0.639253,0.37957,0.335758,0.394251,0.541499,0.515628,0.391816,0.161332,0.273056,0.541631,0.627746,0.915474,0.475569,0.662174,0.414246,0.502152,0.054045,0.388324,0.482384,0.735081,0.483357,0.376795,0.649751,0.185538,0.383153,0.275125,0.508672,0.016347,0.539385,0.383638,0.52623,0.59733,0.636834,0.474593,0.59356,0.680177,0.15748,0.651517,0.413319,0.538436,0.708598,0.72176,0.823961,0.566207,0.632688,0.421818,0.686471,0.691435,0.303549,0.407728,0.355448,0.871971,0.339036,0.330341,0.104077,0.229688,0.549362,0.16779,0.540967,0.812053,0.719333,0.531561,0.64918,0.448228,0.34173,0.33326,0.55789,0.509396,0.204417,0.633703,0.485252,0.480395,0.545685,0.411893,0.554966,0.717204,0.552729,0.30357,0.485524,0.565365,0.713291,0.406795,0.622168,0.335064,0.404807,0.621035,0.304478,0.443195,0.323208,0.347416,0.305474,0.60154,0.311038,0.495983,0.213737,0.490746,0.502352,0.324758,0.402029,0.406473,0.287241,0.646836,0.316641,0.35489,0.490792,0.473579,0.603776,0.429552,0.668196,0.163224,0.252369,0.643164,0.396859,0.384561,0.378376,0.378692,0.468658,0.278355,0.458714,0.059658,0.478665,0.774303,0.673526,0.645187,0.252016,0.893433,0.227849,0.367046,0.442576,0.314218,0.258361,0.63847,0.278014
sedu_ama5_2025t3-D013_M-02,0.892077,0.836888,0.880546,0.683952,0.940998,0.645942,0.883361,0.596314,0.269975,0.702039,0.266247,0.166263,0.332303,0.255458,0.236531,0.054935,0.275068,0.343358,0.301178,0.203966,0.424066,0.454432,0.959628,0.773083,0.802553,0.791922,0.538712,0.723539,0.80765,0.513043,0.840845,0.42359,0.852763,0.259032,0.124325,0.463344,0.407284,0.305981,0.159023,0.042195,0.331608,0.326269,0.349051,0.408436,0.576231,0.784452,0.917528,0.615289,0.753173,0.719131,0.586488,0.797149,0.953498,0.939013,0.800042,0.566729,0.159151,0.394026,0.369991,0.359532,0.542796,0.312679,0.162629,0.274497,0.272151,0.38762,0.339375,0.448868,0.262783,0.519329,0.564028,0.28647,0.520411,0.963486,0.880231,0.766803,0.42592,0.48743,0.580631,0.476824,0.663844,0.575331,0.58214,0.908571,0.810909,0.594286,0.598946,0.892904,0.268654,0.255276,0.40215,0.291753,0.155779,0.535446,0.209627,0.0,0.246122,0.135054,0.591995,0.301718,0.276115,0.940948,0.671867,0.556899,0.909061,0.856542,0.634959,0.671913,0.611619,0.698539,0.549304,0.346479,0.360697,0.508014,0.178072,0.082263,0.491385,0.413292,0.381067,0.19609,0.399051,0.152567,0.520486,0.523776,0.166229,0.181344,0.845585,0.75038,0.711718,0.570276,0.851397,0.34969,0.56948,0.741557,0.749108,0.623724,0.780369,1.0,0.57325,0.595896,0.525715,0.571087,0.393175,0.344567,0.343963,0.32727,0.294649,0.386744,0.445971,0.218323,0.22634,0.175634,0.154301,0.077428,0.264818,0.600212,0.430873,0.086832,0.144683,0.18283,0.70627,0.437934,0.762893,0.930595,0.594579,0.507668,0.512191,0.471813,0.432576,0.933067,0.617377,0.794101,0.155035,0.385734,0.635214,0.629794,0.314618,0.291536,0.318181,0.200071,0.191335,0.322279,0.162265,0.311014,0.024556,0.390628,0.169669,0.321329,0.36884,0.337318,0.378562,0.413006,0.225373,0.480966,0.136792,0.169241,0.322594,0.724773,0.338953,0.703633,0.55796,0.366151,0.498542,0.294323,0.376029,0.167268,0.794465,0.865383,0.241681,0.503365,0.336561,0.217019,0.219628,0.314757,0.1613,0.282103,0.135313,0.365077,0.689796,0.403584,0.284571,0.102852,0.031558,0.249123,0.348836,0.748014,0.831443,0.80119,0.373542,0.080352,0.247684,0.268942,0.297456,0.316667,0.170039,0.439949,0.129825,0.240858,0.37979,0.166805,0.345978,0.273182,0.418356,0.393564,0.275336,0.24751,0.141589,0.188413,0.244664,0.035629,0.168988,0.10218,0.055359,0.100855,0.091459,0.298954,0.322803,0.40057,0.246703,0.392471,0.246278,0.235912,0.200516,0.355352,0.235467,0.581981,0.54107,0.543865,0.321312,0.193295,0.450914,0.152913,0.128185,0.014636,0.19029,0.297319,0.029564,0.335303,0.373594,0.472951,0.347049,0.437137,0.227518,0.183998,0.225612,0.38031,0.227541,0.003681,0.521742,0.412683
sedu_ama5_2025t3-D013_M-03,0.171074,0.425618,0.373414,0.258689,0.305361,0.385811,0.465541,0.463232,0.55013,0.339559,0.565709,0.49635,0.810887,0.962271,0.290931,0.136921,0.288185,0.287561,0.216098,0.071647,0.471956,0.221689,0.332264,0.294961,0.341849,0.455155,0.356184,0.438282,0.562285,0.584381,0.357232,0.40231,0.432306,0.407133,0.416899,0.776794,0.888843,0.605272,0.213927,0.299229,0.31085,0.207895,0.069884,0.433287,0.316031,0.198363,0.382705,0.325791,0.453312,0.298879,0.400592,0.55244,0.395936,0.56601,0.317609,0.300729,0.608805,0.828893,0.888859,0.865498,0.806063,0.253371,0.286549,0.363769,0.210203,0.723323,0.228195,0.262386,0.205065,0.07306,0.620695,0.28778,0.36624,0.355984,0.268078,0.328124,0.432185,0.304307,0.459111,0.535402,0.35142,0.393696,0.238707,0.291645,0.43088,0.374541,0.343973,0.200379,0.755286,0.727898,0.868329,0.847326,0.316435,0.894137,0.186225,0.131195,0.322878,0.164134,0.109303,0.383303,0.278275,0.34847,0.348666,0.52884,0.508367,0.424304,0.338432,0.31627,0.313529,0.449937,0.38229,0.263114,0.434006,0.531641,0.541342,0.665271,0.796151,0.813133,0.824879,0.413374,0.797926,0.556608,0.117671,0.090477,0.242335,0.261693,0.3616,0.304556,0.279514,0.32753,0.386639,0.465123,0.489244,0.351191,0.384295,0.396273,0.253643,0.310959,0.30587,0.288235,0.521339,0.863342,0.840455,0.750958,0.973253,0.832268,0.917529,0.737101,0.618749,0.491652,0.899512,0.560716,0.351189,0.681406,0.658206,0.144294,0.325072,0.28589,0.292296,0.47862,0.351023,0.310277,0.356206,0.378191,0.377525,0.446417,0.577352,0.441731,0.482038,0.498825,0.347584,0.376324,0.288975,0.30356,0.468738,0.293562,0.397233,0.403304,0.764548,0.883046,0.737304,0.824231,0.679966,1.0,0.84558,0.909031,0.752462,0.879872,0.236659,0.653221,0.940125,0.899206,0.521451,0.166652,0.147043,0.240281,0.299682,0.20889,0.379234,0.477793,0.328947,0.313392,0.255015,0.646254,0.556478,0.372317,0.474976,0.363675,0.499499,0.43074,0.863087,0.795744,0.696327,0.741409,0.632321,0.797913,0.377041,0.792641,0.31854,0.411703,0.164044,0.216869,0.0,0.321823,0.752988,0.290553,0.269944,0.309914,0.217388,0.265311,0.297031,0.42114,0.39599,0.820795,0.770947,0.863137,0.799994,0.470341,0.706234,0.644984,0.73077,0.333933,0.489783,0.109535,0.290324,0.486414,0.271959,0.22105,0.199413,0.123109,0.139455,0.580463,0.050647,0.315972,0.221747,0.235881,0.394606,0.418971,0.279971,0.285351,0.288479,0.448529,0.416092,0.646472,0.653382,0.542339,0.223715,0.192341,0.168388,0.306547,0.296896,0.378335,0.463452,0.529444,0.333475,0.372024,0.136911,0.343294,0.29515,0.503613,0.509987,0.431752,0.686694,0.664441,0.763022,0.386819,0.420488,0.654938,0.252933,0.220971
sedu_ama5_2025t3-D013_M-04,0.592901,0.494589,0.654496,0.549857,0.763129,0.649447,0.81113,0.639159,0.291999,0.588825,0.30459,0.246161,0.41918,0.480145,0.201638,0.12485,0.146797,0.304089,0.513229,0.188423,0.296483,0.398221,0.802089,0.464224,0.611421,0.634184,0.703997,0.795352,0.785364,0.495551,0.643259,0.464159,0.631453,0.217028,0.096632,0.485102,0.491123,0.324846,0.169255,0.0,0.156916,0.182649,0.271205,0.207328,0.38658,0.722926,0.875982,0.811953,0.707016,0.84084,0.765883,0.888118,0.803827,0.982258,0.673079,0.653772,0.353683,0.52896,0.424668,0.427548,0.399748,0.423993,0.159853,0.283223,0.201067,0.376201,0.137227,0.391885,0.250526,0.201403,0.416789,0.287893,0.291216,0.773979,1.0,0.80943,0.63677,0.429667,0.750119,0.580218,0.398118,0.676886,0.720261,0.719092,0.620022,0.71796,0.608556,0.743727,0.399434,0.329335,0.52453,0.530619,0.188929,0.599292,0.178295,0.20316,0.103407,0.165813,0.24776,0.312741,0.144023,0.867363,0.83326,0.69961,0.685422,0.85082,0.662224,0.904594,0.905207,0.686593,0.522122,0.721713,0.280877,0.64847,0.285385,0.3706,0.398165,0.406105,0.46689,0.367027,0.466532,0.378262,0.31208,0.268594,0.278117,0.219927,0.913887,0.673228,0.792663,0.621628,0.868355,0.573269,0.666946,0.927505,0.858193,0.939446,0.93392,0.721752,0.638952,0.767852,0.641219,0.579694,0.46064,0.411577,0.453053,0.481358,0.388933,0.373868,0.356522,0.505844,0.413964,0.454306,0.061187,0.210271,0.364652,0.627501,0.167056,0.261604,0.396376,0.23025,0.690292,0.561566,0.513925,0.787784,0.388095,0.539866,0.570504,0.701169,0.811688,0.813587,0.912758,0.933905,0.553708,0.504101,0.737806,0.69904,0.68771,0.644246,0.552139,0.5097,0.468097,0.537997,0.360248,0.504065,0.37361,0.576756,0.334689,0.563503,0.494912,0.599357,0.652133,0.583744,0.649584,0.2711,0.205045,0.243308,0.129631,0.739284,0.469732,0.889108,0.448376,0.347934,0.786222,0.729973,0.709554,0.446095,0.565286,0.526134,0.650249,0.476481,0.588842,0.413693,0.310919,0.538301,0.441495,0.648077,0.320675,0.564043,0.615495,0.246242,0.230195,0.063077,0.127162,0.101651,0.631388,0.852049,0.766687,0.744568,0.397259,0.509201,0.209674,0.352061,0.72611,0.501159,0.492948,0.453085,0.559654,0.672842,0.438522,0.361417,0.419854,0.204251,0.669223,0.212059,0.105263,0.089171,0.142495,0.23392,0.178234,0.137294,0.315074,0.399704,0.10151,0.191752,0.030163,0.410911,0.630654,0.59206,0.376586,0.605118,0.359088,0.580927,0.244971,0.584546,0.476286,0.587505,0.417323,0.418331,0.479439,0.341625,0.21582,0.31754,0.673276,0.586118,0.328288,0.446238,0.267334,0.303814,0.215658,0.756262,0.62298,0.492491,0.508682,0.444513,0.345182,0.540058,0.417021,0.236303,0.394231,0.26839
sedu_ama5_2025t3-D013_M-05,0.548167,0.487769,0.512492,0.339885,0.568183,0.52455,0.7111,0.517318,0.108528,0.448055,0.204506,0.224631,0.241101,0.227887,0.195588,0.045417,0.202581,0.297741,0.414477,0.085784,0.178615,0.257896,0.751249,0.504988,0.471481,0.554574,0.495429,0.632934,0.616216,0.35555,0.479984,0.228712,0.411474,0.172891,0.093423,0.206294,0.222561,0.346516,0.2644,0.095573,0.307078,0.380857,0.205792,0.128872,0.205053,0.660284,0.858339,0.563095,0.612125,0.565513,0.497891,0.642341,0.771466,0.868368,0.566328,0.540022,0.094803,0.211707,0.230504,0.251065,0.220879,0.562732,0.366083,0.36966,0.316222,0.148405,0.189524,0.402703,0.351554,0.155283,0.325014,0.121029,0.118655,0.694587,0.727923,0.561221,0.578494,0.382305,0.50176,0.489498,0.326087,0.943034,0.765421,0.627297,0.668272,0.607529,0.552386,0.772647,0.182084,0.151131,0.324835,0.274848,0.327008,0.503192,0.218049,0.194177,0.139257,0.222661,0.276789,0.100884,0.022688,0.812804,0.669968,0.825914,1.0,0.754887,0.722117,0.586357,0.61932,0.499495,0.553798,0.432805,0.322219,0.640714,0.11244,0.328468,0.216775,0.20782,0.389866,0.373988,0.420978,0.350634,0.114274,0.217594,0.078643,0.047961,0.642074,0.682902,0.462099,0.438507,0.741713,0.347384,0.745584,0.733263,0.878701,0.824329,0.63832,0.643674,0.519554,0.60677,0.663537,0.592677,0.361202,0.234898,0.491387,0.390554,0.217765,0.246173,0.327945,0.320255,0.387411,0.308468,0.164873,0.153877,0.396754,0.506467,0.131487,0.104099,0.058941,0.208368,0.575986,0.466738,0.466569,0.757441,0.297012,0.364555,0.399019,0.670046,0.867523,0.577629,0.777256,0.734028,0.341891,0.212145,0.584704,0.513406,0.435618,0.432853,0.5007,0.366828,0.136237,0.257722,0.284748,0.537974,0.218495,0.475422,0.291173,0.438939,0.324625,0.564257,0.624286,0.476049,0.691655,0.153585,0.245928,0.060743,0.092666,0.522286,0.463485,0.737388,0.5471,0.68691,0.522554,0.526656,0.397677,0.262908,0.44897,0.521478,0.466119,0.317281,0.542469,0.285184,0.228116,0.398917,0.15003,0.494891,0.438909,0.513234,0.582826,0.081791,0.136754,0.151078,0.0,0.093258,0.672891,0.712441,0.75729,0.583947,0.482597,0.246061,0.351968,0.369865,0.447976,0.490906,0.332237,0.440961,0.394179,0.432362,0.315774,0.371714,0.122431,0.332087,0.511356,0.158178,0.091322,0.044779,0.060428,0.110942,0.0935,0.112792,0.227306,0.196331,0.071148,0.250612,0.022114,0.197683,0.280743,0.322564,0.145403,0.355794,0.31277,0.195832,0.232731,0.434348,0.251612,0.396215,0.249351,0.263757,0.377693,0.342722,0.30944,0.247715,0.300506,0.244127,0.157448,0.219603,0.051823,0.123301,0.018652,0.549414,0.440737,0.369499,0.496168,0.170921,0.326722,0.510684,0.340931,0.131248,0.272351,0.206467
sedu_ama5_2025t3-D013_M-06,0.631895,0.529578,0.570287,0.338353,0.694117,0.588957,0.84098,0.46834,0.211248,0.482758,0.209811,0.227619,0.349265,0.321491,0.21199,0.062947,0.210402,0.327786,0.392321,0.095304,0.32669,0.215355,0.889946,0.501317,0.498752,0.58003,0.567943,0.560941,0.572318,0.323921,0.637654,0.244886,0.444215,0.149698,0.071166,0.280831,0.308912,0.319999,0.220207,0.083266,0.323225,0.424116,0.18461,0.259851,0.192833,0.702887,0.967203,0.646806,0.741898,0.667186,0.533765,0.622144,0.75173,0.872108,0.57437,0.571205,0.17342,0.310755,0.309082,0.315094,0.324169,0.530623,0.294138,0.325075,0.308936,0.284275,0.219325,0.433865,0.328338,0.116693,0.38608,0.226557,0.162106,0.743183,0.8974,0.669326,0.577822,0.423927,0.528454,0.457082,0.270598,0.833569,0.940196,0.66913,0.641911,0.562157,0.552287,0.735464,0.232643,0.226874,0.365619,0.352283,0.317292,0.552948,0.160352,0.223567,0.213671,0.210358,0.246557,0.200206,0.076642,0.95989,0.909334,0.742019,0.827443,0.974576,0.624022,0.775072,0.735834,0.460645,0.503118,0.35108,0.364788,0.527615,0.183987,0.329123,0.285315,0.241093,0.504696,0.345621,0.429059,0.361639,0.176277,0.220287,0.220622,0.085577,0.914094,0.842247,0.605376,0.547558,0.710888,0.30578,0.61211,1.0,0.825753,0.872085,0.873687,0.769549,0.533176,0.614722,0.480453,0.582765,0.36652,0.232014,0.406876,0.31288,0.363289,0.262796,0.302885,0.30216,0.44181,0.259816,0.126897,0.159596,0.40945,0.595718,0.221575,0.160876,0.13288,0.189375,0.575668,0.460894,0.55147,0.749478,0.289238,0.386725,0.419602,0.588683,0.681824,0.846782,0.893724,0.899399,0.375115,0.221765,0.671704,0.526739,0.483979,0.404465,0.524521,0.462715,0.222088,0.309379,0.221689,0.427474,0.248761,0.437546,0.274479,0.470619,0.349551,0.549597,0.592659,0.479442,0.648553,0.201225,0.277842,0.143091,0.175595,0.659491,0.414807,0.712568,0.491939,0.47446,0.525544,0.524058,0.402975,0.240056,0.602,0.593057,0.504982,0.329582,0.44803,0.305355,0.26438,0.389906,0.19249,0.442287,0.360034,0.478891,0.56526,0.179834,0.17804,0.177948,0.00421,0.130166,0.691824,0.916952,0.853234,0.681423,0.399327,0.303893,0.280922,0.350556,0.405053,0.427258,0.334996,0.381294,0.351781,0.449915,0.397172,0.335352,0.271852,0.315316,0.458556,0.130645,0.199287,0.188979,0.15904,0.211832,0.186188,0.198046,0.360112,0.175689,0.046864,0.216424,0.0,0.31538,0.281615,0.408902,0.254893,0.422484,0.30051,0.303259,0.220115,0.375962,0.29538,0.430868,0.272178,0.295183,0.406716,0.317408,0.235689,0.256174,0.418833,0.359278,0.291934,0.334486,0.10292,0.249151,0.14757,0.571369,0.438804,0.414638,0.456465,0.170357,0.369393,0.4783,0.363212,0.146187,0.288437,0.232237
sedu_ama5_2025t3-D013_M-07,0.700558,0.839662,0.882263,0.579927,0.797159,0.789556,0.685529,0.682538,0.642655,0.742616,0.490698,0.527197,0.646271,0.661192,0.367678,0.194154,0.308291,0.306866,0.376203,0.199634,0.816514,0.570513,0.854248,0.640063,0.857926,0.497572,0.721506,0.60005,0.704818,0.507712,0.543697,0.417109,0.801818,0.499849,0.263388,0.711955,0.738346,0.415702,0.141609,0.080899,0.306907,0.35421,0.239607,0.920031,0.507509,0.72385,0.788025,0.694571,0.867552,0.517755,0.556015,0.661488,0.742164,0.81837,0.695492,0.562632,0.485071,0.652421,0.739047,0.851021,0.690658,0.494228,0.170405,0.25108,0.331627,0.858934,0.221405,0.403212,0.420841,0.352137,0.875151,0.679698,0.497261,0.719565,0.590251,0.582832,0.525044,0.36917,0.487917,0.570284,0.552981,0.588124,0.529095,0.681607,0.756323,0.646757,0.718739,0.653545,0.543651,0.650524,0.640279,0.599154,0.292907,0.798656,0.217084,0.281254,0.308777,0.102904,0.471095,0.775555,0.358823,0.753224,0.553037,0.725082,0.904583,0.914465,0.701466,0.491268,0.371166,0.680995,0.675392,0.322655,0.426921,0.54686,0.397033,0.448005,0.823113,0.614635,0.687649,0.382927,0.770527,0.413543,0.392102,0.234737,0.631507,0.357345,0.608486,0.610861,0.546126,0.462088,0.740481,0.40542,0.811306,0.806057,0.602227,0.743073,0.596806,0.773913,0.496217,0.574301,0.650586,0.754167,0.753655,0.628785,0.781591,0.72005,0.427163,0.320319,0.503188,0.352315,0.71963,0.474197,0.147657,0.283613,0.653209,0.49092,0.809556,0.552214,0.425967,0.600135,0.426265,0.423486,0.850253,0.67682,0.29373,0.510542,0.690512,0.696027,0.631664,1.0,0.696273,0.701828,0.465329,0.371325,0.626021,0.582887,0.556864,0.326985,0.428324,0.834676,0.522048,0.502801,0.362841,0.591037,0.36077,0.580023,0.43125,0.556718,0.44607,0.466347,0.560317,0.696914,0.702789,0.27051,0.451229,0.413395,0.648445,0.665241,0.486969,0.678576,0.544292,0.271639,0.447249,0.542674,0.648507,0.20241,0.918065,0.75984,0.684997,0.429992,0.620693,0.257548,0.3247,0.520613,0.378691,0.584242,0.373645,0.556771,0.586226,0.816432,0.450663,0.511724,0.064364,0.527782,0.603353,0.633034,0.742036,0.647962,0.379402,0.511183,0.351763,0.500313,0.552816,0.60177,0.401939,0.604372,0.548525,0.516619,0.44223,0.478095,0.703229,0.399912,0.524023,0.357875,0.743941,0.633688,0.454605,0.47964,0.778864,0.220099,0.514086,0.39458,0.111601,0.203171,0.312341,0.241664,0.26677,0.401313,0.553037,0.388417,0.425324,0.489296,0.250239,0.664052,0.408108,0.624177,0.423264,0.401919,0.549838,0.326993,0.399762,0.495809,0.405739,0.375022,0.531966,0.656587,0.0,0.651674,0.730169,0.842638,0.771817,0.448811,0.658058,0.367801,0.65588,0.530848,0.475158,0.402229,0.718626,0.509002
sedu_ama5_2025t3-D013_M-08,0.197873,0.557753,0.626393,0.41783,0.385209,0.5428,0.610773,0.658111,0.608991,0.458259,0.523991,0.41102,0.644766,0.782349,0.417562,0.10097,0.323493,0.19618,0.254981,0.008815,0.492627,0.374706,0.460924,0.48426,0.587292,0.606791,0.453202,0.658468,0.82307,0.644787,0.464226,0.393138,0.575466,0.340829,0.309281,0.666739,0.761498,0.686326,0.347388,0.261175,0.296802,0.221596,0.039104,0.478838,0.428855,0.298673,0.597448,0.436701,0.563124,0.422337,0.634985,0.799323,0.638458,0.892028,0.558003,0.355601,0.481969,0.715966,0.737544,0.930308,0.700228,0.392372,0.415276,0.466278,0.426603,0.685513,0.150005,0.307505,0.29176,0.157821,0.726648,0.294822,0.452896,0.442016,0.391558,0.5142,0.589785,0.360563,0.615351,0.741996,0.603597,0.708451,0.340326,0.494028,0.639067,0.565778,0.498915,0.3888,0.68436,0.627105,0.755867,0.685384,0.449426,0.976434,0.16856,0.169611,0.279239,0.177091,0.198527,0.498897,0.335412,0.455837,0.435808,0.831258,0.888653,0.673545,0.668073,0.535277,0.525601,0.738817,0.476232,0.363012,0.606787,0.768357,0.518912,0.562805,0.733108,0.736555,0.849008,0.598485,0.850314,0.580973,0.246909,0.147668,0.301491,0.295872,0.460022,0.422316,0.395205,0.384737,0.693481,0.549524,0.918847,0.543178,0.598399,0.710569,0.505471,0.587103,0.43729,0.411108,0.811023,0.842605,0.828116,0.757255,0.87802,0.808516,0.776282,0.578208,0.645246,0.612333,0.768884,0.469537,0.361336,0.457014,0.798206,0.301167,0.561941,0.373235,0.2959,0.466162,0.571447,0.46534,0.509384,0.616638,0.457005,0.562929,0.764074,0.847843,0.740313,0.714507,0.658353,0.64164,0.303951,0.265317,0.487695,0.437344,0.52062,0.556675,0.752444,0.758997,0.549575,0.669219,0.641015,0.725314,0.471916,0.673408,0.733892,0.723653,0.334008,0.817783,0.83368,1.0,0.54263,0.15956,0.319517,0.242928,0.378021,0.335495,0.508457,0.695672,0.547692,0.549443,0.486382,0.698723,0.684332,0.418471,0.609033,0.506346,0.615178,0.52005,0.706376,0.615206,0.605529,0.676592,0.499302,0.849642,0.549964,0.848946,0.516298,0.610371,0.378992,0.351786,0.0,0.450405,0.767477,0.345665,0.46314,0.452698,0.426813,0.421567,0.394165,0.593585,0.558706,0.814323,0.64159,0.635608,0.537014,0.597687,0.653838,0.713334,0.654575,0.418765,0.57476,0.156614,0.279675,0.553881,0.290203,0.267697,0.28388,0.196175,0.182445,0.506918,0.00514,0.391282,0.315591,0.247614,0.469156,0.490141,0.430828,0.47333,0.448845,0.467698,0.48756,0.570147,0.64095,0.678544,0.337249,0.300731,0.104025,0.423341,0.33988,0.533916,0.50914,0.565976,0.532428,0.607017,0.053698,0.403722,0.449673,0.723276,0.687138,0.550293,0.705988,0.613631,0.882181,0.595704,0.638691,0.53563,0.383632,0.295882
sedu_ama5_2025t3-D065_M-01,0.854627,0.648092,0.856199,0.582887,0.998071,0.515264,0.663638,0.525149,0.313174,0.64457,0.281263,0.159979,0.298143,0.293815,0.301067,0.093878,0.151029,0.304922,0.290175,0.614582,0.403992,0.433056,0.839024,0.725814,0.842051,0.684423,0.436411,0.634519,0.662108,0.506038,0.860476,0.502162,0.693486,0.225993,0.227762,0.299411,0.352125,0.211033,0.084778,0.068282,0.220047,0.273753,0.788763,0.487201,0.4576,0.689157,0.772901,0.505259,0.710139,0.563902,0.431977,0.642323,0.858845,0.873289,0.734411,0.490552,0.255053,0.273515,0.367164,0.400977,0.384726,0.222743,0.086205,0.103358,0.178552,0.41207,0.176669,0.295892,0.306882,0.847141,0.582983,0.323807,0.33581,0.940647,0.705725,0.671242,0.354783,0.412476,0.457129,0.488521,0.559632,0.475193,0.482001,0.864049,0.699149,0.498185,0.504888,0.811154,0.316919,0.209072,0.323577,0.21978,0.011083,0.503347,0.164772,0.079539,0.196042,0.233746,0.872546,0.342681,0.168108,0.813091,0.514589,0.467727,0.716026,0.836641,0.725056,0.551796,0.492502,0.619957,0.55409,0.36093,0.37382,0.509541,0.072327,0.097566,0.367651,0.330271,0.31024,0.15345,0.373102,0.146068,0.837497,0.882631,0.295849,0.128108,0.741358,0.442226,0.614171,0.51711,0.720758,0.361517,0.506978,0.68645,0.686327,0.620065,0.693751,1.0,0.541494,0.506307,0.508129,0.566973,0.319286,0.337831,0.372978,0.329207,0.272413,0.287045,0.385967,0.219134,0.331033,0.266968,0.162013,0.15252,0.31029,0.989056,0.318107,0.239182,0.162746,0.224276,0.5458,0.429479,0.66778,0.811696,0.490913,0.369166,0.517844,0.492698,0.547334,0.856479,0.54571,0.721756,0.278887,0.381598,0.618797,0.638006,0.404789,0.276748,0.250825,0.244939,0.128897,0.322355,0.173756,0.326425,0.072748,0.426815,0.107655,0.343425,0.34337,0.278783,0.331268,0.341938,0.365731,0.778676,0.220358,0.234363,0.313643,0.610364,0.407868,0.587428,0.463214,0.343231,0.47441,0.453104,0.394133,0.203782,0.793377,0.856337,0.354284,0.473838,0.36835,0.181297,0.202458,0.294305,0.072311,0.274356,0.202674,0.425704,0.90974,0.361174,0.246838,0.235114,0.180659,0.303408,0.298457,0.800289,0.792007,0.719962,0.417371,0.183921,0.342583,0.360635,0.347538,0.416806,0.15255,0.41696,0.183401,0.370271,0.314143,0.18242,0.334854,0.194669,0.414129,0.758717,0.347771,0.310396,0.216587,0.308879,0.391254,0.010755,0.296523,0.045007,0.392888,0.143052,0.185397,0.281512,0.22461,0.347236,0.465627,0.409891,0.316268,0.264849,0.144792,0.331281,0.211166,0.512341,0.845477,0.884264,0.439245,0.305487,0.377682,0.258188,0.112571,0.065816,0.199039,0.295557,0.0,0.307396,0.415726,0.541844,0.488841,0.353789,0.203088,0.255029,0.300711,0.370475,0.276252,0.116648,0.470183,0.745899
sedu_ama5_2025t3-D065_M-02,0.533075,0.626845,0.877304,0.795312,0.717122,0.473391,0.339842,0.347148,0.644805,0.672549,0.519061,0.406468,0.820642,0.567945,0.569791,0.095401,0.085817,0.163626,0.277628,0.780767,0.337513,0.467866,0.471938,0.82235,0.903113,0.532539,0.317174,0.405803,0.50138,0.533587,0.539936,0.563955,0.668913,0.531896,0.274106,0.845971,0.580354,0.409013,0.357776,0.011575,0.225821,0.328898,0.75772,0.494954,0.566809,0.315983,0.348014,0.262155,0.447702,0.293829,0.330834,0.484247,0.65783,0.657444,0.475213,0.269458,0.561822,0.841403,0.780856,0.605772,0.50703,0.359994,0.322922,0.366282,0.445806,0.739723,0.212051,0.219254,0.369065,0.745998,0.530835,0.304519,0.410151,0.568058,0.240362,0.441109,0.126942,0.283012,0.30225,0.456987,0.538753,0.300534,0.233338,0.578232,0.526197,0.340953,0.29238,0.491625,0.586748,0.518787,0.560274,0.289869,0.322432,0.746324,0.132122,0.216572,0.162647,0.185807,0.832582,0.322931,0.095501,0.384978,0.108955,0.254073,0.469378,0.424624,0.385318,0.251263,0.134819,0.578377,0.346461,0.380292,0.525333,0.43729,0.439548,0.553848,0.793069,0.414862,0.422564,0.356566,0.691273,0.570779,0.96965,1.0,0.334334,0.136612,0.328488,0.061604,0.41081,0.39847,0.531895,0.369392,0.263468,0.318355,0.474807,0.334249,0.492041,0.778752,0.377545,0.275044,0.465945,0.504238,0.574436,0.414978,0.498481,0.398658,0.50069,0.351519,0.596409,0.475073,0.503764,0.528108,0.376559,0.428274,0.516118,0.90616,0.310221,0.342251,0.180541,0.395956,0.328101,0.196654,0.368754,0.474162,0.545302,0.364564,0.615851,0.231529,0.367531,0.616046,0.178,0.439719,0.549652,0.363009,0.481928,0.455639,0.419281,0.215364,0.204375,0.464027,0.28155,0.595052,0.265768,0.386598,0.267193,0.567158,0.293332,0.567469,0.501566,0.672965,0.263921,0.512481,0.28432,0.825144,0.349053,0.341347,0.365367,0.359198,0.491949,0.466874,0.363776,0.183619,0.298152,0.617876,0.612576,0.223072,0.688694,0.654816,0.395102,0.476439,0.383001,0.408427,0.414153,0.515577,0.265725,0.438139,0.549514,0.808019,0.965168,0.500536,0.31729,0.330321,0.321223,0.416942,0.33832,0.521606,0.489031,0.605945,0.161656,0.17195,0.433004,0.414051,0.310775,0.388823,0.386236,0.553657,0.273994,0.366307,0.475616,0.365448,0.642027,0.378007,0.674594,0.870286,0.343411,0.404203,0.349482,0.349917,0.495091,0.122946,0.328914,0.16295,0.43641,0.305471,0.320182,0.209,0.267875,0.344985,0.517671,0.36011,0.418705,0.56593,0.330255,0.404199,0.613575,0.530849,0.898628,0.995342,0.521449,0.461077,0.413675,0.414609,0.213058,0.22281,0.339912,0.384164,0.0,0.317523,0.75954,0.374836,0.3662,0.419241,0.557284,0.554664,0.509449,0.173068,0.346907,0.434573,0.500673,0.930493
sedu_ama5_2025t3-D065_M-03,0.398464,0.679927,0.910634,0.891659,0.622992,0.562442,0.577908,0.471578,0.536001,0.55812,0.426765,0.325356,0.777213,0.485126,0.592211,0.01349,0.008072,0.086901,0.330161,0.476741,0.417353,0.383526,0.504599,0.859854,0.840502,0.706396,0.407107,0.529662,0.730924,0.629187,0.503065,0.464231,0.667727,0.370078,0.322475,0.690134,0.563156,0.550303,0.462266,0.01816,0.13517,0.321327,0.533024,0.463406,0.504116,0.387274,0.548977,0.483267,0.46254,0.42434,0.498582,0.705719,0.647409,0.70191,0.500707,0.256938,0.467828,0.661444,0.710718,0.605287,0.486839,0.399505,0.482738,0.486008,0.513013,0.688893,0.167091,0.236367,0.368966,0.597067,0.59542,0.204574,0.359008,0.579627,0.474333,0.499281,0.325996,0.409374,0.483714,0.481924,0.648324,0.489309,0.360432,0.525433,0.572082,0.474094,0.338361,0.496062,0.503262,0.390602,0.644249,0.446685,0.374136,0.790005,0.222566,0.032529,0.11959,0.329943,0.607424,0.293026,0.171743,0.498426,0.336912,0.440003,0.657636,0.534924,0.570731,0.408035,0.393191,0.746565,0.348601,0.390343,0.598032,0.549774,0.314948,0.368585,0.714381,0.480164,0.546221,0.334722,0.752588,0.547364,0.756299,0.708943,0.252703,0.175838,0.489272,0.274008,0.502492,0.288828,0.571808,0.452616,0.496581,0.472152,0.589733,0.47824,0.626363,0.870605,0.457424,0.319513,0.601227,0.461998,0.473771,0.493045,0.470344,0.440454,0.620777,0.612413,0.586507,0.563811,0.593044,0.55103,0.418741,0.468371,0.443894,0.66267,0.224459,0.309742,0.203447,0.254877,0.438148,0.381651,0.302122,0.583704,0.456733,0.586537,0.663758,0.431513,0.506338,0.565667,0.441179,0.559805,0.308606,0.351833,0.376924,0.457677,0.359101,0.33982,0.288165,0.463142,0.374867,0.57453,0.403849,0.542768,0.378446,0.528614,0.366779,0.478152,0.56932,0.695172,0.423336,0.605495,0.257593,0.684739,0.104598,0.211149,0.286421,0.497498,0.587139,0.69391,0.387242,0.463747,0.386405,0.526377,0.570508,0.304628,0.536594,0.507628,0.333191,0.552345,0.505034,0.487454,0.350904,0.575963,0.326952,0.518093,0.63816,1.0,0.73787,0.418518,0.203519,0.084974,0.201509,0.302209,0.528982,0.500388,0.657808,0.631266,0.278749,0.215381,0.359533,0.348018,0.40083,0.595577,0.354705,0.522089,0.260084,0.471512,0.453978,0.403917,0.631195,0.399923,0.765087,0.611127,0.271178,0.24217,0.200356,0.274829,0.333707,0.129939,0.17556,0.281575,0.338985,0.322917,0.184594,0.343998,0.328522,0.334061,0.401223,0.370031,0.445442,0.470719,0.423109,0.361225,0.549448,0.68286,0.638442,0.769317,0.463835,0.45192,0.37952,0.268993,0.223456,0.186181,0.242351,0.387076,0.0,0.228962,0.488855,0.492567,0.44556,0.420443,0.566942,0.549006,0.419969,0.477831,0.426551,0.40511,0.329253,0.642805
sedu_ama5_2025t3-D065_M-04,0.762842,0.762157,0.838823,0.556271,0.820579,0.589818,0.451919,0.361274,0.125518,0.478032,0.247651,0.25264,0.22983,0.126555,0.345292,0.290836,0.228921,0.375031,0.336134,0.686608,0.438921,0.622473,0.748207,0.751947,0.781159,0.418787,0.524257,0.453183,0.535548,0.407047,0.639352,0.28224,0.460374,0.269541,0.193537,0.221807,0.164555,0.330574,0.285297,0.196513,0.320575,0.374686,0.848588,0.510598,0.527798,0.721036,0.715542,0.54834,0.594037,0.535444,0.349778,0.465693,0.894142,0.724686,0.508325,0.489068,0.181027,0.170006,0.297765,0.158821,0.170124,0.546474,0.407405,0.36486,0.280333,0.329535,0.293426,0.373577,0.396727,0.901953,0.456037,0.44603,0.416195,0.814045,0.716069,0.638375,0.318066,0.353019,0.386474,0.443684,0.408138,0.655345,0.655963,0.704941,0.712173,0.456464,0.487729,0.839803,0.162059,0.206521,0.254619,0.177057,0.325655,0.43968,0.338045,0.288913,0.243789,0.370503,0.98799,0.283937,0.306442,0.776699,0.499889,0.564991,0.768077,0.607637,0.810352,0.540328,0.513363,0.497731,0.5565,0.353635,0.440069,0.503708,0.084567,0.139646,0.31188,0.172832,0.290931,0.291238,0.407283,0.238816,0.925651,0.918885,0.435326,0.323218,0.617063,0.528878,0.653679,0.600029,0.751313,0.417129,0.481902,0.675344,0.792982,0.67255,0.816305,0.980838,0.746639,0.52292,0.45778,0.368799,0.319321,0.188874,0.197513,0.19631,0.197054,0.195368,0.364138,0.347375,0.387902,0.427902,0.319598,0.25531,0.308055,1.0,0.27577,0.36717,0.280959,0.257956,0.645432,0.581504,0.374721,0.713539,0.424698,0.463897,0.522684,0.338019,0.629335,0.54058,0.496069,0.706194,0.404623,0.251885,0.39285,0.494977,0.377184,0.323575,0.193208,0.229515,0.079193,0.212818,0.138454,0.305007,0.102639,0.410746,0.242878,0.403407,0.683277,0.358063,0.253798,0.297561,0.489219,0.845732,0.480024,0.480224,0.432414,0.67064,0.498772,0.643061,0.5869,0.384976,0.327986,0.420924,0.4276,0.305206,0.601794,0.646038,0.32963,0.484712,0.294205,0.228132,0.279357,0.313627,0.0,0.265316,0.303275,0.348989,0.948313,0.4925,0.405164,0.395935,0.613601,0.510545,0.484779,0.814822,0.901732,0.765396,0.556365,0.165332,0.417895,0.455057,0.290382,0.304301,0.128678,0.344496,0.18627,0.350526,0.382489,0.270967,0.252525,0.433139,0.518638,0.813036,0.48752,0.335235,0.469674,0.395787,0.612254,0.233532,0.580758,0.003457,0.590521,0.346672,0.468122,0.368803,0.208672,0.470125,0.405549,0.38003,0.412377,0.320222,0.269696,0.305485,0.263372,0.38595,0.788408,0.891299,0.78448,0.471174,0.472038,0.360021,0.152697,0.057043,0.082764,0.208869,0.159583,0.353763,0.356356,0.434252,0.352886,0.341292,0.274449,0.211,0.255169,0.313351,0.248623,0.101744,0.524827,0.789149
sedu_ama5_2025t3-D065_M-05,0.601517,0.630862,0.962359,0.817539,0.899985,0.598175,0.603563,0.495158,0.201293,0.430525,0.452027,0.356564,0.452383,0.282518,0.40678,0.245082,0.078863,0.264049,0.862181,0.744419,0.296988,0.433028,0.724885,0.711499,0.907001,0.365725,0.613831,0.482471,0.618093,0.642715,0.420451,0.394146,0.425113,0.428226,0.119661,0.420236,0.348949,0.392062,0.257673,0.074071,0.361736,0.635522,0.843367,0.577516,0.289809,0.602098,0.553317,0.686191,0.555029,0.570237,0.477052,0.579786,0.7732,0.641902,0.321996,0.688409,0.520822,0.337307,0.403726,0.36082,0.467629,0.630522,0.292444,0.323798,0.155093,0.731223,0.299572,0.509516,0.566061,0.745467,0.518894,0.462414,0.217703,0.662772,0.65295,0.579489,0.46769,0.489436,0.551102,0.640757,0.394229,0.520951,0.655331,0.428956,0.441801,0.617028,0.657574,0.76069,0.523782,0.35753,0.458311,0.349568,0.173072,0.683493,0.283351,0.226878,0.067228,0.398315,0.853403,0.312693,0.07106,0.688702,0.46753,0.411311,0.625351,0.66107,0.845633,0.537226,0.513922,0.41446,0.651334,0.739118,0.470925,0.722564,0.201898,0.343911,0.402387,0.388621,0.480113,0.310304,0.622148,0.331265,0.900653,0.951685,0.3164,0.146899,0.683869,0.449206,0.616508,0.376593,0.477871,0.520639,0.415715,0.664767,0.668548,0.578051,0.723914,0.762368,0.77596,0.644453,0.656092,0.49745,0.421144,0.298883,0.349474,0.291344,0.386305,0.361298,0.421312,0.292604,0.535794,0.674242,0.384671,0.276599,0.472332,1.0,0.0,0.272789,0.446334,0.201636,0.429265,0.628229,0.488318,0.655918,0.508071,0.386764,0.440023,0.446211,0.733035,0.586866,0.513168,0.568608,0.602959,0.428265,0.440754,0.630747,0.682292,0.417737,0.287384,0.35447,0.345625,0.539281,0.264967,0.522257,0.294717,0.501428,0.245102,0.465761,0.601607,0.414218,0.372957,0.402489,0.558308,0.821712,0.265181,0.377276,0.261497,0.601655,0.516434,0.688106,0.565348,0.19445,0.504388,0.73398,0.615706,0.398619,0.38963,0.401609,0.638691,0.639543,0.433645,0.299043,0.271906,0.532642,0.288825,0.417869,0.416357,0.519414,0.914537,0.339722,0.203084,0.225246,0.451935,0.192143,0.486427,0.700248,0.728073,0.684109,0.67256,0.449646,0.382237,0.487582,0.524524,0.481585,0.351708,0.590873,0.383793,0.458547,0.324948,0.283781,0.520243,0.355288,0.603152,0.943295,0.306238,0.073696,0.292447,0.450243,0.360931,0.21739,0.504177,0.307006,0.636179,0.264947,0.199151,0.374559,0.462743,0.517114,0.556521,0.597639,0.42315,0.51507,0.305503,0.489588,0.525301,0.365261,0.826012,0.92112,0.768469,0.404158,0.324147,0.388606,0.339723,0.357815,0.104038,0.300916,0.143345,0.225713,0.337445,0.448455,0.440627,0.5477,0.354961,0.362255,0.308294,0.369056,0.257706,0.422057,0.578694,0.842302
sedu_ama5_2025t3-D065_M-06,0.608616,0.784546,0.89899,0.495145,0.895601,0.694212,0.718219,0.681508,0.318985,0.505994,0.182501,0.090887,0.255531,0.316906,0.140392,0.13979,0.240285,0.3674,0.243216,0.335768,0.5513,0.462703,0.737294,0.785735,0.8129,0.661702,0.614309,0.717902,0.852682,0.569547,0.797553,0.387813,0.648444,0.163275,0.183404,0.334597,0.398177,0.317868,0.157724,0.152579,0.321837,0.23197,0.454067,0.573454,0.47389,0.696543,0.744004,0.672612,0.691966,0.609033,0.658537,0.801582,0.821056,0.933702,0.634948,0.518524,0.231337,0.335324,0.350806,0.553593,0.469098,0.297812,0.19256,0.164543,0.151743,0.517114,0.26653,0.309912,0.243571,0.592088,0.734241,0.332838,0.571806,0.858892,0.729116,0.759232,0.520304,0.45526,0.568577,0.596141,0.740165,0.45427,0.418311,0.697598,0.599146,0.593344,0.565246,0.683138,0.252543,0.357295,0.439158,0.42353,0.095809,0.662967,0.241139,0.078847,0.380688,0.037957,0.597013,0.510076,0.363177,0.757032,0.53939,0.560681,0.780385,0.84406,0.781706,0.657928,0.547906,0.79209,0.609514,0.359507,0.44067,0.619752,0.155616,0.182818,0.467365,0.484758,0.475251,0.22837,0.385481,0.206139,0.750897,0.715261,0.306672,0.248012,0.745879,0.438811,0.627749,0.629106,0.694755,0.373501,0.636781,0.694206,0.740238,0.67994,0.731045,1.0,0.549208,0.615091,0.627273,0.734454,0.547529,0.435495,0.478538,0.378404,0.389826,0.372721,0.549687,0.313381,0.370561,0.364211,0.129312,0.19312,0.373997,0.816217,0.425838,0.238714,0.277494,0.323504,0.627935,0.471013,0.761353,0.83559,0.594656,0.555495,0.718014,0.63555,0.587959,0.92402,0.577124,0.728988,0.180129,0.361193,0.546672,0.59341,0.440439,0.424121,0.500613,0.366244,0.2978,0.391543,0.363187,0.526982,0.053698,0.599384,0.388305,0.520309,0.395093,0.356767,0.477324,0.555653,0.36474,0.56208,0.213598,0.263958,0.341643,0.695445,0.344618,0.709666,0.547774,0.318828,0.554597,0.597715,0.491536,0.332843,0.819034,0.86589,0.459865,0.467468,0.414661,0.353151,0.44594,0.318568,0.241874,0.40404,0.184241,0.451198,0.911487,0.540444,0.341054,0.131829,0.086626,0.378412,0.42099,0.696048,0.764294,0.724809,0.411575,0.235516,0.24684,0.395492,0.371302,0.494631,0.347769,0.521976,0.260644,0.392331,0.560625,0.369561,0.400664,0.203409,0.464988,0.542556,0.266406,0.441314,0.261645,0.214708,0.335428,0.0,0.297884,0.17161,0.232569,0.167719,0.199566,0.294423,0.39228,0.450854,0.456478,0.345087,0.215766,0.317774,0.332875,0.377743,0.372219,0.669222,0.605975,0.684534,0.330704,0.254163,0.473479,0.213176,0.322643,0.287827,0.269409,0.321899,0.061984,0.452972,0.459846,0.536594,0.480926,0.36081,0.34148,0.334061,0.389398,0.391079,0.303056,0.155003,0.511651,0.465473
sedu_ama5_2025t3-D111_M-01,0.193068,0.412962,0.345173,0.435276,0.278131,0.437822,0.456072,0.337134,0.595227,0.345776,0.70127,0.650113,0.776161,0.737153,0.33314,0.255313,0.284027,0.305414,0.353542,0.12918,0.370251,0.352477,0.358225,0.436586,0.308871,0.466918,0.446443,0.381005,0.422681,0.527375,0.296828,0.382757,0.419943,0.635951,0.487244,0.872401,0.701202,0.563033,0.313014,0.247549,0.265874,0.142348,0.057162,0.371616,0.404579,0.291246,0.342676,0.426119,0.395704,0.282672,0.335592,0.442113,0.273621,0.45904,0.280898,0.236106,0.738499,0.858506,1.0,0.640241,0.610591,0.279544,0.263291,0.342461,0.293062,0.607988,0.252304,0.218941,0.189152,0.036975,0.347943,0.280862,0.368207,0.412796,0.28601,0.27916,0.359591,0.309097,0.417585,0.313809,0.333445,0.25979,0.213607,0.261086,0.32294,0.342837,0.255084,0.187408,0.776966,0.910634,0.707842,0.688203,0.387566,0.740183,0.219854,0.29479,0.33993,0.115396,0.036322,0.362718,0.241125,0.361061,0.306868,0.366991,0.265134,0.257871,0.245874,0.207819,0.217865,0.438814,0.369535,0.248641,0.345719,0.371244,0.640225,0.709469,0.94185,0.691103,0.603042,0.490399,0.692246,0.567288,0.080797,0.0,0.236986,0.288187,0.2318,0.268748,0.250086,0.185096,0.315001,0.469603,0.350581,0.229653,0.245803,0.250524,0.161475,0.293653,0.275328,0.219244,0.419146,0.734826,0.966895,0.622082,0.79155,0.704834,0.753416,0.620632,0.596595,0.466311,0.749464,0.528298,0.136396,0.848529,0.571593,0.134528,0.210335,0.328929,0.394585,0.525517,0.200103,0.289929,0.312989,0.331498,0.211176,0.356191,0.459584,0.352206,0.332841,0.380807,0.354297,0.294316,0.36114,0.38104,0.388183,0.202569,0.35911,0.231239,0.60585,0.83696,0.673177,0.841063,0.470769,0.898972,0.87551,0.750352,0.632441,0.777844,0.282721,0.565216,0.727786,0.650397,0.536937,0.219051,0.203924,0.390503,0.272357,0.240684,0.370274,0.416306,0.20239,0.147908,0.198508,0.515158,0.554199,0.193817,0.308631,0.261107,0.483326,0.381877,0.694994,0.673614,0.573302,0.727821,0.572717,0.704141,0.381292,0.74591,0.31193,0.339826,0.194165,0.210929,0.031758,0.304062,0.656851,0.331911,0.226443,0.296003,0.143722,0.270028,0.282557,0.353469,0.357217,0.603928,0.577615,0.720479,0.73481,0.364701,0.601454,0.56095,0.733682,0.407624,0.423741,0.088137,0.181337,0.229574,0.3113,0.224437,0.148438,0.16567,0.238395,0.584461,0.083395,0.388349,0.223777,0.323161,0.273539,0.386793,0.307776,0.289127,0.32448,0.489996,0.390436,0.56874,0.724016,0.555214,0.227178,0.182972,0.205071,0.276434,0.257398,0.315996,0.335891,0.393903,0.330185,0.302868,0.193198,0.303562,0.28794,0.469126,0.467578,0.346205,0.70847,0.621739,0.632274,0.276561,0.286295,0.544686,0.260874,0.252567
sedu_ama5_2025t3-D111_M-02,0.090807,0.438434,0.4758,0.512894,0.18381,0.600355,0.453156,0.345004,0.662334,0.296976,0.509497,0.506266,0.76027,0.602842,0.581156,0.124232,0.071422,0.206658,0.206724,0.300145,0.38481,0.335713,0.167469,0.483146,0.431187,0.521463,0.500567,0.335715,0.384123,0.568178,0.201655,0.289646,0.307892,0.455689,0.5191,0.843169,0.639451,0.473536,0.376295,0.105076,0.201179,0.17832,0.045068,0.46357,0.418324,0.129491,0.213816,0.382448,0.325075,0.283414,0.391294,0.365398,0.213334,0.350448,0.215881,0.158571,0.599501,0.827237,1.0,0.559705,0.500572,0.28986,0.441654,0.315383,0.450705,0.681033,0.216813,0.163662,0.260192,0.064076,0.413219,0.247139,0.360816,0.224257,0.227757,0.311257,0.299532,0.489462,0.284991,0.354686,0.413117,0.021027,0.073201,0.082736,0.192508,0.353049,0.208891,0.12785,0.549332,0.804507,0.568287,0.452367,0.366002,0.587931,0.16863,0.202936,0.214623,0.167759,0.0,0.47597,0.196796,0.204252,0.211318,0.204973,0.16432,0.109564,0.151424,0.199254,0.075679,0.439992,0.227827,0.32289,0.373032,0.280038,0.466737,0.35741,0.980224,0.638071,0.464572,0.460773,0.657765,0.663064,0.344733,0.137564,0.314838,0.319281,0.182778,0.126335,0.308495,0.239135,0.302283,0.441669,0.261894,0.131958,0.242296,0.171117,0.169971,0.358523,0.14662,0.059406,0.382173,0.290189,0.675813,0.473185,0.600924,0.540064,0.738639,0.528469,0.706083,0.560471,0.625528,0.434087,0.450027,0.644595,0.518054,0.162393,0.295499,0.406043,0.270826,0.497396,0.150424,0.199462,0.187688,0.280044,0.347563,0.370138,0.553707,0.285382,0.129244,0.306935,0.206745,0.307972,0.430522,0.244358,0.277107,0.160348,0.286487,0.270424,0.152924,0.628023,0.576088,0.831937,0.357084,0.602391,0.751878,0.741001,0.508816,0.705378,0.319175,0.586547,0.462871,0.508059,0.212966,0.324,0.11333,0.388125,0.3766,0.229549,0.388941,0.366516,0.265106,0.118176,0.309276,0.354614,0.537592,0.371762,0.367962,0.248823,0.365051,0.374791,0.3913,0.664354,0.572569,0.688818,0.519382,0.461582,0.574706,0.957874,0.298888,0.445434,0.205428,0.044862,0.08435,0.426107,0.367945,0.089878,0.215598,0.363276,0.08012,0.342187,0.178396,0.226974,0.429309,0.433648,0.490158,0.688363,0.370006,0.244068,0.713346,0.37253,0.750415,0.297632,0.608006,0.220524,0.135464,0.414222,0.310356,0.247713,0.156253,0.184198,0.248865,0.510532,0.202206,0.383306,0.201552,0.471466,0.305123,0.39866,0.388688,0.262063,0.421446,0.534015,0.413371,0.401874,0.766664,0.539915,0.3286,0.354175,0.178355,0.386929,0.337575,0.305237,0.203949,0.274902,0.457102,0.520665,0.346811,0.325354,0.570007,0.387209,0.423998,0.355686,0.661342,0.747855,0.519682,0.203905,0.271596,0.505791,0.341463,0.422108
sedu_ama5_2025t3-D111_M-03,0.108102,0.277568,0.452708,0.370891,0.247764,0.477517,0.397629,0.463617,0.702473,0.198825,0.473052,0.418978,0.740405,0.732521,0.412424,0.0,0.076708,0.25766,0.281065,0.204648,0.334003,0.440541,0.167818,0.368591,0.3607,0.45382,0.378275,0.440566,0.549345,0.746644,0.251237,0.29107,0.295138,0.248728,0.412118,0.767837,0.693744,0.412001,0.280761,0.155702,0.064144,0.216959,0.13804,0.306608,0.496517,0.175448,0.229908,0.360478,0.352056,0.379562,0.459714,0.499441,0.300554,0.408866,0.165,0.290788,0.619625,0.859445,0.858509,0.585986,0.581941,0.201441,0.340898,0.24132,0.191954,0.601752,0.043591,0.082265,0.303725,0.157607,0.518334,0.235929,0.436717,0.222957,0.221233,0.446723,0.329772,0.399539,0.52325,0.535175,0.445656,0.118589,0.146147,0.087172,0.142574,0.338072,0.204379,0.129972,0.615293,0.682882,0.685836,0.752178,0.26891,0.662699,0.035886,0.166373,0.143495,0.304528,0.069275,0.457239,0.301536,0.18096,0.244115,0.307343,0.158934,0.165387,0.181551,0.380969,0.357012,0.541157,0.224338,0.423877,0.503572,0.488963,0.531203,0.534112,0.783314,0.730494,0.54981,0.457026,0.54697,0.579387,0.300708,0.174064,0.3358,0.406165,0.253812,0.095347,0.444338,0.47926,0.336904,0.647237,0.328198,0.175506,0.429626,0.305572,0.271381,0.235911,0.338444,0.263231,0.509456,0.59196,0.733847,0.597321,0.615355,0.591395,0.776682,0.631073,0.646956,0.64238,0.677097,0.65113,0.217362,0.716765,0.440685,0.23929,0.21257,0.434548,0.304818,0.470767,0.384123,0.334042,0.160124,0.305281,0.47894,0.40117,0.615394,0.338519,0.374888,0.307692,0.217464,0.373297,0.464107,0.277689,0.27508,0.164894,0.430839,0.537036,0.412526,0.770102,0.814504,1.0,0.479051,0.723862,0.784834,0.831291,0.653105,0.823205,0.404685,0.622158,0.658397,0.668591,0.397458,0.345773,0.130338,0.369046,0.270513,0.236919,0.54021,0.472339,0.294394,0.300528,0.378438,0.562838,0.707968,0.558446,0.348001,0.21428,0.449312,0.516002,0.562632,0.837939,0.647706,0.813489,0.707821,0.670998,0.517412,0.892811,0.274105,0.425587,0.108672,0.055534,0.287676,0.364408,0.448507,0.200003,0.172441,0.422342,0.153813,0.371777,0.262807,0.381891,0.551483,0.52853,0.712913,0.677122,0.570125,0.475871,0.727518,0.45694,0.790862,0.181562,0.657722,0.214948,0.099047,0.35216,0.255381,0.285741,0.157741,0.163555,0.163023,0.687753,0.290649,0.40248,0.261027,0.46728,0.512973,0.512679,0.322981,0.371914,0.329052,0.604121,0.438749,0.586284,0.807743,0.62928,0.354098,0.382519,0.258596,0.399668,0.324843,0.382043,0.421873,0.497787,0.278248,0.370565,0.404967,0.396246,0.38625,0.409213,0.465065,0.344705,0.67792,0.768673,0.485796,0.23974,0.270729,0.494545,0.287489,0.218731
sedu_ama5_2025t3-D111_M-04,0.089229,0.622206,0.523719,0.377262,0.251927,0.742972,0.511858,0.282394,0.393993,0.355807,0.540975,0.632063,0.741994,0.566114,0.491382,0.079397,0.012146,0.1259,0.174288,0.366541,0.514185,0.383598,0.265708,0.423527,0.432874,0.550287,0.68982,0.345269,0.31699,0.478342,0.301662,0.299434,0.334975,0.360821,0.395402,0.672202,0.571397,0.261331,0.308592,0.052143,0.023829,0.238313,0.228355,0.54693,0.445931,0.14818,0.32095,0.508218,0.518359,0.276351,0.379346,0.30689,0.312914,0.577319,0.302905,0.19309,0.395239,0.688482,1.0,0.478688,0.355396,0.427313,0.389051,0.199972,0.353225,0.627454,0.004644,0.082726,0.221265,0.032419,0.437378,0.29175,0.292052,0.357581,0.325223,0.280515,0.403992,0.567494,0.232075,0.369525,0.212083,0.325149,0.230169,0.211891,0.44917,0.344527,0.295352,0.13748,0.496248,0.795313,0.53787,0.477685,0.325291,0.482393,0.070751,0.138675,0.099997,0.174825,0.127263,0.387896,0.139292,0.350612,0.378951,0.479712,0.480487,0.250415,0.277786,0.193113,0.061062,0.247816,0.279364,0.172183,0.393162,0.354689,0.288075,0.335744,0.899775,0.480621,0.454785,0.420164,0.768787,0.686639,0.273911,0.089282,0.35924,0.304482,0.29272,0.281856,0.25652,0.216105,0.505281,0.552771,0.384033,0.369851,0.287676,0.285901,0.216038,0.484594,0.287545,0.0,0.456567,0.364443,0.655511,0.452888,0.54519,0.645816,0.678622,0.532951,0.618535,0.472729,0.747114,0.388536,0.431691,0.638635,0.47369,0.117463,0.138965,0.376995,0.143998,0.500596,0.202736,0.374962,0.160072,0.353082,0.226452,0.519508,0.631303,0.309826,0.385903,0.410631,0.311345,0.465646,0.317063,0.299403,0.312312,0.145887,0.269488,0.182093,0.118294,0.701446,0.430808,0.70448,0.346865,0.516454,0.742294,0.720416,0.459125,0.685211,0.46223,0.567406,0.539062,0.471227,0.235018,0.295853,0.168657,0.320493,0.337673,0.301078,0.587236,0.516448,0.294059,0.364677,0.11038,0.38042,0.590273,0.264586,0.402769,0.293511,0.400791,0.482164,0.557671,0.591628,0.53114,0.838686,0.283323,0.389158,0.598246,0.846445,0.322323,0.401333,0.292617,0.145768,0.067466,0.476885,0.544288,0.223924,0.402844,0.432539,0.178818,0.270858,0.223662,0.307381,0.333547,0.655201,0.458401,0.72742,0.314244,0.290317,0.715322,0.259231,0.588973,0.314163,0.548954,0.161173,0.198327,0.440936,0.344393,0.184327,0.146024,0.1992,0.238859,0.385393,0.124612,0.441951,0.242259,0.414651,0.128848,0.331365,0.203056,0.169544,0.486934,0.4365,0.27612,0.420701,0.596443,0.409528,0.244541,0.284904,0.366151,0.504371,0.363625,0.32177,0.132819,0.10739,0.174282,0.478859,0.152818,0.267378,0.219301,0.36866,0.31022,0.465173,0.553362,0.665047,0.442228,0.380606,0.297703,0.379478,0.248095,0.39997
sedu_ama5_2025t3-D111_M-05,0.183939,0.390775,0.303707,0.49992,0.165599,0.452134,0.433082,0.221125,0.62993,0.188863,0.596434,0.517113,1.0,0.690331,0.416765,0.128331,0.242947,0.312431,0.514439,0.142408,0.34492,0.371373,0.267221,0.309939,0.254829,0.420735,0.272585,0.106637,0.243439,0.497498,0.14557,0.298518,0.289022,0.517173,0.273243,0.859323,0.661986,0.408253,0.323376,0.162513,0.33423,0.454057,0.073883,0.344216,0.361787,0.145328,0.368137,0.251717,0.277152,0.102528,0.090208,0.190715,0.062013,0.333806,0.124624,0.094382,0.700324,0.873225,0.856042,0.448102,0.680895,0.472203,0.510292,0.454997,0.392264,0.710987,0.32171,0.359788,0.328902,0.048916,0.236733,0.145149,0.239373,0.25801,0.217256,0.150309,0.163288,0.399483,0.189169,0.126789,0.187433,0.31637,0.462413,0.171842,0.207494,0.238005,0.078334,0.22015,0.626448,0.455835,0.694498,0.564499,0.409808,0.619454,0.264043,0.255135,0.185243,0.024608,0.156278,0.238296,0.122612,0.326159,0.239471,0.335004,0.390513,0.11836,0.205792,0.060292,0.0,0.145777,0.121385,0.208072,0.299144,0.245291,0.589954,0.739604,0.76449,0.666212,0.531392,0.254961,0.820734,0.64698,0.191035,0.127797,0.093504,0.228348,0.16443,0.251825,0.15769,0.269406,0.22226,0.280814,0.272633,0.213483,0.306172,0.102391,0.148234,0.31683,0.102892,0.042395,0.358361,0.437038,0.494525,0.525599,0.673936,0.556248,0.694955,0.717942,0.587846,0.357888,0.901886,0.442811,0.461395,0.555392,0.455424,0.186378,0.357785,0.18965,0.138425,0.458459,0.023466,0.10641,0.091298,0.326457,0.370133,0.244148,0.368782,0.248106,0.376247,0.184791,0.301563,0.265095,0.480389,0.126143,0.338556,0.215517,0.211039,0.114368,0.46519,0.795682,0.693115,0.76972,0.433878,0.674922,0.613186,0.745388,0.430453,0.725819,0.328929,0.567191,0.502902,0.380306,0.568891,0.329467,0.188817,0.195925,0.27958,0.348167,0.423523,0.284308,0.20934,0.329969,0.256201,0.458679,0.430324,0.149688,0.36497,0.299682,0.39949,0.235471,0.610065,0.67999,0.48882,0.602108,0.702445,0.460639,0.614389,0.838157,0.135215,0.419162,0.146253,0.145133,0.059878,0.261437,0.508096,0.318812,0.336347,0.420598,0.165185,0.34046,0.226033,0.036583,0.425964,0.60618,0.519477,0.522246,0.554077,0.182151,0.598268,0.39962,0.709927,0.465786,0.63001,0.172585,0.217394,0.232605,0.19434,0.231805,0.024501,0.149545,0.094825,0.580898,0.069699,0.247076,0.157222,0.212868,0.199645,0.362969,0.230635,0.323113,0.331499,0.53698,0.382954,0.416532,0.477377,0.178644,0.264731,0.24832,0.384804,0.295151,0.477638,0.185015,0.311531,0.372325,0.403979,0.361064,0.171043,0.246343,0.177714,0.389878,0.336929,0.43067,0.795075,0.453976,0.59104,0.362799,0.352737,0.726126,0.349151,0.241945
sedu_ama5_2025t3-D111_M-06,0.131516,0.619684,0.399645,0.269715,0.246157,0.558685,0.396138,0.462509,0.567736,0.288946,0.626266,0.649207,0.628102,0.736382,0.24208,0.345534,0.307692,0.359293,0.209316,0.285896,0.587375,0.288313,0.205022,0.289692,0.389502,0.278902,0.501471,0.424265,0.486812,0.607718,0.241839,0.376646,0.358669,0.43726,0.626493,0.610004,0.726455,0.315213,0.040191,0.427777,0.226213,0.211053,0.054639,0.641285,0.268706,0.069146,0.174588,0.3467,0.520043,0.241553,0.453541,0.433092,0.325889,0.52797,0.315258,0.202624,0.641702,0.639711,1.0,0.735937,0.640157,0.314364,0.225876,0.08039,0.0612,0.694716,0.209681,0.234904,0.245003,0.164617,0.656197,0.357669,0.293476,0.193605,0.128642,0.348148,0.458079,0.598138,0.376838,0.510961,0.362941,0.215833,0.133931,0.127106,0.316978,0.434915,0.372434,0.022492,0.69816,0.822073,0.687993,0.680684,0.174402,0.627365,0.259431,0.090285,0.266337,0.338893,0.207204,0.483517,0.267422,0.176573,0.285305,0.47544,0.430939,0.33636,0.441547,0.245903,0.11997,0.432846,0.282719,0.27962,0.399408,0.463856,0.483938,0.574103,0.865377,0.604481,0.67375,0.33196,0.704531,0.222501,0.219833,0.150998,0.438377,0.379741,0.222178,0.167322,0.323375,0.288634,0.242803,0.514451,0.5018,0.324755,0.289419,0.371929,0.222224,0.356798,0.430785,0.115106,0.492545,0.668194,0.633439,0.507029,0.612584,0.655593,0.771836,0.507077,0.758112,0.394318,0.740565,0.52836,0.281846,0.653905,0.620231,0.151318,0.401657,0.55261,0.459068,0.617738,0.228756,0.483921,0.360688,0.320026,0.406797,0.640052,0.829534,0.502714,0.422347,0.539802,0.285474,0.485643,0.260557,0.326393,0.325032,0.192473,0.341699,0.319609,0.314004,0.868284,0.604285,0.685608,0.491662,0.57329,0.53879,0.703097,0.477785,0.687648,0.351808,0.378327,0.588796,0.661566,0.338439,0.360954,0.174337,0.503525,0.506503,0.140361,0.447131,0.516371,0.373562,0.192639,0.22105,0.514421,0.749741,0.360198,0.56975,0.403393,0.473028,0.508135,0.441715,0.541078,0.600338,0.749808,0.454378,0.524016,0.333396,0.682251,0.263186,0.595119,0.350742,0.196146,0.044417,0.67264,0.473489,0.050803,0.224911,0.288811,0.356285,0.456369,0.221009,0.362818,0.406952,0.719764,0.623168,0.714403,0.433948,0.433376,0.689064,0.514744,0.754828,0.103175,0.426682,0.224489,0.384267,0.654213,0.550622,0.264091,0.280349,0.0,0.232008,0.400059,0.265986,0.360692,0.44626,0.665373,0.301707,0.484687,0.445804,0.214804,0.267082,0.458418,0.265426,0.487248,0.449882,0.605258,0.264532,0.323623,0.188374,0.36836,0.452816,0.405174,0.425221,0.421607,0.427092,0.544094,0.260355,0.372369,0.453165,0.525961,0.494362,0.379203,0.393804,0.59879,0.654647,0.435943,0.426414,0.426956,0.343905,0.28605
sedu_ama5_2025t3-D112_M-01,0.338103,0.46627,0.473736,0.297575,0.504567,0.590305,0.693517,0.688605,0.557362,0.608132,0.441789,0.41775,0.824803,0.979175,0.315019,0.126515,0.249115,0.272019,0.442029,0.102796,0.454461,0.336822,0.540986,0.308306,0.463558,0.701605,0.577133,0.709065,0.729685,0.630883,0.511383,0.541575,0.698626,0.389778,0.412117,0.782459,0.916416,0.485985,0.167805,0.158797,0.222399,0.401325,0.164372,0.399831,0.396017,0.40234,0.681657,0.5258,0.653355,0.567828,0.610646,0.799005,0.538536,0.890038,0.615147,0.492036,0.537588,0.857716,0.927923,0.845405,0.767031,0.331712,0.206192,0.371028,0.24864,0.686749,0.127839,0.327866,0.42513,0.115219,0.610529,0.317329,0.370128,0.501053,0.547446,0.541752,0.634798,0.443961,0.585339,0.610763,0.388657,0.610788,0.576423,0.59167,0.642087,0.611439,0.500423,0.449307,0.692627,0.69488,0.923805,0.917987,0.28546,0.847523,0.147372,0.254679,0.209773,0.218429,0.164055,0.398948,0.245808,0.534545,0.5478,0.667486,0.663058,0.618166,0.371486,0.595106,0.580208,0.614564,0.440493,0.507062,0.460604,0.543428,0.605891,0.698672,0.781609,0.788486,0.84336,0.401593,0.827565,0.500928,0.143106,0.093043,0.259682,0.304333,0.580961,0.496705,0.448861,0.46281,0.71856,0.575158,0.676299,0.60035,0.525887,0.637021,0.531528,0.443016,0.354127,0.475566,0.588782,0.862036,0.807536,0.786816,0.943081,0.951746,0.887802,0.733816,0.588388,0.515049,0.890174,0.515363,0.2901,0.560415,0.616314,0.212649,0.474064,0.329518,0.242098,0.453037,0.558183,0.357095,0.47741,0.558268,0.404899,0.564806,0.63216,0.67859,0.614505,0.67476,0.622889,0.64514,0.46453,0.556198,0.730465,0.5372,0.604496,0.65818,0.834287,0.96189,0.809221,0.84261,0.813249,0.890541,0.801065,0.863431,0.731326,0.816485,0.305615,0.715064,1.0,0.903687,0.578741,0.137591,0.127797,0.219503,0.238016,0.370965,0.484654,0.68241,0.34228,0.429078,0.589867,0.817414,0.734201,0.539048,0.617375,0.517253,0.693548,0.458309,0.983608,0.79374,0.576794,0.76826,0.768441,0.860404,0.398581,0.782351,0.380627,0.424107,0.247679,0.206678,0.0,0.28736,0.814897,0.504541,0.501232,0.5104,0.247762,0.475181,0.29128,0.420926,0.6902,0.968587,0.820619,0.775727,0.858098,0.772663,0.661882,0.619934,0.694949,0.230532,0.624445,0.114795,0.314173,0.397923,0.242435,0.31945,0.210557,0.129137,0.263632,0.70389,0.059824,0.217672,0.184432,0.361106,0.514126,0.5485,0.421311,0.480622,0.468903,0.633234,0.467874,0.739017,0.630114,0.68922,0.249042,0.24372,0.275178,0.283436,0.282068,0.429396,0.722709,0.734557,0.510302,0.554221,0.299381,0.391496,0.290659,0.737764,0.717249,0.570934,0.74477,0.732032,0.692893,0.550885,0.564949,0.69915,0.311008,0.270637
sedu_ama5_2025t3-D112_M-02,0.300643,0.428088,0.377996,0.308455,0.369283,0.471023,0.534686,0.554846,0.601033,0.481406,0.488654,0.406095,0.808122,1.0,0.275224,0.089854,0.255155,0.33298,0.266481,0.026205,0.434504,0.311839,0.41991,0.241254,0.374293,0.448149,0.486444,0.52464,0.572399,0.529694,0.352452,0.507958,0.51201,0.415055,0.430256,0.825885,0.943988,0.474043,0.060469,0.136056,0.220468,0.190203,0.034158,0.362298,0.331217,0.343375,0.524789,0.43731,0.537425,0.456993,0.502872,0.608873,0.443828,0.698224,0.45528,0.455152,0.624529,0.85894,0.924418,0.838135,0.795758,0.286949,0.166135,0.305147,0.127646,0.743034,0.143479,0.256702,0.160422,0.034714,0.5163,0.265352,0.328168,0.389933,0.444519,0.441189,0.532652,0.382364,0.499957,0.549127,0.279088,0.480825,0.36016,0.434726,0.501237,0.507572,0.414396,0.336778,0.726785,0.69605,0.883381,0.824808,0.254174,0.929966,0.140219,0.180776,0.26174,0.14912,0.100591,0.420666,0.233242,0.435904,0.454959,0.612571,0.557751,0.528736,0.378216,0.466215,0.43752,0.517285,0.351034,0.453429,0.297687,0.471794,0.563706,0.675145,0.800975,0.815176,0.756223,0.335177,0.758182,0.491949,0.059384,0.004703,0.324898,0.315233,0.492114,0.416672,0.3839,0.368939,0.536676,0.472545,0.582783,0.5135,0.441943,0.542292,0.409383,0.295327,0.302332,0.38029,0.493638,0.764382,0.74706,0.699493,0.864604,0.839188,0.800848,0.639317,0.530747,0.428188,0.867618,0.487631,0.216316,0.617097,0.671787,0.172601,0.391487,0.338679,0.272907,0.424188,0.37064,0.308544,0.359853,0.396839,0.316032,0.427324,0.532917,0.569677,0.496075,0.561023,0.495544,0.478725,0.54044,0.48017,0.619327,0.442105,0.521023,0.538067,0.633701,0.930169,0.783976,0.869404,0.662137,0.748638,0.734879,0.773021,0.612859,0.818752,0.274077,0.608961,0.88104,0.854582,0.584325,0.104655,0.21284,0.23531,0.260652,0.285314,0.459403,0.522173,0.332312,0.315747,0.446704,0.689318,0.639625,0.397584,0.525396,0.390567,0.6443,0.386392,0.753878,0.682662,0.560621,0.70402,0.720625,0.781198,0.29476,0.694481,0.326514,0.44776,0.214899,0.261595,0.0,0.334537,0.679561,0.407106,0.353533,0.369646,0.24694,0.404939,0.217844,0.334818,0.593684,0.807155,0.754785,0.695347,0.70723,0.586851,0.65639,0.602776,0.798002,0.286648,0.50552,0.058015,0.262341,0.423468,0.241881,0.353945,0.197153,0.094148,0.213895,0.669844,0.022843,0.1696,0.184593,0.361568,0.459072,0.486904,0.44083,0.465679,0.360664,0.603561,0.419932,0.623229,0.603076,0.613654,0.266139,0.17502,0.238055,0.258081,0.21801,0.437758,0.614686,0.691959,0.514578,0.547127,0.292128,0.356211,0.394291,0.665232,0.627244,0.467853,0.618652,0.620332,0.715436,0.426294,0.491471,0.614762,0.363983,0.274287
sedu_ama5_2025t3-D112_M-03,0.213483,0.457479,0.41411,0.459535,0.39605,0.573641,0.550698,0.586566,0.505142,0.400806,0.452712,0.375051,0.827655,0.952773,0.263112,0.261996,0.390748,0.553902,0.268722,0.091216,0.496567,0.373838,0.439056,0.432795,0.343545,0.532276,0.578776,0.534291,0.649482,0.656986,0.370447,0.485904,0.568814,0.431409,0.485321,0.800997,0.867531,0.534131,0.217505,0.238294,0.255037,0.141408,0.110491,0.393586,0.486284,0.458868,0.540831,0.590244,0.488947,0.480091,0.492309,0.650786,0.469338,0.699071,0.32642,0.302686,0.746055,0.9091,0.945896,0.765349,0.715781,0.29681,0.345132,0.420869,0.211871,0.72425,0.278104,0.308276,0.174341,0.053622,0.573061,0.285876,0.447128,0.647649,0.551804,0.47778,0.397789,0.331295,0.461281,0.44329,0.381834,0.329352,0.36644,0.419658,0.428392,0.374012,0.269515,0.368967,0.68561,0.666227,0.840776,0.786922,0.313824,0.816342,0.27742,0.123853,0.300627,0.048191,0.102068,0.457632,0.251184,0.60347,0.496398,0.443353,0.494059,0.459552,0.419953,0.444865,0.392127,0.522294,0.273066,0.406762,0.288296,0.434494,0.674776,0.744881,0.877275,0.846446,0.683447,0.422868,0.696319,0.500893,0.191597,0.080353,0.338748,0.316112,0.472595,0.368314,0.511006,0.362144,0.481992,0.565668,0.455884,0.460055,0.477569,0.493034,0.447972,0.500078,0.3439,0.316619,0.501312,0.806285,0.813753,0.660931,0.904423,0.680618,0.825296,0.731745,0.535266,0.57609,0.85315,0.617235,0.28404,0.638827,0.467757,0.249054,0.408564,0.38304,0.382335,0.433059,0.421384,0.307505,0.394976,0.583129,0.282185,0.433786,0.627508,0.404879,0.527456,0.560399,0.475426,0.573479,0.408636,0.383985,0.54845,0.302493,0.451756,0.322227,0.798277,1.0,0.838105,0.89928,0.659453,0.946135,0.773226,0.937405,0.762972,0.800996,0.369541,0.654458,0.854911,0.774782,0.847776,0.205128,0.165308,0.340324,0.28585,0.505023,0.370898,0.579728,0.350964,0.222235,0.427807,0.762385,0.717159,0.276306,0.504721,0.419982,0.524301,0.393208,0.802284,0.820143,0.692866,0.750773,0.731936,0.861697,0.412018,0.805732,0.402762,0.468197,0.101943,0.220665,0.0,0.343701,0.689682,0.432482,0.44515,0.568738,0.20068,0.298727,0.231945,0.294317,0.469693,0.789422,0.776491,0.696943,0.877069,0.589559,0.638221,0.683198,0.790499,0.280228,0.670636,0.04837,0.341526,0.446338,0.312881,0.246134,0.262739,0.190142,0.172353,0.647668,0.067834,0.246077,0.204419,0.374779,0.532957,0.508706,0.274301,0.362845,0.386449,0.731591,0.439984,0.74004,0.72951,0.52723,0.289412,0.274946,0.353151,0.248959,0.230883,0.418889,0.501212,0.524801,0.389232,0.48649,0.157706,0.386731,0.27439,0.587038,0.513173,0.451915,0.82205,0.68861,0.588428,0.39032,0.375431,0.735242,0.254682,0.202925
sedu_ama5_2025t3-D112_M-04,0.33576,0.367608,0.365286,0.243059,0.441454,0.41297,0.570896,0.542667,0.342967,0.358629,0.373719,0.337848,0.681185,0.899225,0.267486,0.011192,0.223985,0.371023,0.288068,0.01322,0.386982,0.225699,0.468583,0.25337,0.318378,0.5259,0.35876,0.479269,0.704937,0.635739,0.3701,0.310641,0.408439,0.306173,0.315517,0.654572,0.824664,0.503026,0.223808,0.164141,0.213097,0.219753,0.075112,0.318409,0.274249,0.360074,0.596719,0.423759,0.512613,0.452721,0.395951,0.693931,0.432841,0.669252,0.325896,0.356667,0.451191,0.713627,0.705156,0.736303,0.721639,0.358219,0.305715,0.391043,0.228133,0.599611,0.183587,0.242675,0.245676,0.010025,0.573751,0.220246,0.272198,0.457837,0.531171,0.408544,0.467802,0.323109,0.512147,0.416157,0.364815,0.59325,0.519221,0.400902,0.365487,0.382002,0.32783,0.37979,0.622784,0.484659,0.894384,0.782634,0.27415,0.866333,0.111322,0.15478,0.240051,0.237182,0.061618,0.230623,0.173527,0.504631,0.49529,0.558785,0.586018,0.563604,0.361567,0.461168,0.487034,0.448923,0.275389,0.357525,0.391984,0.415831,0.444426,0.722986,0.619443,0.746625,0.852556,0.329016,0.650249,0.422319,0.083959,0.043026,0.147484,0.194526,0.581543,0.463976,0.354072,0.41165,0.525413,0.441845,0.414378,0.534034,0.562763,0.576501,0.524067,0.430003,0.344694,0.371068,0.475789,0.858494,0.638668,0.655633,0.871584,0.847751,0.867341,0.76783,0.504054,0.441977,0.871311,0.585458,0.375538,0.495727,0.507586,0.210988,0.321755,0.245945,0.223991,0.284004,0.507849,0.285147,0.352264,0.525662,0.385615,0.384898,0.498401,0.40095,0.537063,0.546269,0.511726,0.563143,0.346311,0.260594,0.581625,0.375734,0.439774,0.521925,0.824403,0.813333,0.656287,0.688127,0.715602,0.92424,0.739215,0.866374,0.594196,0.830254,0.248165,0.695421,1.0,0.776646,0.546162,0.078846,0.031802,0.166641,0.20528,0.327461,0.387452,0.625306,0.354195,0.359,0.409963,0.804748,0.640278,0.44392,0.463077,0.36699,0.572824,0.412074,0.954896,0.814135,0.561247,0.667579,0.645118,0.785517,0.31701,0.763457,0.354485,0.362431,0.033904,0.050765,0.028548,0.172871,0.781931,0.483029,0.489621,0.454391,0.248002,0.269765,0.193669,0.314394,0.441529,0.782032,0.794708,0.754517,0.742076,0.49284,0.598837,0.551281,0.576938,0.273359,0.524002,0.0,0.216911,0.34819,0.198629,0.249624,0.071745,0.073094,0.140746,0.479352,0.098852,0.28087,0.116365,0.228332,0.43579,0.528244,0.266375,0.340631,0.299246,0.492237,0.362446,0.625689,0.501734,0.533607,0.139538,0.131099,0.235223,0.286999,0.244079,0.308335,0.607718,0.650645,0.278281,0.331068,0.107366,0.248112,0.153632,0.54805,0.511343,0.537676,0.524063,0.587117,0.64041,0.365793,0.359854,0.63973,0.214662,0.141752
sedu_ama5_2025t3-D112_M-05,0.237421,0.411126,0.386628,0.362412,0.33572,0.417402,0.409851,0.394926,0.586065,0.384777,0.675918,0.605675,0.878852,0.902639,0.408092,0.158142,0.264745,0.231404,0.226232,0.150313,0.525608,0.27311,0.405209,0.325098,0.385941,0.386214,0.398981,0.349303,0.430904,0.496917,0.303226,0.434185,0.498425,0.53555,0.420314,0.85097,0.840739,0.504099,0.219072,0.17112,0.201049,0.180925,0.140106,0.499944,0.368893,0.242544,0.427207,0.336079,0.450716,0.218671,0.302863,0.428255,0.280838,0.481525,0.323736,0.224871,0.671547,0.886223,1.0,0.820246,0.730705,0.22963,0.243798,0.2968,0.271702,0.821321,0.162905,0.217792,0.191304,0.078627,0.560478,0.325773,0.331215,0.387926,0.252604,0.263441,0.325295,0.334662,0.333364,0.404197,0.294412,0.330849,0.218395,0.336802,0.373174,0.300041,0.282697,0.18201,0.790078,0.796377,0.848274,0.764889,0.326092,0.702475,0.127319,0.180892,0.27173,0.084813,0.151931,0.427213,0.207544,0.38112,0.337401,0.417048,0.466752,0.427216,0.26377,0.246127,0.208819,0.390605,0.25589,0.22622,0.315875,0.345488,0.603335,0.667074,0.926104,0.783084,0.705102,0.400489,0.737269,0.497049,0.151343,0.058272,0.32211,0.239586,0.322323,0.371257,0.24011,0.291586,0.400913,0.419311,0.42191,0.373447,0.236502,0.322475,0.266139,0.347838,0.225192,0.139289,0.403429,0.717414,0.852547,0.723921,0.838854,0.81375,0.768492,0.686451,0.561063,0.414197,0.881181,0.532288,0.318151,0.744552,0.525173,0.111521,0.471973,0.355887,0.283544,0.560057,0.242007,0.236113,0.353267,0.338197,0.291188,0.389993,0.552912,0.386138,0.366709,0.511586,0.346313,0.383287,0.362207,0.331481,0.453918,0.28126,0.4043,0.310267,0.577118,0.923133,0.736018,0.7607,0.597574,0.715598,0.749,0.717227,0.645134,0.674719,0.237174,0.552616,0.710163,0.680832,0.500933,0.167132,0.142317,0.260134,0.335524,0.22498,0.439495,0.405995,0.262078,0.178916,0.271138,0.555804,0.594009,0.285041,0.518622,0.37599,0.504536,0.39363,0.71049,0.678899,0.589828,0.721954,0.621685,0.685537,0.387211,0.656469,0.298539,0.497177,0.209207,0.247092,0.0,0.340993,0.548796,0.264398,0.300401,0.294812,0.144037,0.346198,0.327606,0.372721,0.399454,0.754042,0.646325,0.686929,0.612788,0.41234,0.573047,0.549856,0.788693,0.400337,0.497195,0.11153,0.357137,0.468419,0.285873,0.306526,0.263505,0.152435,0.223013,0.592815,0.056024,0.30769,0.202882,0.240738,0.28958,0.378487,0.326665,0.262822,0.335581,0.527784,0.300564,0.540916,0.574131,0.449199,0.243014,0.177926,0.188398,0.319808,0.25735,0.36758,0.430408,0.448024,0.39343,0.497602,0.177767,0.396026,0.351476,0.524007,0.50669,0.453385,0.669978,0.61229,0.663829,0.394236,0.430401,0.629239,0.272814,0.296882
sedu_ama5_2025t3-D112_M-06,0.284061,0.704075,0.522019,0.640002,0.41778,0.724968,0.798782,0.85382,0.786943,0.492623,0.514521,0.517511,0.844179,0.994191,0.349545,0.197969,0.277908,0.42059,0.671611,0.0,0.868392,0.584264,0.457612,0.424359,0.49933,0.655225,0.74451,0.656043,0.863685,0.796251,0.392533,0.568813,0.624488,0.457579,0.725144,0.840704,0.988976,0.507195,0.235034,0.2003,0.245633,0.491661,0.033115,0.732449,0.646569,0.565654,0.516152,0.745316,0.616181,0.689341,0.717859,0.810484,0.456483,0.630127,0.482378,0.543102,0.767243,0.86367,0.947961,0.932821,0.938112,0.324519,0.174367,0.394101,0.334475,0.942135,0.349499,0.38688,0.435757,0.096741,0.800525,0.597162,0.676643,0.533819,0.613011,0.624757,0.726249,0.588229,0.719558,0.58636,0.624849,0.422153,0.537552,0.409387,0.465341,0.645888,0.518461,0.267294,0.782521,0.753064,0.954472,0.917224,0.326661,0.832633,0.416264,0.249927,0.489979,0.226074,0.103284,0.826096,0.606746,0.56538,0.603315,0.609239,0.621856,0.588885,0.553194,0.619685,0.542,0.649067,0.413068,0.443005,0.491099,0.420044,0.704208,0.590271,0.883454,1.0,0.794643,0.353263,0.91635,0.436886,0.160982,0.007801,0.626821,0.669952,0.643739,0.52041,0.601478,0.475244,0.549512,0.539521,0.61142,0.607975,0.477412,0.582687,0.47297,0.452602,0.510643,0.421471,0.538346,0.712785,0.734737,0.801976,0.823029,0.824756,0.934744,0.845237,0.648713,0.505274,0.889666,0.593284,0.387478,0.665475,0.68009,0.121227,0.763184,0.618156,0.743775,0.566627,0.506149,0.528027,0.609602,0.488383,0.503272,0.535063,0.654593,0.55897,0.471821,0.691893,0.513611,0.490159,0.423509,0.565404,0.672281,0.460752,0.584486,0.537767,0.681822,0.926732,0.954901,0.887957,0.718364,0.719079,0.651037,0.902426,0.680916,0.854959,0.410822,0.509434,0.867482,0.824809,0.526932,0.214601,0.223264,0.495078,0.552175,0.633355,0.496316,0.653128,0.479136,0.350403,0.57776,0.606636,0.763745,0.498446,0.647531,0.468425,0.659838,0.52093,0.664246,0.811405,0.690083,0.785981,0.933546,0.759686,0.280532,0.65423,0.225193,0.799136,0.351428,0.214462,0.069406,0.497958,0.527909,0.330696,0.547789,0.600332,0.430337,0.523055,0.235273,0.375996,0.7241,0.830178,0.795336,0.676805,0.773948,0.664541,0.845079,0.57623,0.917988,0.379243,0.630954,0.09016,0.636714,0.608861,0.476446,0.494318,0.453581,0.325379,0.302104,0.773581,0.107637,0.272155,0.348125,0.604171,0.74997,0.607221,0.596446,0.552947,0.402602,0.694414,0.578084,0.698722,0.679531,0.695509,0.241808,0.178282,0.348906,0.270605,0.470965,0.467556,0.757327,0.783072,0.55291,0.731782,0.528389,0.686597,0.616624,0.817259,0.772536,0.652086,0.706916,0.700544,0.773692,0.66847,0.539508,0.755883,0.505209,0.268706
sedu_ama5_2025t3-D113_M-01,0.124281,0.342309,0.425438,0.379656,0.26527,0.472474,0.407756,0.587126,0.592521,0.360833,0.540231,0.491608,0.82739,0.866711,0.333888,0.109131,0.112868,0.211325,0.227044,0.080871,0.479951,0.412471,0.268244,0.317161,0.403856,0.326136,0.495123,0.387978,0.624746,0.661922,0.204697,0.401601,0.410929,0.488493,0.35201,0.805152,0.847848,0.526411,0.122479,0.05924,0.210258,0.098891,0.005549,0.552413,0.415542,0.243219,0.302228,0.467516,0.439446,0.351821,0.398079,0.517078,0.299898,0.495454,0.229621,0.370278,0.810751,0.843801,0.828243,0.765117,0.852101,0.298273,0.288465,0.335737,0.155942,0.895937,0.174852,0.205163,0.127612,0.044404,0.553813,0.374412,0.411859,0.314838,0.351792,0.358318,0.499775,0.305974,0.448438,0.440438,0.368774,0.268999,0.254184,0.183654,0.307442,0.438985,0.394475,0.227236,0.84083,0.656906,0.766344,0.847468,0.253234,0.909866,0.149943,0.180344,0.198137,0.0,0.080962,0.548993,0.250193,0.303906,0.260588,0.453907,0.345271,0.299608,0.241598,0.332054,0.286,0.404138,0.367259,0.353695,0.396218,0.418362,0.615165,0.661853,0.764529,0.85398,0.846163,0.327264,0.83571,0.489229,0.181154,0.03109,0.346434,0.355586,0.320219,0.23322,0.266345,0.306258,0.323725,0.464493,0.401892,0.36102,0.296323,0.401692,0.26586,0.345637,0.207286,0.285121,0.460522,0.660042,0.69383,0.625601,0.744246,0.765636,0.955286,0.672602,0.543919,0.421305,1.0,0.594434,0.366474,0.66683,0.707833,0.157031,0.298252,0.375864,0.347512,0.413909,0.267987,0.191354,0.334582,0.346842,0.29407,0.332934,0.482898,0.366956,0.432442,0.379679,0.367231,0.322556,0.489909,0.374779,0.399535,0.27649,0.493497,0.402318,0.631325,0.879749,0.89809,0.824046,0.565264,0.767738,0.701099,0.815096,0.595902,0.805636,0.328829,0.526141,0.779674,0.704352,0.519811,0.177527,0.218383,0.305994,0.344748,0.390507,0.381786,0.469445,0.251294,0.145716,0.317546,0.65286,0.636802,0.343032,0.422181,0.275241,0.631009,0.358956,0.724529,0.654743,0.541846,0.622984,0.804003,0.719481,0.300045,0.707396,0.289932,0.585995,0.152062,0.210339,0.03123,0.357453,0.646451,0.310137,0.311828,0.348164,0.11279,0.342849,0.206107,0.325464,0.490682,0.687974,0.626164,0.660844,0.667278,0.447538,0.667483,0.52474,0.970389,0.309701,0.487534,0.132814,0.359249,0.348944,0.300879,0.406195,0.29102,0.175848,0.192177,0.745125,0.098227,0.228172,0.235192,0.284279,0.435474,0.435618,0.421178,0.419992,0.317928,0.558852,0.429592,0.536825,0.615964,0.423155,0.264498,0.206377,0.311283,0.202972,0.270827,0.346615,0.54017,0.617923,0.469534,0.466601,0.211983,0.355172,0.360337,0.616186,0.596123,0.480882,0.591429,0.638288,0.703806,0.374926,0.414309,0.769701,0.35155,0.250732
sedu_ama5_2025t3-D113_M-02,0.242854,0.39365,0.390868,0.317658,0.361366,0.46252,0.59972,0.649184,0.475416,0.41602,0.48032,0.434413,0.829604,0.979266,0.193672,0.139086,0.171405,0.303684,0.384667,0.079773,0.451847,0.248238,0.377493,0.286205,0.345107,0.576383,0.460076,0.559348,0.685126,0.77145,0.407453,0.48593,0.555519,0.35405,0.430249,0.748886,0.8885,0.463671,0.136386,0.166034,0.266184,0.321484,0.10063,0.335073,0.332327,0.190326,0.496941,0.395164,0.516378,0.480768,0.519522,0.666024,0.402305,0.71517,0.427209,0.398209,0.685859,0.865246,0.876884,0.779527,0.887049,0.324806,0.206053,0.315112,0.156338,0.731376,0.193413,0.289862,0.27941,0.051334,0.606235,0.219347,0.332139,0.348394,0.440355,0.48104,0.545881,0.445341,0.52367,0.501349,0.359294,0.523879,0.461853,0.38689,0.422553,0.475301,0.430881,0.323488,0.75343,0.577636,0.967359,0.990767,0.158454,0.8753,0.147728,0.056456,0.20547,0.253548,0.11565,0.356045,0.227296,0.387151,0.425548,0.57445,0.58787,0.479544,0.365977,0.493416,0.441174,0.51443,0.347963,0.463126,0.382904,0.510006,0.487792,0.729165,0.732838,0.769203,0.904338,0.262134,0.806006,0.407542,0.124284,0.091861,0.217091,0.260754,0.458545,0.377533,0.367932,0.434177,0.458774,0.528177,0.508287,0.487721,0.506258,0.56255,0.420529,0.444679,0.371283,0.369243,0.537855,0.817086,0.621902,0.604342,0.837252,0.809972,1.0,0.835084,0.647212,0.396259,0.92832,0.556914,0.349463,0.652187,0.583677,0.242264,0.379754,0.291855,0.27616,0.407486,0.435263,0.369313,0.338102,0.43756,0.468884,0.508021,0.598918,0.484756,0.595071,0.539702,0.450917,0.553902,0.391827,0.454058,0.615242,0.405831,0.500726,0.604221,0.752418,0.968215,0.913822,0.931164,0.787386,0.905615,0.810628,0.924608,0.580552,0.862625,0.290894,0.632106,0.974649,0.836466,0.589579,0.22,0.042084,0.165911,0.265593,0.277163,0.486203,0.641594,0.336262,0.452583,0.464669,0.840018,0.669474,0.506376,0.584599,0.435146,0.621951,0.464568,0.938535,0.830962,0.62751,0.752833,0.834095,0.800331,0.36383,0.806091,0.324344,0.402537,0.110824,0.103975,0.0,0.24698,0.707357,0.386556,0.467571,0.448074,0.306186,0.487752,0.14308,0.294856,0.589174,0.975911,0.869579,0.808987,0.887316,0.720996,0.684167,0.56042,0.767939,0.190045,0.554918,0.139711,0.347477,0.352342,0.194665,0.289043,0.208038,0.060471,0.191133,0.685396,0.033226,0.149519,0.129643,0.349793,0.506476,0.589466,0.383101,0.437482,0.32497,0.60458,0.410754,0.679714,0.610642,0.597031,0.236527,0.26914,0.294474,0.217503,0.319483,0.33436,0.680093,0.720864,0.434133,0.517738,0.276203,0.334678,0.262949,0.619218,0.57989,0.647543,0.662225,0.591395,0.676178,0.530548,0.522876,0.681336,0.279041,0.187724
sedu_ama5_2025t3-D113_M-03,0.220719,0.452372,0.559154,0.163265,0.375807,0.638822,0.574904,0.557468,0.424701,0.370099,0.336162,0.382779,0.562454,0.725305,0.393405,0.002582,0.100032,0.026791,0.202052,0.0,0.454684,0.32557,0.388742,0.337927,0.50115,0.437753,0.524541,0.56402,0.762207,0.561527,0.2912,0.254473,0.328533,0.306665,0.222388,0.610625,0.728134,0.642444,0.330323,0.152117,0.165218,0.186976,0.000225,0.553261,0.262895,0.246637,0.404427,0.561391,0.56886,0.452185,0.579147,0.806434,0.483929,0.639339,0.392198,0.487053,0.378784,0.638422,0.689933,0.793339,0.572775,0.597865,0.411193,0.463227,0.35681,0.574794,0.05517,0.222105,0.307019,0.061688,0.716879,0.457448,0.336263,0.200235,0.353979,0.452751,0.811689,0.495126,0.692802,0.71986,0.396877,0.602673,0.367216,0.296387,0.502282,0.694745,0.675617,0.388106,0.573106,0.752689,0.70235,0.719231,0.436981,0.94927,0.029796,0.356625,0.20422,0.179694,0.114719,0.504106,0.261114,0.288768,0.302968,0.642791,0.608805,0.539899,0.361201,0.510111,0.527603,0.627195,0.621897,0.437209,0.699991,0.680569,0.446421,0.541841,0.658129,0.662494,0.902591,0.607792,0.898984,0.598615,0.157024,0.054672,0.290722,0.275971,0.368187,0.31715,0.326809,0.34584,0.646999,0.526614,0.641506,0.554626,0.481013,0.695745,0.502177,0.415066,0.411941,0.582657,0.793505,0.874173,0.889639,0.749471,0.872564,0.862999,0.818982,0.594121,0.599627,0.54102,0.783833,0.5067,0.454735,0.458235,0.988915,0.253741,0.434884,0.361415,0.27277,0.42785,0.484547,0.399143,0.412066,0.459275,0.423536,0.518623,0.622866,0.647747,0.792704,0.536148,0.737602,0.549089,0.573508,0.302668,0.50765,0.519866,0.701434,0.728903,0.80017,0.679957,0.537731,0.604783,0.606403,0.868253,0.711954,0.753822,0.910607,0.883428,0.318598,0.761711,0.990967,0.920175,0.617637,0.155021,0.316412,0.280189,0.409104,0.353139,0.566528,0.79576,0.44626,0.431167,0.573899,0.783663,0.712958,0.685274,0.438916,0.349168,0.849785,0.528977,0.943068,0.60658,0.56423,0.700386,0.503665,0.874982,0.580857,0.803674,0.502964,0.504342,0.326168,0.387373,0.15084,0.364072,0.943063,0.360304,0.469066,0.404288,0.329442,0.700633,0.50222,0.668925,0.813376,0.715235,0.653074,0.812135,0.800885,0.668504,0.708733,0.568785,0.554887,0.426688,0.607746,0.241368,0.336499,0.435527,0.353184,0.462651,0.341673,0.376472,0.387716,0.519114,0.160939,0.402545,0.326442,0.298932,0.430705,0.694975,0.592041,0.634056,0.540572,0.450934,0.485798,0.712089,0.594527,0.695488,0.217997,0.268789,0.309865,0.485701,0.292156,0.622699,0.743078,0.861464,0.632395,0.625821,0.16792,0.45584,0.404818,0.854538,0.933386,0.555888,0.754865,0.772364,1.0,0.644082,0.798058,0.568638,0.569394,0.348149
sedu_ama5_2025t3-D113_M-04,0.239913,0.428962,0.478728,0.273983,0.352083,0.42436,0.517895,0.577886,0.625207,0.473264,0.536089,0.534682,0.804996,1.0,0.424058,0.131514,0.200723,0.299974,0.324889,0.035598,0.528961,0.238535,0.381588,0.201669,0.467719,0.434657,0.447284,0.541655,0.579276,0.632333,0.315042,0.513058,0.470875,0.390472,0.395474,0.785852,0.926425,0.396868,0.119216,0.146898,0.302978,0.269339,0.047581,0.454182,0.278889,0.277172,0.524363,0.374328,0.528176,0.387691,0.478944,0.601077,0.410454,0.69322,0.449181,0.417958,0.526482,0.85492,0.811302,0.840862,0.830374,0.357782,0.356133,0.291634,0.238138,0.723986,0.161301,0.334913,0.333982,0.091508,0.708558,0.387615,0.288858,0.33588,0.375265,0.346972,0.468165,0.371867,0.455924,0.537238,0.313644,0.549648,0.381535,0.391754,0.443483,0.457077,0.390824,0.242401,0.689385,0.568294,0.866619,0.806793,0.247781,0.854818,0.130204,0.205437,0.192581,0.289894,0.121947,0.471703,0.228101,0.384863,0.442001,0.670825,0.673245,0.515731,0.439711,0.377173,0.311251,0.512181,0.305041,0.473706,0.471246,0.535653,0.510676,0.659492,0.703806,0.724106,0.873939,0.440433,0.718712,0.536305,0.110926,0.025777,0.416619,0.30892,0.472257,0.349329,0.288206,0.421883,0.513072,0.491893,0.592922,0.494011,0.457366,0.590051,0.334817,0.41213,0.361555,0.272439,0.562479,0.772558,0.647681,0.635577,0.929184,0.850176,0.84151,0.559112,0.559446,0.485037,0.908856,0.5122,0.425101,0.48779,0.633004,0.162173,0.47321,0.398839,0.279313,0.497891,0.345271,0.363602,0.382836,0.441494,0.37584,0.473206,0.651176,0.530221,0.610451,0.592111,0.461115,0.543154,0.591886,0.328366,0.628509,0.45751,0.577028,0.561919,0.636711,0.986683,0.692844,0.708586,0.582311,0.816569,0.71281,0.879934,0.470206,0.843525,0.283379,0.716622,0.86264,0.830336,0.612094,0.062487,0.230987,0.230447,0.366949,0.291787,0.555115,0.608642,0.437105,0.435427,0.439306,0.748234,0.653766,0.507571,0.657737,0.474568,0.706465,0.444772,0.861887,0.58984,0.517932,0.721812,0.639294,0.756089,0.50747,0.954591,0.257898,0.518762,0.286128,0.302098,0.0,0.34837,0.694115,0.311955,0.333449,0.388775,0.333587,0.421237,0.291182,0.431729,0.602374,0.833603,0.717597,0.803295,0.791877,0.650561,0.64993,0.580242,0.673197,0.287288,0.549673,0.073158,0.404778,0.526967,0.250757,0.254834,0.340991,0.231384,0.11582,0.517418,0.089715,0.215678,0.171483,0.261936,0.396066,0.490775,0.367932,0.361162,0.338606,0.458789,0.330194,0.70188,0.516116,0.5729,0.180531,0.201662,0.33271,0.321725,0.318867,0.440056,0.589741,0.666534,0.462138,0.550081,0.207069,0.394087,0.451182,0.679835,0.689145,0.515422,0.637759,0.541651,0.679815,0.434934,0.451526,0.610562,0.418287,0.161831
sedu_ama5_2025t3-D113_M-05,0.224269,0.411539,0.495128,0.38978,0.475213,0.651376,0.635106,0.622312,0.371532,0.386158,0.467285,0.43066,0.604128,0.73926,0.333835,0.0,0.014486,0.137907,0.398246,0.121455,0.382085,0.386272,0.497141,0.373609,0.449102,0.47702,0.613516,0.638416,0.764021,0.693586,0.370592,0.316788,0.424277,0.376117,0.22166,0.652538,0.728303,0.556603,0.278702,0.034843,0.148831,0.171224,0.173038,0.418167,0.416367,0.351807,0.493259,0.616991,0.568483,0.65057,0.649938,0.785418,0.564819,0.691857,0.380227,0.496893,0.636201,0.669852,0.758266,0.744732,0.624337,0.429034,0.284335,0.416777,0.245416,0.657036,0.092619,0.215309,0.269902,0.146796,0.549136,0.363309,0.38745,0.45309,0.60135,0.627682,0.665583,0.481537,0.717266,0.624787,0.37031,0.479197,0.474373,0.305387,0.414361,0.691618,0.453114,0.438101,0.659815,0.593396,0.783279,0.733225,0.341494,0.918712,0.122035,0.277082,0.138322,0.046793,0.167537,0.454669,0.233938,0.511049,0.481722,0.595459,0.480066,0.492755,0.521506,0.587176,0.571474,0.573054,0.507187,0.575478,0.496649,0.65583,0.483504,0.576275,0.677829,0.701882,0.753771,0.540043,0.835788,0.60812,0.318315,0.173047,0.296378,0.331111,0.498637,0.360864,0.577744,0.397274,0.517635,0.599334,0.603601,0.504252,0.626505,0.608269,0.545625,0.510945,0.512977,0.573771,0.657419,0.728985,0.756039,0.614573,0.880533,0.73864,0.776271,0.639536,0.634514,0.665098,0.831508,0.730666,0.253535,0.39872,0.716358,0.444523,0.172074,0.348341,0.397992,0.305776,0.495352,0.507224,0.443348,0.592587,0.451029,0.504209,0.581943,0.595368,0.690808,0.527026,0.535895,0.546546,0.452288,0.415871,0.531327,0.403219,0.658506,0.592155,0.760536,0.702319,0.701119,0.838563,0.640192,1.0,0.76509,0.92781,0.619257,0.888303,0.499359,0.692038,0.938734,0.8562,0.725838,0.331842,0.165417,0.292082,0.264838,0.547507,0.461719,0.719559,0.436639,0.245281,0.58217,0.746426,0.715156,0.513538,0.388706,0.314891,0.677801,0.58431,0.839298,0.70179,0.639881,0.737025,0.653498,0.9106,0.380626,0.813157,0.516064,0.387544,0.129494,0.128649,0.114931,0.253618,0.876001,0.522212,0.533426,0.624663,0.364289,0.42562,0.273388,0.464532,0.652485,0.748086,0.786052,0.763844,0.850144,0.60073,0.651038,0.625773,0.709799,0.317698,0.754131,0.252762,0.278937,0.255495,0.249581,0.365222,0.267392,0.188504,0.306298,0.604439,0.142894,0.307717,0.218342,0.394758,0.644927,0.608062,0.46872,0.617849,0.477165,0.650784,0.499916,0.757952,0.759948,0.610947,0.40382,0.442383,0.466947,0.371636,0.241431,0.457339,0.624568,0.645227,0.402874,0.402306,0.284373,0.33543,0.313228,0.69142,0.640648,0.533692,0.771792,0.730408,0.693386,0.49735,0.496311,0.69601,0.418142,0.360739
sedu_ama5_2025t3-D113_M-06,0.222839,0.522184,0.650866,0.697304,0.446958,0.637414,0.526849,0.662469,0.600688,0.417403,0.669263,0.703462,0.766296,0.706801,0.488163,0.128335,0.076711,0.144947,0.404665,0.12503,0.454492,0.485261,0.44503,0.371144,0.598352,0.372865,0.690479,0.541154,0.83384,0.738296,0.269569,0.337676,0.423868,0.551931,0.376496,0.748152,0.715041,0.59822,0.160197,0.0,0.16537,0.103702,0.053491,0.608843,0.400853,0.424684,0.413336,0.73617,0.586391,0.528993,0.544483,0.725092,0.48553,0.655026,0.310969,0.471824,0.81315,0.792997,0.788989,0.689064,0.724524,0.492822,0.363234,0.427781,0.206718,0.90261,0.114754,0.279338,0.19813,0.255701,0.528559,0.551821,0.317875,0.543377,0.572988,0.451232,0.666205,0.300028,0.587093,0.459227,0.418742,0.464588,0.47003,0.222309,0.440617,0.643336,0.602927,0.276187,0.835783,0.638655,0.711635,0.653887,0.368538,0.908876,0.181305,0.307471,0.023216,0.066651,0.236334,0.441082,0.172548,0.478512,0.345936,0.610877,0.509467,0.4517,0.629512,0.432762,0.428916,0.540543,0.595016,0.41981,0.455864,0.57377,0.477144,0.530969,0.775723,0.673781,0.861261,0.527305,0.947943,0.482051,0.285006,0.042245,0.391131,0.320789,0.457872,0.280164,0.404723,0.203158,0.529902,0.575929,0.548135,0.531,0.435425,0.592116,0.507572,0.634939,0.498989,0.435989,0.559521,0.625105,0.693015,0.509025,0.589266,0.667661,0.893499,0.572617,0.539762,0.501401,1.0,0.74274,0.43109,0.576281,0.815373,0.2318,0.213146,0.519947,0.563794,0.328618,0.347994,0.500465,0.480152,0.47983,0.25043,0.563305,0.608434,0.498687,0.644249,0.53849,0.549544,0.458522,0.432594,0.34161,0.31323,0.270493,0.547568,0.393271,0.634578,0.77444,0.71739,0.756469,0.469293,0.690292,0.596908,0.654465,0.460493,0.662218,0.56699,0.621252,0.68906,0.642159,0.664045,0.249171,0.209771,0.456983,0.434192,0.535001,0.559167,0.717577,0.414082,0.102117,0.347721,0.58154,0.693724,0.315032,0.355021,0.204805,0.62385,0.520144,0.596207,0.5042,0.389898,0.684782,0.669345,0.715326,0.415176,0.812107,0.324044,0.617774,0.214212,0.24913,0.20659,0.350456,0.800989,0.385654,0.52999,0.484844,0.354574,0.344198,0.308014,0.447899,0.528296,0.727947,0.544679,0.602461,0.55082,0.519875,0.534856,0.448849,0.856062,0.403466,0.662748,0.198613,0.536148,0.283693,0.389372,0.435567,0.47942,0.259638,0.434149,0.680427,0.166051,0.4094,0.316066,0.322185,0.392818,0.480789,0.568024,0.498349,0.362772,0.547972,0.442699,0.549963,0.570301,0.550597,0.250638,0.279796,0.520888,0.399658,0.186626,0.49155,0.542422,0.596427,0.426671,0.530897,0.069491,0.25765,0.35018,0.725205,0.630175,0.428336,0.601042,0.518147,0.650472,0.443681,0.4475,0.712591,0.385772,0.24983
sedu_es_9ef-D01-01,0.581242,0.569326,0.614866,0.686896,0.729883,0.839728,0.819537,0.665448,0.620422,0.517978,0.892224,0.914666,0.926787,0.786032,0.496505,0.267347,0.295468,0.44253,0.845532,0.153313,0.455215,0.308546,0.745815,0.571114,0.560812,0.547952,0.752221,0.657787,0.850183,0.682731,0.49364,0.488183,0.626886,0.81177,0.816381,0.977427,0.873127,0.742547,0.330217,0.213415,0.446329,0.71592,0.170378,0.530729,0.394079,0.747707,0.80536,0.833738,0.803361,0.737374,0.605603,0.839754,0.691241,0.63355,0.579919,0.635559,0.946758,0.885268,0.959754,0.748331,0.741523,0.394849,0.460062,0.482353,0.307881,0.795809,0.554766,0.470892,0.756271,0.414303,0.689607,0.46605,0.343589,0.674202,0.783174,0.689578,0.629362,0.680769,0.739367,0.611429,0.546135,0.385745,0.754737,0.535898,0.51367,0.714074,0.592104,0.674625,1.0,0.784656,0.845566,0.800136,0.433342,0.948482,0.42698,0.326557,0.192609,0.148657,0.423716,0.426739,0.207293,0.764811,0.65664,0.538414,0.625993,0.597772,0.552244,0.579472,0.533138,0.696434,0.551181,0.68214,0.524535,0.57327,0.84464,0.701162,0.918585,0.826205,0.717614,0.638019,0.71893,0.700134,0.330396,0.33453,0.269624,0.333143,0.711662,0.631138,0.727751,0.507606,0.571659,0.6296,0.551716,0.515869,0.626747,0.519988,0.548424,0.667115,0.595211,0.456149,0.682512,0.88055,0.848137,0.639062,0.775842,0.812102,0.800202,0.888162,0.884741,0.623402,0.811879,0.768292,0.414882,0.865945,0.666485,0.535922,0.386847,0.256709,0.40387,0.574194,0.437552,0.488544,0.731919,0.736945,0.417707,0.519014,0.740267,0.567269,0.559585,0.770784,0.68016,0.705447,0.464648,0.322466,0.593495,0.43226,0.80358,0.520704,0.564965,0.973921,0.924712,0.961142,0.62138,0.890208,0.83506,0.917521,0.738939,0.884054,0.489942,0.738183,0.912179,0.745632,0.811557,0.506454,0.091415,0.409936,0.245561,0.59677,0.60627,0.862579,0.49687,0.332887,0.589154,0.602637,0.807061,0.528821,0.569773,0.511262,0.780091,0.656374,0.758356,0.67244,0.775419,0.882396,0.735378,0.914048,0.447969,0.976148,0.734248,0.252066,0.129908,0.178008,0.0,0.341321,0.677869,0.535338,0.66002,0.677631,0.366665,0.395897,0.448188,0.600777,0.630448,0.878681,0.738142,0.754252,0.719438,0.667515,0.785191,0.719758,0.926617,0.352486,0.779233,0.343089,0.253268,0.311646,0.342011,0.180019,0.103767,0.001079,0.324795,0.675902,0.197525,0.50708,0.223381,0.660313,0.528442,0.509926,0.494369,0.522268,0.494909,0.778744,0.452791,0.727878,0.715817,0.654682,0.700519,0.563174,0.289451,0.363577,0.397916,0.463194,0.483228,0.478108,0.431832,0.534632,0.558813,0.468852,0.402509,0.810919,0.846924,0.665012,0.739753,0.850096,0.554376,0.72218,0.533796,0.55013,0.483464,0.48935
sedu_es_9ef-D01-02,0.510896,0.713088,0.632793,0.603516,0.743078,0.685715,0.92003,0.592262,0.767091,0.607143,0.856411,0.726853,0.718854,0.819929,0.497814,0.127452,0.31785,0.372338,0.43909,0.171724,0.794815,0.39428,0.817109,0.49862,0.613002,0.68521,0.653774,0.764072,0.850447,0.624755,0.611594,0.614534,0.747502,0.495338,0.484179,0.823612,0.827592,0.55433,0.174181,0.318923,0.374311,0.362961,0.147619,0.673392,0.575414,0.533368,0.91793,0.718461,0.827002,0.60465,0.651509,0.935705,0.651779,0.883501,0.770421,0.594828,0.679119,0.790346,0.80012,1.0,0.687699,0.324342,0.319418,0.286837,0.228338,0.71738,0.327855,0.494124,0.50584,0.231319,0.949603,0.40825,0.532663,0.682312,0.751366,0.621995,0.657086,0.66791,0.774781,0.683343,0.515803,0.576098,0.523042,0.645414,0.550307,0.613036,0.560022,0.579446,0.865694,0.620993,0.728296,0.711148,0.224311,0.833154,0.266476,0.183571,0.416046,0.095516,0.28795,0.654245,0.431576,0.807768,0.821817,0.715062,0.76414,0.835015,0.795699,0.633735,0.577562,0.740035,0.566616,0.552891,0.450516,0.65437,0.602883,0.590735,0.760181,0.727656,0.66218,0.479033,0.717474,0.610342,0.335292,0.293615,0.417569,0.462737,0.840074,0.609572,0.6334,0.482634,0.728585,0.573257,0.824848,0.676523,0.581701,0.647776,0.625423,0.583644,0.669202,0.563329,0.801242,0.865981,0.742546,0.785704,0.819431,0.904687,0.616424,0.634434,0.754877,0.661812,0.700645,0.535417,0.295013,0.432471,0.635121,0.449798,0.542307,0.265228,0.378201,0.520756,0.472173,0.565113,0.739712,0.715605,0.521739,0.48901,0.828234,0.891017,0.619838,0.962232,0.741623,0.74421,0.451511,0.514052,0.75614,0.62445,0.646614,0.745649,0.443749,0.715184,0.694158,0.703049,0.560457,0.680772,0.579648,0.774537,0.616329,0.730461,0.301619,0.758751,0.778715,0.81088,0.548172,0.348005,0.281823,0.246017,0.384742,0.576832,0.550122,0.782007,0.445208,0.45807,0.670965,0.6127,0.703492,0.618916,0.759625,0.677026,0.617004,0.595584,0.715877,0.615853,0.595733,0.766482,0.476696,0.683709,0.410476,0.896091,0.58848,0.537772,0.388616,0.234017,0.0,0.381794,0.776383,0.613117,0.590036,0.598238,0.503482,0.45462,0.402254,0.432139,0.750592,0.770509,0.606624,0.696967,0.524489,0.627739,0.671913,0.647665,0.776715,0.417566,0.557233,0.201219,0.31259,0.602048,0.282793,0.285211,0.263413,0.150259,0.211216,0.350284,0.09188,0.232032,0.157364,0.429882,0.553892,0.546751,0.447403,0.600082,0.419053,0.431248,0.272796,0.58358,0.526273,0.779261,0.555868,0.466457,0.209896,0.302135,0.410586,0.388791,0.487028,0.430222,0.447843,0.555352,0.312347,0.513349,0.554502,0.809051,0.810974,0.67755,0.555157,0.706129,0.730432,0.586612,0.513152,0.356193,0.473497,0.469466
sedu_es_9ef-D01-03,0.355746,0.434166,0.601755,0.626918,0.488015,0.428444,0.453285,0.540578,0.814608,0.481781,0.971004,1.0,0.775222,0.698144,0.610371,0.168993,0.308007,0.246481,0.439512,0.154518,0.464398,0.45149,0.441926,0.46863,0.654076,0.425951,0.3027,0.536378,0.564999,0.640207,0.315636,0.42874,0.537446,0.809677,0.680507,0.85527,0.702833,0.491652,0.189065,0.281133,0.111295,0.318134,0.140897,0.475451,0.438986,0.305903,0.406165,0.270904,0.483702,0.263669,0.443732,0.515734,0.285441,0.577363,0.48397,0.276291,0.733814,0.771077,0.867317,0.73983,0.56782,0.201605,0.270551,0.129155,0.195225,0.856437,0.087195,0.218207,0.380607,0.191558,0.662882,0.368349,0.340822,0.338703,0.1564,0.264853,0.355025,0.363178,0.330297,0.427677,0.594438,0.382122,0.326077,0.386903,0.319178,0.405543,0.437243,0.157241,0.776216,0.760818,0.79442,0.58776,0.310619,0.515772,0.218782,0.270223,0.339371,0.203038,0.230003,0.398476,0.259782,0.256236,0.224071,0.514035,0.584003,0.452969,0.387716,0.291424,0.218719,0.616522,0.311764,0.435469,0.438303,0.406614,0.663427,0.71972,0.90666,0.636909,0.396859,0.41925,0.677855,0.452137,0.126911,0.0,0.244084,0.234445,0.357741,0.259676,0.217062,0.318852,0.429058,0.471168,0.527484,0.313918,0.344569,0.393716,0.241472,0.455955,0.289504,0.239034,0.496021,0.812855,0.806128,0.731965,0.655753,0.857922,0.467496,0.581332,0.807352,0.421402,0.792684,0.603628,0.317463,0.628723,0.376582,0.115072,0.536686,0.289804,0.207192,0.619162,0.292,0.302861,0.495396,0.392029,0.475568,0.517616,0.547479,0.5179,0.529432,0.630431,0.290088,0.388392,0.472874,0.400525,0.470039,0.43367,0.504103,0.482697,0.506849,0.766714,0.613492,0.710716,0.536354,0.461214,0.659398,0.439466,0.431726,0.443784,0.315331,0.397604,0.581783,0.561027,0.348605,0.155416,0.104933,0.13592,0.291756,0.220808,0.366401,0.439251,0.167824,0.242943,0.500811,0.720093,0.794723,0.483002,0.528374,0.415752,0.670151,0.365287,0.596044,0.498143,0.448404,0.714168,0.552496,0.542592,0.47932,0.567764,0.31094,0.402974,0.306923,0.156039,0.117876,0.25579,0.41895,0.347745,0.330199,0.326957,0.217259,0.489846,0.37994,0.312904,0.68962,0.653194,0.583456,0.594555,0.542191,0.569926,0.440478,0.652379,0.81571,0.360117,0.625565,0.168515,0.129503,0.56651,0.102959,0.190528,0.019376,0.006891,0.06501,0.452194,0.163421,0.279156,0.057211,0.235627,0.381079,0.42817,0.478681,0.318072,0.293071,0.512874,0.224065,0.52094,0.475067,0.510631,0.336246,0.240653,0.085915,0.453549,0.374517,0.323862,0.566081,0.650313,0.295884,0.407882,0.234984,0.20691,0.43903,0.751152,0.785002,0.477903,0.590447,0.504848,0.571448,0.516208,0.537868,0.474254,0.484473,0.446192
sedu_es_9ef-D01-04,0.217189,0.418141,0.273776,0.228353,0.22479,0.393033,0.147691,0.391594,0.535583,0.237858,0.893014,0.87902,0.707899,0.697321,0.19815,0.435465,0.441308,0.37064,0.691571,0.171323,0.604815,0.503003,0.140585,0.209372,0.314694,0.208524,0.375232,0.276269,0.383114,0.420261,0.111012,0.357376,0.40467,0.792232,0.813217,0.759872,0.661992,0.479075,0.084568,0.328071,0.313641,0.569514,0.064876,0.612381,0.429143,0.399669,0.119297,0.298162,0.388175,0.151889,0.217967,0.368129,0.299312,0.355635,0.315826,0.251651,0.793004,0.584226,0.69452,0.658815,0.54242,0.230299,0.166919,0.294093,0.133617,0.650884,0.375445,0.226387,0.495765,0.341902,0.480171,0.506324,0.424521,0.149011,0.129118,0.227785,0.392462,0.309573,0.235486,0.34679,0.300708,0.179093,0.319998,0.265808,0.337884,0.434655,0.39613,0.114041,0.903326,0.606145,0.623363,0.456415,0.384061,0.580615,0.495736,0.382759,0.601041,0.274189,0.201354,0.496456,0.449778,0.081043,0.054407,0.272485,0.322649,0.249628,0.242674,0.157296,0.15811,0.36083,0.324705,0.436778,0.340455,0.153696,0.862193,0.826763,0.640004,0.734103,0.423606,0.327946,0.73613,0.203389,0.148905,0.075531,0.605954,0.481035,0.157089,0.102602,0.187719,0.241622,0.353971,0.288918,0.244875,0.274877,0.153733,0.270064,0.125037,0.223564,0.154732,0.162347,0.309157,0.802605,0.660955,0.66289,0.62514,0.640919,0.547918,0.392548,0.658513,0.278882,0.730688,0.636054,0.360278,1.0,0.750604,0.0,0.604104,0.633427,0.466363,0.874797,0.156515,0.210748,0.349273,0.185028,0.197169,0.323186,0.434924,0.260317,0.192621,0.343846,0.218032,0.190934,0.360041,0.359848,0.307185,0.284689,0.407903,0.389865,0.540355,0.85943,0.639547,0.736182,0.631314,0.559101,0.474094,0.564111,0.659112,0.597958,0.388855,0.246357,0.553254,0.623507,0.400753,0.190998,0.253807,0.658693,0.526831,0.164854,0.482139,0.33874,0.251511,0.157842,0.328007,0.575509,0.750853,0.343332,0.377037,0.29168,0.67764,0.23312,0.368384,0.50655,0.489505,0.791229,0.581423,0.609684,0.127626,0.420854,0.210098,0.562991,0.268438,0.243931,0.135956,0.518005,0.322998,0.274684,0.228192,0.239777,0.106263,0.516298,0.230827,0.341771,0.431129,0.729899,0.538107,0.541334,0.608554,0.460547,0.560694,0.729128,0.723921,0.306362,0.291734,0.228579,0.350546,0.448627,0.582653,0.275195,0.30003,0.039745,0.331799,0.49804,0.507781,0.587748,0.442632,0.376446,0.331384,0.389465,0.450039,0.176922,0.20281,0.47812,0.533941,0.447469,0.345234,0.34581,0.279282,0.109364,0.159433,0.288175,0.503238,0.331161,0.536586,0.619682,0.359589,0.53418,0.302628,0.435679,0.472567,0.749247,0.744302,0.335956,0.311214,0.548205,0.764038,0.541072,0.478386,0.669316,0.474549,0.388809
sedu_es_9ef-D02-01,0.118575,0.570388,0.577288,0.352908,0.326718,0.690062,0.526966,0.28952,0.558395,0.490923,0.586658,0.660615,0.916574,0.777564,0.566803,0.057629,0.070813,0.103847,0.240307,0.254137,0.595952,0.357326,0.341012,0.374072,0.493191,0.596965,0.648648,0.308078,0.379672,0.402889,0.356935,0.361321,0.473528,0.422432,0.286485,0.830074,0.786618,0.387922,0.404959,0.014956,0.144255,0.272319,0.180749,0.575927,0.418799,0.189702,0.447871,0.542245,0.557562,0.275324,0.384692,0.378346,0.296929,0.566278,0.385209,0.250066,0.44428,0.825541,0.928503,0.696384,0.544228,0.439118,0.452448,0.341989,0.489688,0.83286,0.051614,0.193054,0.221189,0.023158,0.500105,0.324986,0.312005,0.326878,0.346976,0.245221,0.423039,0.429426,0.23398,0.359604,0.285941,0.411818,0.251957,0.324286,0.5543,0.371539,0.347378,0.198812,0.532453,0.772775,0.717595,0.652303,0.412644,0.688403,0.090066,0.230814,0.213941,0.031167,0.155749,0.444064,0.179184,0.379757,0.426646,0.544448,0.57771,0.363736,0.246059,0.225499,0.137845,0.295893,0.328186,0.187825,0.410116,0.372248,0.397302,0.431934,0.863101,0.637287,0.634759,0.44816,0.915972,1.0,0.24589,0.126779,0.305208,0.276,0.403514,0.340152,0.234301,0.228054,0.489579,0.393949,0.469257,0.414751,0.335321,0.299796,0.174098,0.446754,0.177013,0.157123,0.49089,0.482786,0.757081,0.661444,0.780889,0.796465,0.736658,0.55822,0.572903,0.528761,0.92408,0.428857,0.464803,0.570928,0.586301,0.173416,0.293394,0.277676,0.132577,0.531081,0.17992,0.236276,0.244169,0.273809,0.186944,0.48565,0.52252,0.40125,0.429462,0.479578,0.391608,0.356958,0.417423,0.336867,0.435862,0.313194,0.383584,0.256517,0.319211,0.862319,0.593925,0.727041,0.546688,0.657845,0.84951,0.757629,0.651173,0.729177,0.38779,0.714628,0.653951,0.602223,0.378978,0.162945,0.233461,0.171354,0.3136,0.372021,0.55996,0.488293,0.202789,0.520823,0.215902,0.523244,0.495567,0.296852,0.46343,0.330384,0.573599,0.355766,0.806855,0.671038,0.550766,0.776599,0.487956,0.53362,0.741111,0.902702,0.377185,0.424787,0.319579,0.257265,0.001967,0.347523,0.683072,0.334505,0.43684,0.411622,0.102019,0.338563,0.2913,0.331081,0.44511,0.792681,0.56831,0.785048,0.515515,0.365547,0.689985,0.443401,0.70686,0.384801,0.619571,0.179869,0.249448,0.46877,0.218973,0.195892,0.186243,0.28292,0.190122,0.508792,0.0,0.329911,0.157061,0.184661,0.192378,0.252746,0.274862,0.199969,0.512052,0.501544,0.391049,0.501461,0.68825,0.369953,0.218873,0.23122,0.330771,0.428766,0.268892,0.330989,0.290194,0.307946,0.278658,0.468318,0.086071,0.330481,0.270873,0.473053,0.443316,0.529256,0.824345,0.741741,0.578714,0.457929,0.43024,0.576847,0.304318,0.382099
sedu_es_9ef-D02-02,0.293771,0.479691,0.327398,0.493702,0.209965,0.402083,0.280315,0.298813,0.62097,0.368356,0.72611,0.721502,0.860721,0.769496,0.45787,0.270782,0.291861,0.258692,0.152851,0.276179,0.387187,0.325736,0.209663,0.501001,0.326957,0.379075,0.350515,0.233594,0.316925,0.481554,0.271073,0.471104,0.426198,0.662608,0.717101,0.790267,0.755319,0.592303,0.280284,0.310007,0.227326,0.075892,0.203742,0.416739,0.376816,0.152256,0.173424,0.27331,0.33793,0.182452,0.203881,0.271937,0.290523,0.307263,0.240228,0.139903,0.773939,0.7683,0.97038,0.551724,0.669239,0.23575,0.315439,0.384848,0.296695,0.669585,0.294774,0.153373,0.110084,0.238168,0.369008,0.313901,0.364116,0.318742,0.161112,0.246619,0.180843,0.308493,0.267555,0.343496,0.419443,0.168909,0.059211,0.244727,0.427585,0.187322,0.227288,0.085799,0.784376,0.743637,0.696034,0.586146,0.413908,0.609754,0.329506,0.277712,0.393789,0.263732,0.250179,0.348713,0.295953,0.216119,0.158834,0.339143,0.203592,0.108899,0.188033,0.121877,0.085413,0.406997,0.298554,0.114249,0.340504,0.293771,0.694069,0.596401,0.842375,0.724337,0.560123,0.48474,0.703487,0.484668,0.236077,0.20288,0.345113,0.365512,0.139995,0.234422,0.256727,0.226529,0.239882,0.466346,0.251381,0.163709,0.171272,0.141383,0.08783,0.289164,0.211058,0.0,0.331181,0.565319,0.714718,0.589393,0.628235,0.632932,0.802512,0.666471,0.611928,0.461225,0.730905,0.537317,0.377922,1.0,0.468192,0.13215,0.321598,0.49275,0.436056,0.560415,0.221796,0.263363,0.164032,0.249687,0.21176,0.476958,0.503116,0.194952,0.187196,0.266685,0.181455,0.244847,0.211917,0.350721,0.223927,0.095186,0.209498,0.093297,0.388702,0.757659,0.603173,0.823175,0.427814,0.71308,0.850749,0.657777,0.573366,0.654082,0.360632,0.489916,0.541613,0.524126,0.35927,0.454566,0.220574,0.527428,0.40055,0.167292,0.384819,0.285656,0.264057,0.140002,0.041612,0.25647,0.476549,0.168715,0.37043,0.288111,0.299157,0.378623,0.52801,0.641237,0.610777,0.712762,0.533169,0.590703,0.403153,0.728632,0.280324,0.473333,0.296273,0.29868,0.18045,0.512994,0.534819,0.216397,0.144453,0.254238,0.1401,0.245777,0.369709,0.376776,0.1418,0.593628,0.520868,0.637964,0.530805,0.284291,0.636966,0.486488,0.746285,0.497474,0.441504,0.25442,0.330495,0.414173,0.480273,0.343993,0.301917,0.17897,0.211308,0.564726,0.302156,0.495344,0.42732,0.453502,0.180288,0.309211,0.260818,0.184304,0.333094,0.464026,0.481976,0.455895,0.568315,0.523784,0.400162,0.305686,0.251066,0.42375,0.365237,0.372697,0.211779,0.242011,0.38513,0.388794,0.287284,0.388344,0.371971,0.330343,0.320514,0.322609,0.465231,0.643885,0.597585,0.252592,0.249753,0.53502,0.290748,0.437058
sedu_es_9ef-D02-03,0.186692,0.57039,0.474935,0.386245,0.30367,0.612842,0.457563,0.34731,0.567678,0.452082,0.588006,0.662887,0.946808,0.878684,0.459872,0.142914,0.139596,0.262968,0.225236,0.324337,0.58011,0.26003,0.274768,0.356862,0.389489,0.478441,0.589504,0.259497,0.391224,0.51835,0.383359,0.498424,0.401431,0.4679,0.430065,0.803804,0.844783,0.386073,0.285008,0.113333,0.195201,0.243932,0.204308,0.516124,0.314006,0.189881,0.364921,0.493761,0.517635,0.244874,0.313575,0.299038,0.309458,0.54015,0.327865,0.251999,0.613919,0.828149,0.946492,0.652649,0.722403,0.405751,0.405965,0.292502,0.338652,0.825341,0.134356,0.194724,0.158293,0.041086,0.531259,0.294975,0.318511,0.332688,0.352469,0.244254,0.336638,0.435607,0.226525,0.387708,0.294238,0.330758,0.254848,0.310214,0.490543,0.280266,0.350499,0.197298,0.650762,0.739135,0.799595,0.742638,0.363924,0.710444,0.13205,0.13978,0.221964,0.115333,0.153179,0.433915,0.209265,0.358761,0.406574,0.519487,0.441428,0.336611,0.227819,0.208942,0.133061,0.297411,0.325179,0.279613,0.331632,0.364477,0.480758,0.57702,0.827675,0.712833,0.730085,0.342869,0.818435,0.817401,0.237924,0.206223,0.373488,0.305886,0.381908,0.318044,0.253235,0.372837,0.386511,0.474208,0.342643,0.446733,0.340294,0.324574,0.252815,0.404156,0.250056,0.150693,0.396878,0.548813,0.68154,0.587324,0.696625,0.726111,0.903424,0.649089,0.619869,0.47085,1.0,0.508294,0.501373,0.712761,0.488875,0.168624,0.246204,0.341562,0.212189,0.568142,0.196104,0.257623,0.153962,0.335616,0.250875,0.516739,0.583645,0.307703,0.408067,0.423419,0.325027,0.417846,0.468817,0.338271,0.482246,0.317906,0.383335,0.255758,0.36978,0.954631,0.710858,0.833012,0.594751,0.719745,0.886003,0.839894,0.593339,0.842723,0.39735,0.614658,0.675361,0.624005,0.389617,0.231677,0.235863,0.272223,0.306396,0.363305,0.547227,0.465672,0.25686,0.394238,0.167438,0.596812,0.561492,0.327636,0.562075,0.385952,0.540773,0.359848,0.774524,0.758202,0.663289,0.812639,0.598089,0.539176,0.596091,0.891035,0.365627,0.475817,0.3027,0.253293,0.0,0.40754,0.670944,0.377725,0.402843,0.393466,0.13847,0.325977,0.225302,0.291918,0.341722,0.842509,0.666561,0.806727,0.560684,0.390372,0.795596,0.472142,0.823771,0.322071,0.563142,0.181089,0.312628,0.529544,0.307992,0.188044,0.173874,0.211311,0.108192,0.518464,0.075872,0.317742,0.200768,0.301889,0.259587,0.362992,0.251076,0.166207,0.385221,0.51128,0.34363,0.527206,0.639343,0.431725,0.262293,0.253733,0.373384,0.392658,0.363427,0.309705,0.331673,0.35482,0.319664,0.463952,0.203682,0.351054,0.306445,0.452602,0.432736,0.456574,0.634592,0.701655,0.589557,0.346391,0.352209,0.624497,0.269027,0.356366
sedu_es_9ef-D02-04,0.188767,0.478139,0.393768,0.531184,0.21244,0.485054,0.397185,0.398153,0.754308,0.369019,0.551685,0.495466,0.876883,0.86292,0.352816,0.112947,0.129285,0.185876,0.196623,0.120185,0.523621,0.282148,0.166356,0.362501,0.354558,0.381212,0.399565,0.343731,0.465719,0.563155,0.215669,0.42488,0.442571,0.415993,0.445566,0.92275,0.814983,0.354064,0.135536,0.1099,0.097828,0.118089,0.0,0.476677,0.351665,0.050331,0.168677,0.331543,0.310728,0.231155,0.355742,0.426455,0.248944,0.420067,0.281758,0.166159,0.619325,0.990071,1.0,0.704516,0.70132,0.232019,0.19959,0.181226,0.253276,0.738241,0.142972,0.128055,0.159956,0.015287,0.611181,0.289321,0.381951,0.210581,0.144651,0.275484,0.264556,0.405354,0.355112,0.404138,0.406994,0.217152,0.01762,0.175187,0.280353,0.311834,0.264945,0.079915,0.66671,0.722839,0.714631,0.616432,0.21657,0.698846,0.133549,0.118036,0.238583,0.153027,0.115411,0.45842,0.260579,0.165385,0.164252,0.415859,0.335137,0.220682,0.256093,0.191339,0.078804,0.451198,0.165452,0.262035,0.339764,0.332741,0.496193,0.501152,0.904575,0.618919,0.586182,0.379658,0.667208,0.646151,0.13175,0.037064,0.383161,0.334595,0.186801,0.056076,0.302419,0.30853,0.309764,0.478323,0.41998,0.235934,0.284784,0.303471,0.152592,0.242031,0.281771,0.121012,0.40132,0.538283,0.657621,0.523664,0.634347,0.67602,0.740608,0.518835,0.620767,0.559586,0.650584,0.398892,0.252164,0.556839,0.458612,0.05918,0.449332,0.400762,0.33666,0.567264,0.206516,0.300444,0.216916,0.301949,0.357178,0.468844,0.692676,0.412587,0.277999,0.409981,0.19785,0.36451,0.377808,0.286318,0.440641,0.214474,0.328842,0.408373,0.262562,0.761406,0.619887,0.82179,0.312518,0.539976,0.672406,0.716158,0.471759,0.754917,0.319621,0.697268,0.598931,0.688412,0.302815,0.25189,0.106799,0.322962,0.388059,0.198397,0.398252,0.422836,0.274683,0.12305,0.302104,0.437574,0.60316,0.422917,0.533486,0.322577,0.384265,0.435022,0.50203,0.558311,0.559206,0.741974,0.512679,0.58014,0.496467,0.90503,0.224943,0.520937,0.260747,0.159515,0.005634,0.417902,0.45968,0.100049,0.218066,0.326496,0.169026,0.35146,0.192405,0.278203,0.500778,0.474047,0.580753,0.599758,0.47224,0.334807,0.691772,0.373764,0.758292,0.260898,0.567377,0.125571,0.298275,0.537439,0.327136,0.21734,0.234471,0.091571,0.153536,0.482524,0.040211,0.224003,0.232807,0.392137,0.413975,0.426558,0.376966,0.327984,0.304039,0.526684,0.224925,0.507927,0.633853,0.586822,0.270524,0.266188,0.130858,0.352527,0.354427,0.354547,0.422244,0.459233,0.489497,0.483757,0.323324,0.424908,0.562737,0.493912,0.50387,0.424727,0.610865,0.608098,0.578093,0.24184,0.357218,0.383428,0.29007,0.315226
sedu_es_9ef-D03-01,0.233368,0.348029,0.324916,0.15182,0.370819,0.381086,0.383344,0.395834,0.446085,0.397083,0.440252,0.412494,0.692045,0.869081,0.262906,0.096095,0.229611,0.213761,0.24218,0.122576,0.366855,0.212667,0.353949,0.142018,0.335122,0.403531,0.346214,0.431177,0.433294,0.446746,0.358036,0.397348,0.45107,0.315112,0.284911,0.654788,0.819333,0.352204,0.071504,0.172512,0.193147,0.219191,0.1618,0.344953,0.278331,0.233853,0.408103,0.320478,0.485386,0.291467,0.344371,0.506743,0.370321,0.587207,0.416232,0.351287,0.421079,0.68658,0.71994,0.732693,0.639267,0.248777,0.180591,0.226755,0.111404,0.569257,0.111817,0.232357,0.242771,0.134253,0.51837,0.241489,0.228577,0.330766,0.278478,0.292437,0.38871,0.28563,0.377767,0.477093,0.199022,0.381915,0.230134,0.417573,0.469493,0.383221,0.378021,0.322076,0.584496,0.570885,0.754222,0.704405,0.16251,0.668936,0.086775,0.173171,0.221473,0.144469,0.155487,0.290709,0.135552,0.32194,0.302143,0.449619,0.517539,0.412163,0.240588,0.28998,0.288071,0.377695,0.396826,0.362951,0.308909,0.43657,0.433878,0.569884,0.617334,0.628477,0.647453,0.304049,0.637131,0.418546,0.110893,0.1168,0.183181,0.169268,0.354525,0.259941,0.262093,0.319854,0.513822,0.408069,0.446068,0.344991,0.35048,0.380031,0.258243,0.263904,0.231559,0.353963,0.500176,0.750806,0.671658,0.66612,1.0,0.84952,0.635688,0.557307,0.46561,0.414749,0.752213,0.48837,0.2411,0.450265,0.500708,0.154339,0.346632,0.234639,0.194797,0.410089,0.315329,0.244319,0.313524,0.349558,0.261819,0.394422,0.482155,0.440642,0.478635,0.458158,0.384347,0.403595,0.399643,0.327778,0.585918,0.45904,0.474888,0.485074,0.624983,0.815728,0.576964,0.674961,0.606425,0.971115,0.783499,0.847821,0.552445,0.783945,0.207545,0.527125,0.91509,0.749733,0.528382,0.10535,0.130015,0.15921,0.236366,0.165999,0.305943,0.442951,0.224886,0.284832,0.377061,0.662076,0.521442,0.38158,0.445255,0.36657,0.57356,0.348896,0.978002,0.617759,0.462483,0.62889,0.497102,0.690702,0.306132,0.650154,0.292197,0.311677,0.137101,0.210356,0.0,0.238034,0.6747,0.326957,0.266352,0.289035,0.157922,0.418936,0.242156,0.34466,0.545445,0.768889,0.712206,0.911181,0.907483,0.538241,0.491749,0.456074,0.520952,0.211706,0.4758,0.150139,0.246087,0.405641,0.199104,0.215556,0.180252,0.054473,0.149321,0.481739,0.065135,0.16134,0.126806,0.195253,0.353748,0.389771,0.300171,0.370038,0.362635,0.459696,0.211314,0.744461,0.455602,0.457403,0.2231,0.208241,0.226553,0.267272,0.202801,0.363693,0.473199,0.521479,0.397255,0.388235,0.139272,0.286996,0.240191,0.542829,0.557041,0.419627,0.58375,0.556397,0.599467,0.397528,0.4205,0.527449,0.297006,0.231836
sedu_es_9ef-D03-02,0.163173,0.347244,0.288051,0.087481,0.309547,0.407812,0.315225,0.317694,0.29381,0.277942,0.341726,0.312103,0.513159,0.689075,0.171446,0.005681,0.162928,0.148164,0.249938,0.010851,0.396309,0.190064,0.296426,0.193776,0.250052,0.279975,0.313481,0.342764,0.413452,0.364911,0.251778,0.18895,0.293307,0.283981,0.149797,0.538446,0.673893,0.444872,0.163638,0.133673,0.305866,0.206669,0.053828,0.377786,0.24421,0.188614,0.354477,0.287638,0.420685,0.252308,0.314893,0.428665,0.382429,0.496636,0.307455,0.223881,0.365754,0.505799,0.62969,0.712619,0.545953,0.354653,0.303304,0.319764,0.165295,0.480341,0.184914,0.255497,0.244728,0.115195,0.514055,0.212574,0.232621,0.240259,0.206513,0.30474,0.359065,0.303649,0.338984,0.459573,0.180445,0.388532,0.212105,0.274954,0.399047,0.411191,0.322698,0.338252,0.45375,0.50004,0.68921,0.610702,0.244183,0.763308,0.142454,0.235014,0.274094,0.010022,0.147111,0.327177,0.173258,0.263189,0.231236,0.430191,0.516057,0.377156,0.34538,0.241197,0.232022,0.326803,0.382113,0.291659,0.32008,0.379083,0.398427,0.516414,0.572642,0.57367,0.656068,0.333175,0.634566,0.466682,0.197724,0.153861,0.186382,0.191017,0.264598,0.189596,0.273337,0.293254,0.408667,0.277804,0.456001,0.302448,0.397606,0.366794,0.273542,0.299146,0.258642,0.351087,0.423414,0.671441,0.663662,0.545437,0.987458,0.695298,0.542998,0.46448,0.50693,0.434558,0.753079,0.515593,0.280936,0.302098,0.612484,0.289617,0.363267,0.214408,0.236869,0.36967,0.24264,0.271795,0.268145,0.335774,0.2742,0.337978,0.488912,0.430228,0.460862,0.397197,0.353986,0.37242,0.357971,0.131594,0.452485,0.38654,0.40358,0.492852,0.566408,0.712653,0.504932,0.540377,0.585821,1.0,0.639635,0.846138,0.565542,0.835756,0.251149,0.557127,0.84271,0.772493,0.563348,0.14705,0.200719,0.187766,0.308205,0.224182,0.270305,0.4135,0.312384,0.311098,0.366796,0.627052,0.452108,0.402936,0.422187,0.355377,0.527351,0.313726,0.868578,0.544665,0.523788,0.506404,0.437019,0.740895,0.314794,0.6188,0.357915,0.360846,0.16935,0.265098,0.0,0.309682,0.725134,0.31378,0.327823,0.324242,0.248787,0.346725,0.2006,0.334114,0.521741,0.661534,0.64824,0.814611,0.824275,0.434688,0.519715,0.592432,0.515524,0.27458,0.514542,0.19739,0.25797,0.447285,0.244216,0.229702,0.244302,0.096788,0.222791,0.363849,0.033732,0.176507,0.190684,0.174937,0.34247,0.420997,0.363627,0.416062,0.421574,0.36872,0.320916,0.644434,0.476268,0.379543,0.253841,0.280489,0.240431,0.254413,0.276734,0.384668,0.410485,0.455233,0.456328,0.371212,0.057196,0.328252,0.328144,0.549511,0.585935,0.423109,0.69992,0.517652,0.664486,0.414057,0.542786,0.550258,0.362866,0.263279
sedu_es_9ef-D03-03,0.462075,0.729541,0.831456,0.43753,0.54218,0.883303,0.235478,0.489712,0.334523,0.657165,0.623826,0.905799,0.663541,0.625233,0.396146,0.303453,0.276601,0.308055,0.486733,0.5361,0.5591,0.348094,0.357515,0.369264,0.779695,0.161386,0.866514,0.259734,0.359097,0.307752,0.285117,0.489174,0.58811,0.514341,0.371113,0.620909,0.608986,0.148086,0.138757,0.006971,0.334561,0.514439,0.414829,0.689736,0.152315,0.502012,0.336308,0.741997,0.656795,0.307354,0.376692,0.300015,0.457628,0.757765,0.480076,0.615231,0.363272,0.614128,0.5659,0.479582,0.551471,0.668454,0.323296,0.036771,0.301118,0.805949,0.160682,0.479814,0.472919,0.282598,0.638614,0.576847,0.136523,0.490976,0.419522,0.331687,0.463659,0.451799,0.176169,0.501906,0.091545,0.566609,0.52888,0.504964,0.697241,0.580867,0.860218,0.628298,0.485561,0.468767,0.590035,0.415234,0.287649,0.584172,0.109604,0.480296,0.157258,0.153898,0.480448,0.445933,0.005591,0.394147,0.210802,0.613762,0.981373,0.503147,0.469072,0.245126,0.082836,0.262656,0.766263,0.54019,0.196443,0.51223,0.162961,0.422466,0.596255,0.386821,0.487515,0.33956,0.706966,0.493716,0.454555,0.410699,0.55195,0.252485,0.333158,0.280915,0.279616,0.490956,0.668275,0.459349,0.553696,0.60801,0.565027,0.691691,0.47143,0.594631,0.31941,0.480271,0.571308,0.536627,0.462393,0.325813,0.52856,0.623127,0.348851,0.166234,0.48912,0.288227,0.901979,0.413783,0.271018,0.431927,0.420194,0.418654,0.516108,0.533861,0.181502,0.508202,0.251946,0.295605,0.345644,0.537471,0.288954,0.610463,0.590717,0.451351,0.702221,0.547586,0.452381,0.613951,0.65844,0.412694,0.647408,0.70066,0.660349,0.685055,0.077607,1.0,0.382597,0.610676,0.345158,0.546021,0.405896,0.602082,0.306328,0.614193,0.546893,0.599179,0.580315,0.478208,0.600215,0.248964,0.512184,0.313784,0.461779,0.537835,0.684628,0.692921,0.371588,0.445901,0.363354,0.845671,0.670128,0.648148,0.792309,0.607308,0.836365,0.36905,0.616076,0.310248,0.387516,0.710586,0.195816,0.376101,0.718587,0.726915,0.670849,0.659745,0.405509,0.470266,0.051688,0.537749,0.49188,0.503929,0.607056,0.45304,0.2846,0.531209,0.399019,0.380467,0.589319,0.701848,0.531546,0.885228,0.484932,0.513314,0.528008,0.20968,0.57045,0.299415,0.458981,0.557343,0.531058,0.501993,0.448716,0.308108,0.482754,0.13298,0.428271,0.266745,0.170702,0.316781,0.243173,0.091517,0.141269,0.304988,0.466508,0.345676,0.394172,0.469372,0.0,0.567168,0.236185,0.344038,0.381939,0.471841,0.791321,0.425289,0.463846,0.452102,0.313049,0.282744,0.315575,0.530848,0.085202,0.425096,0.511238,0.724369,0.732549,0.397042,0.44427,0.314949,0.4533,0.336458,0.376052,0.182008,0.457596,0.545537
sedu_es_9ef-D03-04,0.62357,0.696595,0.853851,0.537689,0.693064,0.735252,0.581839,0.607447,0.646233,0.661066,0.648244,0.607323,0.619719,0.671494,0.404465,0.229024,0.230135,0.371783,0.53565,0.294834,0.945155,0.439435,0.630043,0.55812,0.751518,0.54029,0.628853,0.560073,0.688519,0.613287,0.565953,0.503818,0.695056,0.48286,0.311951,0.634424,0.664197,0.411271,0.209974,0.143945,0.433102,0.501768,0.359683,0.750428,0.417237,0.473997,0.642621,0.591376,0.700493,0.393977,0.474568,0.591426,0.702744,0.968417,0.635926,0.450405,0.524041,0.624819,0.763689,0.790199,0.614665,0.718776,0.472395,0.224368,0.328282,0.825065,0.281955,0.389441,0.522657,0.32176,0.954265,0.505077,0.417721,0.613035,0.473528,0.488844,0.576611,0.653222,0.422846,0.590861,0.439497,0.68593,0.478222,0.613997,0.650788,0.656246,0.731176,0.636312,0.619874,0.708855,0.658259,0.432591,0.328157,0.825781,0.238441,0.390009,0.48805,0.222475,0.446386,0.6305,0.26284,0.54501,0.391009,0.782469,1.0,0.799722,0.764406,0.357722,0.293402,0.560698,0.608672,0.496948,0.563689,0.539371,0.315534,0.567928,0.792646,0.591539,0.695303,0.476652,0.706256,0.641531,0.47044,0.446559,0.522472,0.295274,0.538236,0.308499,0.388722,0.619183,0.71714,0.402822,0.711633,0.740214,0.716097,0.788596,0.529698,0.81661,0.488661,0.546617,0.615924,0.812979,0.773035,0.513282,0.914865,0.737382,0.588292,0.349188,0.651358,0.449758,0.895855,0.490597,0.437767,0.539847,0.704109,0.626919,0.749833,0.474679,0.393619,0.701942,0.425451,0.509041,0.582975,0.695312,0.466765,0.601739,0.93542,0.700985,0.748695,0.788758,0.675837,0.758235,0.801701,0.332727,0.901686,0.73391,0.683622,0.739854,0.506203,0.918853,0.431376,0.530399,0.422436,0.749646,0.447323,0.843347,0.503192,0.857936,0.429213,0.649951,0.804367,0.76614,0.683733,0.354606,0.477703,0.337805,0.692746,0.580203,0.72973,0.731261,0.62255,0.521966,0.71781,0.864688,0.667012,0.626064,0.923262,0.832404,0.870921,0.493248,0.755358,0.43346,0.521624,0.657324,0.350273,0.690984,0.529425,0.781591,0.739534,0.739615,0.455838,0.556577,0.0,0.539028,0.727643,0.566348,0.757695,0.602974,0.530299,0.50578,0.468404,0.557229,0.754265,0.762174,0.558027,0.831606,0.597788,0.506254,0.696872,0.532204,0.651526,0.485879,0.662793,0.422812,0.674202,0.79742,0.448076,0.484715,0.527037,0.285444,0.447071,0.299945,0.269603,0.297439,0.274718,0.300868,0.352925,0.526004,0.758482,0.560238,0.461482,0.418208,0.348541,0.561901,0.506624,0.583476,0.46664,0.556537,0.521941,0.515843,0.54432,0.583127,0.496709,0.511224,0.61313,0.597491,0.108662,0.467425,0.680503,0.829148,0.930639,0.654806,0.800252,0.425388,0.821724,0.586248,0.741135,0.395088,0.649409,0.512263
sedu_es_9ef-D04-01,0.019968,0.354048,0.529009,0.251396,0.264753,0.336962,0.375118,0.543224,0.388171,0.273437,0.448887,0.402055,0.64469,0.554318,0.525248,0.104939,0.119459,0.088709,0.184376,0.080384,0.309578,0.359363,0.199107,0.343485,0.476888,0.351146,0.305311,0.334157,0.739314,0.707832,0.169871,0.210928,0.312695,0.444706,0.205721,0.584651,0.58489,0.789894,0.403327,0.15204,0.383956,0.184918,0.00452,0.386469,0.340412,0.194614,0.283346,0.347151,0.302154,0.282485,0.325141,0.499733,0.352581,0.415214,0.182058,0.307425,0.607923,0.556431,0.572836,0.619608,0.714645,0.361,0.655784,0.706426,0.388608,0.710942,0.234687,0.355321,0.167785,0.075173,0.39623,0.279078,0.333635,0.208086,0.28696,0.260599,0.491255,0.220006,0.382302,0.410458,0.500713,0.447534,0.376612,0.160824,0.332845,0.410301,0.44171,0.192217,0.644085,0.50208,0.629836,0.676607,0.531707,0.855602,0.225517,0.268012,0.187042,0.036466,0.081128,0.324309,0.197768,0.218068,0.201327,0.503346,0.474075,0.254468,0.239795,0.307675,0.339799,0.45437,0.398299,0.331459,0.562894,0.434292,0.492441,0.509637,0.537038,0.643672,0.904783,0.491932,0.84851,0.578689,0.126502,0.055687,0.153443,0.182103,0.312803,0.241506,0.17914,0.201868,0.29859,0.281223,0.336944,0.294169,0.382478,0.390422,0.293432,0.460006,0.218009,0.293724,0.431884,0.498385,0.578571,0.443753,0.603811,0.462057,0.919815,0.593336,0.510819,0.47107,1.0,0.628643,0.54541,0.576616,0.782798,0.140047,0.159811,0.261103,0.137844,0.247704,0.338573,0.177184,0.220103,0.35969,0.258551,0.327666,0.333676,0.274409,0.504274,0.264518,0.362245,0.273455,0.293394,0.120878,0.241626,0.266744,0.51799,0.357139,0.636716,0.638909,0.655004,0.594935,0.665223,0.667888,0.547214,0.663289,0.576327,0.608461,0.38812,0.601323,0.61751,0.644174,0.47002,0.114734,0.22877,0.205751,0.323111,0.342646,0.386097,0.511168,0.337337,0.277901,0.265683,0.570763,0.523743,0.369554,0.26078,0.139917,0.626911,0.321473,0.558942,0.614627,0.436878,0.549455,0.642884,0.641716,0.453892,0.673056,0.330998,0.458626,0.09115,0.218726,0.047322,0.288014,0.775703,0.270983,0.354744,0.340174,0.145925,0.226649,0.396642,0.465839,0.350621,0.729924,0.534376,0.608277,0.521493,0.48078,0.551395,0.591585,0.776136,0.509993,0.589598,0.168748,0.312871,0.270204,0.219418,0.405813,0.254161,0.354772,0.147981,0.561029,0.128938,0.369807,0.258002,0.20508,0.368574,0.405197,0.395408,0.408536,0.362429,0.456657,0.591668,0.45596,0.589107,0.407021,0.171736,0.12245,0.291027,0.268724,0.219114,0.383267,0.459021,0.55241,0.446946,0.424125,0.0,0.200047,0.258883,0.483044,0.458961,0.434422,0.619266,0.475776,0.659091,0.35353,0.452404,0.791659,0.352747,0.235598
sedu_es_9ef-D04-02,0.255809,0.606239,0.557604,0.307261,0.488223,0.436589,0.49217,0.439462,0.519518,0.454139,0.545985,0.46926,0.841534,0.870862,0.481215,0.093781,0.309269,0.227364,0.268171,0.023577,0.478552,0.310103,0.465116,0.322514,0.550385,0.392068,0.397969,0.404017,0.547355,0.490936,0.371529,0.488133,0.489969,0.490386,0.367162,0.806192,0.946245,0.70233,0.283154,0.220774,0.369854,0.236919,0.047863,0.5711,0.313756,0.37195,0.450204,0.381382,0.531381,0.325202,0.406567,0.561583,0.427378,0.526775,0.427856,0.39605,0.57353,0.706696,0.866072,0.952081,0.797802,0.392838,0.400031,0.546497,0.312532,0.873077,0.306124,0.387817,0.20166,0.135064,0.566919,0.407622,0.344689,0.395706,0.292906,0.306685,0.459293,0.341454,0.428619,0.521432,0.363577,0.500011,0.288219,0.431146,0.578128,0.495517,0.459283,0.301651,0.730448,0.745759,0.897157,0.830288,0.46694,1.0,0.266434,0.240981,0.314678,0.066913,0.207797,0.426154,0.241516,0.428164,0.364043,0.586943,0.692107,0.532498,0.353269,0.301276,0.277342,0.430866,0.465439,0.27036,0.417656,0.501701,0.513347,0.620399,0.792986,0.856206,0.89841,0.421353,0.94817,0.586242,0.15919,0.116577,0.241242,0.258672,0.472007,0.406414,0.31339,0.26786,0.47616,0.358377,0.589107,0.423596,0.371261,0.36653,0.291315,0.374938,0.269737,0.377219,0.513165,0.817731,0.82955,0.813265,0.999698,0.888467,0.833971,0.7615,0.605101,0.447596,0.992734,0.610934,0.42004,0.558264,0.811964,0.172157,0.417222,0.250441,0.259987,0.474099,0.325151,0.279646,0.456842,0.382219,0.317069,0.507307,0.504149,0.516442,0.47091,0.600918,0.452551,0.389589,0.335717,0.408374,0.552806,0.54467,0.496099,0.3509,0.664857,0.899757,0.695865,0.759107,0.797859,0.917496,0.779655,0.795848,0.727798,0.804343,0.328853,0.633463,0.828571,0.828585,0.596782,0.147048,0.203687,0.209429,0.296311,0.29122,0.334053,0.455431,0.327853,0.284197,0.324079,0.584597,0.51353,0.281294,0.527669,0.446135,0.64923,0.414593,0.862118,0.701716,0.56096,0.671901,0.60401,0.732067,0.407821,0.736069,0.328006,0.480765,0.244782,0.300453,0.0,0.350117,0.792499,0.314148,0.335146,0.378515,0.212203,0.35521,0.347751,0.456009,0.449405,0.950202,0.721835,0.877936,0.772224,0.529029,0.62878,0.640883,0.773895,0.462891,0.583067,0.198797,0.276207,0.463621,0.261329,0.346486,0.231312,0.227925,0.22822,0.595347,0.029174,0.2898,0.226081,0.22985,0.401721,0.37814,0.416396,0.349668,0.365814,0.5259,0.468825,0.712602,0.589623,0.482831,0.216941,0.169844,0.278154,0.248521,0.258314,0.413527,0.468207,0.540864,0.449533,0.427973,0.087772,0.368697,0.405038,0.569191,0.552936,0.488948,0.712695,0.59994,0.775152,0.47881,0.46647,0.742734,0.459603,0.319217
sedu_es_9ef-D04-03,0.281784,0.604395,0.672677,0.882515,0.419817,0.674663,0.759364,0.835927,0.584166,0.44169,0.412601,0.309322,0.791243,0.556266,0.536739,0.247666,0.107333,0.328712,0.561478,0.07974,0.532833,0.570177,0.321719,0.672709,0.506192,0.83293,0.65919,0.691475,0.96105,1.0,0.511379,0.490586,0.543825,0.437917,0.50096,0.647916,0.656728,0.551931,0.458436,0.204826,0.255756,0.353373,0.182963,0.408536,0.604882,0.509901,0.478606,0.665402,0.463972,0.706704,0.62434,0.764559,0.638555,0.701973,0.467087,0.433882,0.811628,0.629369,0.708173,0.605858,0.758922,0.318812,0.484446,0.433905,0.427724,0.725726,0.374986,0.415204,0.297696,0.325709,0.532914,0.273059,0.546116,0.6662,0.636721,0.636777,0.553167,0.597325,0.634085,0.507394,0.781027,0.436539,0.44401,0.436504,0.505011,0.572934,0.461388,0.44054,0.64208,0.47741,0.735661,0.729426,0.397441,0.884017,0.484019,0.0,0.202179,0.296173,0.318737,0.492881,0.361832,0.54371,0.444814,0.568068,0.585283,0.306346,0.574359,0.538273,0.452013,0.704804,0.422876,0.414213,0.537918,0.649057,0.497717,0.405233,0.675508,0.758931,0.752009,0.437327,0.759687,0.662847,0.370397,0.287319,0.358703,0.392063,0.475983,0.297124,0.586707,0.49226,0.446299,0.589994,0.594776,0.364318,0.610721,0.527446,0.456897,0.786379,0.509101,0.397538,0.58849,0.472332,0.538794,0.487184,0.619128,0.489098,0.940274,0.812603,0.744396,0.657971,0.779879,0.609631,0.351061,0.692997,0.529709,0.442243,0.326478,0.406485,0.489451,0.432149,0.535195,0.512479,0.397763,0.691704,0.640624,0.639193,0.612308,0.52571,0.617305,0.41203,0.527732,0.619515,0.327497,0.439702,0.497192,0.379139,0.431474,0.479468,0.59797,0.692336,0.787403,0.845157,0.621725,0.787753,0.587209,0.887416,0.478143,0.783867,0.548216,0.627786,0.719144,0.730758,0.497499,0.457813,0.121468,0.30931,0.411327,0.594027,0.452004,0.66885,0.485141,0.483523,0.565319,0.435071,0.51182,0.470303,0.525845,0.498219,0.439409,0.600034,0.624298,0.722593,0.771061,0.610557,0.785326,0.726106,0.409358,0.933403,0.442204,0.469236,0.1829,0.118609,0.110927,0.331557,0.594177,0.437945,0.658089,0.766852,0.365625,0.212292,0.349995,0.322262,0.47221,0.757364,0.62995,0.633422,0.593633,0.540871,0.768323,0.50274,0.877902,0.376749,0.723097,0.313425,0.365389,0.285176,0.224658,0.192347,0.221353,0.268141,0.104444,0.671136,0.160642,0.309306,0.217613,0.587925,0.597316,0.476148,0.371615,0.519443,0.377407,0.5664,0.681784,0.553495,0.740092,0.683321,0.437429,0.491956,0.276675,0.404687,0.47372,0.268543,0.423728,0.442603,0.418989,0.455779,0.413256,0.35898,0.51601,0.450769,0.477788,0.49651,0.657085,0.576385,0.471193,0.526105,0.418182,0.50326,0.3603,0.242344
sedu_es_9ef-D04-04,0.22283,0.385135,0.40772,0.142607,0.391626,0.386259,0.467205,0.317643,0.436911,0.411635,0.323465,0.276501,0.670767,0.762991,0.337145,0.008816,0.216457,0.233431,0.252104,0.05309,0.298469,0.153267,0.434955,0.19721,0.398572,0.386433,0.34114,0.368588,0.563116,0.395085,0.410756,0.433651,0.40354,0.208753,0.155675,0.625484,0.847049,0.53064,0.250517,0.153213,0.211868,0.271638,0.075125,0.303267,0.179811,0.264348,0.477404,0.394062,0.47567,0.298827,0.3748,0.599569,0.399728,0.55657,0.41323,0.423585,0.299701,0.617885,0.651266,0.836017,0.666089,0.472474,0.333407,0.451829,0.267393,0.581268,0.162859,0.241445,0.210159,0.042571,0.42844,0.201638,0.221663,0.269149,0.343328,0.279324,0.446214,0.368765,0.488201,0.460833,0.302714,0.576097,0.373619,0.409191,0.515181,0.424474,0.492721,0.348685,0.517754,0.577983,0.723049,0.815348,0.384288,0.92963,0.11289,0.192665,0.218917,0.123338,0.090745,0.245518,0.146607,0.372804,0.420585,0.519978,0.605709,0.528121,0.283674,0.347146,0.393226,0.441185,0.483516,0.342052,0.384661,0.522466,0.38197,0.566976,0.56704,0.65125,0.87925,0.347699,0.773169,0.495309,0.149458,0.19942,0.149035,0.180665,0.470122,0.462403,0.238995,0.318819,0.47578,0.332783,0.526712,0.447626,0.408909,0.42788,0.382911,0.242181,0.30814,0.551034,0.522417,0.80962,0.654626,0.708763,0.895086,0.895516,0.790447,0.657746,0.428176,0.381333,0.75556,0.509134,0.261674,0.353212,0.68014,0.188264,0.270352,0.134662,0.171591,0.320776,0.375125,0.231687,0.313991,0.339031,0.339815,0.5629,0.390991,0.539967,0.517296,0.478149,0.526854,0.426089,0.362722,0.379883,0.615646,0.599518,0.543927,0.564525,0.718197,0.779601,0.568674,0.572075,0.679172,0.88432,0.742201,0.730295,0.673556,0.787037,0.259397,0.675973,0.913951,0.817571,0.50068,0.045681,0.15548,0.105503,0.155273,0.246656,0.282812,0.537013,0.263786,0.355765,0.417641,0.66451,0.439325,0.351812,0.441174,0.380253,0.658665,0.359618,1.0,0.65893,0.477711,0.551781,0.496574,0.707064,0.399648,0.644081,0.428157,0.30571,0.220777,0.191098,0.0,0.213868,0.844147,0.34434,0.318087,0.278165,0.210225,0.376645,0.21969,0.391184,0.445687,0.783346,0.637052,0.841883,0.824596,0.584545,0.556391,0.51233,0.556728,0.275666,0.442417,0.091869,0.120304,0.330328,0.176101,0.226569,0.080134,0.150452,0.164538,0.494937,0.008053,0.191001,0.118132,0.247696,0.399746,0.393301,0.308693,0.381813,0.284489,0.394243,0.32883,0.682299,0.449285,0.470003,0.088375,0.136428,0.196191,0.227672,0.148463,0.313346,0.596127,0.627822,0.436656,0.33659,0.157426,0.271512,0.225431,0.489055,0.471292,0.446486,0.558747,0.561752,0.647764,0.425871,0.452462,0.534554,0.283571,0.136838
sedu_es_9ef-D05-01,0.080206,0.486641,0.437165,0.439433,0.208585,0.584902,0.487964,0.466563,0.624658,0.248743,0.540018,0.549302,0.919057,0.836405,0.460487,0.211176,0.260187,0.33328,0.339761,0.11486,0.429804,0.37528,0.1815,0.414198,0.362879,0.521521,0.51808,0.374477,0.581152,0.635806,0.22216,0.334368,0.338384,0.439227,0.47837,0.89581,0.830028,0.63432,0.50315,0.251935,0.258762,0.253552,0.0,0.446606,0.392362,0.210286,0.274784,0.476004,0.370932,0.351955,0.460066,0.547976,0.283506,0.430951,0.213581,0.253956,0.701763,0.949319,0.996612,0.696838,0.667861,0.405036,0.504671,0.507216,0.433614,0.747284,0.252813,0.205713,0.273292,0.102542,0.491966,0.338734,0.416669,0.209991,0.294102,0.354062,0.462024,0.50165,0.436839,0.434542,0.482155,0.338025,0.24574,0.123726,0.307606,0.428942,0.315172,0.116685,0.693836,0.800406,0.830259,0.830722,0.528791,0.86425,0.27341,0.285844,0.322206,0.151261,0.091965,0.490354,0.33854,0.221306,0.289814,0.464125,0.361409,0.185954,0.280568,0.318552,0.293626,0.4206,0.2757,0.352511,0.498135,0.428929,0.712646,0.730214,0.900334,0.833967,0.758842,0.537162,0.809959,0.784463,0.178756,0.104521,0.329266,0.405607,0.275144,0.193764,0.366118,0.323274,0.328816,0.459332,0.395166,0.231928,0.396808,0.292441,0.21751,0.349055,0.271191,0.206801,0.464969,0.68972,0.785035,0.665724,0.793482,0.74767,0.982579,0.767803,0.716116,0.677297,0.85247,0.607514,0.404358,0.738494,0.673682,0.176059,0.335151,0.375906,0.431726,0.549545,0.285831,0.304145,0.269184,0.27396,0.368089,0.46688,0.574564,0.393953,0.433967,0.350988,0.320862,0.311771,0.35919,0.29323,0.321966,0.215594,0.430987,0.466464,0.646478,0.915559,0.918961,1.0,0.622165,0.810663,0.930213,0.873908,0.911764,0.895123,0.398719,0.817049,0.799451,0.780347,0.458399,0.254447,0.185627,0.387362,0.350541,0.364658,0.505644,0.473042,0.292243,0.377334,0.391623,0.646374,0.717561,0.468106,0.339578,0.23781,0.578419,0.415659,0.704549,0.911697,0.719942,0.842915,0.843572,0.820085,0.682873,0.967218,0.265645,0.501775,0.285403,0.238657,0.123805,0.396404,0.623353,0.17159,0.33632,0.375621,0.150693,0.376349,0.210802,0.338799,0.532584,0.705757,0.772322,0.695858,0.623626,0.431908,0.814068,0.683562,0.849166,0.293032,0.718738,0.16192,0.208806,0.435719,0.334214,0.274838,0.186573,0.230751,0.225061,0.81246,0.190689,0.452372,0.323004,0.411557,0.475851,0.510413,0.355231,0.296193,0.437746,0.651954,0.642945,0.595489,0.85178,0.471399,0.237733,0.238237,0.247531,0.351068,0.348028,0.431141,0.568422,0.67869,0.402872,0.46496,0.320702,0.42084,0.329314,0.572576,0.5835,0.458626,0.89611,0.917095,0.676134,0.418188,0.437562,0.807779,0.34526,0.23974
sedu_es_9ef-D05-02,0.308837,0.469855,0.466307,0.237193,0.447066,0.476311,0.558502,0.437174,0.444404,0.428412,0.456669,0.462403,0.720832,0.791229,0.317478,0.024468,0.221068,0.26499,0.228448,0.054897,0.452342,0.286717,0.495626,0.320082,0.461245,0.534704,0.404155,0.437424,0.654825,0.525857,0.440487,0.415299,0.467466,0.347007,0.207293,0.731077,0.828461,0.571971,0.325865,0.11636,0.236845,0.170746,0.137389,0.478652,0.341081,0.368276,0.518801,0.44689,0.584136,0.404687,0.45694,0.616055,0.407564,0.608811,0.415172,0.343411,0.465459,0.733878,0.757383,0.794328,0.778831,0.392897,0.310143,0.476303,0.37149,0.648433,0.138432,0.209807,0.201039,0.096419,0.584052,0.324108,0.386707,0.409729,0.37594,0.391163,0.457236,0.349523,0.531469,0.394402,0.40173,0.559702,0.374328,0.426047,0.47328,0.434058,0.377109,0.324997,0.662858,0.599053,0.754048,0.851315,0.357168,0.930043,0.077305,0.207656,0.26655,0.024308,0.165929,0.367949,0.302702,0.438305,0.416729,0.589116,0.637759,0.549372,0.359895,0.394934,0.416143,0.491059,0.372066,0.265027,0.454366,0.418189,0.466231,0.566844,0.712715,0.763607,0.841785,0.355111,0.829174,0.504762,0.200318,0.099987,0.249753,0.310095,0.520361,0.435317,0.323985,0.393082,0.522125,0.431016,0.482018,0.478992,0.48889,0.449613,0.325703,0.404921,0.342509,0.385745,0.524006,0.810036,0.691116,0.69953,0.836368,0.885964,0.86703,0.808512,0.545568,0.430231,0.736594,0.460906,0.285021,0.461852,0.687173,0.235535,0.326555,0.254814,0.212074,0.421823,0.417324,0.308052,0.428452,0.410424,0.375322,0.486987,0.5242,0.424072,0.522562,0.614976,0.457704,0.452131,0.323726,0.345275,0.530666,0.42954,0.469467,0.395071,0.654509,0.70356,0.669568,0.677669,0.619979,0.825122,0.694772,0.817103,0.60394,0.838764,0.31266,0.675629,0.919652,0.792921,0.479036,0.151192,0.15544,0.193771,0.266186,0.328309,0.335983,0.623413,0.362059,0.406388,0.353897,0.582241,0.552277,0.295078,0.517253,0.445334,0.579844,0.418216,1.0,0.679745,0.517976,0.644486,0.600304,0.75965,0.425784,0.671328,0.391032,0.456353,0.21815,0.155039,0.049298,0.304742,0.747641,0.431241,0.397135,0.40715,0.264318,0.281054,0.215748,0.389901,0.439488,0.741644,0.622952,0.810222,0.700051,0.46724,0.664399,0.525591,0.62441,0.336036,0.493956,0.110108,0.226213,0.377526,0.213685,0.260908,0.192651,0.112006,0.15179,0.496869,0.0,0.270928,0.196814,0.20799,0.380268,0.494201,0.306166,0.330687,0.326457,0.429264,0.408721,0.675325,0.499926,0.496288,0.202673,0.211812,0.259237,0.262564,0.30662,0.317732,0.492863,0.514578,0.300972,0.329737,0.099478,0.339174,0.212022,0.591448,0.529453,0.614162,0.558571,0.640387,0.674081,0.50333,0.487431,0.58046,0.376209,0.199041
sedu_es_9ef-D05-03,0.163032,0.489057,0.497507,0.251075,0.310411,0.473905,0.525856,0.50194,0.440935,0.266184,0.441398,0.365022,0.518378,0.636072,0.42631,0.097651,0.270343,0.249705,0.303585,0.018923,0.365132,0.313266,0.373092,0.348434,0.44633,0.398128,0.473687,0.531388,0.620521,0.531085,0.312255,0.248165,0.256248,0.290295,0.250439,0.56184,0.653806,0.714028,0.410841,0.287142,0.400196,0.282419,0.0,0.403168,0.274031,0.288721,0.436201,0.412997,0.497218,0.432979,0.566518,0.623525,0.533017,0.625751,0.340555,0.427417,0.408989,0.547763,0.593104,0.77512,0.561177,0.605628,0.577307,0.632272,0.403642,0.546887,0.29009,0.36407,0.300631,0.11952,0.469372,0.354605,0.320008,0.284592,0.371001,0.45582,0.633874,0.400025,0.568232,0.626274,0.371262,0.724082,0.431721,0.232932,0.445028,0.606528,0.513457,0.267431,0.547931,0.518661,0.623985,0.602302,0.59402,1.0,0.2823,0.331779,0.284701,0.275313,0.136448,0.394177,0.275765,0.389329,0.429856,0.773664,0.676327,0.523089,0.569499,0.46989,0.441333,0.49681,0.504562,0.303035,0.580101,0.660894,0.41584,0.53772,0.556464,0.618324,0.815509,0.593249,0.761911,0.609449,0.180114,0.11047,0.306783,0.294438,0.419407,0.390651,0.363517,0.323564,0.499954,0.414078,0.711354,0.478598,0.566754,0.604768,0.413766,0.442115,0.490225,0.459085,0.587873,0.707433,0.644009,0.576292,0.791907,0.67082,0.736826,0.502108,0.579539,0.52858,0.698355,0.523718,0.356706,0.401207,0.926436,0.296077,0.301954,0.320963,0.304329,0.407925,0.431679,0.471281,0.443108,0.417536,0.382789,0.432872,0.560622,0.658253,0.650144,0.528682,0.541919,0.457561,0.367645,0.237863,0.398415,0.356449,0.497924,0.531853,0.633984,0.638509,0.468824,0.600744,0.587083,0.765364,0.530546,0.717275,0.624512,0.805575,0.412042,0.774685,0.7816,0.885855,0.63425,0.153813,0.369091,0.312701,0.351602,0.318721,0.488408,0.57054,0.522572,0.45203,0.384812,0.552031,0.516156,0.43524,0.406886,0.338214,0.599627,0.467273,0.623641,0.567074,0.591622,0.620139,0.434188,0.774477,0.512542,0.757017,0.383452,0.426588,0.311851,0.33867,0.156809,0.39833,0.861784,0.340898,0.450254,0.398021,0.427921,0.361297,0.301072,0.545333,0.472991,0.676363,0.605875,0.626367,0.62157,0.566011,0.668246,0.702625,0.55942,0.449726,0.487998,0.147829,0.181936,0.470509,0.336167,0.319408,0.248252,0.279796,0.347629,0.438483,0.151909,0.457335,0.318249,0.366997,0.414954,0.476714,0.385907,0.422795,0.398622,0.389962,0.59839,0.578734,0.539196,0.539914,0.217035,0.208456,0.294714,0.385099,0.327906,0.503623,0.504557,0.589332,0.449586,0.439643,0.149826,0.343936,0.40972,0.522822,0.51093,0.447344,0.60287,0.528923,0.756802,0.451261,0.485417,0.512681,0.418083,0.227913
sedu_es_9ef-D05-04,0.224583,0.478434,0.514417,0.372282,0.329576,0.53168,0.581674,0.45925,0.406685,0.149734,0.599948,0.572115,0.841997,0.542595,0.610868,0.149552,0.118036,0.202806,0.176941,0.163203,0.367744,0.21939,0.348321,0.395705,0.446871,0.522479,0.476828,0.444199,0.645069,0.713677,0.29555,0.230558,0.241156,0.513769,0.317293,0.831704,0.605831,0.754347,0.393951,0.128565,0.438255,0.144479,0.025237,0.386748,0.287096,0.202392,0.380902,0.456917,0.348998,0.410562,0.40499,0.570951,0.4175,0.433619,0.183434,0.417356,0.686005,0.821565,0.930569,0.503214,0.66055,0.341006,0.640956,0.592715,0.322927,0.656678,0.33536,0.39248,0.117764,0.02438,0.479568,0.278252,0.355098,0.319722,0.467625,0.383302,0.471204,0.500245,0.523215,0.415828,0.401608,0.426138,0.282603,0.124549,0.264241,0.422977,0.38402,0.276452,0.658394,0.646401,0.674537,0.693533,0.430966,0.769805,0.233964,0.12749,0.232944,0.014845,0.071828,0.302117,0.212797,0.359222,0.33619,0.529556,0.508876,0.230401,0.320895,0.362046,0.298852,0.499359,0.360851,0.393436,0.452928,0.558711,0.596319,0.500398,0.874438,0.671767,0.813564,0.55057,0.803132,0.602821,0.173756,0.045387,0.177786,0.166848,0.350134,0.360384,0.329081,0.374701,0.295553,0.468107,0.40165,0.323499,0.491615,0.413023,0.282353,0.624067,0.403998,0.299942,0.494072,0.512994,0.679954,0.334976,0.640679,0.496763,1.0,0.883226,0.794303,0.610382,0.819688,0.573776,0.63618,0.974385,0.658522,0.197225,0.166331,0.211014,0.173493,0.49579,0.380776,0.353607,0.291401,0.516662,0.573305,0.499926,0.494283,0.41458,0.517944,0.352838,0.457774,0.474811,0.338312,0.079425,0.341228,0.20507,0.47926,0.369631,0.525077,0.69452,0.723426,0.922959,0.59612,0.850685,0.871419,0.892846,0.583729,0.759862,0.372359,0.755249,0.673831,0.61347,0.538616,0.307217,0.056458,0.293277,0.369398,0.364278,0.608994,0.56645,0.479743,0.191215,0.355179,0.380869,0.536002,0.476703,0.285615,0.223367,0.497548,0.512346,0.574596,0.778758,0.70894,0.843405,0.616151,0.624592,0.587844,0.985515,0.347871,0.298356,0.119398,0.00423,0.0,0.21058,0.703558,0.27105,0.481543,0.507376,0.259378,0.244611,0.389038,0.394601,0.294878,0.786841,0.656035,0.773373,0.496777,0.353851,0.742722,0.53405,0.723084,0.633206,0.673097,0.144126,0.222725,0.286534,0.209388,0.254331,0.196115,0.390228,0.099771,0.570066,0.068276,0.465611,0.188328,0.360456,0.419273,0.623563,0.268458,0.317331,0.350855,0.552627,0.578828,0.502751,0.752563,0.541553,0.245026,0.280532,0.222327,0.505431,0.345164,0.275606,0.378585,0.433472,0.372809,0.447526,0.370237,0.418934,0.242123,0.39335,0.364151,0.457794,0.71011,0.580571,0.555089,0.272131,0.267535,0.622912,0.238607,0.231728
sedu_es_9ef-D06-01,0.179889,0.415562,0.194119,0.123633,0.393726,0.377621,0.37016,0.379015,0.315766,0.320323,0.646861,0.609385,0.672639,0.777424,0.179506,0.091808,0.310133,0.23982,0.471131,0.053416,0.422,0.330004,0.39281,0.131378,0.20606,0.272582,0.34797,0.380365,0.42107,0.461865,0.277841,0.403789,0.421449,0.643792,0.497928,0.651051,0.749627,0.434946,0.06194,0.21537,0.247727,0.266201,0.114192,0.414891,0.380389,0.366826,0.418297,0.317774,0.606735,0.29656,0.323287,0.488249,0.374057,0.573576,0.383465,0.197606,0.744834,0.549499,0.811594,0.744915,0.562669,0.297551,0.190232,0.282724,0.056114,0.570056,0.20991,0.267159,0.26369,0.133537,0.497859,0.293457,0.297325,0.335636,0.324963,0.312343,0.439347,0.31743,0.376334,0.46656,0.15642,0.366544,0.354958,0.397186,0.380053,0.445412,0.221939,0.240256,0.868884,0.629389,0.945392,0.693189,0.252418,0.597287,0.194448,0.237182,0.320308,0.053935,0.139387,0.322694,0.218404,0.364546,0.336758,0.42788,0.415586,0.429138,0.331425,0.296856,0.343407,0.352408,0.224762,0.408308,0.272863,0.301908,0.662493,1.0,0.667741,0.733285,0.707087,0.296666,0.708377,0.273815,0.127556,0.104787,0.296964,0.2891,0.422506,0.332829,0.294151,0.265281,0.47217,0.429472,0.37201,0.420266,0.306315,0.354484,0.361524,0.306022,0.344254,0.241894,0.411366,0.7844,0.718772,0.68291,0.905259,0.920722,0.618764,0.683791,0.680302,0.361248,0.941268,0.804582,0.385689,0.593374,0.60848,0.179977,0.396886,0.344399,0.330948,0.570087,0.295848,0.348574,0.316414,0.289966,0.227299,0.355999,0.509518,0.376584,0.405783,0.469572,0.355684,0.373332,0.38177,0.491091,0.521148,0.395556,0.514996,0.385501,0.727622,0.965301,0.767647,0.770931,0.918221,0.900178,0.726193,0.769028,0.615486,0.70251,0.305356,0.419972,0.807088,0.650034,0.652492,0.149122,0.13776,0.236069,0.226872,0.18604,0.371299,0.505292,0.25845,0.248959,0.333666,0.912687,0.723706,0.321833,0.437651,0.381557,0.724692,0.400048,0.84289,0.75946,0.516372,0.753412,0.693684,0.707571,0.206678,0.52921,0.337207,0.364801,0.232761,0.226175,0.057359,0.332246,0.616432,0.385752,0.228484,0.28714,0.28934,0.487417,0.233351,0.386067,0.472614,0.990952,0.957563,0.747425,0.796196,0.581502,0.477067,0.752674,0.72707,0.267356,0.554783,0.162768,0.265479,0.407002,0.291131,0.344,0.158257,0.0,0.2714,0.530042,0.212273,0.273414,0.254136,0.300563,0.466416,0.52918,0.46621,0.407487,0.412309,0.598304,0.283336,0.695364,0.44507,0.439938,0.262046,0.214775,0.297636,0.303351,0.208949,0.447169,0.62214,0.609501,0.390885,0.431858,0.130022,0.27185,0.235376,0.63253,0.602936,0.60048,0.535765,0.602413,0.74489,0.510564,0.508183,0.837747,0.441647,0.303552
sedu_es_9ef-D06-02,0.378617,0.451549,0.246383,0.334115,0.524488,0.524296,0.608587,0.460918,0.313023,0.415809,0.994256,0.75753,0.667192,0.458172,0.204135,0.520199,0.389995,0.445566,0.841028,0.519159,0.433558,0.323754,0.622393,0.31155,0.295831,0.246661,0.448458,0.458605,0.435715,0.635838,0.289817,0.553148,0.533974,0.847466,0.511642,0.607503,0.411891,0.459882,0.067954,0.379385,0.700347,0.706132,0.358675,0.515565,0.248432,0.341909,0.550065,0.442302,0.499766,0.446012,0.454778,0.465782,0.374482,0.456769,0.430522,0.361357,0.998504,0.491743,0.696041,0.363699,0.572787,0.425964,0.271622,0.167395,0.093376,0.583554,0.62829,0.814349,0.638144,0.259701,0.508079,0.409323,0.154883,0.432156,0.466662,0.389014,0.428632,0.589059,0.505309,0.424075,0.222722,0.288637,0.678292,0.370568,0.291272,0.568088,0.305916,0.483628,1.0,0.44604,0.602418,0.565648,0.160674,0.540732,0.660881,0.116958,0.279717,0.355597,0.375865,0.27035,0.154114,0.627515,0.587709,0.325887,0.435859,0.406594,0.693598,0.377024,0.376009,0.357451,0.374288,0.831418,0.235581,0.470783,0.470772,0.779468,0.496644,0.397153,0.547704,0.430209,0.739617,0.482734,0.302004,0.408383,0.252579,0.216127,0.507795,0.476207,0.519456,0.219551,0.293727,0.487159,0.43845,0.5296,0.488085,0.400145,0.45508,0.27915,0.655075,0.346039,0.592382,0.46159,0.497273,0.280661,0.472419,0.495576,0.498948,0.415694,0.608629,0.409041,0.939144,0.826468,0.715903,0.496858,0.642198,0.562958,0.119126,0.296734,0.27742,0.634013,0.168051,0.662132,0.402096,0.585756,0.382899,0.427582,0.71849,0.436377,0.50572,0.46812,0.515139,0.590868,0.538504,0.578633,0.547839,0.504857,0.59117,0.315505,0.385262,0.732582,0.706644,0.817795,0.56799,0.727587,0.632686,0.609823,0.302408,0.55721,0.482569,0.378578,0.483149,0.434159,0.668536,0.501888,0.300681,0.351742,0.391772,0.33747,0.49516,0.652548,0.406518,0.248659,0.476835,0.667369,0.677132,0.267797,0.481059,0.459252,0.6119,0.5157,0.44909,0.421773,0.347086,0.817715,0.565884,0.516017,0.427404,0.769627,0.527538,0.310481,0.0,0.148839,0.052949,0.22727,0.49211,0.605894,0.427828,0.537595,0.76538,0.806921,0.283071,0.32312,0.633724,0.783026,0.654705,0.704955,0.562313,0.498321,0.329933,0.430379,0.73958,0.295126,0.66356,0.496184,0.318155,0.107581,0.264286,0.432572,0.139432,0.205041,0.440656,0.417334,0.485735,0.312929,0.126956,0.646815,0.519335,0.543417,0.690271,0.749186,0.492138,0.638754,0.365654,0.622317,0.546936,0.396592,0.660381,0.531634,0.391643,0.248059,0.484962,0.401968,0.494323,0.436936,0.379445,0.60234,0.165407,0.159421,0.241539,0.598743,0.550423,0.84008,0.556317,0.435106,0.527772,0.490816,0.354692,0.614615,0.465436,0.759475
sedu_es_9ef-D06-03,0.084682,0.64979,0.321964,0.260902,0.254358,0.594444,0.413438,0.374028,0.40262,0.37016,0.717025,0.701699,0.462492,0.565245,0.254878,0.214069,0.257928,0.20938,0.144828,0.220902,0.39005,0.342985,0.325057,0.374368,0.345292,0.125746,0.514054,0.415218,0.426691,0.511394,0.258953,0.616352,0.304432,0.7401,0.620319,0.530316,0.576051,0.432439,0.19095,0.316518,0.35292,0.024872,0.08872,0.407812,0.339929,0.187759,0.243129,0.399423,0.532602,0.229276,0.444361,0.4169,0.356713,0.449851,0.439086,0.188374,0.946212,0.373793,0.802922,0.60164,0.496699,0.417821,0.30845,0.282254,0.161567,0.58149,0.377567,0.381864,0.074789,0.176114,0.447514,0.269936,0.24786,0.234278,0.163244,0.3187,0.430059,0.644069,0.49568,0.596952,0.275037,0.206478,0.138768,0.237049,0.311783,0.56543,0.305516,0.083146,0.837295,0.708708,0.834231,0.568583,0.326634,0.607321,0.454916,0.0,0.266682,0.144629,0.28829,0.463505,0.164776,0.333504,0.337283,0.461352,0.382653,0.414246,0.427466,0.233502,0.165613,0.4216,0.278628,0.534973,0.237926,0.440607,0.593716,0.789828,0.721416,0.665067,0.563263,0.309345,0.750534,0.232238,0.336528,0.317514,0.461224,0.381194,0.232295,0.268374,0.352925,0.270558,0.308327,0.507721,0.541552,0.462324,0.244563,0.408537,0.430432,0.256705,0.446153,0.141239,0.444969,0.53556,0.71725,0.549636,0.624684,0.666454,0.469164,0.580163,1.0,0.36968,0.695296,0.762548,0.387264,0.627551,0.764152,0.44713,0.324004,0.502141,0.318799,0.676898,0.156542,0.437823,0.277558,0.348212,0.446731,0.504631,0.829501,0.610016,0.462631,0.491349,0.426315,0.475609,0.384505,0.605875,0.409385,0.416611,0.497527,0.23914,0.314929,0.784563,0.621487,0.811375,0.697486,0.659081,0.504414,0.666054,0.539008,0.721198,0.450996,0.256475,0.500207,0.576214,0.557656,0.484932,0.275112,0.302054,0.348014,0.266032,0.651293,0.504007,0.322624,0.172108,0.380971,0.457611,0.631002,0.196448,0.628081,0.559624,0.579601,0.46235,0.374548,0.605005,0.729563,0.795554,0.537239,0.672174,0.214861,0.503815,0.439732,0.488753,0.441647,0.201097,0.080733,0.524984,0.44628,0.195075,0.181973,0.369071,0.360562,0.483575,0.270155,0.305278,0.409778,0.860075,0.77016,0.597278,0.466248,0.498991,0.691563,0.778294,0.865539,0.261344,0.544407,0.422724,0.282313,0.461048,0.320936,0.281623,0.26955,0.142449,0.061535,0.38559,0.190669,0.398696,0.325405,0.435681,0.346232,0.429023,0.417555,0.270233,0.262363,0.547798,0.461122,0.518008,0.463642,0.544554,0.565196,0.559371,0.388971,0.370224,0.52911,0.415374,0.406008,0.331098,0.366137,0.496936,0.368961,0.436743,0.471436,0.592413,0.540133,0.454866,0.41923,0.564145,0.807504,0.590231,0.498037,0.609927,0.570595,0.546842
sedu_es_9ef-D06-04,0.298083,0.625346,0.460096,0.420886,0.49652,0.496901,0.556437,0.440167,0.382993,0.474433,0.808516,0.659568,0.782249,0.715211,0.113137,0.450597,0.579031,0.622058,0.373412,0.470435,0.532362,0.355524,0.502159,0.398091,0.372222,0.442138,0.445888,0.367295,0.529103,0.64381,0.514809,0.517124,0.586287,0.667475,0.324822,0.721967,0.6734,0.354598,0.008507,0.47168,0.759564,0.358997,0.290069,0.551988,0.451503,0.320429,0.555958,0.424076,0.550867,0.294497,0.35177,0.48388,0.470748,0.68961,0.445566,0.28193,0.843907,0.730333,0.821793,0.639685,0.82922,0.46475,0.365656,0.199639,0.082036,0.716236,0.585765,0.685928,0.300885,0.334221,0.563245,0.291747,0.368067,0.566168,0.457607,0.401698,0.34899,0.411707,0.388894,0.419937,0.319742,0.432126,0.471867,0.419951,0.46524,0.475887,0.392897,0.391595,0.839001,0.487362,0.884026,0.735143,0.161794,0.710029,0.462327,0.272168,0.464499,0.199392,0.442442,0.345918,0.205714,0.567447,0.443371,0.491421,0.577707,0.492735,0.554364,0.274164,0.265826,0.394532,0.386866,0.475587,0.31667,0.498341,0.511125,0.859343,0.729055,0.68588,0.81865,0.373817,0.753458,0.346666,0.416599,0.477202,0.311527,0.208412,0.428272,0.418585,0.37903,0.404384,0.384724,0.409415,0.468002,0.535925,0.554522,0.428767,0.396687,0.619946,0.416281,0.349701,0.454107,0.73338,0.588468,0.492362,0.75716,0.618704,0.7264,0.538082,0.779014,0.442549,0.948994,0.728588,0.405,0.519526,0.609557,0.515412,0.482097,0.400626,0.341943,0.535574,0.234117,0.459538,0.466917,0.525915,0.491157,0.521311,0.678442,0.445146,0.484121,0.576375,0.387297,0.524427,0.310886,0.414946,0.554328,0.488244,0.44674,0.39854,0.719513,1.0,0.786906,0.783748,0.623501,0.948436,0.597839,0.830968,0.39693,0.74127,0.411966,0.477077,0.662157,0.645988,0.714339,0.479727,0.224728,0.354175,0.453664,0.442097,0.488705,0.59257,0.415898,0.408541,0.355644,0.813159,0.635188,0.330176,0.752109,0.661258,0.624772,0.425939,0.647121,0.703748,0.594025,0.667049,0.733507,0.591863,0.279832,0.757138,0.559957,0.49642,0.307113,0.275513,0.0,0.417164,0.64364,0.564213,0.495482,0.529766,0.397221,0.416276,0.298948,0.313024,0.472777,0.840011,0.74204,0.824308,0.574664,0.413645,0.577005,0.641039,0.832481,0.357314,0.555553,0.481096,0.459915,0.524885,0.382934,0.366549,0.280602,0.104648,0.315775,0.613273,0.250479,0.203614,0.243111,0.302102,0.412019,0.532091,0.396435,0.42446,0.370129,0.597321,0.375027,0.539888,0.506291,0.399635,0.494507,0.53199,0.472874,0.354343,0.506371,0.388933,0.456915,0.450788,0.392244,0.452264,0.106876,0.363935,0.318601,0.553343,0.463696,0.5103,0.59967,0.381267,0.64375,0.420996,0.455198,0.741904,0.401419,0.422265
sedu_es_9ef-D07-01,0.217914,0.541815,0.660666,0.232343,0.472161,0.523848,0.510783,0.543169,0.511761,0.470907,0.446187,0.412115,0.653756,0.720794,0.530759,0.019827,0.178859,0.057799,0.214391,0.0,0.554974,0.324088,0.374098,0.327336,0.630789,0.429013,0.42514,0.504437,0.772014,0.614132,0.37224,0.436555,0.454126,0.412237,0.302334,0.649296,0.808527,0.694883,0.268179,0.222587,0.343513,0.235654,0.002762,0.640523,0.294634,0.265334,0.398796,0.434926,0.543754,0.341076,0.474504,0.733456,0.529565,0.664711,0.481961,0.45393,0.4854,0.578013,0.715917,0.908027,0.716459,0.477595,0.52413,0.52075,0.34351,0.758455,0.178256,0.375732,0.268187,0.154377,0.734337,0.449865,0.347253,0.237451,0.284512,0.34933,0.666784,0.451438,0.522462,0.674034,0.476561,0.608898,0.285476,0.421242,0.61868,0.636058,0.689316,0.359863,0.64498,0.744459,0.740545,0.705395,0.483216,1.0,0.165046,0.281571,0.248095,0.139314,0.223826,0.505742,0.225123,0.275347,0.258065,0.651334,0.75691,0.554293,0.441046,0.367752,0.365336,0.569065,0.6369,0.364451,0.627347,0.646207,0.438227,0.530186,0.696709,0.699824,0.972405,0.53488,0.963059,0.597827,0.245311,0.18482,0.276928,0.231817,0.398441,0.298632,0.250859,0.331651,0.550762,0.398888,0.676164,0.492964,0.414796,0.576187,0.427799,0.517631,0.364161,0.516861,0.667447,0.757585,0.806882,0.695984,0.881382,0.792393,0.859234,0.572426,0.630139,0.46545,0.932922,0.526709,0.536431,0.476124,0.961773,0.262398,0.485728,0.338989,0.238486,0.469734,0.407651,0.356309,0.44163,0.440009,0.414833,0.634376,0.616521,0.644425,0.724468,0.575314,0.62212,0.49343,0.465948,0.35751,0.577559,0.642792,0.657632,0.598691,0.663949,0.791431,0.57287,0.580015,0.724576,0.806669,0.608392,0.73618,0.753778,0.763171,0.319518,0.706943,0.827572,0.893384,0.574134,0.160078,0.370745,0.209426,0.446204,0.333236,0.497732,0.642024,0.441477,0.411721,0.503948,0.723294,0.616574,0.553663,0.592257,0.516829,0.81571,0.443085,0.822362,0.566618,0.529191,0.639893,0.514765,0.74285,0.55445,0.789188,0.510441,0.586936,0.359537,0.460805,0.074129,0.450018,0.846887,0.280223,0.433169,0.3701,0.326262,0.479354,0.497089,0.616298,0.653914,0.908429,0.632481,0.862991,0.694053,0.63328,0.650216,0.646787,0.725847,0.510904,0.601721,0.300909,0.397829,0.535883,0.31658,0.391551,0.355408,0.381788,0.283731,0.480512,0.131461,0.292701,0.322811,0.263602,0.372984,0.511113,0.624023,0.512015,0.46353,0.434898,0.45739,0.652941,0.524468,0.591582,0.261939,0.295798,0.244518,0.390889,0.296977,0.577895,0.581922,0.686741,0.60203,0.53877,0.104066,0.389254,0.528165,0.73769,0.833215,0.49165,0.722718,0.615457,0.90184,0.573282,0.712886,0.632826,0.582798,0.388427
sedu_es_9ef-D07-02,0.374247,0.533312,0.424865,0.243674,0.509673,0.497676,0.504541,0.384577,0.415783,0.460555,0.55344,0.515575,0.611031,0.691434,0.320988,0.13662,0.304724,0.26287,0.30664,0.238162,0.401158,0.44097,0.588501,0.363005,0.456549,0.368277,0.466023,0.501445,0.535897,0.425203,0.421179,0.450134,0.409307,0.413818,0.25411,0.608553,0.688623,0.529701,0.198658,0.250442,0.286482,0.296158,0.317972,0.466116,0.356409,0.396422,0.58058,0.458392,0.691043,0.40004,0.493795,0.575817,0.502877,0.680709,0.447916,0.385981,0.437816,0.572688,0.707003,0.821945,0.524473,0.614017,0.445154,0.430443,0.198083,0.583392,0.181761,0.316235,0.350792,0.215744,0.476414,0.344251,0.311324,0.456473,0.341538,0.392416,0.566306,0.393647,0.546979,0.566751,0.215201,0.765351,0.488531,0.462331,0.604327,0.559871,0.416787,0.380917,0.64334,0.663797,0.686434,0.700551,0.396836,0.89839,0.195858,0.339633,0.202593,0.184805,0.35962,0.284044,0.270175,0.529229,0.527119,0.773073,0.791846,0.779227,0.552846,0.423051,0.407237,0.397458,0.509178,0.313686,0.45345,0.604302,0.36601,0.657755,0.686775,0.58232,0.757362,0.450806,0.824275,0.460358,0.316203,0.273116,0.282135,0.37472,0.527807,0.461105,0.342246,0.296949,0.704171,0.42576,0.687461,0.671924,0.552132,0.633992,0.561455,0.487733,0.47244,0.478481,0.645324,0.883065,0.76768,0.739994,0.942963,0.931772,0.59203,0.66913,0.554474,0.451707,0.802791,0.627131,0.354131,0.319255,0.814243,0.504352,0.271441,0.331315,0.274019,0.458797,0.347599,0.413798,0.448741,0.418583,0.30944,0.546758,0.618892,0.650979,0.78677,0.723446,0.649183,0.575365,0.549602,0.515186,0.585907,0.518713,0.582861,0.545363,0.703834,0.710892,0.460655,0.494058,0.668429,0.789924,0.601,0.720425,0.588884,0.827589,0.419923,0.605364,0.929748,0.831682,0.868328,0.30451,0.358434,0.285101,0.278661,0.423825,0.647956,0.617557,0.393886,0.481649,0.41111,0.675227,0.577066,0.429194,0.517585,0.475952,0.725604,0.462577,1.0,0.559727,0.394555,0.655238,0.446515,0.759936,0.453529,0.640539,0.534041,0.46659,0.391211,0.35734,0.284807,0.396766,0.947494,0.544574,0.599133,0.46631,0.366656,0.446145,0.333495,0.516947,0.609639,0.816449,0.631014,0.755368,0.825607,0.698303,0.564917,0.633415,0.511384,0.497424,0.599666,0.324566,0.256262,0.446529,0.38497,0.334375,0.313193,0.316165,0.398507,0.41639,0.140144,0.313111,0.302601,0.202908,0.310502,0.574782,0.482626,0.476087,0.515902,0.486339,0.389922,0.672062,0.462602,0.406081,0.396032,0.41543,0.45336,0.458189,0.277035,0.504317,0.66324,0.669545,0.428097,0.520381,0.0,0.330743,0.250733,0.72447,0.696116,0.587074,0.651437,0.553666,0.814178,0.818105,0.83432,0.589664,0.46308,0.449353
sedu_es_9ef-D07-03,0.16425,0.343551,0.249759,0.054218,0.261237,0.36329,0.190719,0.2354,0.397951,0.291839,0.279587,0.378522,0.740063,0.729685,0.212013,0.019452,0.118904,0.085166,0.221923,0.042635,0.451097,0.181371,0.204337,0.0,0.237511,0.150869,0.236197,0.153216,0.328546,0.375197,0.179034,0.319079,0.299146,0.262616,0.2813,0.646312,0.823703,0.231053,0.01659,0.049852,0.141634,0.247584,0.076255,0.526805,0.18556,0.123236,0.195071,0.194445,0.355339,0.094089,0.161243,0.294397,0.229979,0.304214,0.251106,0.290992,0.384831,0.591028,0.704885,0.667878,0.677395,0.296869,0.152147,0.110042,0.044593,0.602283,0.058702,0.183821,0.233459,0.137029,0.567179,0.303567,0.21343,0.066998,0.032138,0.109427,0.217872,0.234438,0.224064,0.378954,0.171535,0.26832,0.102996,0.243307,0.429093,0.240906,0.414977,0.21397,0.426712,0.596301,0.640649,0.736803,0.162844,0.640832,0.029497,0.200642,0.237927,0.059941,0.19272,0.322644,0.149077,0.097348,0.12171,0.325014,0.471803,0.282591,0.151966,0.037749,0.025282,0.211258,0.495646,0.17913,0.279237,0.39229,0.386734,0.471528,0.636621,0.561663,0.674496,0.232699,0.711655,0.337842,0.164112,0.162078,0.248194,0.21418,0.145313,0.215292,0.118794,0.250495,0.28263,0.324168,0.391841,0.235106,0.183849,0.181329,0.073728,0.136384,0.195356,0.329804,0.454036,0.642412,0.628628,0.536774,0.89645,0.75492,0.596059,0.471528,0.42632,0.322786,0.782724,0.523335,0.281393,0.412698,0.452147,0.108398,0.38154,0.307856,0.264558,0.48599,0.181834,0.190417,0.198082,0.12747,0.242631,0.539556,0.452163,0.326715,0.451274,0.335634,0.209643,0.235225,0.385736,0.174761,0.487042,0.415957,0.433924,0.480071,0.417739,0.866138,0.574701,0.567975,0.555862,0.945693,0.743936,0.777938,0.468549,0.786532,0.252312,0.359532,0.748841,0.657739,0.390711,0.08115,0.184645,0.18608,0.346853,0.087638,0.334184,0.307653,0.214943,0.309627,0.169768,0.547274,0.425275,0.337647,0.406442,0.301509,0.552713,0.328389,0.955544,0.495457,0.441345,0.559696,0.425591,0.540288,0.287211,0.578116,0.203844,0.447786,0.162641,0.241261,0.03266,0.303234,0.609588,0.113851,0.174021,0.195986,0.178329,0.462046,0.235222,0.327657,0.449838,0.794435,0.64471,1.0,0.915186,0.435731,0.453564,0.304478,0.537469,0.20702,0.418212,0.206662,0.371857,0.451212,0.258946,0.195286,0.266262,0.149152,0.136881,0.435431,0.013641,0.081781,0.172135,0.116659,0.273227,0.351838,0.330744,0.260941,0.321445,0.338696,0.125326,0.793551,0.354891,0.321937,0.124638,0.205862,0.229371,0.304257,0.228803,0.29069,0.362031,0.40808,0.383211,0.337667,0.101389,0.358409,0.346448,0.487523,0.531437,0.293071,0.585051,0.421668,0.545001,0.279042,0.391095,0.438713,0.362644,0.143215
sedu_es_9ef-D07-04,0.294884,0.410802,0.474608,0.147049,0.35466,0.56917,0.421889,0.462683,0.475923,0.413475,0.49701,0.598123,0.561896,0.505372,0.589842,0.0,0.087275,0.104941,0.766399,0.047451,0.368404,0.265764,0.425717,0.165904,0.472644,0.262694,0.453471,0.355042,0.49134,0.380136,0.266531,0.337328,0.266083,0.391743,0.239647,0.509319,0.57534,0.443381,0.185303,0.066499,0.203973,0.945213,0.035856,0.655896,0.148141,0.359842,0.347873,0.425612,0.606461,0.382283,0.343073,0.464707,0.367964,0.490074,0.344706,0.601968,0.504452,0.517838,0.67917,0.610124,0.53566,0.568493,0.406723,0.433049,0.285592,0.711249,0.069362,0.162979,0.964596,0.120731,0.534024,0.586657,0.18233,0.308791,0.337983,0.296538,0.672768,0.377501,0.485778,0.493256,0.124032,0.539888,0.962287,0.294553,0.549575,0.579629,0.758113,0.416879,0.623605,0.62071,0.437258,0.476217,0.56716,0.753443,0.034655,0.781091,0.019167,0.111061,0.211271,0.43476,0.095752,0.337874,0.203422,0.6834,0.687259,0.465818,0.317252,0.27396,0.266726,0.401822,0.807519,0.28133,0.644465,0.522116,0.381116,0.466155,0.651769,0.49407,0.748634,0.668641,0.962135,0.4024,0.125649,0.002892,0.365529,0.258403,0.248645,0.500556,0.137673,0.267668,0.518128,0.47461,0.593587,0.491034,0.353054,0.575409,0.32031,0.471277,0.304701,0.443666,0.57274,0.612017,0.649532,0.379824,0.629795,0.652159,0.735398,0.447921,0.438909,0.297413,1.0,0.476066,0.387857,0.554789,0.932335,0.172829,0.415752,0.445709,0.182791,0.471973,0.351132,0.298595,0.50889,0.487812,0.322514,0.44081,0.406638,0.505738,0.73389,0.491652,0.626895,0.469981,0.585879,0.242206,0.458625,0.348094,0.567026,0.430479,0.573654,0.808873,0.450276,0.526496,0.434868,0.662578,0.551328,0.545778,0.395466,0.613538,0.370388,0.44685,0.684261,0.587225,0.665281,0.120679,0.461136,0.302753,0.463808,0.336328,0.719637,0.549832,0.420916,0.286494,0.225791,0.453727,0.470351,0.284423,0.400403,0.320754,0.659403,0.512033,0.600725,0.342826,0.371923,0.577109,0.391105,0.560925,0.373872,0.55873,0.253269,0.579369,0.215571,0.426452,0.158592,0.416237,0.781164,0.275055,0.464314,0.327724,0.312101,0.394617,0.646465,0.737072,0.419012,0.775821,0.466553,0.658196,0.554028,0.486079,0.48621,0.340736,0.557345,0.455942,0.361601,0.172747,0.566393,0.378212,0.42026,0.469349,0.449904,0.292326,0.440651,0.610703,0.060079,0.430147,0.345982,0.200319,0.093983,0.317208,0.540532,0.508561,0.518131,0.244792,0.505207,0.570736,0.320806,0.549209,0.153218,0.158526,0.331818,0.556654,0.249325,0.558627,0.282229,0.384725,0.530089,0.474953,0.079721,0.25091,0.444034,0.670756,0.693141,0.302736,0.546922,0.312777,0.792448,0.398081,0.423026,0.473155,0.407611,0.204755
sedu_es_9ef-D08-01,0.048272,0.394531,0.332154,0.197136,0.197806,0.421312,0.403477,0.378952,0.493791,0.213327,0.410254,0.364656,0.637739,0.628116,0.417179,0.027885,0.091548,0.116917,0.126999,0.05775,0.261336,0.313012,0.183234,0.311387,0.27131,0.41958,0.323925,0.39349,0.583797,0.61687,0.21839,0.262089,0.279805,0.285743,0.27598,0.671015,0.634647,0.556478,0.347424,0.175097,0.0,0.140083,0.049699,0.274298,0.369911,0.089079,0.222027,0.306535,0.281248,0.357055,0.391737,0.554815,0.313566,0.295929,0.190145,0.243557,0.544414,0.706618,0.855318,0.572804,0.513694,0.234456,0.304318,0.3604,0.217375,0.611197,0.007449,0.003913,0.222216,0.116887,0.422742,0.293952,0.374008,0.155598,0.191002,0.346559,0.388087,0.410076,0.562005,0.494322,0.447256,0.158289,0.164207,0.110431,0.251459,0.31455,0.188596,0.090305,0.615544,0.765897,0.671278,0.730604,0.388617,0.649473,0.062708,0.105414,0.17956,0.150913,0.085718,0.352324,0.262736,0.169674,0.216165,0.294972,0.197382,0.116804,0.212178,0.349821,0.365016,0.455964,0.263021,0.312024,0.51062,0.463657,0.564026,0.463505,0.742311,0.745811,0.633277,0.560225,0.699135,0.607689,0.186798,0.096094,0.20231,0.254299,0.211779,0.213126,0.341997,0.270648,0.277462,0.583663,0.341471,0.139664,0.2866,0.251536,0.205552,0.157778,0.364307,0.216483,0.518019,0.584796,0.812504,0.706746,0.5684,0.603032,0.828922,0.682094,0.593851,0.600814,0.659054,0.625404,0.317777,0.604007,0.518015,0.137945,0.19117,0.246132,0.245117,0.380756,0.446585,0.325428,0.217502,0.303556,0.451155,0.415275,0.469441,0.337066,0.359503,0.265748,0.247355,0.282115,0.185987,0.270981,0.225598,0.147476,0.400661,0.357701,0.586103,0.651315,0.79506,0.904204,0.525936,0.643346,0.88175,0.653994,1.0,0.71106,0.312715,0.614186,0.591526,0.662391,0.351991,0.252507,0.089322,0.286097,0.220024,0.151971,0.39786,0.473337,0.286042,0.170724,0.290297,0.376102,0.595217,0.400831,0.224238,0.135806,0.408705,0.556528,0.479937,0.878844,0.728022,0.769324,0.678573,0.673975,0.351318,0.70459,0.302959,0.412904,0.129546,0.086636,0.22483,0.262237,0.54008,0.101401,0.152795,0.317332,0.16773,0.257995,0.291056,0.468659,0.336851,0.49379,0.636627,0.540359,0.417999,0.331943,0.691041,0.523035,0.72181,0.202232,0.578612,0.126865,0.082329,0.303122,0.210497,0.259355,0.092701,0.146331,0.141428,0.73508,0.214184,0.402626,0.265803,0.347661,0.438315,0.482191,0.193605,0.336638,0.347671,0.467442,0.535666,0.530479,0.797391,0.557921,0.251343,0.234055,0.068008,0.408866,0.22389,0.419301,0.441197,0.477529,0.161786,0.268958,0.298416,0.336328,0.244458,0.384342,0.397091,0.355506,0.604631,0.918906,0.63158,0.282675,0.299355,0.629677,0.238018,0.257785
sedu_es_9ef-D08-02,0.292912,0.455168,0.361891,0.292325,0.275878,0.47194,0.431774,0.481067,0.532846,0.418064,0.503472,0.518425,0.671336,0.967974,0.37321,0.069575,0.315802,0.35785,0.419807,0.014902,0.528646,0.332696,0.351076,0.309821,0.315316,0.303679,0.415828,0.404068,0.516573,0.462208,0.241261,0.418032,0.332647,0.45292,0.416827,0.724597,0.919639,0.674799,0.344779,0.315944,0.378775,0.333714,0.0,0.443694,0.328811,0.307694,0.458467,0.388621,0.441104,0.345008,0.415155,0.50342,0.400701,0.491907,0.365406,0.398909,0.546542,0.704958,0.809839,0.874977,0.749655,0.59245,0.501248,0.582753,0.452456,0.669512,0.315943,0.357382,0.389522,0.014221,0.562833,0.333393,0.3253,0.277255,0.335606,0.334889,0.487656,0.467575,0.460022,0.519344,0.311213,0.590621,0.42147,0.331394,0.46807,0.484602,0.460961,0.368854,0.6592,0.687683,0.846987,0.734607,0.534149,0.97511,0.297522,0.382839,0.374575,0.287779,0.109298,0.463155,0.308006,0.38537,0.388756,0.661945,0.627813,0.446873,0.464683,0.323631,0.282264,0.384716,0.420704,0.370079,0.522896,0.4036,0.580085,0.7162,0.732171,0.803922,0.827409,0.486845,0.770112,0.64223,0.139203,0.069354,0.371307,0.410051,0.350107,0.400458,0.351049,0.364561,0.490313,0.406643,0.57678,0.444219,0.4706,0.487452,0.395445,0.268693,0.375148,0.393128,0.469257,0.767478,0.779271,0.705779,0.999127,0.840084,0.765628,0.634155,0.568928,0.491641,0.924979,0.581596,0.401048,0.485979,0.73993,0.1995,0.52514,0.414044,0.400687,0.608337,0.325196,0.353246,0.325023,0.439786,0.29445,0.419094,0.577006,0.487673,0.496857,0.426333,0.489894,0.475479,0.586825,0.277865,0.587192,0.474187,0.468294,0.548181,0.646389,0.931368,0.671697,0.681558,0.704758,1.0,0.816587,0.890461,0.699548,0.947258,0.377085,0.732137,0.969107,0.893606,0.716823,0.141394,0.401018,0.333661,0.406483,0.339745,0.354155,0.492666,0.454885,0.425196,0.414944,0.697039,0.58572,0.442124,0.544314,0.420657,0.639712,0.40644,0.894104,0.740494,0.824605,0.634312,0.60534,0.85989,0.476105,0.742787,0.339066,0.56218,0.24761,0.451941,0.127918,0.478971,0.873705,0.372732,0.350011,0.388929,0.401274,0.407175,0.20276,0.40727,0.576342,0.784669,0.767265,0.787098,0.84357,0.512252,0.691137,0.749249,0.69239,0.50814,0.560177,0.124002,0.400131,0.583676,0.404077,0.344684,0.340522,0.293277,0.298962,0.525824,0.139687,0.365036,0.337286,0.409423,0.426895,0.455118,0.468774,0.491428,0.4066,0.419641,0.492611,0.70336,0.599816,0.490134,0.221992,0.176451,0.421326,0.30351,0.349806,0.548273,0.526194,0.564604,0.584695,0.51724,0.254666,0.405353,0.453779,0.632453,0.650411,0.534312,0.754076,0.617557,0.822311,0.47979,0.547597,0.626762,0.413989,0.292859
sedu_es_9ef-D08-03,0.287031,0.521832,0.381891,0.259231,0.389194,0.424316,0.52114,0.422863,0.433765,0.420197,0.462591,0.429576,0.727193,0.869147,0.237172,0.10546,0.388146,0.372148,0.289511,0.0,0.397456,0.299826,0.452318,0.346674,0.263794,0.498595,0.36113,0.427371,0.611309,0.477814,0.489996,0.391981,0.380174,0.370626,0.37611,0.704609,0.822064,0.741491,0.342508,0.349653,0.357029,0.282233,0.057905,0.288761,0.325323,0.367979,0.607023,0.36947,0.577582,0.418038,0.406638,0.619834,0.523458,0.61729,0.475331,0.342798,0.483701,0.718761,0.821395,0.831241,0.66827,0.45354,0.45679,0.573807,0.314687,0.570869,0.282415,0.288922,0.253664,0.116118,0.511302,0.241578,0.355088,0.415892,0.457511,0.445885,0.475429,0.343935,0.503398,0.49293,0.379984,0.645911,0.487797,0.506957,0.582972,0.41648,0.355665,0.389515,0.625481,0.738688,0.877989,0.808575,0.572725,0.918999,0.224426,0.322094,0.461262,0.213957,0.13879,0.305721,0.293619,0.50595,0.509543,0.615481,0.626413,0.55208,0.455371,0.476307,0.483638,0.507639,0.412932,0.280981,0.531006,0.527441,0.639574,0.762288,0.712909,0.851526,0.903737,0.539184,0.807619,0.627007,0.179128,0.193333,0.243697,0.260296,0.535188,0.520736,0.397285,0.427022,0.521799,0.435271,0.517907,0.536286,0.551965,0.537097,0.477204,0.431153,0.406759,0.419844,0.546644,0.97884,0.913183,0.922517,0.952477,0.830413,0.844026,0.733034,0.583275,0.5636,0.907901,0.666764,0.373625,0.544533,0.74914,0.299708,0.38238,0.262505,0.318525,0.410846,0.483651,0.360428,0.369118,0.477737,0.35719,0.497965,0.522398,0.469022,0.50827,0.537173,0.507245,0.510524,0.332153,0.294649,0.620654,0.500562,0.483623,0.540357,0.993158,0.911352,0.686313,0.753652,0.773189,0.998384,0.81617,0.792169,1.0,0.968156,0.326526,0.801475,0.967832,0.905297,0.743892,0.23318,0.263256,0.291081,0.247867,0.348628,0.42289,0.574755,0.412307,0.547374,0.381554,0.760368,0.586547,0.457573,0.500988,0.444091,0.626543,0.454065,0.863601,0.964952,0.803461,0.698151,0.629774,0.849142,0.402411,0.789184,0.449792,0.36703,0.273086,0.319875,0.100551,0.39109,0.956677,0.52623,0.420789,0.41902,0.317366,0.361732,0.350178,0.538639,0.454727,0.835398,0.848474,0.792472,0.745499,0.533327,0.787964,0.820234,0.671228,0.431268,0.606731,0.132164,0.231082,0.512461,0.316775,0.316812,0.185733,0.20256,0.238102,0.589806,0.142684,0.428897,0.293383,0.279009,0.44123,0.593442,0.318157,0.394421,0.404603,0.463817,0.512235,0.640328,0.684238,0.580215,0.255961,0.233871,0.279738,0.360125,0.303317,0.468564,0.635649,0.688882,0.399459,0.345619,0.181995,0.336269,0.272472,0.673843,0.652085,0.465987,0.75367,0.737689,0.993164,0.478119,0.566158,0.737229,0.2905,0.245878
sedu_es_9ef-D08-04,0.298917,0.573884,0.424007,0.410102,0.444264,0.605499,0.619222,0.533485,0.551347,0.494144,0.437559,0.412332,0.762453,0.880362,0.316045,0.160173,0.358823,0.359989,0.347909,0.0,0.544412,0.472422,0.521529,0.475275,0.348798,0.554001,0.55304,0.528436,0.689602,0.544465,0.480378,0.453035,0.521121,0.429536,0.423157,0.791568,0.843118,0.751731,0.412147,0.302374,0.298035,0.250073,0.077516,0.416092,0.53255,0.472887,0.659616,0.577591,0.591707,0.541656,0.530832,0.699083,0.52794,0.647528,0.53548,0.388149,0.584455,0.799735,0.904179,0.858118,0.634102,0.476381,0.439553,0.586724,0.411935,0.672093,0.306945,0.313006,0.256169,0.126281,0.553965,0.334746,0.496157,0.491517,0.556465,0.540474,0.539493,0.450683,0.590868,0.517573,0.478415,0.554548,0.447918,0.54608,0.571035,0.50175,0.366861,0.454752,0.647777,0.791639,0.871251,0.848529,0.537926,0.893379,0.330756,0.297233,0.467781,0.124931,0.150109,0.516441,0.402046,0.589549,0.588017,0.589175,0.590845,0.572297,0.459431,0.557775,0.535658,0.592141,0.385928,0.368542,0.493446,0.460351,0.678686,0.699082,0.824996,0.873267,0.798701,0.529182,0.808894,0.702969,0.250098,0.167687,0.371971,0.424816,0.582166,0.539059,0.535297,0.441474,0.608532,0.49251,0.604643,0.56026,0.546955,0.564975,0.559762,0.406937,0.438847,0.436382,0.561746,0.839669,0.93945,0.903174,0.933089,0.83633,0.76948,0.756443,0.592483,0.634546,0.858224,0.62853,0.320952,0.560364,0.699095,0.332071,0.537059,0.354878,0.405746,0.473638,0.50885,0.372632,0.451005,0.53488,0.344131,0.452576,0.578206,0.575002,0.499749,0.590996,0.596263,0.572145,0.426261,0.414049,0.660351,0.50925,0.55373,0.539758,0.863056,0.894221,0.798379,0.817949,0.766392,0.930855,0.799966,0.850994,1.0,0.94497,0.401148,0.797578,0.937357,0.882139,0.751119,0.257494,0.292776,0.324234,0.308752,0.51383,0.418912,0.632799,0.383579,0.427228,0.513298,0.70236,0.664207,0.456956,0.570694,0.486625,0.649824,0.461362,0.848348,0.899485,0.932659,0.688411,0.721111,0.899591,0.436547,0.770871,0.506168,0.525708,0.337465,0.302044,0.154398,0.432983,0.853347,0.521548,0.500808,0.544712,0.289342,0.45,0.301014,0.477339,0.557198,0.774373,0.805293,0.686215,0.797243,0.611065,0.791826,0.788479,0.784108,0.450598,0.705563,0.163039,0.290236,0.492526,0.329241,0.37338,0.27661,0.275159,0.321934,0.667358,0.107054,0.378694,0.315148,0.395218,0.548047,0.545428,0.41941,0.514779,0.469692,0.620713,0.521466,0.692907,0.764988,0.613174,0.338752,0.289462,0.319139,0.329324,0.311754,0.467959,0.673499,0.66792,0.491393,0.501032,0.307498,0.501165,0.43172,0.712969,0.679311,0.558158,0.870331,0.794665,0.913988,0.575307,0.599394,0.696995,0.406519,0.344212
sedu_es_9ef-D09-01,0.542398,0.633259,0.647112,0.694559,0.495521,0.562133,0.65635,0.589944,0.780018,0.589136,0.832425,0.846758,0.935655,0.742297,0.69636,0.092538,0.342695,0.267709,0.563304,0.082873,0.5858,0.540432,0.601717,0.632289,0.71673,0.641248,0.459093,0.598478,0.584949,0.53051,0.337048,0.463192,0.665587,0.714073,0.613772,1.0,0.825771,0.570675,0.346796,0.147608,0.293798,0.415098,0.064765,0.662315,0.628036,0.475389,0.571435,0.408775,0.612374,0.373129,0.503249,0.633637,0.49601,0.606141,0.614655,0.358288,0.620033,0.856856,0.919174,0.728113,0.704093,0.388821,0.361482,0.520956,0.609904,0.717696,0.292688,0.446302,0.546875,0.148075,0.68173,0.504355,0.491677,0.501504,0.338936,0.342231,0.4385,0.491225,0.396694,0.418559,0.601132,0.563215,0.424621,0.544457,0.556008,0.564242,0.427111,0.297226,0.784387,0.655906,0.807365,0.560788,0.442662,0.665315,0.380444,0.291941,0.493136,0.55803,0.240938,0.535257,0.369268,0.50824,0.422892,0.62106,0.756677,0.626341,0.357889,0.337373,0.255008,0.670124,0.281181,0.337581,0.638602,0.407808,0.652923,0.698955,0.933151,0.699559,0.549075,0.370392,0.792757,0.533548,0.101604,0.0,0.365469,0.369594,0.484787,0.493866,0.3575,0.228049,0.583263,0.38109,0.637254,0.481523,0.445904,0.464248,0.347452,0.514366,0.303725,0.235355,0.559535,0.738077,0.659127,0.624141,0.826438,0.857455,0.584887,0.69814,0.692228,0.433378,0.706902,0.553733,0.454008,0.494619,0.5708,0.123203,0.58622,0.398419,0.360137,0.694666,0.313633,0.260338,0.604221,0.442077,0.293174,0.447016,0.546032,0.555661,0.487942,0.770876,0.538387,0.508617,0.318905,0.435732,0.433924,0.381767,0.384203,0.249026,0.435608,0.789316,0.618159,0.752553,0.613031,0.626376,0.661168,0.646938,0.473199,0.537334,0.414517,0.618056,0.629466,0.610498,0.405405,0.14943,0.24711,0.251148,0.551645,0.318715,0.364766,0.561219,0.304677,0.306034,0.351341,0.563138,0.683772,0.261157,0.552609,0.503373,0.575304,0.370325,0.642836,0.544889,0.339581,0.752064,0.583186,0.546865,0.477936,0.711973,0.309455,0.559899,0.373849,0.345977,0.1454,0.334679,0.532398,0.35712,0.38922,0.437172,0.18723,0.39353,0.143663,0.271242,0.598227,0.786851,0.561585,0.700806,0.534517,0.501895,0.471242,0.718623,0.820812,0.516612,0.640679,0.17224,0.347571,0.519369,0.280695,0.331677,0.286035,0.207639,0.193632,0.451834,0.243405,0.228067,0.208903,0.319999,0.311232,0.445212,0.399568,0.338804,0.447589,0.477018,0.381853,0.638676,0.513691,0.630836,0.345593,0.209081,0.320864,0.371474,0.407377,0.471096,0.35763,0.41094,0.513288,0.558252,0.080992,0.342272,0.483464,0.729432,0.668243,0.54563,0.65324,0.494592,0.607576,0.576727,0.546108,0.551748,0.587941,0.481769
sedu_es_9ef-D09-02,0.302671,0.4482,0.439077,0.231545,0.449906,0.371872,0.404379,0.350257,0.49914,0.430443,0.577626,0.580962,0.678735,0.731547,0.209625,0.127778,0.298627,0.282747,0.24306,0.116476,0.508219,0.234913,0.466005,0.322217,0.450542,0.349786,0.326904,0.372384,0.446256,0.379659,0.336358,0.291386,0.492191,0.502008,0.393215,0.67949,0.69755,0.327489,0.085278,0.215539,0.22376,0.251231,0.109501,0.496952,0.299731,0.277569,0.419843,0.291049,0.585085,0.208746,0.330512,0.489824,0.393087,0.61398,0.435355,0.220839,0.531298,0.665824,0.803573,0.721498,0.565475,0.221664,0.135561,0.200219,0.168758,0.614977,0.133318,0.229459,0.24615,0.133844,0.621686,0.33246,0.326182,0.375118,0.222177,0.230185,0.34115,0.32013,0.27561,0.437422,0.348015,0.398873,0.285455,0.389549,0.437652,0.339858,0.337941,0.182458,0.653028,0.695334,0.717897,0.603936,0.228441,0.631254,0.103629,0.132031,0.297754,0.177162,0.226742,0.396842,0.184752,0.361044,0.323123,0.44911,0.510149,0.597924,0.314879,0.233076,0.196415,0.484023,0.3064,0.203165,0.412319,0.396717,0.706553,0.858679,0.79447,0.589189,0.622349,0.263536,0.64425,0.290012,0.127842,0.10737,0.276055,0.158125,0.363339,0.319111,0.199174,0.256264,0.415386,0.332103,0.461206,0.456136,0.283254,0.37258,0.277888,0.413278,0.24809,0.209775,0.409163,0.997104,0.709853,0.612161,0.721193,0.752596,0.602302,0.487212,0.566837,0.259311,0.682912,0.462369,0.234494,0.432857,0.526109,0.173416,0.421773,0.302636,0.256509,0.544935,0.231744,0.206833,0.495921,0.315446,0.247409,0.389489,0.556542,0.477535,0.420921,0.719933,0.38804,0.418156,0.259219,0.300296,0.432486,0.32329,0.374421,0.29328,0.698402,1.0,0.514657,0.628996,0.578587,0.558746,0.45912,0.560152,0.534278,0.555186,0.207797,0.456797,0.620712,0.651854,0.528949,0.126376,0.146434,0.247478,0.314815,0.245917,0.378858,0.428312,0.226456,0.320821,0.230115,0.807068,0.722042,0.213245,0.549858,0.445741,0.649981,0.281554,0.624477,0.441964,0.42895,0.602152,0.42106,0.557766,0.319475,0.51779,0.371765,0.393979,0.270099,0.211731,0.010368,0.345336,0.495014,0.314257,0.330203,0.286924,0.158381,0.369187,0.24255,0.374307,0.355513,0.768743,0.623179,0.625818,0.525608,0.509437,0.458722,0.738689,0.663362,0.271852,0.366744,0.175645,0.331626,0.544488,0.28224,0.275442,0.255098,0.064473,0.145363,0.345701,0.112304,0.213657,0.196998,0.198113,0.201564,0.368909,0.355028,0.204425,0.297103,0.504415,0.244754,0.512888,0.387837,0.532854,0.245261,0.207577,0.212142,0.260036,0.280976,0.306279,0.537464,0.571463,0.471905,0.404099,0.0,0.26049,0.368788,0.663477,0.602085,0.419563,0.513207,0.416273,0.617722,0.467861,0.505655,0.59523,0.286342,0.312536
sedu_es_9ef-D09-03,0.242161,0.333687,0.284625,0.201754,0.319243,0.353998,0.288162,0.276804,0.322698,0.420534,0.562063,0.593187,0.691729,0.791989,0.153875,0.088406,0.364293,0.306555,0.269349,0.094528,0.424192,0.198347,0.39303,0.258355,0.321404,0.193932,0.271272,0.286792,0.375236,0.256115,0.220013,0.269822,0.464549,0.540346,0.397066,0.706481,0.727751,0.422831,0.144937,0.250122,0.257303,0.232065,0.093697,0.380696,0.314635,0.255862,0.392185,0.250644,0.504739,0.213835,0.31277,0.479538,0.341595,0.557253,0.371537,0.108674,0.520594,0.685509,0.836653,0.710689,0.492593,0.224858,0.196086,0.337711,0.226015,0.516696,0.170485,0.219322,0.257017,0.021866,0.562064,0.224214,0.285525,0.279636,0.21379,0.227307,0.279785,0.291772,0.264534,0.394866,0.257442,0.446275,0.319707,0.382525,0.415714,0.298994,0.22476,0.21963,0.685747,0.682977,0.75783,0.583752,0.310327,0.627088,0.117941,0.236217,0.321953,0.135261,0.144909,0.290898,0.177897,0.317055,0.308956,0.419676,0.507843,0.57465,0.284847,0.265332,0.233013,0.417811,0.175275,0.277692,0.398908,0.297432,0.847537,0.954433,0.805677,0.589294,0.576254,0.345918,0.649287,0.314474,0.085541,0.045436,0.255622,0.192702,0.346583,0.364127,0.253882,0.193295,0.450364,0.323738,0.401114,0.466079,0.325441,0.378992,0.375656,0.341766,0.211829,0.210739,0.386496,1.0,0.7427,0.608973,0.77034,0.77824,0.544223,0.54941,0.502916,0.379404,0.661943,0.468402,0.249012,0.388799,0.506181,0.156752,0.44725,0.311734,0.252175,0.491264,0.223017,0.213635,0.354514,0.314177,0.149518,0.384042,0.5083,0.37154,0.39739,0.617077,0.3774,0.451155,0.342213,0.24817,0.459294,0.334493,0.415042,0.364946,0.760431,0.999362,0.498766,0.631209,0.676881,0.605411,0.501087,0.534044,0.586536,0.557807,0.256179,0.578595,0.737935,0.707795,0.671989,0.110511,0.113445,0.238436,0.217238,0.242227,0.32488,0.410224,0.251041,0.312558,0.308999,0.878532,0.785957,0.281314,0.452575,0.350685,0.661356,0.265115,0.759632,0.496537,0.433776,0.650478,0.443208,0.741638,0.38877,0.515446,0.342765,0.317409,0.20054,0.229359,0.0,0.336012,0.566086,0.341313,0.313068,0.321626,0.188534,0.351048,0.281642,0.380789,0.395702,0.786053,0.750222,0.629312,0.630163,0.569788,0.38887,0.898007,0.552494,0.350901,0.490043,0.106718,0.294818,0.514779,0.2799,0.250035,0.238385,0.098435,0.160135,0.310759,0.06438,0.26092,0.221789,0.192974,0.29033,0.396827,0.331302,0.3217,0.415228,0.621446,0.262528,0.574995,0.447723,0.427921,0.267279,0.210626,0.234077,0.303562,0.2142,0.387369,0.581288,0.603177,0.518176,0.437582,0.015065,0.27115,0.267212,0.69542,0.629526,0.517898,0.604839,0.509537,0.617147,0.624039,0.702182,0.663549,0.228575,0.363775
sedu_es_9ef-D09-04,0.370721,0.578549,0.417223,0.236633,0.513308,0.541805,0.473164,0.437218,0.603233,0.463676,0.65267,0.668816,0.730498,0.934255,0.256907,0.213623,0.434359,0.378452,0.311275,0.130257,0.744362,0.31328,0.47429,0.248726,0.442375,0.373929,0.41852,0.430428,0.511432,0.455126,0.447908,0.450609,0.542838,0.546734,0.498461,0.737581,0.875565,0.41285,0.118107,0.344419,0.411063,0.312736,0.102414,0.647341,0.410789,0.317398,0.527204,0.379157,0.673924,0.262834,0.378186,0.571216,0.41514,0.67859,0.541368,0.284289,0.608018,0.730202,0.88067,0.939048,0.714411,0.275199,0.272472,0.270861,0.223143,0.714623,0.314036,0.372375,0.339301,0.171493,0.858614,0.406707,0.427915,0.390437,0.289599,0.319468,0.401912,0.460074,0.351914,0.541855,0.361995,0.455806,0.313993,0.500132,0.496929,0.419254,0.423961,0.293596,0.732957,0.741833,0.815337,0.699039,0.241672,0.70032,0.225343,0.34732,0.533985,0.175664,0.227913,0.562435,0.350928,0.403166,0.430471,0.547359,0.686212,0.703361,0.434369,0.325215,0.24555,0.504692,0.367986,0.33053,0.44766,0.396255,0.73319,0.785412,0.823199,0.732056,0.68722,0.379859,0.695628,0.364797,0.200936,0.130771,0.437777,0.348182,0.489488,0.364219,0.342852,0.380034,0.554527,0.384197,0.568762,0.540852,0.392518,0.46213,0.409685,0.436564,0.335448,0.295846,0.501104,0.953129,0.779979,0.722689,0.9795,0.884854,0.63551,0.596559,0.671014,0.444694,0.805804,0.507602,0.337535,0.49713,0.559339,0.220233,0.815034,0.452115,0.392844,0.664821,0.287842,0.36723,0.550746,0.44937,0.376324,0.510569,0.760064,0.556606,0.46794,0.806783,0.429322,0.562785,0.420723,0.350977,0.653146,0.521834,0.52814,0.580347,0.660444,1.0,0.594466,0.708736,0.729578,0.784726,0.59557,0.784668,0.57807,0.724884,0.235617,0.573706,0.84832,0.782926,0.574018,0.184273,0.256657,0.345306,0.538234,0.328861,0.415795,0.488852,0.394298,0.418297,0.4523,0.814066,0.700394,0.521445,0.748484,0.628205,0.677666,0.401697,0.883432,0.610782,0.614059,0.704021,0.517243,0.694836,0.447085,0.646238,0.321658,0.625832,0.412185,0.382964,0.0,0.54771,0.602243,0.360398,0.369557,0.431342,0.334359,0.554307,0.416427,0.452868,0.577101,0.912881,0.830772,0.855334,0.738946,0.607892,0.563659,0.753112,0.663062,0.316325,0.560382,0.224716,0.524397,0.87909,0.436378,0.388657,0.419698,0.132146,0.332601,0.384344,0.105012,0.260935,0.315959,0.279336,0.395454,0.474272,0.574154,0.410302,0.42936,0.534799,0.25014,0.689303,0.451594,0.600032,0.290832,0.28481,0.28477,0.373293,0.411813,0.482245,0.577612,0.592643,0.690878,0.636409,0.158124,0.544868,0.581601,0.744742,0.738546,0.571774,0.647489,0.55079,0.789248,0.606244,0.718679,0.595128,0.51443,0.34046
sedu_es_9ef-D10-01,0.175398,0.464657,0.4695,0.179014,0.311717,0.599221,0.466497,0.46144,0.331773,0.316606,0.489314,0.493159,0.559846,0.614583,0.528142,0.01719,0.18053,0.175353,0.140922,0.044855,0.325768,0.168307,0.269842,0.388826,0.407457,0.432801,0.480351,0.526276,0.594764,0.495632,0.35103,0.41309,0.29089,0.373787,0.402903,0.674086,0.643371,0.791395,0.369649,0.226704,0.361505,0.054361,0.004275,0.373133,0.209236,0.225745,0.381107,0.473504,0.452955,0.440423,0.544149,0.649153,0.445248,0.56019,0.440247,0.345851,0.493234,0.608775,0.83907,0.699196,0.445675,0.412554,0.637012,0.569736,0.332755,0.499688,0.278345,0.326326,0.160724,0.076306,0.526534,0.274192,0.162309,0.282994,0.370966,0.454454,0.567503,0.519166,0.509299,0.629153,0.347069,0.269932,0.179992,0.308658,0.384234,0.592831,0.445057,0.38412,0.546696,0.624329,0.775066,0.673308,0.510053,0.81527,0.352471,0.156889,0.218015,0.0,0.095713,0.390662,0.123612,0.308886,0.291145,0.511222,0.519063,0.317812,0.378583,0.396509,0.387069,0.557582,0.443575,0.5339,0.333525,0.539903,0.324489,0.383016,0.734167,0.67382,0.657516,0.549671,0.713473,0.73309,0.246126,0.197677,0.212948,0.195632,0.315677,0.219576,0.399017,0.384353,0.490117,0.490896,0.55933,0.314786,0.493486,0.478968,0.372168,0.469424,0.272111,0.383183,0.561913,0.536882,0.76506,0.576784,0.83021,0.709754,0.707248,0.709205,0.872348,0.621423,0.938689,0.603778,0.62916,0.576794,0.765344,0.359811,0.299496,0.247335,0.142226,0.512842,0.39227,0.303181,0.282809,0.482372,0.435649,0.450546,0.663604,0.570916,0.579724,0.424242,0.52807,0.512135,0.491753,0.321356,0.503317,0.456969,0.473449,0.542458,0.42858,0.695625,0.688424,0.852274,0.835983,0.988381,0.94346,0.893852,0.81931,0.886924,0.344048,0.740234,0.796217,0.755416,0.607028,0.221028,0.172888,0.150753,0.240644,0.314459,0.417141,0.617143,0.337472,0.344884,0.547266,0.540496,0.526356,0.570376,0.495794,0.475572,0.570936,0.463834,0.710787,0.799058,0.774173,0.789642,0.595596,0.84198,0.626938,1.0,0.473968,0.309546,0.145991,0.125058,0.019435,0.259556,0.776613,0.255023,0.346911,0.382776,0.226003,0.390367,0.268181,0.377575,0.607927,0.891131,0.709553,0.77041,0.696297,0.618997,0.802661,0.750809,0.728153,0.3326,0.764933,0.20708,0.081443,0.344417,0.118591,0.154337,0.07803,0.113501,0.223989,0.537355,0.156242,0.459633,0.127509,0.333447,0.384582,0.383616,0.369646,0.418757,0.48501,0.433243,0.57656,0.623931,0.619519,0.600139,0.408247,0.382306,0.191816,0.426863,0.367021,0.387325,0.33931,0.403763,0.395794,0.410043,0.257073,0.335485,0.392405,0.616394,0.741065,0.412982,0.838022,0.831688,0.743973,0.43693,0.553755,0.518304,0.398792,0.375474
sedu_es_9ef-D10-02,0.167483,0.535668,0.522152,0.401685,0.282404,0.771773,0.467595,0.505235,0.403176,0.225441,0.651428,0.70278,0.607774,0.46658,0.702434,0.138827,0.176915,0.20508,0.267004,0.094415,0.411957,0.298977,0.246541,0.607172,0.442554,0.487144,0.601273,0.522877,0.623664,0.629068,0.262491,0.309431,0.214164,0.547212,0.544354,0.680721,0.506877,0.983412,0.60355,0.294275,0.362814,0.237247,0.0,0.499974,0.29419,0.224081,0.20079,0.548499,0.501707,0.452653,0.550997,0.573005,0.459442,0.419801,0.275006,0.323228,0.663819,0.606293,0.933128,0.694126,0.38143,0.613264,0.89364,0.708165,0.49443,0.659615,0.410708,0.246128,0.366727,0.103785,0.583014,0.378338,0.301604,0.327813,0.286741,0.467073,0.566401,0.60728,0.524917,0.577164,0.442609,0.235359,0.17961,0.129244,0.355563,0.652446,0.443388,0.277631,0.682226,0.785014,0.645938,0.570266,0.719317,0.830157,0.512801,0.396581,0.389997,0.209075,0.096634,0.460023,0.280133,0.271196,0.210473,0.43924,0.433928,0.218798,0.431393,0.304068,0.24484,0.615935,0.465702,0.468377,0.545079,0.531264,0.449076,0.432154,0.899882,0.695744,0.683359,0.783014,0.777813,0.877028,0.266999,0.156247,0.390046,0.397476,0.200511,0.101506,0.464704,0.263998,0.397548,0.561443,0.450821,0.240966,0.467937,0.439045,0.344482,0.50543,0.403217,0.292552,0.59353,0.506224,0.851928,0.512955,0.756756,0.614464,0.844222,0.825029,0.958284,0.75249,0.848271,0.748342,0.733899,0.94161,0.844557,0.245189,0.255243,0.523911,0.338622,0.58998,0.365867,0.450094,0.332862,0.544994,0.403632,0.56601,0.788462,0.426387,0.480883,0.37431,0.468155,0.529916,0.368717,0.325059,0.288883,0.251557,0.491277,0.465137,0.410749,0.652794,0.643559,0.857592,0.69594,0.948594,0.976204,0.84637,0.880368,0.836096,0.555541,0.817082,0.695786,0.748657,0.609365,0.318709,0.333882,0.436671,0.511145,0.363751,0.598274,0.654878,0.543234,0.14928,0.436664,0.395422,0.581578,0.54553,0.329871,0.324388,0.510672,0.60939,0.538673,0.825942,0.820437,0.888784,0.532667,0.87198,0.693676,1.0,0.459445,0.511567,0.258307,0.258921,0.139172,0.485986,0.800297,0.117217,0.39605,0.486841,0.356914,0.329692,0.403461,0.553974,0.456431,0.737268,0.63763,0.699042,0.476639,0.473235,0.828265,0.711443,0.77173,0.432474,0.851594,0.20576,0.267377,0.497068,0.411384,0.356072,0.294545,0.288477,0.37289,0.652176,0.314877,0.738346,0.357923,0.525971,0.431438,0.481153,0.449957,0.393303,0.646314,0.498301,0.940656,0.532458,0.863924,0.73205,0.368664,0.389646,0.303041,0.664142,0.476243,0.519809,0.27075,0.326536,0.482453,0.557573,0.233272,0.378385,0.509514,0.458028,0.539198,0.510003,0.853326,0.913762,0.736291,0.503636,0.557855,0.675835,0.430374,0.417745
sedu_es_9ef-D10-03,0.357329,0.501302,0.505434,0.350319,0.354943,0.395441,0.172091,0.277096,0.302794,0.278205,0.890452,0.803518,0.679572,0.416442,0.389544,0.56018,0.424792,0.413429,0.319323,0.628005,0.468107,0.422795,0.275204,0.529211,0.494456,0.0,0.384564,0.21031,0.313369,0.3981,0.057306,0.314833,0.31489,0.9663,0.534527,0.719587,0.476685,0.743612,0.311704,0.420283,0.66826,0.123698,0.460064,0.570663,0.319622,0.269014,0.217372,0.334138,0.295545,0.177622,0.25433,0.208218,0.340071,0.30952,0.167411,0.293908,0.952245,0.499231,0.734289,0.494291,0.493524,0.467369,0.515273,0.489328,0.24836,0.761519,0.553284,0.609327,0.183072,0.436081,0.350962,0.477087,0.260912,0.247818,0.219064,0.237124,0.325007,0.446471,0.251556,0.379708,0.284096,0.22838,0.261038,0.117862,0.26314,0.443648,0.44863,0.225379,0.840244,0.686418,0.59954,0.536732,0.434243,0.589423,0.634979,0.352285,0.472778,0.201886,0.535873,0.453403,0.222203,0.258077,0.191877,0.398853,0.312464,0.236184,0.345936,0.167734,0.144338,0.282692,0.42532,0.445816,0.295892,0.360827,0.617508,0.755956,0.712373,0.557106,0.457887,0.404106,0.74177,0.430351,0.486204,0.488925,0.491199,0.279571,0.25827,0.269461,0.327447,0.236419,0.274675,0.422827,0.299355,0.374216,0.30919,0.271165,0.270195,0.475402,0.280967,0.283259,0.319771,0.463409,0.69952,0.408985,0.489573,0.470355,0.402915,0.489865,0.773305,0.339839,1.0,0.954495,0.765006,0.939136,0.708981,0.53763,0.224014,0.530563,0.360976,0.885929,0.14833,0.227024,0.235728,0.273923,0.36868,0.440968,0.535578,0.296554,0.428549,0.37559,0.365649,0.337624,0.615469,0.296812,0.137664,0.275638,0.310702,0.174167,0.319208,0.705543,0.697716,0.668165,0.623748,0.557584,0.66925,0.555567,0.463161,0.50769,0.530113,0.330084,0.305538,0.328983,0.525596,0.513547,0.32072,0.470153,0.519613,0.295783,0.40817,0.408468,0.301161,0.162746,0.219131,0.49458,0.613469,0.205207,0.372849,0.285021,0.549131,0.383834,0.353566,0.439058,0.580621,0.662113,0.512797,0.459721,0.414962,0.484488,0.584188,0.459822,0.277458,0.292622,0.379217,0.411818,0.533648,0.403639,0.273358,0.290068,0.203925,0.426318,0.323024,0.296066,0.303562,0.649892,0.478861,0.556582,0.415314,0.315844,0.474356,0.690848,0.984126,0.611404,0.583438,0.627393,0.333243,0.329037,0.386814,0.429036,0.356845,0.391505,0.368834,0.504492,0.519538,0.513275,0.361004,0.421447,0.200164,0.3917,0.481262,0.245309,0.223377,0.500027,0.500998,0.446959,0.493816,0.252942,0.648381,0.478882,0.452153,0.502662,0.555625,0.361406,0.349188,0.298885,0.298323,0.53527,0.168602,0.30768,0.469754,0.51483,0.465516,0.42621,0.571042,0.439037,0.608975,0.422787,0.47307,0.653544,0.57363,0.730862
sedu_es_9ef-D10-04,0.1107,0.4323,0.390824,0.376279,0.286346,0.579666,0.521903,0.467284,0.493183,0.285176,0.634616,0.549593,0.777029,0.83951,0.433491,0.091454,0.197081,0.187079,0.269666,0.132648,0.517321,0.298286,0.32396,0.44813,0.324525,0.468251,0.478912,0.446269,0.64035,0.626605,0.401255,0.421967,0.356969,0.496334,0.343876,0.799624,0.786165,0.68727,0.444252,0.257073,0.30835,0.129384,0.099875,0.480563,0.410578,0.138018,0.370951,0.485606,0.457229,0.40818,0.523256,0.63119,0.386572,0.534287,0.321909,0.209836,0.773259,0.825443,0.966951,0.874943,0.709343,0.36545,0.494979,0.523889,0.420544,0.749581,0.323393,0.229707,0.191804,0.091839,0.618449,0.266735,0.411056,0.31774,0.37142,0.515613,0.54588,0.45458,0.603696,0.590032,0.402609,0.333581,0.258573,0.265876,0.334911,0.554815,0.287599,0.222407,0.842171,0.768475,0.964426,0.848744,0.457915,0.936442,0.274579,0.271265,0.412796,0.042526,0.105399,0.47388,0.311842,0.348634,0.364613,0.494118,0.420052,0.355365,0.36212,0.480485,0.479755,0.577035,0.24682,0.420438,0.472215,0.460121,0.551635,0.648663,0.85622,0.82239,0.844511,0.537307,0.864415,0.713287,0.264432,0.163192,0.326946,0.328079,0.354976,0.253392,0.45148,0.443201,0.425104,0.511196,0.478747,0.381487,0.486476,0.457352,0.408145,0.44382,0.378686,0.304206,0.512476,0.684052,0.905445,0.695057,0.86543,0.821292,1.0,0.885391,0.875463,0.717653,0.934947,0.616856,0.505145,0.77336,0.742716,0.304305,0.42009,0.370164,0.354985,0.528387,0.445704,0.482632,0.263168,0.455386,0.461954,0.494433,0.772621,0.442207,0.461604,0.421076,0.474872,0.491958,0.383615,0.376895,0.435963,0.336959,0.513081,0.504466,0.66051,0.773645,0.788535,0.859476,0.755857,0.930841,0.833314,0.927548,0.773473,0.950995,0.412854,0.793106,0.903238,0.878327,0.538118,0.342097,0.253007,0.306725,0.42328,0.361104,0.4004,0.634916,0.398709,0.27363,0.460972,0.67107,0.692337,0.485942,0.511697,0.426748,0.601432,0.545132,0.823306,0.870836,0.812599,0.797152,0.758733,0.931594,0.624035,0.928066,0.437575,0.502991,0.246186,0.259848,0.0,0.414807,0.787169,0.361096,0.400191,0.452672,0.320981,0.419431,0.35759,0.431272,0.613882,0.82085,0.786806,0.705033,0.714791,0.551339,0.838258,0.757752,0.826776,0.385783,0.784641,0.167493,0.295601,0.510408,0.343826,0.353332,0.234432,0.198897,0.311976,0.607327,0.089659,0.416507,0.325208,0.465923,0.562113,0.578875,0.517802,0.543908,0.480878,0.612926,0.596127,0.558287,0.818608,0.63449,0.368987,0.360737,0.241526,0.437548,0.462676,0.477502,0.584235,0.61224,0.525036,0.506943,0.297897,0.46701,0.373604,0.614611,0.584238,0.658206,0.865176,0.896895,0.845452,0.600462,0.700057,0.737605,0.351147,0.355068
sedu_es_9ef-D11-01,0.482442,0.715457,0.490651,0.298542,0.629333,0.522028,0.703658,0.553837,0.860304,0.689498,0.694856,0.713062,0.681922,0.86311,0.348157,0.257065,0.461611,0.390371,0.350658,0.168609,0.627655,0.402823,0.683439,0.356804,0.518454,0.733033,0.488353,0.743538,0.58469,0.438372,0.688982,0.553476,0.819743,0.473122,0.724599,0.661512,0.757239,0.414149,0.142122,0.378991,0.344357,0.4695,0.201987,0.43989,0.507223,0.418943,0.82579,0.374954,0.81619,0.325508,0.491388,0.706174,0.537894,0.99141,0.891374,0.374489,0.400813,0.705058,0.859356,0.875275,0.533846,0.310388,0.271623,0.236419,0.291682,0.541556,0.20369,0.364729,0.427582,0.281937,0.756783,0.305721,0.407844,0.588739,0.352815,0.321651,0.568338,0.583862,0.398072,0.58403,0.467084,0.73226,0.417205,0.749444,0.7331,0.532054,0.420296,0.39039,0.640717,0.654329,0.744231,0.540373,0.248102,0.580476,0.208011,0.165782,0.400548,0.331242,0.256119,0.442728,0.339205,0.591077,0.615951,0.760472,0.93532,0.833907,0.586805,0.382306,0.280649,0.640344,0.498397,0.408667,0.390602,0.48154,0.507032,0.671715,0.799459,0.529571,0.642859,0.346571,0.720168,0.437523,0.215777,0.160094,0.32651,0.327852,0.610952,0.519414,0.236737,0.305065,0.823599,0.44773,0.870534,0.539552,0.44133,0.581809,0.452821,0.483117,0.392193,0.272962,0.632384,0.93967,0.671729,0.731949,0.962624,0.983586,0.542995,0.519919,0.624498,0.336258,0.737547,0.350858,0.375604,0.426705,0.639156,0.189431,0.737926,0.334604,0.208283,0.573196,0.392954,0.3699,0.712804,0.581473,0.386885,0.583485,0.741271,0.951979,0.566309,0.922298,0.603493,0.651749,0.301802,0.626551,0.750347,0.630617,0.500784,0.576686,0.584905,1.0,0.400209,0.706474,0.695006,0.636519,0.486388,0.666064,0.54561,0.617416,0.164279,0.687127,0.84887,0.779574,0.538597,0.146749,0.29843,0.191003,0.385061,0.200189,0.575638,0.587957,0.375279,0.758383,0.527331,0.766996,0.633397,0.475806,0.834015,0.772979,0.694612,0.389648,0.771607,0.568385,0.567039,0.680535,0.335045,0.525622,0.510685,0.790906,0.457425,0.471137,0.583038,0.417675,0.0,0.554266,0.515225,0.394524,0.37795,0.393651,0.428111,0.54432,0.307505,0.46682,0.543107,0.963969,0.813387,0.789651,0.552626,0.651406,0.534623,0.553988,0.473068,0.37639,0.405019,0.213304,0.36225,0.794679,0.32059,0.244868,0.346263,0.138326,0.219602,0.323777,0.073852,0.29096,0.252724,0.284744,0.235159,0.381528,0.510946,0.406426,0.44026,0.443829,0.134747,0.619637,0.325743,0.778426,0.287974,0.262862,0.177601,0.338368,0.416457,0.505262,0.519118,0.483949,0.6062,0.612292,0.200962,0.394928,0.482592,0.66225,0.631986,0.571974,0.608052,0.36846,0.717516,0.612191,0.602322,0.477965,0.40429,0.417627
sedu_es_9ef-D11-02,0.064121,0.519668,0.636749,0.441559,0.337514,0.501646,0.538886,0.437541,0.348346,0.284027,0.734356,0.685172,0.774962,0.620623,0.487173,0.18255,0.297662,0.32325,0.226648,0.189008,0.361069,0.299125,0.353944,0.411109,0.592185,0.319496,0.46001,0.451163,0.556012,0.560735,0.165137,0.292424,0.318104,0.53863,0.32496,0.680882,0.626047,0.700979,0.249238,0.366272,0.541289,0.245774,0.115475,0.580029,0.314275,0.229561,0.472023,0.436937,0.461263,0.349001,0.45778,0.585925,0.42366,0.599594,0.22945,0.388018,0.581227,0.648443,0.681151,0.61971,0.573695,0.334862,0.506808,0.500183,0.303027,0.671866,0.273902,0.458018,0.237323,0.194047,0.609991,0.340353,0.266057,0.327642,0.380726,0.331947,0.495565,0.264761,0.434448,0.530009,0.297602,0.499379,0.473658,0.186958,0.397898,0.524297,0.404693,0.276438,0.777033,0.434643,0.656578,0.595936,0.405326,0.933089,0.250889,0.23739,0.182763,0.221223,0.244238,0.339976,0.165971,0.43402,0.383738,0.643332,0.614459,0.398666,0.52972,0.354201,0.31311,0.500088,0.421834,0.397879,0.605061,0.689073,0.494648,0.586774,0.596794,0.531789,0.764035,0.513597,0.87986,0.613061,0.230595,0.187621,0.220637,0.208035,0.406559,0.331275,0.320416,0.170078,0.332158,0.495848,0.584898,0.385535,0.568531,0.446032,0.364246,0.534023,0.318502,0.338704,0.683576,0.686184,0.609244,0.399984,0.567351,0.519689,0.759397,0.508844,0.645923,0.545585,0.942338,0.571004,0.359156,0.511694,0.737747,0.326258,0.145249,0.259791,0.203838,0.304695,0.348144,0.315781,0.334223,0.480777,0.33137,0.467159,0.507836,0.44008,0.595356,0.446894,0.378689,0.390681,0.30508,0.203094,0.255854,0.298048,0.455496,0.272072,0.527633,0.737216,0.442636,0.786464,0.603982,0.763406,0.458514,0.663749,0.45546,0.613036,0.456569,0.729982,0.654884,0.743485,0.653723,0.26579,0.177424,0.231651,0.162226,0.358477,0.376712,0.594773,0.401799,0.333516,0.248372,0.60422,0.540792,0.228541,0.388817,0.315072,0.522495,0.409802,0.549019,0.544294,0.469985,0.756703,0.386377,0.669312,0.560035,1.0,0.422266,0.309862,0.114191,0.153057,0.0,0.253545,0.789308,0.477062,0.363207,0.447321,0.261288,0.161559,0.371963,0.436426,0.321941,0.836066,0.619242,0.617794,0.452978,0.471507,0.521275,0.793128,0.65717,0.46653,0.544336,0.248868,0.182532,0.280146,0.225224,0.080885,0.189556,0.141426,0.044616,0.255543,0.123103,0.27371,0.165544,0.220432,0.275403,0.268699,0.169635,0.264175,0.251654,0.498144,0.513771,0.447712,0.55784,0.500534,0.359968,0.334537,0.338892,0.249993,0.217799,0.273389,0.236711,0.324974,0.199798,0.191625,0.006647,0.217978,0.213194,0.47242,0.384332,0.356884,0.644532,0.368356,0.50588,0.350629,0.282966,0.508434,0.294489,0.376925
sedu_es_9ef-D11-03,0.153673,0.444853,0.532371,0.462228,0.183594,0.34789,0.388359,0.224608,0.341457,0.049596,0.53135,0.442886,0.687805,0.483357,0.661311,0.113745,0.233598,0.244481,0.284904,0.138299,0.368075,0.29276,0.231287,0.524688,0.38506,0.323291,0.267088,0.196742,0.470015,0.476154,0.08963,0.116506,0.091646,0.395585,0.209152,0.535655,0.445458,0.672458,0.653514,0.383751,0.41302,0.253114,0.09934,0.333661,0.302213,0.072378,0.307685,0.316605,0.288507,0.197147,0.223339,0.429154,0.355607,0.441144,0.0,0.232717,0.569232,0.5456,0.634924,0.539991,0.357173,0.626753,0.890765,0.726686,0.611822,0.499452,0.327738,0.399653,0.294595,0.077962,0.394196,0.153612,0.291927,0.225829,0.309914,0.234608,0.402932,0.480602,0.380527,0.450621,0.28008,0.571926,0.421835,0.018024,0.202553,0.373608,0.258908,0.196732,0.6286,0.374679,0.599515,0.406924,0.687229,0.78265,0.352998,0.347744,0.329777,0.334944,0.154772,0.250787,0.21315,0.304415,0.276006,0.55961,0.456625,0.190025,0.53089,0.206639,0.246854,0.296982,0.205927,0.245093,0.60731,0.450381,0.520522,0.777561,0.5556,0.447425,0.711449,0.560943,0.687029,0.867554,0.205443,0.211528,0.311355,0.272439,0.258013,0.228775,0.239065,0.208725,0.245802,0.340968,0.342997,0.23189,0.404071,0.25769,0.322047,0.595429,0.348822,0.208904,0.427954,0.513907,0.449363,0.336587,0.625881,0.543379,0.741252,0.656391,0.645006,0.617501,0.794808,0.549154,0.607076,0.524861,0.676662,0.211083,0.177482,0.346619,0.20628,0.499379,0.314653,0.294225,0.105188,0.439622,0.328455,0.288147,0.438904,0.34858,0.43092,0.171919,0.424228,0.332739,0.37301,0.096799,0.180352,0.192568,0.401161,0.358256,0.630417,0.616309,0.408466,0.537452,0.572308,0.745962,0.574928,0.669713,0.549879,0.607666,0.375616,1.0,0.658302,0.580736,0.48166,0.27417,0.326606,0.199191,0.284194,0.363172,0.381614,0.429577,0.429936,0.265584,0.338488,0.622632,0.476422,0.332782,0.21515,0.204404,0.52747,0.388738,0.568954,0.712485,0.602797,0.590737,0.455414,0.708824,0.848661,0.953875,0.306333,0.36733,0.348813,0.365583,0.127379,0.366997,0.817409,0.310172,0.414115,0.327213,0.327208,0.151592,0.387251,0.361416,0.257539,0.597337,0.682362,0.451662,0.402351,0.336663,0.513042,0.749449,0.516005,0.668297,0.70521,0.135279,0.149904,0.392775,0.277528,0.187706,0.168765,0.383975,0.193814,0.318403,0.228758,0.554307,0.337372,0.348101,0.267902,0.322079,0.220605,0.319467,0.300412,0.379366,0.630372,0.377048,0.577561,0.348227,0.211414,0.233747,0.281395,0.573874,0.330068,0.383637,0.360573,0.397423,0.317037,0.242398,0.12158,0.249178,0.19484,0.264915,0.293858,0.451049,0.727732,0.518767,0.54646,0.324705,0.397994,0.6712,0.315787,0.213531
sedu_es_9ef-D11-04,0.364785,0.605139,0.46844,0.124723,0.680197,0.530934,0.421928,0.420791,0.26234,0.370273,0.677666,0.750474,0.563201,0.587312,0.302952,0.435515,0.529167,0.519101,0.669183,0.37523,0.33996,0.342916,0.506795,0.265294,0.533738,0.280598,0.375252,0.477629,0.486666,0.561706,0.378481,0.310952,0.386917,0.608206,0.546564,0.55052,0.612114,0.572335,0.064055,0.667478,0.695343,0.726458,0.230395,0.551484,0.274374,0.322032,0.428844,0.326506,0.720804,0.366369,0.35004,0.476767,0.527056,0.580502,0.484394,0.498584,0.657206,0.422947,0.762431,0.66747,0.471385,0.53697,0.484158,0.448831,0.0,0.644011,0.476257,0.615553,0.669738,0.342203,0.525536,0.322666,0.164009,0.284175,0.281301,0.359088,0.457917,0.439324,0.386982,0.511144,0.221452,0.486932,0.682732,0.424987,0.497146,0.528701,0.530443,0.482026,0.660028,0.653393,0.655407,0.565309,0.332033,0.68809,0.509172,0.469494,0.394549,0.328356,0.418948,0.285517,0.137939,0.346052,0.317277,0.501749,0.671389,0.58704,0.551103,0.319089,0.293666,0.401699,0.563215,0.62815,0.550116,0.546755,0.528509,0.786163,0.675974,0.516628,0.704248,0.434897,0.822667,0.322039,0.258493,0.324036,0.267227,0.239012,0.479113,0.420754,0.387667,0.273576,0.387053,0.462214,0.499643,0.525921,0.518493,0.490717,0.476929,0.44983,0.5622,0.477188,0.603471,0.835098,0.667091,0.508362,0.792797,0.603552,0.487856,0.4668,0.70437,0.40908,0.960375,0.950201,0.382032,0.407412,0.841147,0.440894,0.286421,0.411984,0.30692,0.50968,0.326462,0.486148,0.491029,0.528624,0.361054,0.583423,0.603532,0.543579,0.723741,0.656854,0.452552,0.613192,0.347749,0.279656,0.534863,0.601096,0.711127,0.475945,0.616784,0.917296,0.521831,0.756762,0.805829,0.904368,0.604231,0.749081,0.544564,0.693988,0.570386,0.442343,0.720008,0.66377,0.913839,0.362236,0.38935,0.39152,0.367329,0.258713,0.499936,0.605182,0.456678,0.40467,0.395993,0.82051,0.74294,0.422466,0.481046,0.432533,0.796561,0.519889,0.635288,0.602865,0.52024,0.800882,0.452647,0.640746,0.29472,0.574708,0.498483,0.424007,0.283032,0.268282,0.267406,0.545688,0.789623,0.468714,0.374693,0.519812,0.553966,0.514358,0.358632,0.552839,0.531012,1.0,0.918866,0.946295,0.786833,0.671465,0.435912,0.813217,0.670533,0.337946,0.609144,0.419872,0.301738,0.489562,0.445454,0.380447,0.325483,0.087967,0.307566,0.373507,0.461531,0.463167,0.372901,0.498519,0.405361,0.570049,0.656053,0.516106,0.492042,0.640161,0.379996,0.827388,0.487148,0.469647,0.414747,0.417096,0.525703,0.405799,0.359042,0.517482,0.545792,0.528579,0.451067,0.443824,0.033895,0.250209,0.317389,0.701327,0.652336,0.481112,0.587164,0.441944,0.717428,0.515938,0.560337,0.682138,0.505865,0.520548
sedu_es_9ef-D12-01,0.240366,0.51329,0.694959,0.406027,0.532452,0.701286,0.489753,0.531985,0.302492,0.244382,0.474214,0.411401,0.519729,0.474234,0.448126,0.0,0.245833,0.251467,0.276626,0.181764,0.442485,0.443944,0.415671,0.757907,0.6058,0.42986,0.592967,0.622542,0.767496,0.581975,0.40713,0.240493,0.35678,0.329874,0.56997,0.633445,0.504169,0.913943,0.499816,0.283028,0.307649,0.150987,0.180129,0.462793,0.49447,0.440433,0.509827,0.65834,0.563665,0.556889,0.60579,0.754042,0.648798,0.709063,0.380213,0.353127,0.491134,0.591495,0.822835,0.584531,0.327942,0.480687,0.63336,0.657709,0.364089,0.465158,0.239265,0.30547,0.263918,0.235179,0.539583,0.33257,0.375354,0.546224,0.533851,0.662372,0.642675,0.566973,0.592993,0.636742,0.498403,0.3614,0.405277,0.366678,0.411629,0.631448,0.445419,0.509134,0.49407,0.631719,0.626408,0.562298,0.62125,0.897639,0.358716,0.377845,0.509111,0.160807,0.235514,0.498724,0.286422,0.500532,0.372548,0.477324,0.555877,0.505909,0.540852,0.551996,0.575075,0.860946,0.362249,0.54144,0.643581,0.630819,0.465519,0.434974,0.770397,0.698307,0.565207,0.702473,0.785874,0.636448,0.472206,0.292535,0.309319,0.287597,0.443903,0.334724,0.597947,0.405998,0.57437,0.540208,0.536102,0.491114,0.690732,0.608673,0.604327,0.731582,0.438733,0.41621,0.660284,0.725442,0.838305,0.630538,0.706711,0.512937,0.610189,0.504815,0.755898,0.620836,0.731478,0.658975,0.412305,0.960642,0.88312,0.590317,0.214944,0.463402,0.352032,0.500096,0.532368,0.421509,0.366297,0.60502,0.369978,0.385018,0.692526,0.510172,0.648731,0.581251,0.668596,0.650091,0.418758,0.23466,0.37883,0.386626,0.528085,0.438077,0.632314,0.62154,0.582176,0.858384,0.646838,0.931661,0.621841,0.855145,0.91619,0.854089,0.596316,0.741823,0.758372,0.740186,0.835884,0.468027,0.219822,0.45001,0.333147,0.523391,0.519836,0.802587,0.507414,0.374771,0.5647,0.659926,0.72706,0.4678,0.438796,0.451746,0.587667,0.500792,0.554705,0.703014,0.931858,0.765695,0.472553,1.0,0.587682,0.837646,0.704398,0.439693,0.130033,0.114234,0.227069,0.406892,0.750515,0.459524,0.560643,0.623118,0.301577,0.362261,0.461714,0.542406,0.588699,0.726625,0.63572,0.721945,0.683467,0.636663,0.801446,0.895778,0.715322,0.509195,0.813756,0.329543,0.030926,0.359515,0.319979,0.417356,0.168504,0.107311,0.372043,0.501561,0.403283,0.731918,0.289271,0.528231,0.410468,0.574845,0.459788,0.414454,0.353299,0.469019,0.829359,0.607388,0.668464,0.800716,0.537487,0.524076,0.418037,0.508188,0.346613,0.42819,0.39808,0.402495,0.303917,0.514873,0.082946,0.383434,0.486069,0.737416,0.756092,0.424728,0.811652,0.799077,0.823048,0.591195,0.660424,0.439782,0.508241,0.504883
sedu_es_9ef-D12-02,0.137603,0.432574,0.408494,0.365044,0.287616,0.472445,0.422829,0.354469,0.282963,0.309606,0.555042,0.502804,0.72303,0.682673,0.451761,0.165373,0.336719,0.346625,0.235662,0.171262,0.348563,0.382519,0.343224,0.451597,0.312915,0.348201,0.436338,0.338758,0.46504,0.441308,0.312317,0.358724,0.320766,0.468482,0.323652,0.663865,0.593735,0.817023,0.443575,0.348139,0.531279,0.151173,0.164629,0.269819,0.454608,0.311048,0.455331,0.455565,0.394088,0.382206,0.358376,0.454251,0.413448,0.578873,0.302719,0.243048,0.602419,0.645578,0.744227,0.602885,0.472854,0.452346,0.723479,0.72568,0.413229,0.544968,0.399118,0.448922,0.158239,0.105444,0.339933,0.150803,0.335411,0.455421,0.444908,0.382434,0.452575,0.371786,0.380011,0.401946,0.244766,0.549258,0.40962,0.375859,0.444003,0.429715,0.227036,0.384034,0.639501,0.50213,0.709866,0.582934,0.604241,0.815946,0.373619,0.373769,0.361913,0.049486,0.153819,0.271117,0.199065,0.510149,0.404602,0.587887,0.54219,0.321656,0.410368,0.366838,0.368356,0.387514,0.296424,0.361673,0.364647,0.41461,0.532158,0.739349,0.636848,0.594234,0.729065,0.529573,0.824857,0.723813,0.161962,0.212372,0.219155,0.264292,0.42737,0.306128,0.388138,0.289501,0.454965,0.388489,0.395164,0.358715,0.568549,0.44216,0.382631,0.497715,0.295563,0.278476,0.432981,0.639468,0.695244,0.473069,0.796133,0.609998,0.743134,0.653921,0.570496,0.614391,1.0,0.593195,0.517406,0.598879,0.704685,0.296698,0.236714,0.23489,0.177189,0.345718,0.361903,0.287907,0.20012,0.53344,0.212793,0.326743,0.433317,0.350516,0.470407,0.304929,0.485124,0.468722,0.394614,0.272692,0.458931,0.355161,0.457043,0.34906,0.698917,0.793812,0.526156,0.808624,0.742022,0.872585,0.665991,0.773388,0.663089,0.763896,0.423476,0.83744,0.795567,0.68339,0.887004,0.254967,0.287415,0.196129,0.224705,0.485339,0.532705,0.516577,0.374918,0.393995,0.361048,0.71963,0.550634,0.343974,0.376482,0.348246,0.593421,0.337412,0.708369,0.754529,0.660058,0.676791,0.488796,0.794495,0.636855,0.887085,0.460207,0.313313,0.246814,0.262343,0.0,0.319479,0.884478,0.503065,0.467549,0.490854,0.243875,0.201531,0.390967,0.374858,0.343858,0.876278,0.783489,0.620691,0.615609,0.491424,0.617091,0.810534,0.618746,0.669927,0.683897,0.152905,0.217566,0.311008,0.20246,0.272669,0.149727,0.351918,0.173879,0.382148,0.141389,0.447373,0.253367,0.227388,0.384763,0.373033,0.295206,0.448602,0.458504,0.578332,0.561681,0.522065,0.671205,0.422745,0.371636,0.258191,0.367832,0.383949,0.284318,0.379296,0.393237,0.44078,0.381136,0.34011,0.103708,0.274603,0.174807,0.487965,0.433841,0.494737,0.837206,0.502846,0.742953,0.344182,0.425957,0.784891,0.262118,0.361082
sedu_es_9ef-D12-03,0.223685,0.538732,0.502394,0.352863,0.538506,0.506591,0.490642,0.377965,0.340963,0.459295,0.692115,0.641348,0.833319,0.735217,0.382483,0.518389,0.719376,0.55809,0.480114,0.255952,0.514218,0.558611,0.488984,0.592574,0.491205,0.421857,0.488687,0.46468,0.573509,0.519606,0.515149,0.60069,0.625057,0.729189,0.477795,0.883123,0.728019,0.820197,0.489198,0.72932,0.62938,0.359019,0.249606,0.457385,0.680331,0.402304,0.549297,0.526126,0.482414,0.391962,0.437725,0.622245,0.465757,0.586466,0.512739,0.30043,0.85945,0.801652,0.928914,0.705219,0.565738,0.427459,0.582018,0.65186,0.375549,0.583332,0.67957,0.613161,0.270816,0.259051,0.408315,0.342457,0.528392,0.537594,0.445021,0.425984,0.467302,0.424695,0.527468,0.486642,0.387878,0.423359,0.467753,0.564084,0.512978,0.458453,0.344568,0.420149,0.872532,0.660846,0.792449,0.780086,0.5869,0.919429,0.754488,0.321108,0.67652,0.0,0.41698,0.414331,0.424128,0.548725,0.45746,0.404784,0.517994,0.397153,0.387583,0.390841,0.420145,0.543103,0.292978,0.475385,0.381584,0.434372,0.682098,0.874894,0.829623,0.700408,0.651043,0.566882,0.835696,0.73275,0.411397,0.347897,0.334783,0.413088,0.438845,0.426528,0.453161,0.284781,0.503308,0.427517,0.475004,0.366331,0.452523,0.323467,0.488221,0.428538,0.34998,0.298952,0.503409,0.760637,0.847862,0.720254,0.828843,0.717845,0.665699,0.691874,0.741492,0.596156,0.829785,0.585092,0.315225,0.785799,0.783713,0.458275,0.417962,0.372674,0.301995,0.665329,0.39192,0.291017,0.370593,0.486574,0.337341,0.397944,0.564483,0.471589,0.439353,0.485439,0.501482,0.454101,0.338581,0.524943,0.577673,0.53932,0.517922,0.334456,0.784995,0.769766,0.810739,0.847187,0.768234,1.0,0.810659,0.893761,0.842672,0.879916,0.521155,0.768667,0.860392,0.820883,0.638709,0.489712,0.302975,0.374262,0.307707,0.378796,0.308626,0.624395,0.272899,0.346828,0.392557,0.640358,0.6424,0.264455,0.598988,0.56223,0.612612,0.425716,0.762367,0.799075,0.940422,0.708061,0.678562,0.931223,0.424438,0.734314,0.706841,0.475549,0.364797,0.322794,0.227865,0.420715,0.766912,0.514602,0.411646,0.498002,0.188757,0.349132,0.363718,0.41428,0.366186,0.770233,0.738531,0.798797,0.874088,0.565077,0.693642,0.893515,0.79227,0.500987,0.657979,0.362919,0.127864,0.341031,0.342145,0.324987,0.163521,0.220866,0.3254,0.63424,0.28643,0.605003,0.380931,0.405609,0.521634,0.419188,0.365797,0.446945,0.406378,0.687257,0.55674,0.65344,0.682809,0.518391,0.530435,0.435443,0.336396,0.302665,0.337122,0.407002,0.51219,0.464862,0.321063,0.469483,0.183894,0.493635,0.35059,0.559917,0.510879,0.593966,0.792749,0.736473,0.81512,0.499516,0.498211,0.613159,0.445026,0.56292
sedu_es_9ef-D12-04,0.208261,0.339706,0.412984,0.247776,0.34477,0.449373,0.482704,0.500976,0.436368,0.379476,0.427904,0.428675,0.685132,0.846473,0.35306,0.019264,0.223437,0.274952,0.389361,0.02459,0.319983,0.256295,0.393777,0.287818,0.389748,0.393783,0.424555,0.471159,0.638365,0.537513,0.293699,0.357828,0.34947,0.379525,0.266398,0.726189,0.820244,0.607486,0.274035,0.130368,0.301996,0.294139,0.051122,0.334346,0.272259,0.341844,0.522225,0.43096,0.450776,0.412791,0.440548,0.632304,0.459189,0.61748,0.357879,0.371976,0.528126,0.727984,0.758401,0.784532,0.689818,0.376995,0.374825,0.482137,0.3165,0.660654,0.18383,0.315304,0.291461,0.064551,0.480614,0.270359,0.252084,0.401278,0.438867,0.385179,0.505424,0.300765,0.505233,0.537398,0.30958,0.529126,0.505181,0.362049,0.469837,0.502277,0.389134,0.364301,0.64219,0.571491,0.754004,0.71,0.423764,1.0,0.167439,0.29004,0.1985,0.057751,0.118534,0.337335,0.111948,0.454764,0.390697,0.59034,0.611378,0.449752,0.425536,0.400058,0.406959,0.485618,0.388031,0.43948,0.390944,0.551427,0.513853,0.635379,0.674666,0.737824,0.759185,0.505176,0.807834,0.621855,0.157109,0.097802,0.193996,0.170977,0.412523,0.380406,0.328492,0.330383,0.50214,0.45805,0.57604,0.420382,0.512671,0.502203,0.373265,0.410814,0.299344,0.399821,0.553634,0.785302,0.751564,0.637898,0.899392,0.784485,0.771789,0.583824,0.564143,0.520807,0.902076,0.571139,0.332182,0.472973,0.73555,0.322032,0.312996,0.22933,0.150612,0.381227,0.397833,0.278477,0.352022,0.455527,0.335751,0.390303,0.467768,0.520383,0.634707,0.467577,0.499619,0.42986,0.51649,0.287079,0.551717,0.434453,0.532665,0.481143,0.722229,0.853314,0.683017,0.778803,0.649341,0.925447,0.750601,0.859715,0.664825,0.852326,0.338005,0.780602,0.922592,0.849887,0.737268,0.137598,0.210465,0.145259,0.229101,0.321868,0.397399,0.602773,0.350201,0.37897,0.419775,0.703683,0.579259,0.370699,0.447652,0.361714,0.647323,0.389132,0.84846,0.656899,0.620221,0.67406,0.592388,0.877601,0.469402,0.793822,0.472847,0.349774,0.085703,0.223786,0.0,0.226756,0.819095,0.424836,0.403314,0.406337,0.250819,0.285643,0.328248,0.424857,0.509169,0.795184,0.683455,0.759595,0.778919,0.543398,0.621288,0.732019,0.683979,0.356019,0.595924,0.136983,0.223405,0.31211,0.143681,0.22873,0.158115,0.176131,0.193026,0.584642,0.051112,0.291084,0.157775,0.191586,0.396852,0.407635,0.340923,0.451624,0.402263,0.46835,0.471266,0.647227,0.62465,0.471971,0.282651,0.264701,0.284187,0.283085,0.228893,0.431754,0.470144,0.546824,0.375056,0.362111,0.141242,0.248917,0.291841,0.631667,0.585684,0.475269,0.786194,0.618558,0.726276,0.448471,0.476506,0.635397,0.315021,0.291668
sedu_es_9ef-D13-01,0.159915,0.530378,0.432314,0.220543,0.336326,0.456212,0.469768,0.470143,0.2394,0.303596,0.484483,0.454782,0.567941,0.726438,0.291354,0.035122,0.383273,0.269553,0.210027,0.0,0.305672,0.32398,0.361235,0.444046,0.38623,0.368863,0.379324,0.484885,0.603556,0.476484,0.3451,0.23097,0.290495,0.407655,0.333072,0.629156,0.657729,0.859454,0.426685,0.42336,0.449806,0.224715,0.015341,0.290602,0.370888,0.27606,0.410758,0.330936,0.508203,0.479564,0.535026,0.650635,0.647059,0.639234,0.399238,0.31885,0.500801,0.581462,0.73604,0.722719,0.479727,0.4385,0.586345,0.724623,0.370315,0.493281,0.295133,0.349917,0.237553,0.11122,0.503491,0.239305,0.336526,0.279028,0.351642,0.523771,0.577529,0.4548,0.5481,0.697411,0.351201,0.662434,0.425275,0.353212,0.48277,0.583508,0.397389,0.383353,0.621584,0.570926,0.798928,0.617987,0.61087,0.969969,0.277179,0.391113,0.400285,0.187679,0.13258,0.341407,0.251123,0.364137,0.367691,0.682731,0.708167,0.495463,0.541514,0.569929,0.528887,0.487165,0.341746,0.443042,0.632236,0.551861,0.66202,0.748476,0.655071,0.678798,0.825334,0.595258,0.85829,0.654945,0.137806,0.146854,0.247978,0.226326,0.481579,0.388449,0.450198,0.394591,0.506736,0.379283,0.574161,0.438847,0.644228,0.613317,0.506866,0.540827,0.487435,0.385981,0.506987,0.833184,0.74567,0.626064,0.849061,0.668303,0.757223,0.608818,0.692775,0.638948,0.804463,0.552842,0.475969,0.464975,0.932633,0.319519,0.344925,0.308841,0.219877,0.376685,0.493671,0.437739,0.358258,0.496179,0.438752,0.354697,0.508464,0.498831,0.547001,0.506375,0.496924,0.53513,0.270739,0.252228,0.44217,0.418481,0.580535,0.520209,0.81608,0.769819,0.525099,0.818818,0.762034,0.825621,0.580463,0.75823,0.817129,0.836502,0.404292,0.90421,0.944389,0.983047,0.733209,0.234605,0.256973,0.260198,0.295132,0.36876,0.487774,0.563434,0.515669,0.478077,0.47414,0.766464,0.703399,0.471269,0.464679,0.415518,0.687792,0.464775,0.648597,0.761652,0.809221,0.780745,0.527553,1.0,0.62236,0.825003,0.451934,0.360525,0.298028,0.281535,0.105422,0.420407,0.779362,0.488589,0.463729,0.494553,0.398541,0.307619,0.400302,0.620506,0.430353,0.759769,0.861828,0.713993,0.616754,0.625265,0.734885,0.994124,0.606715,0.526901,0.627882,0.188417,0.160175,0.470669,0.260063,0.317108,0.222027,0.236126,0.223784,0.365224,0.126358,0.622928,0.354107,0.353835,0.442483,0.543947,0.391089,0.521551,0.516417,0.575109,0.730267,0.601568,0.663285,0.539262,0.38273,0.259338,0.24827,0.410816,0.360537,0.54153,0.63564,0.701212,0.499983,0.478372,0.178504,0.404124,0.343444,0.623456,0.600123,0.550513,0.718638,0.647231,0.946447,0.551965,0.633786,0.743908,0.377646,0.426236
sedu_es_9ef-D13-02,0.201144,0.372147,0.36652,0.293161,0.236421,0.536375,0.480037,0.483489,0.476907,0.312175,0.468687,0.490971,0.645638,0.829242,0.437174,0.099477,0.180048,0.281482,0.350547,0.054278,0.433985,0.279958,0.297921,0.299611,0.350286,0.407275,0.460308,0.461178,0.520781,0.588125,0.211616,0.344795,0.278439,0.368611,0.345741,0.653085,0.809712,0.521236,0.323857,0.235232,0.331099,0.270931,0.0,0.442233,0.304646,0.235082,0.361159,0.424291,0.414752,0.373938,0.462505,0.521381,0.381231,0.495759,0.267326,0.355637,0.552797,0.667305,0.75689,0.71609,0.68528,0.549848,0.496255,0.507173,0.405384,0.589544,0.271818,0.359781,0.398659,0.03454,0.563583,0.327858,0.306466,0.251751,0.307149,0.363371,0.480702,0.507144,0.49458,0.520227,0.316781,0.482911,0.342022,0.191835,0.356279,0.504498,0.40401,0.286189,0.59913,0.566166,0.713668,0.682778,0.414199,0.860784,0.309337,0.346425,0.260167,0.2964,0.080002,0.457916,0.259187,0.322499,0.361959,0.592278,0.516513,0.364198,0.430615,0.342605,0.317979,0.414219,0.395021,0.443503,0.4875,0.508042,0.458168,0.535618,0.681176,0.685875,0.736773,0.516899,0.68503,0.606721,0.103447,0.0515,0.361119,0.37386,0.315492,0.315539,0.38534,0.323919,0.390518,0.490937,0.544486,0.387082,0.465927,0.470315,0.363599,0.299148,0.391193,0.372721,0.542425,0.59341,0.613944,0.493237,0.908073,0.681957,0.770086,0.631216,0.631707,0.5734,0.748651,0.547162,0.397301,0.406671,0.641689,0.193822,0.40765,0.454754,0.366777,0.563972,0.328594,0.393086,0.293552,0.462709,0.357262,0.47571,0.615934,0.502241,0.570087,0.375935,0.454429,0.482974,0.513242,0.245243,0.430364,0.320149,0.480193,0.470245,0.503448,0.743624,0.660663,0.757405,0.633724,1.0,0.872087,0.929472,0.545093,0.8337,0.382588,0.706127,0.863239,0.789566,0.613102,0.147796,0.303749,0.347336,0.470461,0.296762,0.382907,0.514714,0.479809,0.346852,0.436821,0.51653,0.544571,0.462022,0.41858,0.316708,0.529548,0.457628,0.841498,0.697986,0.552039,0.712346,0.643365,0.795145,0.560031,0.805188,0.281067,0.521301,0.180034,0.330066,0.120786,0.412058,0.803349,0.301225,0.334527,0.411903,0.377132,0.441886,0.194014,0.379249,0.586569,0.704953,0.725277,0.797338,0.829956,0.511329,0.619128,0.638206,0.640333,0.391984,0.616202,0.101595,0.405146,0.484111,0.372828,0.302183,0.345245,0.315618,0.274576,0.548705,0.179314,0.356803,0.326996,0.453864,0.460082,0.491229,0.392454,0.428214,0.48517,0.487696,0.486071,0.749317,0.652587,0.500218,0.231365,0.214843,0.343278,0.384837,0.31383,0.515641,0.46023,0.534543,0.53318,0.508212,0.275341,0.417782,0.383428,0.529596,0.569012,0.514938,0.694698,0.677703,0.622736,0.433074,0.455163,0.593114,0.412624,0.255473
sedu_es_9ef-D13-03,0.058587,0.474469,0.582294,0.416975,0.308444,0.669866,0.456607,0.554719,0.399731,0.374907,0.577638,0.562999,0.708732,0.57046,0.432222,0.118215,0.150349,0.165085,0.268828,0.064373,0.294361,0.480188,0.238927,0.622057,0.479336,0.46866,0.618528,0.54232,0.708521,0.585938,0.30609,0.254684,0.456128,0.539898,0.443621,0.717579,0.54068,0.815072,0.434686,0.216465,0.208384,0.203924,0.008327,0.349804,0.449392,0.353689,0.316699,0.592826,0.459452,0.514014,0.549075,0.69193,0.460845,0.598918,0.338892,0.380361,0.632887,0.715815,0.844229,0.528587,0.426243,0.362164,0.429041,0.47876,0.318301,0.55841,0.147289,0.177192,0.305373,0.14848,0.383011,0.321617,0.380954,0.379664,0.404967,0.511452,0.583986,0.457993,0.539681,0.451486,0.494167,0.319562,0.366099,0.269843,0.435738,0.536749,0.431992,0.333118,0.718548,0.737214,0.659612,0.72198,0.536226,0.917112,0.265969,0.267253,0.16727,0.114356,0.054445,0.350047,0.252854,0.327492,0.263884,0.489058,0.374594,0.190844,0.330662,0.455417,0.418898,0.651536,0.376098,0.478485,0.497387,0.531386,0.660692,0.566701,0.757635,0.653609,0.673574,0.670684,0.842227,0.760431,0.203247,0.092801,0.225442,0.311134,0.307741,0.215753,0.418702,0.272571,0.440285,0.519223,0.460652,0.280781,0.442548,0.455427,0.331886,0.432619,0.29508,0.283823,0.583411,0.689534,0.909468,0.573152,0.624656,0.608755,0.82982,0.615562,0.663998,0.657643,0.799382,0.549741,0.301774,0.974384,0.820635,0.272023,0.156088,0.313147,0.234225,0.407034,0.40408,0.302628,0.337412,0.564827,0.305013,0.424178,0.516953,0.435307,0.486851,0.387129,0.523196,0.502199,0.335934,0.323076,0.27902,0.261117,0.502246,0.423066,0.724876,0.739975,0.689081,0.903713,0.585018,0.864089,0.782338,0.71379,0.901426,0.796346,0.426942,0.776491,0.840586,0.798465,0.509714,0.276486,0.19635,0.384114,0.19023,0.400165,0.47682,0.669652,0.308162,0.172477,0.45836,0.549789,0.70124,0.414098,0.269195,0.236776,0.581868,0.420745,0.65264,0.690354,0.817426,0.732178,0.569631,1.0,0.484916,0.925078,0.529223,0.324207,0.144928,0.192866,0.0,0.323265,0.795856,0.4437,0.425105,0.49908,0.12809,0.290145,0.400129,0.473763,0.460138,0.663405,0.636858,0.606738,0.619951,0.493528,0.739975,0.691826,0.733028,0.388517,0.63618,0.162665,0.026004,0.185461,0.266719,0.21191,0.06528,0.124879,0.217333,0.608552,0.095054,0.591914,0.270079,0.474083,0.368781,0.448951,0.338007,0.349493,0.305642,0.537231,0.768412,0.549615,0.809031,0.614296,0.352711,0.29834,0.173871,0.329438,0.243288,0.377016,0.444335,0.51085,0.210916,0.43116,0.241632,0.374099,0.246219,0.621592,0.63099,0.430285,0.735027,0.826832,0.690564,0.395159,0.408192,0.541484,0.325715,0.385647
sedu_es_9ef-D13-04,0.149728,0.431915,0.619838,0.405505,0.367732,0.687052,0.524554,0.602589,0.258912,0.330824,0.37738,0.343169,0.466709,0.525694,0.408859,0.0,0.091941,0.15664,0.574559,0.063831,0.370959,0.369721,0.370924,0.647856,0.502978,0.498437,0.574105,0.591038,0.783875,0.603565,0.334101,0.222247,0.373786,0.295754,0.324193,0.50795,0.501553,0.687771,0.619039,0.196605,0.208094,0.476981,0.154327,0.36013,0.436193,0.371755,0.407487,0.569151,0.463909,0.605726,0.669194,0.767136,0.609337,0.650958,0.353799,0.382169,0.425067,0.510792,0.631439,0.616505,0.417218,0.555758,0.527343,0.582039,0.514238,0.516926,0.144827,0.207204,0.56641,0.177109,0.567313,0.308718,0.417434,0.389401,0.446641,0.660977,0.652872,0.577937,0.674789,0.637052,0.499217,0.620842,0.526338,0.307761,0.359267,0.649408,0.422642,0.487572,0.510473,0.546045,0.674194,0.605711,0.55683,0.908116,0.204619,0.354711,0.320979,0.393304,0.188307,0.383314,0.311464,0.392108,0.339455,0.577863,0.604975,0.395348,0.52986,0.617079,0.599749,0.673664,0.301112,0.57787,0.819197,0.581423,0.484023,0.489744,0.602335,0.621035,0.682559,0.67868,0.720986,0.683583,0.300413,0.222232,0.223351,0.304571,0.395333,0.325064,0.559202,0.504115,0.544423,0.500757,0.54452,0.391928,0.704724,0.623212,0.550086,0.576596,0.569857,0.443894,0.624199,0.694414,0.765969,0.562314,0.631695,0.585014,0.72849,0.598029,0.691891,0.699994,0.629978,0.55723,0.342728,0.695704,0.740868,0.433016,0.321064,0.336268,0.300935,0.366625,0.596663,0.584036,0.331978,0.628419,0.55953,0.422349,0.646736,0.504034,0.61979,0.446068,0.573926,0.643325,0.393492,0.28038,0.396855,0.387734,0.617406,0.627796,0.670878,0.573289,0.518133,0.68904,0.571834,0.760101,0.517764,0.71934,0.811242,0.835506,0.527654,0.845482,0.866973,0.882974,0.479515,0.344673,0.292918,0.349017,0.27464,0.406928,0.519388,0.797334,0.563715,0.446859,0.667683,0.709082,0.716357,0.588592,0.39451,0.377714,0.618338,0.550438,0.647631,0.656251,0.789794,0.682595,0.477515,1.0,0.565009,0.767388,0.582333,0.399823,0.282332,0.282069,0.195239,0.355819,0.76039,0.450477,0.614687,0.631511,0.503724,0.387522,0.466227,0.595696,0.673533,0.602403,0.631498,0.579363,0.578758,0.614494,0.76945,0.75062,0.54888,0.379112,0.73689,0.214499,0.151441,0.333017,0.334557,0.403685,0.156114,0.131432,0.389733,0.437443,0.219009,0.577598,0.338675,0.529238,0.587917,0.642584,0.485132,0.620613,0.511422,0.540596,0.822105,0.539953,0.815986,0.656863,0.393607,0.423888,0.28148,0.53899,0.475847,0.551402,0.543774,0.583385,0.367765,0.490188,0.301483,0.409684,0.346772,0.637059,0.654222,0.666514,0.742566,0.758873,0.709073,0.627291,0.646709,0.487786,0.377361,0.385375
sedu_es_9ef-D14-01,0.060448,0.320289,0.457449,0.407004,0.15955,0.352918,0.225391,0.148918,0.222941,0.175427,0.332477,0.358571,0.591023,0.238016,0.461007,0.113845,0.083765,0.058357,0.134302,0.188016,0.240612,0.203228,0.10991,0.40248,0.403056,0.19289,0.233449,0.109269,0.292097,0.386532,0.074614,0.214859,0.234287,0.323005,0.172635,0.51214,0.303006,0.445333,0.508127,0.060348,0.215136,0.102894,0.070654,0.261795,0.196159,0.0,0.020304,0.222416,0.044449,0.121587,0.250505,0.215594,0.227885,0.187948,0.004691,0.125444,0.375197,0.502838,0.490975,0.21076,0.307383,0.397634,0.503272,0.40653,0.448198,0.420549,0.194039,0.198578,0.104018,0.046468,0.334649,0.238605,0.247734,0.11496,0.073937,0.157184,0.163739,0.30285,0.205631,0.296224,0.359584,0.25291,0.08539,0.004479,0.18354,0.244142,0.301314,0.081492,0.352901,0.484717,0.332151,0.384227,0.391624,0.492609,0.226556,0.217826,0.198822,0.160746,0.11361,0.214824,0.100989,0.090185,0.074892,0.281589,0.308508,0.026897,0.142282,0.106382,0.07862,0.305153,0.263012,0.26391,0.343602,0.399878,0.215491,0.288563,0.441185,0.266444,0.422525,0.46971,0.555137,0.635241,0.213444,0.211276,0.141391,0.13713,0.136055,0.043376,0.217206,0.253315,0.072283,0.34172,0.203935,0.105727,0.370807,0.154885,0.118138,0.278762,0.203815,0.203433,0.373536,0.219101,0.504731,0.164634,0.221392,0.23798,0.529739,0.392114,0.384908,0.476566,0.571207,0.530422,0.582328,0.53844,0.43135,0.131304,0.013162,0.279142,0.124941,0.411687,0.201191,0.224467,0.015313,0.235077,0.320171,0.490218,0.498934,0.157259,0.333928,0.123196,0.156559,0.234325,0.244708,0.152036,0.077191,0.123387,0.258038,0.189364,0.157358,0.377688,0.310753,0.532042,0.261168,0.311293,0.446712,0.440565,0.343602,0.456279,0.389723,0.61969,0.251137,0.330369,0.243713,0.230736,0.078349,0.174576,0.2755,0.274971,0.449969,0.418777,0.311529,0.269234,0.145211,0.312696,0.447282,0.265346,0.211751,0.18648,0.306883,0.343469,0.270414,0.343448,0.345987,0.579526,0.237294,0.34918,1.0,0.869866,0.284519,0.207002,0.207608,0.081671,0.080369,0.162257,0.397584,0.067524,0.179346,0.298237,0.118247,0.275614,0.413696,0.301548,0.217096,0.388334,0.344459,0.408455,0.191151,0.267717,0.469541,0.199379,0.483464,0.337824,0.779608,0.214124,0.090114,0.120275,0.127068,0.28753,0.110136,0.37317,0.09557,0.289677,0.131071,0.43103,0.177434,0.195911,0.304454,0.247503,0.18573,0.174922,0.315683,0.426781,0.335702,0.293228,0.634953,0.291049,0.210743,0.253966,0.27564,0.475339,0.425442,0.258473,0.154345,0.206493,0.203658,0.397437,0.065388,0.144096,0.21228,0.138435,0.099253,0.381422,0.671659,0.406884,0.33198,0.145281,0.16301,0.358145,0.229634,0.271334
sedu_es_9ef-D14-02,0.0,0.388665,0.515868,0.417726,0.215024,0.47127,0.46512,0.342678,0.345194,0.244918,0.414025,0.375089,0.603319,0.421554,0.510215,0.027375,0.086835,0.083112,0.167401,0.124578,0.358419,0.290613,0.238111,0.475736,0.480379,0.421064,0.376874,0.391123,0.485978,0.453912,0.212848,0.217928,0.267768,0.307432,0.149912,0.563361,0.433493,0.485613,0.514545,0.145037,0.174849,0.157677,0.081491,0.337732,0.330805,0.108991,0.312947,0.378193,0.284929,0.325184,0.491861,0.523664,0.348586,0.46237,0.23073,0.169502,0.431382,0.613601,0.62865,0.497121,0.339365,0.421961,0.60369,0.447295,0.528323,0.408832,0.138375,0.23864,0.241918,0.071298,0.45983,0.189477,0.304802,0.213204,0.288137,0.327548,0.443628,0.47481,0.432163,0.438629,0.386163,0.414663,0.248396,0.154449,0.280112,0.429812,0.269376,0.214027,0.476971,0.456068,0.453605,0.445623,0.438243,0.622755,0.173799,0.18499,0.171467,0.148593,0.116415,0.33198,0.197529,0.263984,0.317407,0.461802,0.52145,0.329716,0.404934,0.349997,0.291826,0.475221,0.253378,0.368069,0.525534,0.537691,0.388687,0.434507,0.610726,0.347514,0.56401,0.558521,0.639906,0.735192,0.299065,0.195074,0.237271,0.20672,0.300963,0.19571,0.30413,0.224504,0.329253,0.362088,0.4846,0.354423,0.452557,0.425127,0.379576,0.558011,0.303443,0.228385,0.57513,0.395332,0.456654,0.341035,0.517803,0.39412,0.595468,0.482457,0.516752,0.631548,0.565494,0.336373,0.531554,0.260625,0.519689,0.31273,0.1705,0.253217,0.18557,0.362245,0.30042,0.312819,0.225791,0.429506,0.376835,0.428084,0.558094,0.417261,0.521068,0.355345,0.435076,0.423995,0.348524,0.15619,0.314479,0.295644,0.433323,0.371557,0.504849,0.512185,0.388259,0.529175,0.392759,0.555031,0.452383,0.611714,0.422836,0.555722,0.36714,0.800649,0.545552,0.580241,0.479271,0.270633,0.22147,0.144828,0.277296,0.482177,0.483993,0.552406,0.377028,0.426482,0.4184,0.529335,0.520398,0.380215,0.366978,0.311354,0.496396,0.406387,0.517156,0.449292,0.432028,0.556908,0.380936,0.557525,0.964542,1.0,0.434855,0.308359,0.213139,0.197689,0.039103,0.269844,0.541098,0.25863,0.437642,0.431401,0.257058,0.386471,0.377293,0.369014,0.464303,0.506558,0.477416,0.51238,0.45063,0.505441,0.492965,0.521507,0.453064,0.490778,0.75772,0.22758,0.118116,0.311671,0.153604,0.161747,0.193084,0.415546,0.133947,0.354188,0.123016,0.381648,0.187869,0.250464,0.345321,0.382312,0.366543,0.397341,0.414502,0.442022,0.371691,0.429525,0.608253,0.425249,0.278955,0.349417,0.262,0.452855,0.300587,0.34472,0.451677,0.498426,0.441384,0.441345,0.100698,0.274794,0.345943,0.440716,0.435695,0.469611,0.811093,0.502866,0.502573,0.499688,0.522738,0.432425,0.277878,0.338436
sedu_es_9ef-D14-03,0.05432,0.381585,0.602345,0.455171,0.297383,0.472349,0.446211,0.30628,0.355206,0.268481,0.503056,0.485194,0.663043,0.445232,0.714565,0.01645,0.111887,0.128479,0.223399,0.053908,0.285358,0.329973,0.295779,0.622177,0.532258,0.383681,0.346591,0.32601,0.489322,0.452336,0.20581,0.255874,0.273935,0.378934,0.235377,0.657357,0.4572,0.770036,0.692787,0.195162,0.278435,0.209371,0.0,0.362848,0.335908,0.250058,0.256387,0.392172,0.209759,0.319123,0.399778,0.475084,0.325692,0.362763,0.192533,0.252884,0.424561,0.64982,0.693579,0.494869,0.391438,0.428994,0.699666,0.667273,0.670516,0.540917,0.249565,0.311727,0.273466,0.016372,0.420417,0.30541,0.308278,0.356439,0.235909,0.271185,0.383735,0.369758,0.397091,0.387435,0.393109,0.385353,0.276647,0.176821,0.304638,0.39892,0.293341,0.232502,0.544912,0.554992,0.443465,0.542856,0.671685,0.791253,0.275252,0.261278,0.23669,0.152721,0.082176,0.306276,0.175553,0.326192,0.228691,0.412013,0.439705,0.152852,0.267228,0.259721,0.241525,0.395447,0.303318,0.319417,0.570813,0.439339,0.364283,0.406223,0.629517,0.430263,0.593186,0.663825,0.749479,0.923687,0.137727,0.062331,0.17062,0.215879,0.241924,0.148835,0.309759,0.189832,0.30501,0.406975,0.353712,0.165552,0.424899,0.279183,0.232021,0.424969,0.258829,0.229629,0.469151,0.432747,0.632609,0.358699,0.473323,0.451492,0.72564,0.567631,0.492654,0.619985,0.779593,0.46561,0.494113,0.554397,0.625298,0.161405,0.066157,0.230459,0.148997,0.413736,0.298477,0.258696,0.181341,0.42935,0.2616,0.347457,0.480426,0.279335,0.418522,0.267489,0.344401,0.372273,0.303331,0.20538,0.22878,0.217233,0.372613,0.221981,0.377697,0.53835,0.504254,0.715858,0.362537,0.583851,0.659238,0.593958,0.587248,0.62409,0.39011,0.888488,0.552021,0.57622,0.465585,0.18709,0.213149,0.170398,0.234037,0.349534,0.319804,0.528526,0.329078,0.225142,0.240145,0.436899,0.535348,0.267321,0.267218,0.236216,0.411915,0.39601,0.464657,0.557815,0.475557,0.677641,0.363676,0.613811,1.0,0.994739,0.3425,0.314184,0.153659,0.209286,0.057216,0.207516,0.639483,0.224067,0.28191,0.387207,0.171453,0.208517,0.432526,0.415876,0.361684,0.445471,0.402472,0.481277,0.38919,0.395651,0.555545,0.465733,0.590683,0.461514,0.726443,0.138315,0.104799,0.164356,0.16487,0.219715,0.119046,0.337359,0.188435,0.440766,0.131335,0.549787,0.187421,0.255906,0.338396,0.276475,0.274574,0.355792,0.442751,0.406516,0.509795,0.425657,0.738983,0.40552,0.227869,0.216866,0.217441,0.416722,0.325979,0.379375,0.216961,0.290004,0.290466,0.354426,0.011749,0.197588,0.221182,0.332741,0.32066,0.440984,0.869069,0.614288,0.457596,0.261257,0.305634,0.507748,0.242415,0.343089
sedu_es_9ef-D14-04,0.18207,0.580392,0.599664,0.705415,0.23666,0.572504,0.62924,0.540794,0.867623,0.180204,0.426505,0.43266,0.734948,0.505732,0.79377,0.142988,0.127642,0.241074,0.388086,0.089674,0.31815,0.523231,0.191459,0.66552,0.572914,0.772312,0.44962,0.540643,0.55967,0.723614,0.245856,0.275449,0.21078,0.347319,0.447157,0.734873,0.538379,0.405902,0.61181,0.145757,0.085793,0.384951,0.0,0.414093,0.410816,0.324243,0.141319,0.410715,0.281615,0.408642,0.550456,0.493679,0.305482,0.260401,0.181327,0.388957,0.506957,0.783135,0.76079,0.464792,0.506351,0.461262,0.567564,0.481081,0.738652,0.547101,0.239159,0.24218,0.491329,0.090757,0.391808,0.372024,0.447439,0.36415,0.213932,0.355074,0.419908,0.598835,0.493777,0.357504,0.582305,0.218564,0.214414,0.092508,0.23743,0.45121,0.361022,0.128971,0.490093,0.620065,0.412561,0.449693,0.61005,0.67396,0.362157,0.31125,0.303928,0.517273,0.105324,0.418123,0.351328,0.279797,0.229631,0.361218,0.308801,0.126999,0.196548,0.286176,0.191808,0.463017,0.318907,0.270119,0.892239,0.434157,0.473191,0.374244,0.745962,0.472395,0.466583,0.653091,0.589409,0.843117,0.129899,0.040453,0.331076,0.472404,0.226982,0.017753,0.395779,0.255528,0.314748,0.454005,0.339519,0.187429,0.337196,0.2951,0.190021,0.451086,0.28105,0.178816,0.495725,0.333229,0.493048,0.337848,0.512561,0.441348,0.795688,0.655911,0.620551,0.698667,0.469929,0.404374,0.372574,0.444168,0.504427,0.10845,0.203941,0.396848,0.330763,0.580793,0.280686,0.33227,0.322375,0.483507,0.41222,0.447673,0.537833,0.293532,0.29498,0.358225,0.368376,0.409976,0.317434,0.247039,0.263851,0.109082,0.369217,0.303155,0.365835,0.451869,0.493828,0.809762,0.144804,0.596508,0.678781,0.674889,0.352716,0.653278,0.495178,0.690067,0.507584,0.542275,0.267221,0.313268,0.248822,0.398521,0.455089,0.438963,0.355874,0.470412,0.325359,0.208173,0.395009,0.188179,0.443816,0.340915,0.239323,0.209334,0.363577,0.566583,0.355918,0.629996,0.334903,0.648373,0.512841,0.445947,0.759866,1.0,0.174612,0.438622,0.286704,0.192639,0.237032,0.385255,0.432777,0.122811,0.327658,0.546271,0.14403,0.307596,0.326027,0.358068,0.622487,0.28648,0.39925,0.59274,0.407417,0.312335,0.624045,0.252162,0.609555,0.422307,0.699379,0.149993,0.167792,0.338672,0.336617,0.282945,0.220103,0.427793,0.234712,0.57068,0.355586,0.444744,0.262155,0.443994,0.435065,0.456046,0.420738,0.432916,0.371949,0.482578,0.550718,0.524671,0.764697,0.522081,0.203074,0.264126,0.291998,0.507711,0.392873,0.397461,0.357165,0.508112,0.518044,0.424229,0.235392,0.320274,0.455221,0.408297,0.446733,0.369125,0.687249,0.478025,0.3822,0.218877,0.247241,0.3354,0.319068,0.279892
sedu_es_9ef-D15-01,0.276724,0.46733,0.658025,0.770634,0.264637,0.613671,0.449894,0.386733,0.293224,0.19323,0.319145,0.302374,0.544193,0.115804,0.741354,0.132456,0.098511,0.113267,0.352363,0.199264,0.396861,0.357897,0.249282,0.948365,0.56416,0.584768,0.468718,0.364534,0.444442,0.415216,0.145397,0.074827,0.317027,0.374758,0.243773,0.429142,0.171563,0.492558,0.909023,0.088871,0.208473,0.38131,0.234098,0.399878,0.390218,0.356588,0.252493,0.443723,0.337282,0.373297,0.481817,0.394818,0.435238,0.358898,0.153361,0.246992,0.307869,0.461948,0.507292,0.243469,0.236898,0.54283,0.666547,0.601879,1.0,0.289259,0.273895,0.34182,0.55021,0.116571,0.410538,0.319598,0.445987,0.462897,0.2949,0.424377,0.290522,0.495138,0.362752,0.41334,0.560498,0.457937,0.346716,0.154077,0.318109,0.399838,0.25605,0.253198,0.318202,0.341005,0.226875,0.152042,0.738608,0.426537,0.307188,0.357322,0.343432,0.55637,0.171278,0.372329,0.364598,0.358439,0.26541,0.431874,0.453266,0.316605,0.377303,0.312133,0.241947,0.532428,0.248809,0.225343,0.64845,0.423937,0.403088,0.370356,0.584268,0.229826,0.384873,0.68467,0.473256,0.665674,0.35845,0.185959,0.422092,0.328635,0.223348,0.308877,0.445376,0.282391,0.38077,0.387474,0.372804,0.303998,0.465186,0.334537,0.412742,0.709851,0.354615,0.066485,0.475221,0.25955,0.336619,0.071855,0.245574,0.158439,0.457991,0.428235,0.445602,0.571564,0.220262,0.271576,0.629879,0.346615,0.289334,0.247926,0.190613,0.567052,0.317165,0.527778,0.390838,0.352521,0.27563,0.57681,0.330835,0.462141,0.581399,0.309471,0.392412,0.414327,0.449247,0.548733,0.117491,0.074641,0.023393,0.0,0.279009,0.147756,0.288604,0.373742,0.165588,0.350118,0.15115,0.297965,0.232634,0.383435,0.232502,0.342534,0.519386,0.74614,0.236762,0.404213,0.198449,0.323135,0.243775,0.363097,0.528257,0.436902,0.481873,0.522693,0.660668,0.275453,0.239302,0.301843,0.479466,0.228079,0.2617,0.258452,0.283004,0.453053,0.170955,0.279004,0.317449,0.468309,0.164444,0.401886,0.877455,0.747856,0.380976,0.389042,0.285567,0.347998,0.192664,0.357729,0.381757,0.260761,0.581481,0.520369,0.342705,0.21152,0.430827,0.429233,0.234276,0.272215,0.209243,0.186373,0.133608,0.277581,0.396684,0.357143,0.277796,0.717053,0.652747,0.222129,0.339646,0.360052,0.395986,0.29503,0.445564,0.636385,0.349994,0.290499,0.217224,0.604382,0.364352,0.422022,0.326408,0.380368,0.292816,0.231078,0.463313,0.40961,0.531471,0.332728,0.633189,0.48493,0.237896,0.331273,0.320425,0.83951,0.47335,0.440654,0.125488,0.148456,0.423359,0.548632,0.077318,0.352481,0.41212,0.218658,0.152367,0.402373,0.619344,0.271157,0.177927,0.346195,0.337433,0.321339,0.340827,0.299725
sedu_es_9ef-D15-02,0.301386,0.622129,0.944409,0.494277,0.56866,0.733439,0.423769,0.683885,0.0,0.504564,0.25605,0.381147,0.1606,0.109806,0.624215,0.562476,0.385601,0.46939,0.376459,0.379069,0.53485,0.661894,0.42143,0.658695,1.0,0.293886,0.802759,0.638327,0.624853,0.484631,0.318191,0.511224,0.440106,0.511796,0.498358,0.249305,0.192581,0.546064,0.638281,0.557613,0.529885,0.36545,0.469876,0.630517,0.496391,0.862433,0.361984,0.761295,0.39606,0.709372,0.774812,0.714349,0.580384,0.51077,0.518832,0.704913,0.328171,0.128824,0.264319,0.31433,0.241629,0.411493,0.588794,0.49099,0.654865,0.421144,0.535796,0.680863,0.351238,0.551483,0.53747,0.719041,0.42101,0.629394,0.536146,0.547926,0.650153,0.461068,0.561177,0.547047,0.519245,0.501961,0.538929,0.50026,0.436786,0.74328,0.685676,0.399128,0.337079,0.39174,0.241869,0.260376,0.4708,0.643267,0.763181,0.370362,0.363526,0.406579,0.53578,0.509855,0.329957,0.527484,0.412931,0.371089,0.655422,0.407704,0.609924,0.603592,0.509304,0.574225,0.604015,0.57982,0.506052,0.574766,0.174681,0.230355,0.300551,0.205492,0.414089,0.454032,0.538348,0.330806,0.704022,0.464095,0.598916,0.438276,0.494455,0.323551,0.510246,0.445541,0.6209,0.509529,0.502975,0.424522,0.553746,0.662497,0.615497,0.696263,0.469344,0.393536,0.649327,0.351244,0.462576,0.316807,0.0944,0.243475,0.355386,0.355439,0.390605,0.513112,0.429708,0.57845,0.504017,0.274267,0.552743,0.669989,0.341782,0.501293,0.32329,0.236146,0.510293,0.533921,0.515124,0.624025,0.464579,0.608614,0.59341,0.424706,0.678665,0.472504,0.532582,0.57662,0.50213,0.459405,0.346191,0.643146,0.59682,0.440203,0.255231,0.166594,0.136293,0.2829,0.340334,0.283662,0.1376,0.299961,0.259606,0.426733,0.79745,0.544075,0.411254,0.458916,0.264466,0.636081,0.557046,0.505466,0.42534,0.732666,0.472366,0.834423,0.518966,0.411768,0.578173,0.511765,0.605,0.337785,0.492723,0.551171,0.596534,0.495704,0.322511,0.133313,0.24554,0.424028,0.018544,0.458088,0.780691,0.685022,0.721275,0.494581,0.450473,0.349352,0.541775,0.501741,0.352588,0.422509,0.570957,0.752788,0.468726,0.502588,0.588518,0.475196,0.46858,0.509715,0.123982,0.411877,0.282543,0.740208,0.42336,0.311754,0.284976,0.5078,0.731152,0.716061,0.473966,0.184851,0.355987,0.396818,0.496993,0.590809,0.450158,0.031541,0.96269,0.534637,0.413392,0.452342,0.443242,0.3743,0.657683,0.493058,0.408205,0.497076,0.378154,0.391375,0.453547,0.423571,0.520813,0.654238,0.829109,0.354778,0.643202,0.466516,0.362315,0.37849,0.25291,0.420956,0.375612,0.390973,0.578295,0.695402,0.622704,0.437263,0.445854,0.363835,0.341611,0.541052,0.317253,0.235777,0.652316,0.671308
sedu_es_9ef-D15-03,0.314772,0.43382,0.901663,0.404561,0.670688,0.693113,0.633931,0.53563,0.190457,0.371241,0.366644,0.432932,0.348528,0.151205,0.66549,0.143771,0.08947,0.053285,0.593582,0.396766,0.220459,0.285734,0.542165,0.562756,0.925887,0.462102,0.617208,0.681965,0.636546,0.524366,0.289632,0.299177,0.40431,0.378953,0.167341,0.330858,0.2395,0.331785,0.499704,0.151385,0.081599,0.604549,0.34741,0.531965,0.211711,0.408081,0.448807,0.658902,0.492777,0.575608,0.713528,0.767927,0.587246,0.643089,0.449972,0.69057,0.289356,0.308768,0.421357,0.350506,0.243373,0.413165,0.354766,0.332351,0.616531,0.337703,0.037041,0.427748,0.707363,0.339251,0.544975,0.411402,0.166047,0.456582,0.488557,0.539902,0.717472,0.533612,0.663047,0.701983,0.384883,0.506084,0.647177,0.436284,0.408373,0.815671,0.691229,0.568395,0.386564,0.346024,0.303504,0.322426,0.297298,0.600136,0.177829,0.461504,0.119259,0.520701,0.429071,0.295792,0.0,0.431417,0.308932,0.442161,0.705036,0.483061,0.524315,0.540301,0.552466,0.729335,0.522279,0.719206,0.71822,0.79912,0.149015,0.241155,0.402139,0.02806,0.420939,0.532621,0.574489,0.478411,0.38381,0.358464,0.199082,0.071334,0.371521,0.246334,0.494483,0.303841,0.475144,0.530755,0.625118,0.42963,0.599571,0.591351,0.583072,0.752783,0.514237,0.529042,0.789661,0.346894,0.37435,0.123722,0.31759,0.337246,0.321436,0.280384,0.424774,0.487319,0.327671,0.391867,0.206256,0.15212,0.448094,0.514471,0.105645,0.310401,0.057242,0.255547,0.510744,0.438551,0.451932,0.636805,0.433429,0.505302,0.543347,0.611534,0.810573,0.523845,0.677149,0.595843,0.454283,0.28825,0.356208,0.556936,0.818584,0.460497,0.261946,0.299774,0.155204,0.308945,0.246568,0.440161,0.241293,0.406759,0.144806,0.277982,0.441295,0.647278,0.473268,0.487337,0.360972,0.378074,0.261301,0.153968,0.28906,0.482041,0.45826,0.870033,0.429649,0.349562,0.586531,0.70131,0.664039,0.485624,0.389579,0.423166,0.751628,0.533699,0.456287,0.060916,0.208233,0.500571,0.099751,0.451511,1.0,0.802293,0.738748,0.201942,0.203628,0.218847,0.152331,0.14358,0.474962,0.368748,0.634946,0.585383,0.387025,0.556183,0.575071,0.542145,0.739826,0.500417,0.242457,0.537869,0.463767,0.769344,0.198008,0.347506,0.290444,0.311362,0.786818,0.477504,0.178217,0.056696,0.154062,0.206348,0.200188,0.225228,0.371579,0.13441,0.481745,0.29788,0.16136,0.47147,0.388176,0.379842,0.573303,0.525101,0.506751,0.519666,0.253364,0.523,0.447999,0.631227,0.44759,0.546368,0.423939,0.474459,0.241136,0.444736,0.329125,0.39244,0.346042,0.49168,0.122993,0.1704,0.314527,0.587623,0.666062,0.361631,0.599914,0.3798,0.175144,0.457268,0.472865,0.113844,0.441171,0.553701
sedu_es_9ef-D15-04,0.172706,0.445853,0.301787,0.014903,0.22056,0.424134,0.214188,0.31509,0.149956,0.130142,0.688465,0.813212,0.516462,0.447277,0.386977,0.231776,0.403436,0.281424,0.855867,0.111455,0.339829,0.111789,0.220838,0.220982,0.28528,0.079888,0.370885,0.273166,0.334368,0.234663,0.0,0.17977,0.085898,0.664044,0.490082,0.561699,0.486136,0.609569,0.461357,0.374611,0.488605,0.879204,0.043943,0.526931,0.072726,0.316826,0.232834,0.285641,0.511915,0.190889,0.293567,0.316269,0.357807,0.366186,0.202092,0.284875,0.566156,0.416993,0.618788,0.615616,0.360034,0.592406,0.656666,0.712503,0.479472,0.437707,0.424354,0.430863,0.847693,0.065017,0.42564,0.413728,0.186675,0.156785,0.152891,0.208642,0.450349,0.300336,0.280409,0.510979,0.047189,0.535752,0.812252,0.128872,0.309228,0.470438,0.460938,0.138021,0.694354,0.473769,0.528203,0.446334,0.710042,0.673347,0.442564,0.747714,0.403969,0.172196,0.177443,0.347382,0.217957,0.206869,0.200192,0.607727,0.638687,0.403672,0.294501,0.171628,0.171226,0.315336,0.305228,0.286419,0.556136,0.323135,0.645097,0.773726,0.608374,0.483849,0.552466,0.560236,0.779334,0.40214,0.074359,0.056155,0.438652,0.30108,0.186324,0.328537,0.161711,0.268147,0.443959,0.298443,0.473798,0.402197,0.358909,0.364033,0.265648,0.438275,0.293399,0.193687,0.359742,0.700717,0.571147,0.366289,0.657506,0.62282,0.459218,0.525421,0.790706,0.407826,0.677864,0.540434,0.42983,0.618524,0.773806,0.140641,0.35848,0.464286,0.186922,0.847754,0.316775,0.235775,0.319709,0.280931,0.231869,0.333706,0.520257,0.385137,0.486665,0.46282,0.377716,0.364524,0.296667,0.143608,0.214981,0.229762,0.443095,0.373897,0.466936,0.719974,0.419946,0.501442,0.738299,0.685704,0.43542,0.693749,0.475724,0.671772,0.460385,0.585069,0.674737,0.689933,0.447913,0.070787,0.266316,0.33406,0.337763,0.18075,0.363508,0.471022,0.405038,0.37042,0.13912,0.494443,0.552726,0.336404,0.394891,0.323842,0.549292,0.337643,0.557729,0.407226,0.576291,0.699753,0.348185,0.742588,0.477552,0.465173,0.299529,0.346113,0.258623,0.25853,0.052659,0.381267,0.701312,0.24153,0.380962,0.268429,0.260197,0.289382,0.391016,0.574185,0.260225,0.785456,0.592509,0.624592,0.568867,0.553197,0.58962,1.0,0.476679,0.45629,0.444745,0.101972,0.216907,0.45491,0.430687,0.188653,0.209871,0.220908,0.310583,0.303398,0.189002,0.665809,0.346765,0.27577,0.231617,0.396175,0.246222,0.164727,0.391112,0.247021,0.686014,0.54661,0.346126,0.424413,0.143292,0.083458,0.306556,0.49218,0.461394,0.351282,0.324109,0.335287,0.415819,0.446871,0.077012,0.289655,0.338995,0.48165,0.486817,0.471524,0.484044,0.42991,0.676862,0.575909,0.578273,0.464615,0.31893,0.255185
sedu_es_9ef-D16-01,0.544595,0.747762,0.674608,0.338324,0.741047,0.548982,0.768916,0.645964,0.532886,0.686801,0.507274,0.522524,0.660535,0.85462,0.366929,0.133349,0.397463,0.390363,0.290499,0.070182,0.639873,0.296546,0.703124,0.391485,0.666118,0.656907,0.541233,0.697232,0.776486,0.526524,0.680774,0.602659,0.698139,0.453756,0.574202,0.615172,0.855411,0.608573,0.191005,0.337847,0.413089,0.366291,0.100498,0.58818,0.360806,0.594374,0.746812,0.539683,0.878217,0.575974,0.580249,0.843205,0.721745,0.897271,0.752286,0.616398,0.483492,0.585284,0.716277,0.880785,0.731117,0.3559,0.325821,0.498502,0.30749,0.677972,0.282718,0.438848,0.31179,0.198713,0.806319,0.46187,0.416656,0.63396,0.611333,0.510636,0.667605,0.458511,0.541758,0.663108,0.492236,0.742339,0.594525,0.723151,0.765523,0.608857,0.694,0.482981,0.644405,0.631798,0.795376,0.68589,0.38159,0.911637,0.271856,0.209107,0.417346,0.257377,0.27108,0.481957,0.310474,0.686805,0.649907,0.808837,0.920581,0.956986,0.630225,0.568641,0.511315,0.635497,0.601696,0.333445,0.520733,0.599279,0.492533,0.554539,0.664644,0.727164,0.83639,0.358607,0.840844,0.435604,0.186954,0.171455,0.349424,0.301055,0.807505,0.625911,0.462963,0.446544,0.706836,0.436854,0.725981,0.799752,0.584459,0.696153,0.584323,0.661196,0.473114,0.540608,0.62,0.97103,0.690317,0.762475,0.856728,0.83414,0.778154,0.666578,0.622343,0.376072,0.777944,0.454881,0.420494,0.426598,0.766722,0.277787,0.540167,0.297831,0.278093,0.439648,0.53868,0.430232,0.802149,0.650768,0.395021,0.592519,0.636548,0.676193,0.629812,1.0,0.645439,0.650666,0.314773,0.520677,0.78314,0.676626,0.537382,0.421093,0.725414,0.79863,0.488644,0.62527,0.747527,0.740445,0.573482,0.749011,0.656477,0.714854,0.286753,0.649064,0.899388,0.870603,0.55461,0.183732,0.275592,0.243899,0.374241,0.519787,0.428,0.662339,0.488462,0.516153,0.48109,0.702726,0.558894,0.367215,0.796983,0.751091,0.627711,0.425263,0.780745,0.637622,0.554127,0.661843,0.422513,0.693581,0.41145,0.676086,0.471957,0.442571,0.355513,0.316851,0.0,0.411832,0.813936,0.578496,0.61057,0.567964,0.404201,0.342489,0.368898,0.510066,0.474392,0.960533,0.706607,0.806083,0.626466,0.632783,0.65659,0.748453,0.623729,0.373439,0.561187,0.181821,0.424347,0.671758,0.289516,0.299104,0.347006,0.209214,0.229456,0.348051,0.081444,0.291784,0.23817,0.30879,0.405765,0.443007,0.463318,0.362383,0.357384,0.388044,0.43279,0.646103,0.424081,0.684899,0.273009,0.243464,0.348208,0.28429,0.329843,0.423458,0.494902,0.536384,0.481798,0.501031,0.161962,0.399522,0.444816,0.754248,0.709332,0.542951,0.531451,0.532022,0.78999,0.631033,0.57468,0.550111,0.504025,0.361352
sedu_es_9ef-D16-02,0.216037,0.412395,0.172697,0.18614,0.294741,0.274248,0.249252,0.053071,0.305522,0.105541,0.39609,0.288318,0.319717,0.286007,0.14919,0.444841,0.715292,0.629771,0.140243,0.179145,0.524039,0.390877,0.283309,0.278056,0.148479,0.211165,0.264272,0.138519,0.096375,0.166141,0.241099,0.196543,0.208667,0.383872,0.328976,0.403813,0.319452,0.435802,0.217334,0.554277,0.431389,0.049311,0.197977,0.456987,0.431603,0.281048,0.306575,0.218756,0.304885,0.114565,0.135031,0.128729,0.176844,0.231944,0.178636,0.017449,0.367767,0.3257,0.503789,0.402863,0.223818,0.268857,0.341375,0.340287,0.216214,0.335368,0.492912,0.303625,0.075309,0.267187,0.301341,0.351308,0.433038,0.318745,0.165077,0.19424,0.151601,0.222831,0.119223,0.151418,0.145251,0.197383,0.1353,0.206691,0.187772,0.190285,0.056827,0.01762,0.41028,0.462622,0.30861,0.170584,0.359585,0.337017,0.434355,0.70065,1.0,0.029829,0.304361,0.430562,0.423198,0.315986,0.287467,0.212219,0.235792,0.301104,0.251045,0.110486,0.063721,0.160241,0.054056,0.0,0.263508,0.07768,0.385253,0.410893,0.511608,0.448599,0.195468,0.469151,0.33011,0.21635,0.287362,0.181475,0.424239,0.340562,0.283237,0.265822,0.22581,0.136694,0.239271,0.144184,0.213886,0.217749,0.178655,0.101423,0.160358,0.313179,0.140512,0.021609,0.142139,0.416396,0.473042,0.427982,0.44586,0.345774,0.219719,0.273472,0.371519,0.343347,0.282175,0.259489,0.261946,0.496609,0.450662,0.264689,0.513342,0.430845,0.356184,0.589746,0.116629,0.189319,0.369191,0.126287,0.154191,0.158159,0.375138,0.176682,0.047009,0.407682,0.145757,0.160024,0.091548,0.215986,0.148633,0.134167,0.100809,0.085185,0.276785,0.294293,0.305141,0.285644,0.253435,0.258563,0.278499,0.357698,0.401237,0.3622,0.236976,0.289158,0.244626,0.277039,0.322596,0.359186,0.289884,0.40816,0.438408,0.23433,0.247158,0.139402,0.236686,0.190435,0.065066,0.217505,0.32681,0.092878,0.370643,0.363183,0.21975,0.237039,0.191512,0.37849,0.42392,0.342227,0.24741,0.269779,0.193633,0.215665,0.2094,0.469832,0.387505,0.392557,0.201089,0.470343,0.217188,0.219828,0.205577,0.243625,0.126284,0.150442,0.241172,0.298202,0.133253,0.216819,0.24918,0.273355,0.099832,0.021863,0.38485,0.426143,0.350641,0.398765,0.280507,0.249789,0.21118,0.526966,0.426653,0.43138,0.270529,0.262145,0.409529,0.271148,0.156079,0.417342,0.405305,0.225409,0.177879,0.335627,0.272921,0.134241,0.280995,0.268197,0.343007,0.199198,0.272658,0.192765,0.286378,0.241817,0.14831,0.35701,0.280301,0.36725,0.166136,0.135725,0.22789,0.401515,0.033809,0.397008,0.380551,0.259229,0.204535,0.297549,0.285654,0.340173,0.537343,0.275237,0.273224,0.331578,0.453291,0.302388
sedu_es_9ef-D16-03,0.598446,0.600137,0.579843,0.353603,0.707264,0.586825,0.649892,0.599135,0.307775,0.693591,0.453855,0.455387,0.458404,0.6394,0.139586,0.192858,0.332864,0.462145,0.358554,0.283421,0.499694,0.227727,0.802974,0.470779,0.517964,0.567495,0.543594,0.656992,0.626972,0.424351,0.69559,0.461651,0.715668,0.380629,0.358522,0.44034,0.565276,0.34479,0.13852,0.241862,0.460461,0.39724,0.348013,0.347944,0.315676,0.602708,0.802068,0.548052,0.782083,0.58613,0.554657,0.656976,0.802747,1.0,0.725287,0.558758,0.39164,0.464827,0.520939,0.574203,0.551169,0.364342,0.235496,0.257652,0.201728,0.475186,0.305234,0.413834,0.34694,0.273544,0.664915,0.232544,0.322783,0.741961,0.709762,0.635794,0.495869,0.436673,0.457331,0.548831,0.392246,0.616428,0.597928,0.741225,0.644879,0.543604,0.57388,0.727695,0.469012,0.381592,0.654092,0.547932,0.179718,0.615389,0.247936,0.164951,0.394763,0.283045,0.334187,0.32899,0.22467,0.762332,0.639757,0.632077,0.785526,0.868196,0.604698,0.615501,0.565569,0.596078,0.52345,0.528103,0.390537,0.524256,0.410684,0.521414,0.501827,0.511652,0.604722,0.268154,0.525649,0.288563,0.325412,0.400456,0.283049,0.204535,0.739611,0.648411,0.540243,0.640309,0.700192,0.410437,0.582652,0.773008,0.734389,0.760938,0.698398,0.702675,0.508661,0.592294,0.537805,0.84375,0.556892,0.464093,0.642138,0.565747,0.511953,0.415568,0.552922,0.348028,0.664031,0.440499,0.298483,0.392459,0.467241,0.498523,0.428267,0.27228,0.274703,0.359074,0.545962,0.461176,0.638378,0.821367,0.46252,0.488452,0.630919,0.585461,0.607074,0.8213,0.611625,0.781893,0.361276,0.346377,0.749128,0.63485,0.502419,0.568559,0.66902,0.767476,0.363437,0.531656,0.508029,0.665777,0.336031,0.659232,0.409591,0.703403,0.352821,0.464928,0.729856,0.720004,0.642927,0.272977,0.255871,0.255691,0.25177,0.601578,0.443486,0.700932,0.523556,0.484083,0.573167,0.853868,0.580844,0.466318,0.792767,0.751914,0.548205,0.369646,0.620887,0.489192,0.520431,0.543742,0.317746,0.61649,0.317591,0.536025,0.6606,0.304338,0.282296,0.209244,0.0,0.326897,0.600945,0.800243,0.689275,0.636616,0.463372,0.343576,0.304897,0.377709,0.525624,0.707768,0.595501,0.627988,0.535817,0.560011,0.550567,0.63226,0.489689,0.231206,0.502584,0.275721,0.418805,0.524743,0.281748,0.243264,0.343779,0.033262,0.209364,0.242082,0.097686,0.20907,0.113884,0.276616,0.4352,0.500009,0.372322,0.452149,0.306414,0.39564,0.298897,0.499809,0.382471,0.562885,0.43442,0.438046,0.448776,0.362393,0.469149,0.296449,0.435924,0.419406,0.439871,0.438298,0.186851,0.350572,0.322936,0.675093,0.619205,0.496529,0.479006,0.279783,0.524155,0.562192,0.557496,0.405549,0.306863,0.400002
sedu_es_9ef-D16-04,0.629236,0.709434,0.669149,0.375647,0.791678,0.624598,0.739618,0.634976,0.495548,0.664952,0.536111,0.529238,0.627885,0.763219,0.231434,0.241751,0.32494,0.406192,0.321303,0.185608,0.632082,0.337197,0.790554,0.505307,0.5938,0.663198,0.568364,0.669589,0.769458,0.58383,0.731068,0.51723,0.731643,0.453781,0.419651,0.599851,0.711268,0.503356,0.230095,0.233347,0.448305,0.356597,0.223254,0.555152,0.373228,0.634146,0.84476,0.599443,0.864404,0.555064,0.550093,0.770124,0.760825,0.980814,0.746839,0.565993,0.466534,0.634728,0.676007,0.742552,0.663245,0.426609,0.30567,0.342072,0.30132,0.6248,0.288633,0.425739,0.336079,0.272062,0.832405,0.369122,0.419645,0.734706,0.690416,0.58881,0.540164,0.479299,0.517683,0.584366,0.505085,0.747573,0.599154,0.780715,0.714157,0.525653,0.639257,0.675324,0.561833,0.598657,0.738923,0.70636,0.277301,0.769421,0.244348,0.228422,0.433145,0.243256,0.311175,0.488907,0.309976,0.760182,0.687182,0.737929,0.879429,0.969824,0.652272,0.578479,0.541993,0.663808,0.573078,0.457974,0.472282,0.631679,0.489712,0.620918,0.651008,0.634433,0.745955,0.353657,0.708105,0.40894,0.320587,0.329606,0.397859,0.286468,0.770223,0.653482,0.530796,0.58152,0.724788,0.455476,0.686654,0.861631,0.709351,0.771707,0.680676,0.739743,0.516343,0.570227,0.671005,1.0,0.763681,0.65298,0.825368,0.734023,0.6277,0.512938,0.614278,0.422463,0.770696,0.496055,0.309534,0.440372,0.601628,0.466172,0.548419,0.326323,0.274472,0.458075,0.551737,0.462447,0.728388,0.818788,0.465529,0.617868,0.712031,0.702011,0.735649,0.963299,0.716017,0.812309,0.443369,0.44832,0.796837,0.684214,0.583364,0.617094,0.771183,0.870838,0.483118,0.570011,0.586179,0.777675,0.49642,0.733749,0.612653,0.728347,0.32568,0.599242,0.847497,0.784343,0.601038,0.251914,0.279635,0.248011,0.385054,0.624584,0.5702,0.74342,0.516295,0.677222,0.573685,0.884786,0.659189,0.523658,0.850287,0.804261,0.696888,0.458532,0.814552,0.56143,0.583075,0.611343,0.404234,0.68014,0.433663,0.694744,0.636492,0.439974,0.391195,0.304915,0.0,0.405146,0.774651,0.722262,0.724889,0.657313,0.432946,0.476273,0.422195,0.465682,0.605995,0.824228,0.641786,0.773112,0.643934,0.599883,0.617539,0.682656,0.585587,0.293933,0.575965,0.265487,0.456788,0.618962,0.303202,0.289742,0.375378,0.120252,0.276588,0.340778,0.105107,0.236664,0.197472,0.265673,0.435067,0.554717,0.471894,0.426986,0.384837,0.402391,0.318495,0.628507,0.477468,0.669074,0.34361,0.387128,0.405052,0.413778,0.41662,0.350375,0.57578,0.579339,0.514739,0.544194,0.140167,0.42052,0.421942,0.88983,0.830761,0.514624,0.620432,0.431173,0.733307,0.607558,0.70242,0.434106,0.469796,0.332574
sedu_es_9ef-D17-01,0.714994,0.667444,0.539105,0.362916,0.811217,0.546344,0.746597,0.477476,0.397874,0.64472,0.457371,0.444629,0.478549,0.625822,0.17353,0.158654,0.372026,0.475972,0.317026,0.159885,0.542663,0.287468,0.861169,0.460514,0.530735,0.594576,0.513032,0.605055,0.559682,0.342888,0.712346,0.513108,0.67999,0.410255,0.420503,0.495158,0.585474,0.389628,0.073985,0.197358,0.418496,0.315623,0.236685,0.420805,0.340129,0.743487,0.888442,0.563768,0.862468,0.553469,0.451046,0.646299,0.676673,0.854304,0.70571,0.501362,0.366045,0.469747,0.590164,0.599364,0.484081,0.362326,0.229232,0.301907,0.169786,0.481417,0.321556,0.423259,0.263256,0.220394,0.607726,0.323484,0.30225,0.852249,0.71335,0.505893,0.470472,0.435928,0.412076,0.412365,0.336799,0.64032,0.61753,0.769332,0.648973,0.505758,0.484227,0.60176,0.477168,0.472805,0.599127,0.439562,0.202316,0.59169,0.264657,0.179218,0.360489,0.13651,0.312302,0.315236,0.212234,0.885499,0.748057,0.642379,0.794393,1.0,0.579068,0.527588,0.481933,0.479172,0.44624,0.323548,0.309231,0.349306,0.322895,0.432542,0.56841,0.546049,0.498835,0.236201,0.510261,0.259973,0.22929,0.213182,0.253134,0.233801,0.89004,0.657315,0.518233,0.432414,0.755847,0.311868,0.5296,0.837652,0.619705,0.627661,0.644726,0.677418,0.410629,0.444552,0.422216,0.830713,0.572362,0.56623,0.698799,0.633668,0.412259,0.476189,0.481893,0.232974,0.574544,0.371954,0.241852,0.305611,0.492459,0.419351,0.414808,0.216975,0.199624,0.357464,0.40073,0.388396,0.739872,0.681834,0.269765,0.381755,0.563326,0.54188,0.477378,0.995473,0.620484,0.696552,0.341084,0.458032,0.764118,0.585004,0.429178,0.352307,0.54782,0.610643,0.33477,0.468386,0.468245,0.57015,0.384581,0.594853,0.39163,0.571334,0.263217,0.436496,0.707604,0.542942,0.642751,0.238149,0.125263,0.180974,0.241791,0.580608,0.392992,0.611719,0.420561,0.422713,0.491232,0.590017,0.430665,0.255952,0.751042,0.76332,0.49227,0.344603,0.637543,0.443811,0.356815,0.502008,0.287096,0.500155,0.251288,0.471981,0.466651,0.282264,0.237783,0.166537,0.0,0.280986,0.617697,0.708448,0.66735,0.620208,0.34787,0.240203,0.246839,0.321785,0.449059,0.690802,0.514583,0.581775,0.452137,0.45891,0.467219,0.484167,0.437201,0.309403,0.501306,0.201174,0.317492,0.482235,0.193895,0.26764,0.25666,0.080348,0.299416,0.227058,0.078318,0.196824,0.062974,0.219716,0.282527,0.377667,0.421379,0.335414,0.256908,0.314954,0.204123,0.488782,0.28876,0.497465,0.326209,0.32607,0.423642,0.255006,0.308325,0.279137,0.363217,0.312067,0.307549,0.401637,0.047398,0.253314,0.261645,0.663357,0.582985,0.476885,0.447737,0.310202,0.520645,0.621411,0.542753,0.332597,0.439209,0.357837
sedu_es_9ef-D17-02,0.467167,0.663377,0.556999,0.336626,0.562811,0.516378,0.743188,0.544621,0.540059,0.509683,0.711561,0.674793,0.680399,0.804906,0.350637,0.134397,0.404092,0.380816,0.359005,0.012482,0.503978,0.297724,0.748694,0.442804,0.493168,0.587201,0.491644,0.630915,0.697185,0.497485,0.557128,0.428564,0.571447,0.579936,0.444397,0.69226,0.766776,0.68691,0.329603,0.29178,0.489887,0.312415,0.058255,0.440184,0.350951,0.55244,0.888941,0.479342,0.799895,0.488772,0.517497,0.729688,0.661523,0.937746,0.627791,0.37099,0.535548,0.6311,0.779144,0.831548,0.669306,0.486725,0.525851,0.567391,0.399454,0.621841,0.318556,0.430063,0.307168,0.169779,0.611141,0.301778,0.346034,0.614902,0.592838,0.496984,0.599774,0.447377,0.504803,0.563275,0.434089,0.8845,0.62429,0.618908,0.604313,0.565473,0.398339,0.428969,0.700683,0.618041,0.797215,0.634398,0.529992,0.913006,0.283663,0.277821,0.402292,0.178267,0.241537,0.376358,0.254845,0.738617,0.695285,0.908745,0.904698,0.867044,0.757453,0.529514,0.50437,0.559924,0.374498,0.253413,0.486887,0.527862,0.600369,0.753322,0.72221,0.761918,0.817189,0.475256,0.744254,0.595586,0.109073,0.108298,0.278062,0.25264,0.713669,0.689127,0.434772,0.434583,0.691441,0.408723,0.790892,0.726645,0.668429,0.667247,0.571131,0.674606,0.4985,0.376542,0.561677,1.0,0.822698,0.735775,0.955014,0.85424,0.683067,0.610893,0.729206,0.472341,0.847862,0.548198,0.368375,0.453463,0.757037,0.335099,0.515312,0.230888,0.20499,0.555015,0.485351,0.458245,0.681258,0.618344,0.374384,0.453611,0.651163,0.730934,0.668196,0.861547,0.63424,0.613209,0.398101,0.376915,0.65802,0.499721,0.425278,0.403278,0.748608,0.854047,0.539094,0.686837,0.679862,0.808098,0.612554,0.775861,0.698946,0.775021,0.302995,0.775465,0.906572,0.846501,0.725938,0.120346,0.309291,0.169933,0.322744,0.457057,0.498237,0.627219,0.549901,0.623834,0.460899,0.686392,0.569889,0.339971,0.717471,0.701564,0.565074,0.403366,0.792344,0.678831,0.635153,0.714495,0.486462,0.798058,0.528747,0.782,0.482519,0.394523,0.382224,0.349716,0.0,0.389885,0.872882,0.669752,0.593831,0.506944,0.481717,0.254507,0.333158,0.454981,0.468531,0.829171,0.724098,0.651888,0.582577,0.504698,0.663406,0.916796,0.658224,0.470283,0.590191,0.060536,0.27313,0.6003,0.20828,0.220765,0.198685,0.154609,0.255508,0.370784,0.071622,0.417886,0.219532,0.275668,0.326028,0.432145,0.349842,0.356362,0.37401,0.33923,0.492233,0.554605,0.518321,0.58887,0.270826,0.196354,0.289326,0.359596,0.375766,0.415467,0.445108,0.467609,0.409655,0.391403,0.12685,0.313871,0.34736,0.667884,0.594859,0.592075,0.716904,0.533314,0.793912,0.608864,0.587858,0.575544,0.417776,0.292616
sedu_es_9ef-D17-03,0.703032,0.698747,0.619954,0.422893,0.769328,0.578796,0.73571,0.538138,0.382095,0.658054,0.6025,0.581106,0.475978,0.665512,0.205053,0.213002,0.411661,0.544577,0.392233,0.235972,0.560102,0.351284,0.86806,0.570885,0.582252,0.593533,0.550997,0.648963,0.60985,0.423985,0.731598,0.508924,0.656131,0.501153,0.419455,0.509516,0.613171,0.462006,0.14511,0.254485,0.543614,0.34748,0.276623,0.442463,0.390753,0.761746,0.930308,0.585077,0.854701,0.560671,0.497605,0.663594,0.76764,0.966049,0.733917,0.473912,0.453719,0.476475,0.572366,0.646206,0.550298,0.464809,0.354652,0.363471,0.250365,0.492026,0.401653,0.465599,0.313807,0.304683,0.635958,0.319598,0.312903,0.8913,0.761185,0.582436,0.525401,0.483988,0.444186,0.454044,0.40629,0.74467,0.688722,0.797765,0.686124,0.578911,0.51536,0.686664,0.555768,0.457766,0.654351,0.479335,0.269898,0.69731,0.346125,0.236725,0.406737,0.20422,0.373815,0.355992,0.227542,0.911621,0.725217,0.752244,0.905066,1.0,0.738229,0.543625,0.487097,0.587873,0.481451,0.39469,0.351728,0.477491,0.382527,0.57209,0.555327,0.583998,0.586738,0.303299,0.535428,0.361363,0.298219,0.322675,0.293382,0.237223,0.815103,0.667299,0.527204,0.558075,0.743658,0.351264,0.613343,0.867967,0.74719,0.747565,0.674576,0.842326,0.466172,0.491118,0.51748,0.917766,0.628556,0.573317,0.783912,0.652103,0.458159,0.47251,0.615326,0.276308,0.707193,0.468763,0.318319,0.369832,0.60009,0.556334,0.461254,0.243023,0.240044,0.451624,0.432161,0.44914,0.75722,0.796516,0.365245,0.427575,0.659576,0.590272,0.621993,0.953935,0.676056,0.767994,0.405154,0.395499,0.767112,0.605586,0.413116,0.373529,0.665392,0.728192,0.352118,0.502572,0.495276,0.718936,0.407955,0.73963,0.401422,0.707075,0.330172,0.536301,0.765365,0.620205,0.871965,0.296998,0.282487,0.24897,0.296869,0.642974,0.463826,0.699142,0.531556,0.557115,0.52526,0.72586,0.499945,0.295913,0.860005,0.878307,0.556766,0.360221,0.68991,0.470376,0.474695,0.533022,0.312568,0.606949,0.401944,0.60976,0.612932,0.329694,0.290005,0.262876,0.0,0.357245,0.713641,0.815704,0.744922,0.653201,0.424671,0.269795,0.297949,0.3528,0.471373,0.731169,0.547124,0.629924,0.597266,0.525232,0.578994,0.696646,0.511175,0.377438,0.556857,0.261579,0.36152,0.519882,0.245601,0.222855,0.298604,0.064236,0.327569,0.221747,0.143311,0.286207,0.130663,0.268552,0.293421,0.421967,0.41263,0.371586,0.319991,0.333028,0.305062,0.508443,0.339157,0.543116,0.430843,0.41104,0.468488,0.320057,0.460685,0.296667,0.387004,0.364323,0.395706,0.437615,0.10734,0.272959,0.339204,0.745608,0.66299,0.523713,0.552319,0.337874,0.635037,0.741519,0.661042,0.402868,0.459099,0.392294
sedu_es_9ef-D17-04,0.740282,0.72987,0.608386,0.516152,0.776321,0.556513,0.739114,0.616404,0.471878,0.600822,0.530754,0.493247,0.473466,0.618639,0.252523,0.26144,0.446799,0.523857,0.37063,0.192875,0.652911,0.410915,0.837742,0.555093,0.568343,0.691603,0.570034,0.668759,0.569984,0.433858,0.724487,0.479494,0.688124,0.44214,0.516238,0.504242,0.560135,0.383601,0.142901,0.244028,0.493853,0.310329,0.25039,0.539389,0.479158,0.773716,0.858026,0.552778,0.822797,0.548888,0.478537,0.593227,0.687407,0.880411,0.711774,0.458415,0.397567,0.507041,0.589978,0.62298,0.576142,0.330604,0.270249,0.28823,0.284469,0.54848,0.446178,0.470896,0.263639,0.334125,0.638869,0.407651,0.422383,1.0,0.720843,0.571505,0.496958,0.41913,0.355908,0.37061,0.439846,0.615044,0.571325,0.766142,0.651392,0.537849,0.486101,0.592858,0.496305,0.433864,0.598379,0.432492,0.227876,0.543508,0.400445,0.193312,0.450174,0.189618,0.38842,0.410327,0.329395,0.918185,0.68494,0.660724,0.83603,0.877645,0.687914,0.492532,0.394102,0.508964,0.443412,0.201694,0.285794,0.346448,0.308468,0.412845,0.587701,0.557428,0.485035,0.232003,0.433027,0.268792,0.268081,0.22387,0.371645,0.325844,0.764486,0.590208,0.515563,0.475649,0.747268,0.329442,0.556407,0.725517,0.601415,0.623029,0.544906,0.858573,0.403033,0.363791,0.398974,0.728398,0.555467,0.497516,0.68504,0.618632,0.452425,0.490424,0.506198,0.22659,0.601061,0.353141,0.310429,0.427738,0.443165,0.379484,0.573914,0.30351,0.332337,0.440508,0.432792,0.417114,0.824936,0.760146,0.292967,0.371743,0.606342,0.514922,0.423623,0.946468,0.581936,0.697595,0.225898,0.416007,0.666901,0.454964,0.291485,0.194026,0.494592,0.618007,0.36067,0.433249,0.412189,0.540105,0.320641,0.597574,0.311816,0.494341,0.275661,0.417471,0.605306,0.464661,0.553097,0.265052,0.252659,0.299352,0.398786,0.608165,0.405392,0.561047,0.485034,0.427446,0.407239,0.491804,0.398088,0.1519,0.809568,0.827302,0.370875,0.357412,0.511259,0.4202,0.395283,0.435897,0.293728,0.418612,0.235547,0.47153,0.408514,0.421662,0.356148,0.317936,0.0,0.406242,0.497614,0.622527,0.704866,0.619576,0.370973,0.198831,0.266925,0.292816,0.354351,0.642036,0.427844,0.507182,0.359077,0.373351,0.480991,0.420965,0.466115,0.32302,0.430772,0.196487,0.458625,0.567272,0.318738,0.277551,0.359839,0.099366,0.362462,0.233655,0.131539,0.266175,0.212024,0.259313,0.250092,0.29673,0.335973,0.278126,0.259926,0.28211,0.249422,0.39639,0.280996,0.505242,0.326172,0.304933,0.386762,0.254391,0.459495,0.294976,0.234464,0.199001,0.357076,0.445417,0.081129,0.361741,0.37473,0.615548,0.515493,0.465745,0.452812,0.231712,0.476139,0.480602,0.390612,0.342391,0.41525,0.276101
sedu_es_9ef-D18-01,0.532259,0.797696,0.939311,0.534223,0.558038,0.83246,0.470978,0.720912,0.547402,0.792975,0.738171,0.769121,0.61871,0.639976,0.465417,0.364318,0.184651,0.252938,0.474727,0.606122,0.665487,0.416627,0.409225,0.362224,0.948804,0.330214,0.844621,0.61706,0.588964,0.532668,0.377263,0.822552,0.742721,0.654005,0.370131,0.640165,0.726395,0.200211,0.0,0.078002,0.269887,0.355116,0.442044,0.760788,0.229952,0.357424,0.344407,0.715858,0.675658,0.462218,0.690068,0.62828,0.549026,0.842075,0.660208,0.755279,0.621899,0.594958,0.672034,0.603684,0.660983,0.69672,0.198336,0.076144,0.148638,0.886758,0.12936,0.35114,0.422993,0.403842,0.706126,0.643947,0.200879,0.342667,0.447806,0.491228,0.758388,0.764694,0.496261,0.647115,0.348699,0.454549,0.371336,0.484817,0.60166,0.81547,1.0,0.498529,0.716967,0.628033,0.620638,0.508867,0.116,0.666005,0.22313,0.265144,0.094594,0.301573,0.524407,0.585812,0.090443,0.273774,0.19586,0.739839,0.791734,0.545561,0.641192,0.376505,0.240104,0.502772,0.684392,0.840875,0.344153,0.664673,0.25313,0.476594,0.625366,0.518013,0.56326,0.325712,0.771395,0.374215,0.509909,0.497432,0.577638,0.296147,0.380313,0.226094,0.377653,0.561312,0.640677,0.585603,0.706146,0.700887,0.511708,0.709699,0.440288,0.612027,0.378828,0.59873,0.750244,0.535431,0.560275,0.470616,0.621778,0.720054,0.466604,0.297701,0.69121,0.2836,0.825668,0.571023,0.45381,0.50467,0.722997,0.513986,0.567006,0.570523,0.320243,0.691043,0.301452,0.460721,0.517794,0.525272,0.518748,0.745514,0.828196,0.769773,0.839752,0.681345,0.650861,0.634697,0.938626,0.633779,0.770166,0.847698,0.7045,0.601063,0.217793,0.783026,0.525669,0.655451,0.423522,0.540189,0.535378,0.694017,0.306262,0.666785,0.474651,0.342311,0.649553,0.534965,0.392868,0.418485,0.46755,0.348161,0.620836,0.448433,0.710399,0.769186,0.421899,0.379683,0.761288,0.680324,0.682291,0.469222,0.808591,0.69409,0.923348,0.531249,0.679558,0.271058,0.368758,0.75552,0.429427,0.522638,0.484558,0.690512,0.580921,0.668278,0.469475,0.466911,0.127884,0.41138,0.590079,0.409776,0.467525,0.430103,0.408791,0.828553,0.284568,0.372093,0.860342,0.813146,0.484037,0.840767,0.56729,0.583815,0.59831,0.277664,0.689036,0.24934,0.636575,0.612285,0.570627,0.463066,0.38521,0.44864,0.453584,0.190801,0.410527,0.49025,0.31227,0.274183,0.263375,0.40026,0.307438,0.42465,0.755335,0.537791,0.374837,0.503813,0.335946,0.680638,0.313875,0.546065,0.544369,0.576617,0.666031,0.480151,0.516203,0.548312,0.484422,0.490866,0.559123,0.819598,0.346139,0.41155,0.609774,0.896452,0.87587,0.559952,0.447495,0.511072,0.699208,0.650088,0.625138,0.332806,0.801593,0.575527
sedu_es_9ef-D18-02,0.640349,0.510619,0.686667,0.22735,0.787715,0.645818,0.648307,0.502935,0.143514,0.615225,0.211546,0.232729,0.170541,0.183522,0.242048,0.103065,0.161411,0.186921,0.276552,0.272355,0.26584,0.337403,0.805001,0.483659,0.63116,0.654641,0.571715,0.670671,0.627412,0.335279,0.734722,0.36594,0.616348,0.124291,0.0,0.20297,0.218229,0.275427,0.213034,0.097676,0.221639,0.278848,0.427995,0.223846,0.312812,0.644015,0.770872,0.654734,0.727429,0.680311,0.606554,0.719741,0.847742,1.0,0.757209,0.665457,0.095404,0.208035,0.20363,0.277033,0.15466,0.4675,0.2753,0.253568,0.218787,0.209015,0.103319,0.274686,0.306042,0.34315,0.413503,0.179223,0.233681,0.623274,0.779458,0.74246,0.638763,0.517922,0.56471,0.53617,0.364769,0.620845,0.522423,0.792246,0.750364,0.655559,0.681115,0.97428,0.180854,0.258064,0.330935,0.266966,0.159734,0.35253,0.130069,0.207969,0.182491,0.17723,0.383876,0.185202,0.157842,0.658374,0.536293,0.596578,0.782491,0.739566,0.4758,0.751212,0.801413,0.572003,0.611191,0.679488,0.372462,0.55823,0.078422,0.185921,0.224428,0.201141,0.323271,0.346238,0.373297,0.31516,0.432393,0.499342,0.198759,0.176278,0.747718,0.556478,0.584228,0.657623,0.810888,0.419191,0.603134,0.777681,0.817597,0.852923,0.762902,0.694868,0.445846,0.802511,0.608311,0.512465,0.391963,0.301019,0.419378,0.383371,0.193765,0.239883,0.385919,0.412238,0.347405,0.292958,0.164608,0.147589,0.376149,0.620268,0.256609,0.18678,0.069647,0.194983,0.718971,0.435116,0.444384,0.777039,0.426778,0.513428,0.452632,0.67917,0.706806,0.624062,0.805617,0.827797,0.501894,0.334493,0.708465,0.736493,0.635531,0.712526,0.461325,0.278083,0.174212,0.29777,0.358679,0.500619,0.207109,0.417037,0.363318,0.369414,0.366903,0.446067,0.578324,0.441023,0.424946,0.348577,0.291272,0.109805,0.149418,0.571366,0.480067,0.785383,0.390876,0.531177,0.799009,0.669309,0.474256,0.572548,0.531429,0.595646,0.668677,0.433431,0.57346,0.317572,0.200103,0.426814,0.197746,0.424891,0.36163,0.452773,0.709066,0.234635,0.308327,0.183464,0.14071,0.171132,0.598506,0.767539,0.696364,0.639901,0.325563,0.463822,0.371882,0.42166,0.596257,0.502152,0.363232,0.556484,0.47715,0.61481,0.330479,0.249059,0.166513,0.224324,0.477615,0.398475,0.1255,0.090203,0.129832,0.206524,0.180133,0.13813,0.271223,0.206969,0.194529,0.20449,0.08872,0.201288,0.369116,0.459568,0.348165,0.503348,0.364033,0.35545,0.191615,0.478521,0.274454,0.481173,0.439147,0.529435,0.373923,0.394535,0.266733,0.291661,0.447921,0.396339,0.223003,0.294026,0.201013,0.259319,0.127761,0.639747,0.660078,0.394928,0.343233,0.34526,0.350336,0.563953,0.483323,0.066732,0.426936,0.367328
sedu_es_9ef-D18-03,0.496994,0.621686,0.712575,0.220623,0.654111,0.713807,0.705813,0.715754,0.214277,0.6514,0.236604,0.264753,0.197974,0.319907,0.222398,0.148209,0.164804,0.16829,0.329718,0.236113,0.273525,0.31794,0.640223,0.343579,0.709243,0.673111,0.646963,0.913132,0.792928,0.498943,0.633578,0.511,0.672628,0.176346,0.164082,0.2984,0.360509,0.197408,0.090793,0.071453,0.053295,0.303231,0.237785,0.223886,0.273353,0.552392,0.690403,0.657226,0.682015,0.704016,0.781602,0.957973,0.772399,1.0,0.832531,0.717067,0.101804,0.308824,0.295569,0.364545,0.258875,0.374735,0.146936,0.132368,0.153265,0.205091,0.004117,0.263448,0.346962,0.241012,0.543523,0.267703,0.220839,0.519688,0.708035,0.693985,0.752719,0.623333,0.661072,0.635972,0.456087,0.622496,0.478253,0.76385,0.65285,0.799348,0.835159,0.720304,0.233968,0.361263,0.41795,0.362051,0.095918,0.385995,0.09715,0.12678,0.057883,0.340226,0.257896,0.249204,0.105262,0.544192,0.536809,0.633369,0.817285,0.727613,0.485747,0.731143,0.716126,0.763211,0.60977,0.810684,0.361069,0.704623,0.084942,0.193502,0.315619,0.242622,0.38286,0.332096,0.366006,0.229848,0.227507,0.297965,0.150096,0.148177,0.63271,0.474424,0.567612,0.626922,0.906916,0.555183,0.718757,0.740447,0.722878,0.900077,0.814234,0.635145,0.480505,0.748681,0.777458,0.562463,0.451386,0.409364,0.458894,0.494494,0.241545,0.251196,0.539932,0.417184,0.252605,0.304027,0.104603,0.159699,0.404794,0.38713,0.30583,0.262576,0.03519,0.293992,0.683987,0.493842,0.535737,0.821184,0.569156,0.689844,0.650752,0.811481,0.867244,0.697062,0.811104,0.880229,0.509031,0.529863,0.801742,0.874099,0.6965,0.87137,0.451497,0.36405,0.204344,0.405503,0.406886,0.480835,0.279111,0.510757,0.377019,0.460362,0.357614,0.461192,0.68238,0.60514,0.36594,0.158002,0.177968,0.067387,0.179428,0.487476,0.541347,0.945991,0.407351,0.522859,0.962977,0.676477,0.617348,0.668817,0.627218,0.668436,0.685862,0.511496,0.619929,0.286483,0.256183,0.573674,0.205561,0.537148,0.421626,0.547692,0.598217,0.200957,0.311562,0.101718,0.027402,0.142956,0.506762,0.569374,0.646827,0.647249,0.337423,0.636521,0.320253,0.402484,0.895914,0.595105,0.465926,0.648517,0.508736,0.761148,0.422055,0.246779,0.179964,0.068845,0.62499,0.286552,0.128649,0.139781,0.062863,0.114158,0.108536,0.046209,0.201806,0.254749,0.143501,0.157138,0.02627,0.296852,0.487054,0.551538,0.428202,0.548292,0.371122,0.406083,0.202061,0.608304,0.318861,0.713327,0.292599,0.398742,0.323486,0.388959,0.399564,0.331463,0.546925,0.529114,0.365909,0.505531,0.318769,0.202397,0.230973,0.774579,0.735718,0.392849,0.352553,0.41968,0.380729,0.670738,0.583177,0.0,0.434928,0.263851
sedu_es_9ef-D18-04,0.533391,0.499512,0.754502,0.390523,0.757913,0.79414,0.71738,0.693259,0.135497,0.634144,0.340481,0.443661,0.236534,0.336183,0.307473,0.105642,0.127962,0.165861,0.557153,0.136172,0.230491,0.315702,0.789537,0.324392,0.692602,0.48631,0.794898,0.811864,0.773608,0.421353,0.494097,0.481081,0.608798,0.291403,0.167698,0.390294,0.401114,0.373554,0.235009,0.021786,0.067596,0.204798,0.226432,0.244213,0.228472,0.758475,0.752216,0.863669,0.760104,0.849575,0.846419,0.921291,0.852668,0.978546,0.723797,0.812612,0.275732,0.331296,0.325529,0.42888,0.210643,0.499331,0.275217,0.297876,0.2017,0.34911,0.0,0.317696,0.317308,0.130282,0.459243,0.359317,0.147397,0.5831,0.869495,0.822671,0.820084,0.545557,0.738123,0.689694,0.304555,0.644364,0.52801,0.628718,0.605392,0.908425,0.840633,0.864717,0.351837,0.378908,0.500655,0.371934,0.211468,0.494875,0.115158,0.273346,0.043863,0.178552,0.170816,0.267843,0.074226,0.682862,0.620081,0.68304,0.765872,0.670272,0.529888,0.841524,0.869702,0.624343,0.630079,1.0,0.353882,0.681878,0.160798,0.28068,0.329804,0.365054,0.347291,0.520745,0.480532,0.355385,0.231306,0.189322,0.238299,0.217121,0.768143,0.55906,0.764779,0.666831,0.876322,0.619513,0.69939,0.70805,0.898822,0.896829,0.819466,0.5808,0.575272,0.86471,0.746982,0.530695,0.542769,0.422204,0.465998,0.493734,0.209595,0.252486,0.5315,0.578657,0.426825,0.542179,0.144555,0.205833,0.458709,0.424523,0.190147,0.307019,0.291798,0.242152,0.696609,0.610597,0.505844,0.778235,0.424708,0.580989,0.620024,0.756803,0.86217,0.659465,0.82798,0.838161,0.691825,0.487207,0.663952,0.789723,0.823938,0.870726,0.376574,0.385704,0.339031,0.487794,0.440431,0.555866,0.319711,0.490797,0.414876,0.515032,0.501846,0.553038,0.661797,0.593466,0.593591,0.159548,0.189537,0.183993,0.064531,0.591068,0.603014,0.986157,0.445118,0.418133,0.92017,0.801057,0.817083,0.763718,0.481506,0.471732,0.801729,0.559346,0.560017,0.351227,0.306389,0.685029,0.324165,0.670092,0.448641,0.587601,0.524321,0.211119,0.306288,0.096102,0.100759,0.09068,0.604656,0.648051,0.584622,0.6894,0.416637,0.659119,0.341001,0.493638,0.908281,0.59822,0.52445,0.627211,0.557397,0.76882,0.397936,0.344808,0.328412,0.158956,0.760573,0.256178,0.065174,0.011994,0.122778,0.236854,0.12403,0.095652,0.330279,0.353128,0.124842,0.264909,0.029421,0.258754,0.644311,0.598014,0.402198,0.580726,0.431333,0.526762,0.225306,0.661696,0.447047,0.568073,0.339254,0.400573,0.506415,0.452955,0.282938,0.442931,0.515131,0.528338,0.189131,0.457823,0.296763,0.212962,0.187399,0.801054,0.817168,0.460343,0.447347,0.52058,0.386341,0.679891,0.508533,0.155054,0.504372,0.250789
sedu_es_9ef-D19-01,0.66183,0.780128,0.754463,0.674742,0.577499,0.896428,0.446017,0.650304,0.0,0.418266,0.347158,0.53712,0.289032,0.005166,0.318316,0.154567,0.151779,0.27026,0.928896,0.474656,0.515672,0.703541,0.558608,0.899793,0.74732,0.259117,0.661794,0.562133,0.62846,0.562767,0.357174,0.293486,0.316684,0.618642,0.534548,0.212735,0.12402,0.169936,0.299174,0.339791,0.281111,0.936367,0.606692,0.63034,0.497376,0.64592,0.265161,0.576955,0.660651,0.559318,0.545859,0.505662,0.844158,0.494,0.433802,0.483178,0.673728,0.014845,0.613044,0.246062,0.21256,0.738629,0.339351,0.14556,0.234164,0.44572,0.439405,0.395592,0.949599,0.699878,0.601173,0.653121,0.289004,0.68435,0.435429,0.578506,0.489331,0.773942,0.477502,0.573875,0.552877,0.43488,0.807048,0.425112,0.503501,0.645444,0.729516,0.479132,0.40014,0.538945,0.28418,0.173791,0.405582,0.314622,0.626178,0.338016,0.328448,1.0,0.809428,0.353568,0.161434,0.58294,0.335105,0.396185,0.754143,0.71764,0.896607,0.442941,0.272572,0.511789,0.787798,0.248155,0.720183,0.563984,0.055591,0.253441,0.697614,0.217066,0.233041,0.408851,0.540249,0.075461,0.650531,0.659411,0.6395,0.305942,0.404177,0.403294,0.601865,0.290286,0.539182,0.50985,0.453854,0.780194,0.615532,0.693131,0.737501,0.769044,0.900401,0.430441,0.617804,0.455442,0.462788,0.155139,0.316143,0.326892,0.119055,0.329274,0.557795,0.242419,0.37634,0.674897,0.442459,0.355023,0.340075,0.775097,0.274925,0.764429,0.491859,0.601707,0.397418,0.845335,0.518365,0.698861,0.491824,0.604461,0.733824,0.349779,0.69,0.678789,0.521116,0.788609,0.151943,0.433952,0.414429,0.431288,0.386082,0.286742,0.228357,0.336431,0.114374,0.429013,0.263116,0.504202,0.216194,0.554667,0.054835,0.466273,0.763963,0.10528,0.414302,0.330594,0.526319,0.834146,0.422586,0.56772,0.840422,0.483248,0.572787,0.799373,0.819979,0.148851,0.381648,0.308881,0.39161,0.186757,0.574511,0.628734,0.342979,0.68427,0.3345,0.169709,0.350656,0.591528,0.050031,0.398681,0.232316,0.319755,0.785173,0.542412,0.356143,0.271148,0.704839,0.585105,0.541592,0.487366,0.8744,0.672067,0.861885,0.391162,0.497962,0.517088,0.358544,0.480692,0.429861,0.703475,0.413538,0.469723,0.376608,0.303705,0.421655,0.384451,0.646973,0.680113,0.659119,0.424097,0.525734,0.605812,0.62349,0.246647,0.797868,0.084218,0.791045,0.706249,0.448059,0.768854,0.199472,0.421156,0.727987,0.484171,0.397314,0.378287,0.432921,0.600241,0.359794,0.601236,0.739563,0.793981,0.835601,0.911374,0.803114,0.443902,0.2182,0.023769,0.255217,0.491485,0.011684,0.36607,0.547483,0.458525,0.340961,0.43751,0.378063,0.138427,0.395261,0.624206,0.419885,0.038487,0.653044,0.891673
sedu_es_9ef-D19-02,0.328881,0.475622,0.921694,0.822272,0.570345,0.497392,0.663812,0.536129,0.548067,0.449789,0.624424,0.613398,0.519138,0.261437,0.747226,0.119508,0.043718,0.075977,0.833171,0.272779,0.324525,0.436208,0.611469,0.779415,0.933972,0.633451,0.424886,0.576756,0.706588,0.668617,0.39504,0.249567,0.573442,0.399672,0.102188,0.458197,0.268961,0.344568,0.436265,0.134144,0.11802,0.761809,0.25301,0.380088,0.413307,0.344718,0.481511,0.460605,0.410176,0.413866,0.510271,0.720197,0.517999,0.683488,0.52149,0.640402,0.371963,0.46279,0.365215,0.355434,0.335277,0.597326,0.406304,0.427944,0.60727,0.506199,0.141033,0.391553,0.915906,0.270931,0.376318,0.305136,0.242662,0.403317,0.403313,0.385547,0.585109,0.540198,0.503678,0.403835,0.545544,0.759836,0.746127,0.489612,0.333041,0.563353,0.65587,0.440885,0.523998,0.280014,0.372067,0.326306,0.339266,0.539467,0.165723,0.332151,0.216362,1.0,0.282904,0.179256,0.091721,0.402017,0.334652,0.556206,0.781899,0.641428,0.484329,0.441331,0.418069,0.504488,0.338657,0.546287,0.837456,0.56022,0.241886,0.366187,0.355095,0.154595,0.516589,0.319753,0.573401,0.563167,0.234642,0.265699,0.031518,0.118851,0.385172,0.34108,0.270452,0.171207,0.50524,0.287544,0.562576,0.597245,0.487633,0.587641,0.507028,0.613139,0.514418,0.427761,0.53551,0.495792,0.316342,0.209578,0.354784,0.40029,0.464213,0.33097,0.481485,0.335972,0.51547,0.388698,0.330108,0.291443,0.501546,0.306722,0.206959,0.255735,0.194809,0.291835,0.466712,0.434602,0.453631,0.521491,0.351376,0.284327,0.379204,0.570014,0.618794,0.591128,0.566194,0.547687,0.346827,0.333408,0.456867,0.476124,0.582512,0.553531,0.362573,0.325479,0.255057,0.359537,0.210837,0.364265,0.258811,0.346444,0.154972,0.227155,0.410339,0.624689,0.529945,0.421819,0.058554,0.197798,0.268129,0.084458,0.400909,0.378927,0.298349,0.69107,0.28648,0.258056,0.574127,0.579481,0.496355,0.343721,0.264023,0.280042,0.531479,0.435367,0.44648,0.269009,0.0,0.483867,0.226193,0.381754,0.607473,0.660994,0.491818,0.366016,0.249617,0.300791,0.185457,0.032315,0.552207,0.456278,0.652448,0.502029,0.403733,0.327629,0.234475,0.269574,0.667462,0.508565,0.223868,0.423256,0.428454,0.585057,0.095875,0.276034,0.391284,0.265937,0.533259,0.261065,0.221538,0.045579,0.138612,0.18018,0.160305,0.255672,0.320091,0.227737,0.244775,0.292425,0.072001,0.418727,0.313612,0.229826,0.486425,0.415147,0.067493,0.24687,0.308367,0.409283,0.461603,0.386004,0.1858,0.260839,0.363647,0.303514,0.184051,0.308976,0.337462,0.344379,0.106852,0.278047,0.11855,0.076303,0.182706,0.423844,0.342269,0.468476,0.512977,0.18822,0.11918,0.476876,0.390221,0.190506,0.335537,0.336985
sedu_es_9ef-D19-03,0.454881,0.500416,0.869734,0.821233,0.627007,0.586886,0.622078,0.60006,0.411343,0.492347,0.395792,0.279359,0.462695,0.291687,0.484479,0.198335,0.208961,0.288789,1.0,0.292759,0.357751,0.429082,0.653824,0.842826,0.85655,0.512622,0.56182,0.619134,0.683345,0.580107,0.414568,0.383936,0.57556,0.346497,0.131497,0.438734,0.342918,0.372529,0.382183,0.170136,0.294208,0.834246,0.386711,0.437767,0.354988,0.563302,0.618457,0.559933,0.491848,0.495874,0.564823,0.672415,0.668392,0.734597,0.465744,0.507357,0.331171,0.399382,0.438888,0.491495,0.37766,0.575184,0.324163,0.33294,0.455416,0.501358,0.263654,0.49359,0.936826,0.369302,0.503224,0.344578,0.263692,0.633211,0.454087,0.487148,0.438026,0.465601,0.487785,0.500647,0.544321,0.666765,0.710759,0.485668,0.382092,0.589662,0.495666,0.550936,0.460363,0.327878,0.365521,0.330062,0.306325,0.700795,0.337708,0.241119,0.172113,0.78983,0.425158,0.317655,0.129991,0.640816,0.481742,0.510905,0.745188,0.690437,0.760429,0.481934,0.41928,0.568161,0.385733,0.528129,0.637174,0.641057,0.215176,0.328591,0.473706,0.305124,0.454323,0.408636,0.501111,0.391283,0.432085,0.403111,0.178556,0.124898,0.509091,0.431338,0.481255,0.250013,0.581863,0.417704,0.654414,0.568386,0.600286,0.576016,0.633479,0.591734,0.616404,0.416745,0.659152,0.511687,0.442493,0.30763,0.425814,0.379235,0.364353,0.279799,0.408406,0.343526,0.352468,0.362824,0.256097,0.190499,0.444106,0.565114,0.220154,0.276261,0.306347,0.346224,0.400778,0.547158,0.517532,0.621884,0.400487,0.341535,0.586428,0.600354,0.63637,0.635959,0.553134,0.625131,0.391436,0.366674,0.384042,0.467969,0.502572,0.377712,0.316043,0.407846,0.267064,0.370081,0.226296,0.462136,0.199566,0.417027,0.213525,0.397345,0.406989,0.62616,0.470642,0.554104,0.347727,0.350817,0.249378,0.215715,0.300648,0.347737,0.287151,0.692153,0.521854,0.235798,0.481216,0.559723,0.500531,0.242151,0.454674,0.476159,0.458914,0.471958,0.448278,0.201444,0.247219,0.411596,0.220332,0.507368,0.547647,0.618017,0.601531,0.371967,0.2167,0.33564,0.186006,0.181711,0.499717,0.511472,0.602995,0.577917,0.633589,0.336559,0.179736,0.388812,0.530283,0.435905,0.240786,0.401407,0.392208,0.544012,0.234282,0.347257,0.386683,0.315134,0.507428,0.42334,0.218865,0.162266,0.215309,0.244064,0.248926,0.202011,0.514766,0.28767,0.33524,0.298255,0.118526,0.44918,0.299446,0.343526,0.582192,0.457549,0.307357,0.320558,0.340559,0.479294,0.529853,0.470676,0.401064,0.494958,0.386344,0.272393,0.337136,0.431663,0.218797,0.207073,0.186027,0.436813,0.0,0.13453,0.325065,0.386241,0.378868,0.488714,0.469632,0.244023,0.236925,0.466788,0.336694,0.21568,0.455365,0.474938
sedu_es_9ef-D19-04,0.373548,0.618209,1.0,0.840785,0.620445,0.753258,0.631957,0.648956,0.416644,0.531188,0.327622,0.298548,0.437231,0.278234,0.528063,0.238551,0.251875,0.328402,0.380845,0.308374,0.477973,0.664652,0.645517,0.781694,0.923342,0.640135,0.725949,0.707084,0.741913,0.562524,0.481839,0.390422,0.715095,0.264797,0.294004,0.427974,0.310315,0.332598,0.428375,0.153839,0.148144,0.300865,0.319306,0.563935,0.654065,0.721391,0.645884,0.781789,0.546223,0.609456,0.670721,0.813765,0.628335,0.920758,0.600561,0.522566,0.26368,0.431208,0.464435,0.380562,0.285445,0.244451,0.20847,0.237065,0.556004,0.439675,0.145749,0.343264,0.407256,0.422552,0.638078,0.399702,0.515981,0.824908,0.650359,0.599473,0.511525,0.364655,0.5048,0.448861,0.595458,0.48752,0.518601,0.650979,0.578434,0.645787,0.488254,0.57813,0.346491,0.320704,0.349424,0.231028,0.329751,0.46935,0.278018,0.248467,0.375779,0.358631,0.402098,0.466036,0.304191,0.702366,0.444313,0.519919,0.680815,0.62015,0.606727,0.57726,0.561026,0.829689,0.461225,0.435516,0.513277,0.601459,0.284409,0.165521,0.485058,0.332883,0.269067,0.426348,0.504546,0.414336,0.45979,0.295693,0.370118,0.337972,0.52605,0.361444,0.574505,0.264021,0.718581,0.550926,0.630633,0.545419,0.633887,0.653082,0.63114,0.774034,0.36222,0.455582,0.693514,0.505442,0.489282,0.384348,0.38121,0.427969,0.301199,0.283811,0.325924,0.527897,0.322472,0.303766,0.0,0.27077,0.28644,0.458988,0.426325,0.383919,0.26517,0.259991,0.522006,0.380194,0.546698,0.750076,0.286608,0.437645,0.511597,0.556872,0.585144,0.583466,0.562486,0.608203,0.288067,0.351594,0.431708,0.4929,0.452174,0.411403,0.412986,0.353618,0.159544,0.442287,0.226177,0.451565,0.148394,0.368056,0.327611,0.289633,0.425902,0.586129,0.43202,0.439496,0.369826,0.401767,0.131782,0.265655,0.294217,0.590396,0.313364,0.743096,0.362982,0.256049,0.602128,0.57371,0.512049,0.335619,0.461634,0.500464,0.406859,0.379517,0.43199,0.314619,0.167398,0.442349,0.122411,0.433213,0.557438,0.64425,0.572712,0.427881,0.202538,0.131646,0.128375,0.225585,0.454106,0.60336,0.694124,0.688142,0.194817,0.282782,0.434494,0.292288,0.54391,0.445536,0.245059,0.388222,0.357768,0.518309,0.252553,0.370555,0.341607,0.268212,0.626556,0.37369,0.303717,0.247529,0.154798,0.143768,0.313703,0.070463,0.276061,0.210155,0.251685,0.218047,0.103646,0.256816,0.369999,0.333411,0.32455,0.363097,0.288905,0.41392,0.274428,0.393508,0.44587,0.673594,0.397657,0.512472,0.34803,0.352708,0.230461,0.217984,0.157186,0.175715,0.208271,0.306925,0.014769,0.225684,0.357478,0.562995,0.513258,0.25488,0.507283,0.320074,0.234533,0.354824,0.285808,0.161099,0.422764,0.371145
sedu_es_9ef-D20-01,0.139835,0.203729,0.366737,0.13128,0.414835,0.371771,0.248022,0.116917,0.046922,0.206521,0.42861,0.386068,0.249933,0.11674,0.289052,0.40625,0.490548,0.43983,0.540703,0.365236,0.309561,0.345954,0.377298,0.28706,0.323974,0.170019,0.338986,0.209539,0.173789,0.139511,0.201946,0.120098,0.316526,0.452428,0.239795,0.330117,0.167916,0.44147,0.323983,0.398981,0.309759,0.46582,0.448992,0.38608,0.397236,0.341396,0.354971,0.35529,0.292106,0.259044,0.235035,0.26373,0.252289,0.293515,0.263029,0.237976,0.35394,0.253327,0.4525,0.270564,0.030982,0.31697,0.403111,0.361853,0.268261,0.288172,0.324433,0.292474,0.515513,0.369716,0.259711,0.369787,0.261394,0.333218,0.276801,0.271979,0.320247,0.261162,0.207411,0.208406,0.078407,0.189851,0.504172,0.289818,0.222653,0.37298,0.253715,0.330319,0.39762,0.475785,0.278222,0.189445,0.359656,0.278663,0.315158,1.0,0.822558,0.0,0.417507,0.293698,0.172976,0.32161,0.253193,0.104562,0.28293,0.292045,0.152277,0.226078,0.236413,0.232508,0.225861,0.419664,0.358366,0.202058,0.361255,0.392195,0.445938,0.232264,0.179443,0.620346,0.436018,0.328786,0.405946,0.336112,0.244847,0.159667,0.270888,0.32627,0.258298,0.117142,0.257525,0.215553,0.215428,0.240837,0.273233,0.256181,0.304407,0.394982,0.132572,0.252768,0.297285,0.395038,0.536977,0.322616,0.351407,0.313099,0.156259,0.18529,0.2672,0.41227,0.433176,0.368815,0.219261,0.466894,0.393571,0.466743,0.276789,0.290163,0.216092,0.310709,0.200665,0.157907,0.306962,0.298899,0.159506,0.191129,0.256226,0.216165,0.276832,0.336198,0.340125,0.306339,0.274946,0.142474,0.217713,0.318866,0.461073,0.339468,0.373753,0.373238,0.315604,0.238254,0.299283,0.298071,0.320006,0.266233,0.471985,0.269734,0.33418,0.344145,0.258985,0.237829,0.467939,0.430112,0.267806,0.306313,0.230322,0.349147,0.370785,0.367847,0.128097,0.193948,0.277347,0.611811,0.542288,0.369378,0.217094,0.233044,0.567151,0.281722,0.206402,0.340789,0.30179,0.397461,0.24887,0.353763,0.338713,0.275621,0.521743,0.239156,0.223873,0.291353,0.232046,0.2952,0.271398,0.347132,0.282406,0.321139,0.093967,0.316519,0.455676,0.452431,0.389172,0.323436,0.235138,0.337252,0.223744,0.237024,0.248693,0.442565,0.318102,0.379777,0.449532,0.437144,0.140708,0.201657,0.324485,0.414306,0.200558,0.244436,0.461111,0.340125,0.304331,0.397481,0.283414,0.211967,0.256625,0.384233,0.379618,0.38445,0.529032,0.454594,0.263241,0.244881,0.349765,0.174368,0.436326,0.430153,0.285184,0.388314,0.131847,0.384955,0.306707,0.289858,0.211612,0.314553,0.083413,0.254407,0.218252,0.490725,0.524513,0.295151,0.431986,0.397818,0.443085,0.331155,0.370078,0.363516,0.395281,0.46386
sedu_es_9ef-D20-02,0.505043,0.671765,0.777282,0.590424,0.707841,0.699881,0.653113,0.703238,0.200464,0.467013,0.37033,0.290114,0.288037,0.317392,0.187244,0.302857,0.254142,0.330903,0.559035,0.406528,0.353198,0.376703,0.736947,0.648799,0.825184,0.549111,0.644478,0.83531,0.815583,0.668422,0.479651,0.359326,0.586918,0.389875,0.207796,0.37676,0.329405,0.359218,0.224223,0.13065,0.29223,0.460142,0.471578,0.411022,0.365166,0.594563,0.737865,0.657345,0.650272,0.590335,0.657251,0.854499,0.847102,1.0,0.578271,0.557999,0.340718,0.394325,0.395452,0.419571,0.349396,0.561798,0.162409,0.254364,0.222677,0.392202,0.224396,0.35886,0.530296,0.4738,0.654584,0.333621,0.258669,0.710032,0.670179,0.636907,0.533132,0.563078,0.588337,0.593908,0.541559,0.646976,0.720506,0.65734,0.559671,0.675626,0.624793,0.659028,0.41416,0.305453,0.413956,0.313979,0.204097,0.525703,0.346654,0.251714,0.19086,0.18916,0.567734,0.36677,0.096058,0.714689,0.517673,0.537385,0.846076,0.871282,0.854971,0.584232,0.571897,0.822799,0.576506,0.615164,0.336433,0.744061,0.312768,0.424709,0.45269,0.308493,0.364647,0.345945,0.407811,0.219508,0.530883,0.603271,0.251,0.152873,0.566931,0.560335,0.608826,0.389967,0.74729,0.58154,0.656309,0.806496,0.69894,0.838994,0.885711,0.792572,0.654243,0.606229,0.826456,0.676626,0.518489,0.357279,0.523663,0.421847,0.212092,0.331212,0.458429,0.327542,0.296096,0.519193,0.12202,0.205231,0.43856,0.717503,0.26852,0.31362,0.225861,0.318433,0.564759,0.502408,0.648359,0.918976,0.527288,0.567508,0.709232,0.670996,0.92417,0.796575,0.720336,0.838847,0.356204,0.311468,0.53652,0.562496,0.555482,0.486122,0.579409,0.387151,0.250955,0.456877,0.374089,0.569927,0.197823,0.565756,0.3687,0.395982,0.500607,0.539111,0.536854,0.512159,0.526649,0.394215,0.23928,0.192729,0.271046,0.561757,0.43024,0.938343,0.541869,0.317151,0.694352,0.699154,0.645241,0.29728,0.515548,0.583237,0.486978,0.583967,0.58711,0.266175,0.269686,0.500923,0.185728,0.588091,0.395831,0.433089,0.877891,0.297833,0.199722,0.120323,0.053452,0.180485,0.572717,0.577723,0.751597,0.698817,0.46276,0.45805,0.282917,0.415977,0.569348,0.569807,0.425074,0.491771,0.443077,0.56958,0.294375,0.499355,0.350429,0.218773,0.590791,0.506374,0.220401,0.18666,0.157702,0.192621,0.273656,0.050313,0.20924,0.217086,0.222939,0.214998,0.102687,0.301382,0.399322,0.472941,0.368301,0.470425,0.391213,0.428766,0.241854,0.572386,0.344144,0.691789,0.551081,0.645678,0.485746,0.316306,0.417591,0.297358,0.377263,0.295735,0.293741,0.423,0.0,0.141392,0.301663,0.643245,0.486909,0.460238,0.432953,0.339582,0.413477,0.543795,0.469948,0.172584,0.44514,0.472426
sedu_es_9ef-D20-03,0.276947,0.232466,0.382862,0.38199,0.387685,0.415777,0.386701,0.36743,0.008181,0.410885,0.033948,0.069739,0.274417,0.254983,0.142056,0.115415,0.093285,0.253275,0.923728,0.14311,0.195096,0.230293,0.332258,0.399314,0.413887,0.244026,0.363112,0.363105,0.374434,0.373308,0.249794,0.302712,0.345942,0.149713,0.324367,0.18942,0.262093,0.155018,0.179039,0.205714,0.334427,1.0,0.220646,0.223236,0.139978,0.329182,0.354995,0.336332,0.315032,0.446235,0.370331,0.402983,0.376709,0.399799,0.355125,0.343701,0.127474,0.163377,0.29336,0.180248,0.272587,0.358419,0.233956,0.225186,0.179849,0.214609,0.239087,0.412095,0.851864,0.243871,0.279248,0.11567,0.047842,0.304152,0.338678,0.325903,0.362051,0.412833,0.275701,0.257342,0.23047,0.565825,0.810597,0.3844,0.257993,0.363537,0.367683,0.40193,0.081442,0.126466,0.200186,0.227398,0.105839,0.401075,0.279062,0.135037,0.048582,0.666845,0.318529,0.088244,0.001907,0.3761,0.356171,0.359582,0.557505,0.468507,0.636814,0.400488,0.284434,0.260638,0.274998,0.403962,0.38984,0.349825,0.054279,0.137787,0.233034,0.097664,0.320924,0.145127,0.379297,0.209987,0.251086,0.258801,0.037926,0.034986,0.464821,0.377419,0.333165,0.174529,0.249435,0.205717,0.3212,0.457931,0.465075,0.395242,0.452877,0.425698,0.517867,0.319163,0.401431,0.249677,0.043888,0.093921,0.227334,0.112526,0.28358,0.207863,0.146408,0.106407,0.310686,0.157219,0.277378,0.012913,0.318458,0.403665,0.064568,0.141024,0.126752,0.129617,0.225558,0.465722,0.294259,0.390427,0.289952,0.303134,0.271532,0.247067,0.501783,0.372316,0.315259,0.450043,0.265401,0.291481,0.455989,0.432694,0.372713,0.357113,0.236024,0.297923,0.133543,0.252199,0.268606,0.309144,0.155008,0.361884,0.003033,0.33452,0.271948,0.34407,0.453357,0.33687,0.373806,0.310906,0.13497,0.081352,0.187738,0.263461,0.299102,0.494928,0.418259,0.390761,0.351663,0.459584,0.320474,0.260734,0.38186,0.395412,0.349477,0.285252,0.36122,0.100016,0.127802,0.273544,0.151646,0.323888,0.454992,0.421542,0.299507,0.055259,0.009153,0.108907,0.18355,0.116457,0.370348,0.424507,0.536557,0.402542,0.687499,0.320611,0.09987,0.229803,0.375822,0.416182,0.319205,0.365394,0.427114,0.499807,0.198787,0.237175,0.143219,0.239576,0.334384,0.31908,0.15277,0.09517,0.131812,0.208695,0.125493,0.187698,0.350335,0.135811,0.33444,0.193078,0.074369,0.559754,0.258432,0.355578,0.645168,0.514846,0.389665,0.24888,0.27282,0.309651,0.272149,0.277897,0.272651,0.354837,0.261858,0.1917,0.287243,0.25122,0.317584,0.307705,0.315892,0.427103,0.133513,0.0,0.145241,0.340245,0.308513,0.457129,0.316701,0.131884,0.186315,0.470277,0.336235,0.150909,0.279414,0.372649
sedu_es_9ef-D20-04,0.361817,0.371994,0.400928,0.196786,0.469597,0.397394,0.262612,0.088071,0.035521,0.263451,0.454394,0.415579,0.216716,0.061553,0.26339,0.528355,0.643262,0.655593,0.577557,0.353874,0.313353,0.363277,0.46863,0.305635,0.363923,0.133956,0.385881,0.200682,0.13506,0.110896,0.236878,0.207197,0.321033,0.493905,0.221279,0.315959,0.143169,0.465839,0.298163,0.475433,0.563101,0.483625,0.364962,0.409315,0.355416,0.51936,0.394674,0.365485,0.348729,0.311486,0.197128,0.240821,0.373086,0.379277,0.287869,0.290406,0.331274,0.194374,0.372918,0.190168,0.04102,0.44582,0.446693,0.482856,0.276285,0.270978,0.538212,0.515598,0.493546,0.353489,0.282001,0.46115,0.284369,0.441114,0.374044,0.295886,0.20927,0.26028,0.163443,0.178734,0.051675,0.30565,0.605596,0.331898,0.287422,0.382962,0.284131,0.356574,0.368979,0.345965,0.129294,0.027428,0.434598,0.304132,0.527965,1.0,0.811212,0.0,0.442009,0.332973,0.205829,0.440565,0.264586,0.233375,0.335199,0.28059,0.26973,0.203289,0.195866,0.204553,0.237031,0.356576,0.260002,0.175598,0.364269,0.360172,0.386588,0.244785,0.076195,0.599201,0.390201,0.241608,0.332757,0.299615,0.35623,0.213122,0.329116,0.413016,0.347611,0.1953,0.39478,0.272383,0.215475,0.282036,0.375097,0.226693,0.307371,0.443622,0.200529,0.282682,0.258879,0.343844,0.412778,0.183772,0.237322,0.193151,0.063829,0.168691,0.31154,0.36637,0.290992,0.379757,0.251521,0.438338,0.466292,0.430118,0.340064,0.355219,0.233433,0.474143,0.236387,0.205807,0.348944,0.336173,0.188365,0.218887,0.308315,0.167888,0.267442,0.341339,0.266212,0.304877,0.3171,0.207514,0.169839,0.311287,0.274808,0.152628,0.205217,0.246328,0.198258,0.302817,0.202762,0.251071,0.264112,0.267373,0.278856,0.271353,0.404776,0.342921,0.18447,0.179324,0.430529,0.423782,0.279222,0.394423,0.265336,0.362775,0.272723,0.347572,0.271225,0.236349,0.198227,0.353749,0.444323,0.182541,0.306072,0.357206,0.347978,0.277758,0.14798,0.253247,0.245977,0.408054,0.143469,0.300862,0.370477,0.221542,0.3962,0.245846,0.246902,0.293585,0.209501,0.305914,0.297827,0.408391,0.261045,0.408066,0.160373,0.251138,0.38116,0.388824,0.209013,0.21455,0.161901,0.283724,0.111871,0.16659,0.26915,0.402152,0.261552,0.437541,0.417003,0.426811,0.220042,0.214601,0.33426,0.407841,0.266346,0.306028,0.456543,0.250509,0.323075,0.445496,0.29471,0.245418,0.231096,0.344871,0.254113,0.260685,0.451038,0.369278,0.372632,0.264649,0.276519,0.168926,0.413498,0.399595,0.380242,0.414949,0.265925,0.373443,0.049114,0.037113,0.168502,0.335601,0.110316,0.219572,0.246147,0.306385,0.296642,0.289044,0.299041,0.287945,0.36671,0.279144,0.228065,0.267249,0.471302,0.456201
sedu_es_9ef-D21-01,0.398969,0.520154,0.790269,0.921539,0.517839,0.505061,0.472315,0.400522,0.145671,0.408361,0.376326,0.331834,0.139873,0.199257,0.235896,0.134083,0.102823,0.33387,0.48721,0.268557,0.346226,0.418739,0.586474,0.647603,0.631712,0.340268,0.603425,0.491164,0.482605,0.186683,0.357707,0.305168,0.380933,0.192751,0.181364,0.152924,0.174897,0.420017,0.234589,0.091427,0.313969,0.070081,0.282935,0.168222,0.372723,0.755857,0.51734,0.711585,0.405719,0.547821,0.525109,0.490735,0.656705,0.673499,0.337818,0.525244,0.223978,0.179948,0.223308,0.294276,0.247655,0.503852,0.281155,0.30032,0.212439,0.390385,0.341078,0.425972,0.147137,0.307351,0.311612,0.325596,0.244012,0.893709,0.670827,0.52016,0.414936,0.192605,0.406707,0.341389,0.349092,0.51221,0.421724,0.385835,0.442388,0.538743,0.541447,0.524878,0.273054,0.087737,0.338371,0.292202,0.289536,0.451189,0.367749,0.095242,0.0,0.096805,0.337911,0.204022,0.153531,0.750222,0.399086,0.54296,0.609142,0.374344,1.0,0.455227,0.432371,0.560367,0.651115,0.372462,0.073374,0.380421,0.021346,0.05512,0.209639,0.235642,0.311996,0.271939,0.383136,0.21569,0.388719,0.328266,0.350261,0.242269,0.530239,0.311653,0.504948,0.312552,0.566548,0.381652,0.420938,0.404683,0.630712,0.60566,0.395381,0.722826,0.674294,0.562296,0.37407,0.326704,0.285456,0.169924,0.249316,0.380278,0.257391,0.242115,0.172846,0.262241,0.410445,0.450986,0.167852,0.340121,0.28444,0.354108,0.05332,0.27431,0.802776,0.05312,0.381865,0.617631,0.307181,0.568121,0.108879,0.406696,0.428635,0.332157,0.415958,0.340531,0.413431,0.435398,0.176907,0.316881,0.325591,0.347277,0.315282,0.272581,0.252592,0.28305,0.198658,0.257258,0.120856,0.351203,0.160191,0.296406,0.11511,0.310302,0.44591,0.407693,0.350873,0.317272,0.430583,0.31222,0.282868,0.486466,0.212271,0.603211,0.243562,0.674315,0.58126,0.07123,0.421369,0.355878,0.325936,0.159671,0.228148,0.253464,0.260813,0.241806,0.236514,0.291266,0.118081,0.334796,0.109643,0.363871,0.338448,0.378028,0.517504,0.252274,0.338499,0.294143,0.141838,0.260967,0.489665,0.451729,0.531975,0.429108,0.674882,0.161483,0.203796,0.246962,0.314817,0.340488,0.239228,0.203107,0.162949,0.294206,0.271692,0.150757,0.263435,0.293718,0.372416,0.216732,0.255127,0.186218,0.414422,0.221043,0.334935,0.084311,0.410933,0.116445,0.230091,0.37847,0.172931,0.310557,0.395706,0.258087,0.212406,0.284071,0.117271,0.241432,0.192835,0.242781,0.203239,0.414569,0.314128,0.301214,0.481815,0.27299,0.241533,0.393548,0.226499,0.103065,0.009127,0.108265,0.164195,0.266298,0.1194,0.415901,0.346535,0.310552,0.280463,0.176991,0.172469,0.220951,0.017915,0.234074,0.27508,0.232979
sedu_es_9ef-D21-02,0.444503,0.651406,0.94128,0.719549,0.641458,0.733241,0.786823,0.591198,0.386071,0.379481,0.373254,0.303697,0.469907,0.16449,0.589586,0.293853,0.379828,0.409304,0.723579,0.177207,0.347191,0.678471,0.768417,0.750975,0.938148,0.603286,0.700048,0.695119,0.732348,0.515454,0.362214,0.316844,0.51553,0.330963,0.119903,0.445359,0.264678,0.403486,0.49936,0.263301,0.420566,0.645225,0.25594,0.551514,0.485109,0.722934,0.774725,0.756278,0.54973,0.555176,0.651476,0.796311,0.771736,0.811121,0.5149,0.685147,0.331313,0.387565,0.476527,0.436403,0.236527,0.684609,0.473765,0.529049,0.623218,0.422144,0.383793,0.667294,0.688059,0.278284,0.471202,0.378055,0.262562,0.655094,0.613182,0.531511,0.655107,0.523282,0.603314,0.543182,0.506735,0.861537,0.796146,0.555991,0.571904,0.794928,0.640339,0.635648,0.384553,0.373776,0.289732,0.30827,0.520688,0.701148,0.580464,0.213769,0.303559,0.554044,0.516969,0.353337,0.132054,0.77148,0.588394,0.707812,1.0,0.728573,0.810269,0.5591,0.568705,0.683097,0.52838,0.495491,0.755328,0.781283,0.208641,0.418601,0.486761,0.154675,0.413295,0.501706,0.629628,0.516566,0.317683,0.248971,0.320517,0.230009,0.534556,0.558495,0.559069,0.189958,0.695699,0.462655,0.887813,0.664451,0.820275,0.76559,0.669303,0.667141,0.587962,0.594671,0.894156,0.522062,0.501921,0.205964,0.462909,0.381748,0.265378,0.309655,0.403798,0.479236,0.389267,0.485164,0.15746,0.15898,0.532625,0.596366,0.300003,0.316514,0.181638,0.472677,0.521121,0.5291,0.537629,0.706706,0.306332,0.453121,0.499295,0.823126,0.935128,0.625024,0.881333,0.727645,0.370475,0.235266,0.461455,0.523334,0.625371,0.344853,0.420312,0.445186,0.218767,0.40974,0.311498,0.496087,0.219945,0.411354,0.305844,0.348596,0.581508,0.695415,0.482247,0.528271,0.633019,0.350286,0.359629,0.208558,0.406954,0.523987,0.391482,0.884815,0.524789,0.499541,0.582908,0.468583,0.502708,0.120543,0.329967,0.386297,0.664581,0.484641,0.481132,0.26422,0.084586,0.521957,0.144453,0.463916,0.642784,0.615716,0.640629,0.34692,0.262457,0.370908,0.303609,0.169733,0.692816,0.513229,0.723529,0.712292,0.451912,0.469983,0.457842,0.472053,0.637599,0.627245,0.282023,0.441443,0.403343,0.602069,0.215095,0.475373,0.346807,0.449332,0.673218,0.396636,0.226744,0.087328,0.177811,0.266147,0.265104,0.290171,0.399464,0.309395,0.428519,0.200663,0.169275,0.347134,0.369478,0.343306,0.401948,0.485396,0.359617,0.460248,0.330492,0.562135,0.483208,0.542056,0.332777,0.436726,0.480235,0.436922,0.269283,0.429919,0.28674,0.288354,0.259795,0.333759,0.0,0.196306,0.244479,0.549144,0.397994,0.409762,0.76445,0.16036,0.290449,0.448179,0.304699,0.181956,0.512324,0.379709
sedu_es_9ef-D21-03,0.321884,0.493846,0.646056,0.358984,0.518466,0.621653,0.474568,0.355777,0.013214,0.208146,0.322671,0.351998,0.191853,0.0,0.709414,0.252614,0.292604,0.244151,0.268692,0.316575,0.325874,0.477193,0.4505,0.70264,0.613476,0.412742,0.478027,0.428397,0.46745,0.415171,0.405476,0.248481,0.193849,0.298684,0.206684,0.198815,0.033624,0.405873,0.745866,0.455224,0.344859,0.350963,0.324674,0.503925,0.460533,0.416319,0.33927,0.541651,0.39422,0.541261,0.514338,0.475701,0.562197,0.457334,0.30809,0.413554,0.323072,0.179469,0.398532,0.19573,0.081825,0.514577,0.792531,0.518584,0.688335,0.253279,0.363726,0.496376,0.43601,0.252982,0.418181,0.33381,0.398681,0.56856,0.484218,0.571151,0.537845,0.658598,0.536583,0.548174,0.317446,0.421036,0.46186,0.325719,0.396331,0.554536,0.467711,0.566583,0.308148,0.311454,0.097662,0.076361,0.542868,0.371245,0.538289,0.429738,0.373304,0.313613,0.391213,0.327478,0.301796,0.498429,0.326091,0.418132,0.546389,0.291026,0.475404,0.505254,0.527635,0.404519,0.400876,0.422647,0.655644,0.464248,0.178048,0.199688,0.416772,0.137008,0.272827,0.693302,0.417664,0.489626,0.428507,0.317912,0.327238,0.400462,0.400561,0.329181,0.596196,0.428367,0.477713,0.514606,0.409041,0.345185,0.6015,0.426623,0.598646,0.83744,0.458717,0.338974,0.501155,0.190409,0.329971,0.097599,0.140007,0.111608,0.341769,0.387868,0.51424,0.678063,0.369041,0.393768,0.539167,0.271008,0.40086,0.442727,0.193673,0.517768,0.242192,0.382812,0.611626,0.53296,0.278067,0.769652,0.514635,0.418987,0.619694,0.339603,0.507332,0.349454,0.561477,0.655555,0.293169,0.18049,0.194766,0.315618,0.399076,0.315279,0.283675,0.077372,0.06419,0.313304,0.184045,0.351734,0.215193,0.406957,0.196166,0.364336,0.611965,0.601641,0.353323,0.308412,0.303283,0.575704,0.353385,0.38814,0.463731,0.635838,0.454163,0.655153,0.625484,0.377722,0.414259,0.312279,0.48083,0.387154,0.389737,0.467205,0.320469,0.618783,0.185109,0.29061,0.346861,0.456308,0.063374,0.392686,1.0,0.626146,0.467897,0.456979,0.307519,0.237686,0.317084,0.450359,0.472849,0.423466,0.633774,0.707053,0.454161,0.36991,0.675274,0.492786,0.397101,0.252484,0.200314,0.354261,0.183691,0.392439,0.394375,0.338644,0.240667,0.597046,0.785428,0.365049,0.255335,0.281652,0.419265,0.436367,0.325191,0.466562,0.432751,0.196258,0.446679,0.715223,0.444778,0.420592,0.363505,0.456247,0.473194,0.567404,0.6308,0.372777,0.500285,0.2833,0.484239,0.399641,0.450939,0.495172,0.457402,0.844636,0.617537,0.442125,0.167483,0.143812,0.482163,0.49787,0.135265,0.286384,0.283249,0.417021,0.36668,0.535864,0.492638,0.397461,0.358197,0.475618,0.468557,0.202617,0.370024,0.494544
sedu_es_9ef-D21-04,0.396396,0.676692,0.91201,0.490866,0.803339,0.688288,0.789897,0.599026,0.597194,0.403529,0.546447,0.357056,0.662828,0.541454,0.524921,0.297964,0.275982,0.314025,0.502617,0.324797,0.530504,0.51354,0.775241,0.508192,1.0,0.607243,0.602227,0.746808,0.832959,0.808988,0.510203,0.450098,0.620221,0.410672,0.21131,0.701748,0.698634,0.397355,0.212207,0.2537,0.290748,0.546384,0.429811,0.77537,0.458634,0.459,0.724485,0.58898,0.679229,0.480405,0.631891,0.84745,0.681559,0.868448,0.493618,0.59764,0.56865,0.674192,0.803435,0.883984,0.701071,0.403577,0.222685,0.265819,0.25137,0.86719,0.176968,0.406422,0.556715,0.615268,0.725054,0.502983,0.431188,0.66366,0.50259,0.530602,0.606927,0.44617,0.669981,0.733767,0.606944,0.468454,0.558781,0.481053,0.51923,0.73635,0.598448,0.455157,0.667382,0.68178,0.588663,0.597448,0.273855,0.972851,0.201559,0.36468,0.183864,0.307966,0.716717,0.517643,0.168445,0.661923,0.516668,0.572108,0.809054,0.776227,0.820045,0.495402,0.498134,0.699034,0.745094,0.425627,0.791812,0.955465,0.313365,0.386178,0.854254,0.657616,0.772739,0.524282,0.877907,0.312959,0.671618,0.524594,0.190988,0.135596,0.610526,0.411112,0.490171,0.272195,0.626562,0.608931,0.867819,0.518034,0.5465,0.499245,0.552296,0.751865,0.570612,0.563498,0.930957,0.794402,0.737153,0.711979,0.735162,0.690898,0.678656,0.415794,0.603682,0.4746,0.664894,0.583507,0.174632,0.326834,0.705544,0.666324,0.363849,0.351277,0.239804,0.420464,0.453602,0.55921,0.70183,0.557803,0.617668,0.692067,0.763275,0.851504,0.797216,0.856578,0.554725,0.522097,0.366952,0.428251,0.439438,0.533485,0.740315,0.398269,0.597135,0.622386,0.50638,0.629086,0.513339,0.640361,0.297898,0.61113,0.494718,0.515945,0.478273,0.478519,0.524616,0.750223,0.681867,0.498914,0.085788,0.265083,0.37967,0.384783,0.430324,0.751915,0.591758,0.159078,0.518231,0.596322,0.59538,0.222997,0.533926,0.542553,0.74476,0.681442,0.613259,0.340738,0.302937,0.580517,0.434785,0.563492,0.336557,0.731629,0.716648,0.533745,0.234978,0.128914,0.279109,0.311341,0.640732,0.37105,0.587769,0.59956,0.500379,0.389417,0.480875,0.622268,0.570463,0.84666,0.467873,0.70463,0.506321,0.559197,0.431751,0.457377,0.630562,0.39249,0.559506,0.602108,0.366787,0.328775,0.217245,0.443707,0.303076,0.09241,0.461633,0.51546,0.442586,0.2817,0.176103,0.328301,0.411021,0.490794,0.68163,0.474175,0.291186,0.503923,0.344913,0.583215,0.539858,0.632321,0.572098,0.656514,0.387566,0.347469,0.255358,0.347665,0.368178,0.384031,0.271601,0.338959,0.0,0.200388,0.431334,0.501875,0.475945,0.345265,0.656261,0.465799,0.482437,0.505452,0.413093,0.476693,0.635478,0.542857
sedu_es_9ef-D22-01,0.379586,0.541645,0.717088,0.409937,0.610774,0.614737,0.576004,0.679238,0.55763,0.676629,0.409299,0.319557,0.649023,0.804152,0.288434,0.13577,0.248761,0.322966,0.385092,0.20354,0.513319,0.354543,0.542932,0.411963,0.678143,0.614924,0.613406,0.642984,0.831659,0.643404,0.536351,0.515568,0.775726,0.331411,0.38061,0.617453,0.748851,0.551748,0.255187,0.151119,0.345325,0.378118,0.264774,0.507847,0.402423,0.477254,0.635332,0.601874,0.644554,0.563408,0.599218,0.815878,0.661679,1.0,0.620692,0.503247,0.511938,0.671404,0.663042,0.770612,0.733681,0.364524,0.259236,0.382168,0.30781,0.765069,0.176845,0.335493,0.343253,0.27922,0.737722,0.365536,0.404084,0.601073,0.564939,0.579396,0.561546,0.335582,0.514671,0.555217,0.473298,0.691716,0.504524,0.600803,0.618034,0.576499,0.533757,0.551853,0.607013,0.474685,0.679714,0.610365,0.289861,0.972966,0.232189,0.155156,0.341156,0.106058,0.354715,0.433116,0.225337,0.547808,0.408666,0.621302,0.827028,0.70001,0.660637,0.532517,0.489827,0.642423,0.51861,0.414552,0.449212,0.603579,0.372595,0.481727,0.628713,0.700925,0.694291,0.381579,0.794593,0.526897,0.421026,0.325312,0.31238,0.272984,0.532075,0.390334,0.467228,0.422768,0.646073,0.482386,0.65509,0.586276,0.668532,0.712721,0.565688,0.593093,0.425478,0.506085,0.664851,0.787177,0.690323,0.645404,0.76842,0.690174,0.681663,0.459963,0.458749,0.463183,0.687949,0.504381,0.237107,0.516208,0.680967,0.472171,0.442867,0.328478,0.209743,0.305214,0.510137,0.358978,0.556285,0.603389,0.4118,0.436898,0.633378,0.617473,0.701496,0.693609,0.503358,0.561314,0.377878,0.403018,0.610774,0.514729,0.48387,0.469846,0.625162,0.704359,0.524296,0.715588,0.542358,0.784456,0.455551,0.756952,0.613085,0.74849,0.345817,0.765805,0.794968,0.845187,0.540504,0.288208,0.215553,0.20879,0.266872,0.435081,0.504064,0.688346,0.453545,0.519474,0.447155,0.761223,0.596134,0.398303,0.645566,0.58008,0.509836,0.377334,0.767452,0.561241,0.550583,0.575964,0.440154,0.723308,0.489004,0.758196,0.625423,0.488516,0.233269,0.244826,0.019293,0.312905,0.733915,0.506306,0.586296,0.556082,0.303766,0.317255,0.328751,0.420982,0.478719,0.736463,0.583127,0.733901,0.597611,0.581524,0.596021,0.579095,0.684946,0.256706,0.578186,0.337296,0.379826,0.454431,0.217118,0.306809,0.32876,0.0,0.194201,0.430438,0.107631,0.192045,0.185255,0.186968,0.465847,0.396698,0.3426,0.337617,0.33552,0.521147,0.457968,0.555922,0.589873,0.652534,0.399271,0.480475,0.339973,0.310973,0.317801,0.382848,0.355544,0.425759,0.299751,0.428239,0.107228,0.262135,0.450875,0.553551,0.509646,0.522831,0.633569,0.554685,0.653075,0.425035,0.396701,0.490848,0.353068,0.394503
sedu_es_9ef-D22-02,0.175045,0.594488,0.612228,0.431601,0.312987,0.531877,0.763226,0.598099,0.431211,0.341636,0.336573,0.235365,0.502211,0.47109,0.323889,0.197825,0.221107,0.301836,0.153207,0.135601,0.33939,0.356905,0.472685,0.484247,0.580962,0.65241,0.512771,0.711477,0.798262,0.657207,0.387047,0.320334,0.445242,0.165823,0.21284,0.430138,0.5055,0.457234,0.266628,0.2264,0.28364,0.224815,0.211735,0.35697,0.345799,0.274199,0.7424,0.480359,0.464581,0.466881,0.640429,0.824472,0.702052,0.866959,0.472621,0.443686,0.341078,0.493625,0.533648,0.565507,0.470532,0.437526,0.322448,0.385387,0.321104,0.402717,0.11115,0.298048,0.243606,0.318473,0.520464,0.194941,0.30044,0.452127,0.510301,0.504941,0.627798,0.381014,0.678794,0.752936,0.503272,0.775135,0.532528,0.37385,0.619588,0.613068,0.464819,0.370008,0.479543,0.321584,0.503282,0.491348,0.327597,0.867463,0.201021,0.0,0.107111,0.292558,0.371571,0.343002,0.17502,0.572983,0.621533,0.887401,0.874013,0.621551,0.773519,0.560951,0.581805,0.695462,0.560417,0.289611,0.628656,0.987466,0.269835,0.349427,0.467962,0.436649,0.670745,0.447321,0.755836,0.427096,0.336135,0.345822,0.198094,0.160782,0.491585,0.521716,0.35955,0.239896,0.608936,0.521807,1.0,0.51895,0.689503,0.700564,0.50882,0.596238,0.484958,0.435525,0.902799,0.645487,0.471219,0.430981,0.548884,0.499961,0.662816,0.389327,0.566503,0.506614,0.57138,0.357721,0.236562,0.310928,0.626601,0.524314,0.236989,0.236502,0.168239,0.242204,0.573956,0.485556,0.42724,0.558263,0.520736,0.587589,0.627084,0.910493,0.841432,0.561783,0.65377,0.569696,0.136526,0.244489,0.318774,0.265311,0.379442,0.421327,0.592231,0.479199,0.292282,0.572126,0.459709,0.565866,0.241619,0.570999,0.457783,0.566497,0.373436,0.694388,0.58377,0.798116,0.495717,0.309016,0.137798,0.179532,0.269263,0.293936,0.45456,0.730112,0.532877,0.599862,0.365971,0.404829,0.41716,0.214828,0.413414,0.41016,0.392712,0.487929,0.438153,0.450751,0.423945,0.580128,0.302482,0.604724,0.376121,0.899226,0.60335,0.359323,0.23205,0.116813,0.079988,0.25687,0.769016,0.440166,0.536502,0.499955,0.42645,0.187702,0.273114,0.467379,0.288015,0.772987,0.399877,0.423466,0.29245,0.513631,0.531931,0.554846,0.412842,0.333632,0.422787,0.284339,0.209574,0.203017,0.154489,0.141179,0.222045,0.205,0.127795,0.337274,0.153736,0.25937,0.216425,0.304978,0.265741,0.333274,0.230973,0.316954,0.278432,0.348315,0.529365,0.344154,0.451685,0.670735,0.374301,0.40884,0.194016,0.283553,0.277389,0.297572,0.31157,0.342426,0.214405,0.27086,0.062957,0.221278,0.236439,0.412584,0.315066,0.248969,0.532519,0.348213,0.548456,0.416332,0.292307,0.283184,0.262023,0.270282
sedu_es_9ef-D22-03,0.184699,0.691398,0.558218,0.347897,0.421087,0.669652,0.667467,0.568691,0.16499,0.276916,0.33455,0.385546,0.406348,0.246852,0.415737,0.665592,0.650812,0.636798,0.281591,0.440259,0.191551,0.354715,0.389914,0.4891,0.47471,0.586084,0.633756,0.599038,0.70786,0.679807,0.4555,0.35986,0.254825,0.241496,0.32695,0.325514,0.229104,0.677131,0.632128,0.847539,0.997584,0.471355,0.304717,0.263275,0.265642,0.380565,0.634912,0.594377,0.385108,0.50261,0.583269,0.618395,0.553008,0.717145,0.45798,0.372804,0.3746,0.340118,0.440866,0.276026,0.25234,0.652227,0.998132,0.66774,0.570398,0.388032,0.808653,0.976609,0.340236,0.310805,0.34448,0.200726,0.141799,0.510305,0.594954,0.558565,0.569567,0.483917,0.50055,0.574559,0.290984,0.765505,0.666718,0.318233,0.505945,0.654694,0.437354,0.423922,0.278269,0.157702,0.407495,0.352866,0.651733,0.733646,0.954751,0.409398,0.436819,0.304863,0.425199,0.177063,0.10715,0.613014,0.617527,0.641629,0.819793,0.392549,0.654506,0.554792,0.531021,0.372358,0.450104,0.435428,0.666268,0.781207,0.116317,0.349078,0.375527,0.285621,0.45487,0.699186,0.619057,0.73873,0.366283,0.496313,0.198999,0.251762,0.475582,0.412333,0.516141,0.377938,0.50622,0.410325,0.683089,0.42683,0.850812,0.674568,0.65629,0.694121,0.461457,0.34799,0.70084,0.371507,0.283946,0.213093,0.385947,0.177276,0.512986,0.344988,0.777733,0.850592,0.563321,0.479193,0.373958,0.31502,0.609303,0.633386,0.07895,0.234868,0.096314,0.113297,0.462751,0.538563,0.280922,0.660181,0.50156,0.563881,0.61766,0.599843,0.847661,0.309231,0.511592,0.60897,0.065176,0.167403,0.331478,0.441464,0.425172,0.46474,0.476849,0.337235,0.27168,0.621425,0.437971,0.725259,0.349813,0.735038,0.484449,0.66549,0.696975,0.870108,0.526133,0.630421,0.609921,0.557556,0.196779,0.264573,0.20971,0.481988,0.536969,0.752785,0.460005,0.78606,0.392592,0.457333,0.424336,0.449392,0.467936,0.481537,0.322095,0.470405,0.301918,0.648607,0.594598,0.6238,0.305097,0.591712,0.676915,1.0,0.617867,0.231968,0.281985,0.0,0.173397,0.382873,0.80029,0.463315,0.707068,0.68919,0.393518,0.242505,0.439733,0.424051,0.422106,0.607645,0.453844,0.723466,0.235882,0.448234,0.648162,0.62931,0.370314,0.436166,0.716699,0.469224,0.169887,0.225429,0.207729,0.072911,0.098847,0.264969,0.234552,0.311139,0.370556,0.627256,0.201694,0.347955,0.421343,0.445632,0.175948,0.371831,0.442559,0.589974,0.649475,0.376982,0.588096,0.390875,0.410534,0.54669,0.535654,0.464792,0.595715,0.23445,0.286633,0.270493,0.173998,0.210673,0.16846,0.142831,0.081746,0.34078,0.198594,0.342461,0.696082,0.354419,0.400736,0.499071,0.382095,0.261305,0.184267,0.376997
sedu_es_9ef-D22-04,0.25869,0.585036,0.895829,0.422149,0.49736,0.598592,0.495705,0.353105,0.355815,0.418048,0.315113,0.351719,0.557603,0.243572,0.642595,0.258736,0.17748,0.140994,0.41456,0.477382,0.232404,0.428448,0.383326,0.427659,1.0,0.346036,0.579685,0.438865,0.445771,0.401476,0.170401,0.367046,0.308763,0.342507,0.066502,0.569529,0.446099,0.118746,0.346793,0.136387,0.11429,0.625451,0.357767,0.773139,0.21542,0.214359,0.306819,0.533714,0.478434,0.283387,0.516144,0.530985,0.362164,0.450092,0.390227,0.733578,0.214345,0.515662,0.564142,0.402178,0.385409,0.494651,0.290454,0.251672,0.505417,0.602397,0.016895,0.330229,0.510363,0.347358,0.424416,0.546556,0.15388,0.153944,0.195253,0.208322,0.527334,0.436721,0.392848,0.52988,0.255546,0.44997,0.460803,0.278553,0.478567,0.663713,0.703251,0.316731,0.299043,0.383192,0.226381,0.485512,0.303938,0.727601,0.168074,0.400981,0.100383,0.497049,0.535852,0.444756,0.055675,0.197744,0.233527,0.414552,0.773241,0.490455,0.478299,0.237148,0.192863,0.444284,0.650418,0.521813,0.800982,0.79762,0.126441,0.242776,0.590566,0.111265,0.452455,0.299375,0.845684,0.554264,0.434173,0.388472,0.410596,0.225171,0.225231,0.285772,0.186693,0.070934,0.365183,0.290371,0.640433,0.411417,0.36893,0.379541,0.321021,0.452889,0.354341,0.505159,0.751976,0.433609,0.266788,0.236055,0.409515,0.443608,0.294735,0.127798,0.327764,0.338038,0.369581,0.244252,0.050585,0.040934,0.557461,0.464681,0.055886,0.323497,0.142309,0.257331,0.196401,0.240809,0.396397,0.212841,0.368395,0.550928,0.200873,0.597676,0.821721,0.506813,0.501818,0.310252,0.379995,0.397364,0.360495,0.637226,0.70064,0.331566,0.182339,0.429305,0.226843,0.447758,0.172698,0.43149,0.299976,0.398091,0.193717,0.374605,0.505758,0.501482,0.391009,0.509042,0.261268,0.316607,0.376732,0.207138,0.353752,0.315314,0.327407,0.538489,0.20723,0.239107,0.364713,0.434745,0.399661,0.124444,0.337687,0.297917,0.712896,0.380738,0.544805,0.021539,0.0,0.447446,0.164368,0.291152,0.643832,0.610983,0.549505,0.421027,0.38836,0.351436,0.432142,0.251532,0.464637,0.171542,0.466268,0.359795,0.252419,0.552896,0.294899,0.422736,0.591881,0.441024,0.151117,0.760321,0.427551,0.478854,0.232683,0.29936,0.42028,0.274176,0.354775,0.590921,0.245042,0.108874,0.241296,0.225894,0.366294,0.266367,0.243311,0.291382,0.437479,0.134303,0.209457,0.287782,0.167092,0.167768,0.33989,0.28501,0.343041,0.46345,0.284743,0.604716,0.295053,0.378626,0.271146,0.428052,0.521982,0.343261,0.173225,0.266152,0.363465,0.447194,0.253117,0.324644,0.10677,0.250859,0.406016,0.457527,0.396547,0.157897,0.578057,0.216709,0.184622,0.425447,0.258328,0.107696,0.585526,0.493696
sedu_es_9ef-D23-01,0.446828,0.547532,0.818879,0.504451,0.792883,0.712615,0.564815,0.683755,0.190541,0.534042,0.349355,0.34902,0.355635,0.3871,0.269789,0.171276,0.0,0.135867,0.719741,0.35771,0.415198,0.479251,0.66012,0.451137,0.749301,0.551962,0.636121,0.847845,0.810328,0.596545,0.446181,0.236296,0.674782,0.239061,0.207762,0.426112,0.413884,0.497607,0.269741,0.026093,0.165282,0.614841,0.51729,0.313639,0.486505,0.663603,0.676695,0.643408,0.634369,0.750437,0.761971,0.895663,0.81717,1.0,0.62404,0.651448,0.291697,0.43107,0.545272,0.586262,0.277532,0.503288,0.34496,0.378468,0.197806,0.500531,0.185084,0.328865,0.709121,0.537276,0.651264,0.390503,0.246509,0.639,0.663129,0.760672,0.628196,0.520852,0.64337,0.624223,0.43404,0.647261,0.781079,0.619162,0.55593,0.750115,0.653973,0.680408,0.367441,0.529451,0.589602,0.51283,0.3074,0.637113,0.269284,0.423879,0.120792,0.205377,0.519958,0.28391,0.085954,0.576958,0.457453,0.557545,0.911928,0.77124,0.84468,0.697697,0.647321,0.744306,0.64416,0.741277,0.45684,0.609276,0.176215,0.289754,0.594039,0.347812,0.497637,0.492886,0.567622,0.36422,0.675503,0.57461,0.361586,0.218627,0.660789,0.402165,0.631528,0.541214,0.792278,0.579368,0.725802,0.636434,0.783776,0.877411,0.851502,0.755497,0.714318,0.670014,0.70089,0.653096,0.584692,0.438256,0.63159,0.571734,0.327764,0.440314,0.483138,0.531987,0.505978,0.548858,0.043279,0.171435,0.469641,0.679168,0.262416,0.426449,0.327269,0.264665,0.618916,0.600338,0.551115,0.85216,0.418137,0.726607,0.754714,0.737291,0.843776,0.679322,0.561103,0.822801,0.367838,0.385097,0.647203,0.649334,0.891951,0.858021,0.545004,0.514354,0.422512,0.5305,0.60671,0.732839,0.394807,0.695863,0.470921,0.557521,0.602915,0.637647,0.780858,0.759034,0.484477,0.426918,0.156815,0.278904,0.256273,0.476659,0.471915,0.934543,0.520874,0.285394,0.845641,0.781896,0.759233,0.647773,0.451705,0.462196,0.737219,0.608618,0.718301,0.443854,0.328912,0.684939,0.331586,0.775299,0.38944,0.582425,0.784447,0.327068,0.179258,0.097564,0.212856,0.32064,0.614444,0.538394,0.770902,0.702577,0.523811,0.423588,0.312071,0.572653,0.751208,0.767193,0.715788,0.741226,0.646103,0.853668,0.412885,0.418082,0.27478,0.180416,0.804109,0.494022,0.291992,0.213994,0.26477,0.23514,0.332899,0.130194,0.442675,0.327351,0.262445,0.357184,0.151895,0.466801,0.600038,0.481573,0.524425,0.618288,0.497613,0.61976,0.219782,0.725102,0.560379,0.68418,0.521483,0.677324,0.461635,0.40382,0.309178,0.438219,0.576976,0.490848,0.147096,0.323281,0.278582,0.262159,0.305452,0.707448,0.717248,0.503833,0.628885,0.596683,0.359328,0.640258,0.474688,0.21758,0.377042,0.426877
sedu_es_9ef-D23-02,0.442906,0.473202,0.514497,0.229887,0.576946,0.54024,0.724489,0.558263,0.181096,0.438638,0.172862,0.149606,0.25213,0.303893,0.210494,0.020999,0.222189,0.186081,0.3634,0.026832,0.332189,0.21412,0.70042,0.367343,0.500686,0.579452,0.488048,0.682873,0.645361,0.33144,0.526891,0.249153,0.466556,0.090988,0.147313,0.240128,0.322463,0.367908,0.281099,0.127778,0.291193,0.377914,0.148443,0.212221,0.223916,0.568526,0.801497,0.525221,0.613784,0.579579,0.628144,0.75612,0.710261,0.893749,0.6417,0.556104,0.075608,0.249129,0.286147,0.437768,0.28018,0.476792,0.315882,0.357809,0.340204,0.218112,0.193414,0.443523,0.350774,0.142369,0.45755,0.187057,0.193687,0.558509,0.674998,0.596461,0.680428,0.426652,0.567946,0.57574,0.335801,0.907258,0.653414,0.611975,0.63917,0.657631,0.61865,0.654736,0.190594,0.234503,0.411222,0.356375,0.285606,0.526949,0.208396,0.190398,0.249829,0.210422,0.24143,0.205777,0.119594,0.69731,0.661809,0.771144,1.0,0.851743,0.648551,0.683948,0.680036,0.548507,0.575536,0.404104,0.395659,0.618546,0.125857,0.235267,0.285814,0.257886,0.470018,0.393742,0.453781,0.306734,0.170684,0.186472,0.140373,0.094586,0.66927,0.632273,0.47432,0.429263,0.771648,0.317816,0.835891,0.770471,0.775759,0.852447,0.708098,0.654865,0.503504,0.649136,0.647229,0.592562,0.402069,0.33157,0.549677,0.471936,0.276301,0.302063,0.364009,0.367839,0.354254,0.239867,0.162385,0.124325,0.424876,0.451352,0.346693,0.133756,0.118855,0.227724,0.592211,0.481488,0.549672,0.643811,0.356838,0.447838,0.475885,0.788847,0.792463,0.696742,0.759167,0.714588,0.284151,0.23109,0.639719,0.583554,0.539851,0.598263,0.533116,0.393689,0.202786,0.295272,0.427287,0.528035,0.210854,0.445013,0.373989,0.4259,0.276397,0.591322,0.658093,0.603509,0.523367,0.1331,0.198826,0.041956,0.16544,0.483038,0.451053,0.69799,0.464234,0.656831,0.606072,0.568386,0.395905,0.417176,0.510629,0.530875,0.532384,0.360515,0.573839,0.332783,0.268324,0.404239,0.196609,0.491113,0.457145,0.458198,0.516856,0.174853,0.200249,0.159108,0.0,0.134032,0.613576,0.563243,0.743894,0.542806,0.454074,0.434873,0.317221,0.430451,0.575264,0.612088,0.417264,0.518779,0.464296,0.606051,0.328815,0.391036,0.158788,0.310301,0.49309,0.182279,0.15673,0.236293,0.098145,0.164265,0.150846,0.168927,0.290258,0.233434,0.033415,0.187756,0.031084,0.194734,0.385363,0.410697,0.340095,0.459071,0.380682,0.2781,0.209843,0.49161,0.275675,0.498963,0.203123,0.273122,0.26705,0.320408,0.257437,0.313598,0.435069,0.416074,0.323677,0.326897,0.112699,0.265386,0.199744,0.581299,0.53538,0.428954,0.51913,0.220584,0.395115,0.576668,0.478418,0.115336,0.289123,0.225721
sedu_es_9ef-D23-03,0.352073,0.435195,0.520437,0.296046,0.456472,0.476439,0.590225,0.466589,0.133379,0.407098,0.209646,0.187475,0.251963,0.292228,0.271184,0.037079,0.224548,0.217313,0.372966,0.041306,0.247491,0.23288,0.587134,0.372466,0.472728,0.487787,0.468821,0.559323,0.565478,0.296257,0.441495,0.261257,0.379612,0.115607,0.100123,0.246515,0.293224,0.408539,0.320522,0.147486,0.298519,0.359675,0.160461,0.13142,0.216694,0.542602,0.79796,0.486535,0.504123,0.503118,0.508898,0.618424,0.613337,0.839275,0.548197,0.40765,0.046855,0.259715,0.300287,0.354485,0.247893,0.484619,0.426676,0.407325,0.381739,0.218573,0.180213,0.415662,0.325369,0.133746,0.331617,0.14388,0.120771,0.549442,0.644699,0.512658,0.554175,0.33529,0.432116,0.425383,0.266026,0.939262,0.667525,0.572912,0.547978,0.527248,0.460857,0.574802,0.196732,0.206724,0.36007,0.313301,0.356557,0.555411,0.195196,0.171212,0.140949,0.214241,0.227874,0.117299,0.044778,0.664346,0.575568,0.755075,1.0,0.662208,0.721178,0.575723,0.539751,0.482308,0.390575,0.29783,0.349374,0.522869,0.087648,0.219293,0.288785,0.239822,0.459701,0.370405,0.400946,0.325808,0.158259,0.157004,0.100721,0.035142,0.569008,0.59117,0.366468,0.424328,0.7439,0.275904,0.728032,0.632093,0.737119,0.766077,0.631595,0.705353,0.486876,0.431097,0.552479,0.461548,0.374908,0.274229,0.454397,0.419362,0.308687,0.278448,0.323561,0.315299,0.361398,0.171839,0.197144,0.192483,0.384737,0.393964,0.26139,0.08213,0.061255,0.16749,0.527571,0.456988,0.372835,0.595842,0.279357,0.331978,0.421352,0.604942,0.74951,0.502789,0.653664,0.635331,0.307873,0.15367,0.553578,0.498168,0.411482,0.451134,0.429547,0.382292,0.146087,0.230932,0.303624,0.422128,0.184841,0.440072,0.304476,0.463286,0.295089,0.626631,0.610799,0.528083,0.530086,0.107019,0.24019,0.053654,0.113929,0.43702,0.410787,0.658744,0.484234,0.62497,0.462878,0.472959,0.355915,0.338172,0.477184,0.496743,0.427686,0.272993,0.517608,0.302372,0.284038,0.35818,0.122982,0.474301,0.522187,0.497123,0.496596,0.154551,0.191388,0.190962,0.005746,0.157731,0.579001,0.548756,0.702182,0.459335,0.498841,0.288908,0.287853,0.371383,0.46695,0.504366,0.299865,0.419467,0.351354,0.492776,0.384578,0.398033,0.149185,0.384118,0.446379,0.103693,0.102253,0.187849,0.10044,0.12667,0.100944,0.112279,0.279331,0.125463,0.0,0.262975,0.055461,0.208387,0.261133,0.353919,0.247197,0.388318,0.352602,0.218036,0.227969,0.34475,0.251085,0.398122,0.180299,0.205504,0.282046,0.294805,0.24907,0.283836,0.303367,0.306538,0.239663,0.301852,0.115973,0.188079,0.131532,0.471857,0.425278,0.471581,0.447318,0.189762,0.374024,0.497874,0.369854,0.119831,0.203186,0.188428
sedu_es_9ef-D23-04,0.475532,0.444655,0.933646,0.517112,0.660496,0.685869,0.38655,0.613598,0.308024,0.446891,0.59554,0.680158,0.472932,0.295636,0.581171,0.261078,0.010267,0.149717,0.649333,0.560091,0.41035,0.487813,0.573886,0.428618,1.0,0.126084,0.628285,0.529258,0.600912,0.686875,0.178955,0.318416,0.428575,0.450925,0.314065,0.424858,0.406149,0.247677,0.146263,0.117595,0.186285,0.74868,0.557305,0.685618,0.285538,0.413915,0.265872,0.575385,0.643654,0.556258,0.614273,0.535189,0.663627,0.523017,0.312672,0.897616,0.487978,0.32787,0.420483,0.467371,0.442307,0.576986,0.253586,0.17813,0.092183,0.763637,0.088706,0.391599,0.836582,0.488347,0.685301,0.722285,0.233468,0.259102,0.365317,0.551295,0.523801,0.438668,0.623567,0.739622,0.357333,0.418409,0.587816,0.220085,0.35596,0.652561,0.894374,0.560545,0.546423,0.485441,0.306651,0.406559,0.230227,0.604686,0.131464,0.41522,0.0,0.90429,0.51118,0.451036,0.172758,0.357116,0.412296,0.522174,0.531611,0.620865,0.553773,0.562513,0.488311,0.444599,0.82423,0.799568,0.690353,0.958886,0.159539,0.267183,0.471201,0.292543,0.571857,0.50094,0.676708,0.271658,0.503825,0.479444,0.525449,0.324196,0.545136,0.428336,0.601018,0.382722,0.36069,0.777563,0.580545,0.630678,0.624194,0.717178,0.620701,0.401907,0.82212,0.8347,0.888082,0.476522,0.375378,0.263652,0.225248,0.362861,0.382284,0.202152,0.41177,0.463171,0.528203,0.722586,0.316016,0.308613,0.582817,0.555717,0.150408,0.655656,0.357399,0.361837,0.465219,0.663212,0.51306,0.515148,0.466222,0.666515,0.556542,0.597081,0.863832,0.649272,0.558846,0.681386,0.685834,0.468996,0.307156,0.503575,0.86592,0.594095,0.074447,0.48284,0.278825,0.594392,0.310742,0.370851,0.344816,0.312772,0.151001,0.338048,0.714919,0.264834,0.34189,0.525157,0.512596,0.453543,0.433624,0.546616,0.564664,0.329623,0.688867,0.739478,0.627025,0.0945,0.449028,0.587896,0.714358,0.490493,0.348005,0.228,0.745307,0.736129,0.374769,0.108188,0.208754,0.764619,0.146508,0.478897,0.374633,0.536673,0.561363,0.514968,0.266113,0.266759,0.734496,0.360079,0.517368,0.453927,0.456911,0.512103,0.657841,0.708743,0.621127,0.751513,0.551426,0.533896,0.390762,0.660356,0.474394,0.692017,0.232857,0.250116,0.49723,0.260981,0.500883,0.576229,0.565549,0.272914,0.444966,0.662973,0.557147,0.260632,0.662324,0.311584,0.801981,0.495585,0.357705,0.569621,0.489766,0.563346,0.6698,0.593278,0.421622,0.567725,0.261236,0.703338,0.497566,0.48894,0.577804,0.582298,0.756972,0.689919,0.338978,0.538469,0.371412,0.36952,0.260291,0.41897,0.224259,0.319497,0.49076,0.500482,0.481739,0.469032,0.214719,0.339621,0.309047,0.391272,0.367564,0.221275,0.653993,0.650649
sedu_es_9ef-D24-01,0.488978,0.422471,0.624414,0.356494,0.457995,0.644988,0.487342,0.44279,0.173396,0.166073,0.646296,0.718753,0.470397,0.349569,0.459833,0.244175,0.249688,0.41136,0.788909,0.331145,0.499404,0.264666,0.481387,0.39229,0.582487,0.332789,0.593082,0.317966,0.365002,0.459548,0.09472,0.179609,0.111216,0.517914,0.441504,0.308915,0.223703,0.159345,0.489817,0.373479,0.24259,0.757774,0.403992,0.633907,0.154529,0.358445,0.353568,0.559117,0.538775,0.388004,0.407569,0.441186,0.438982,0.660024,0.217195,0.644326,0.531369,0.325961,0.412925,0.221234,0.214395,0.653844,0.41547,0.336136,0.662914,0.403642,0.188311,0.502434,0.750545,0.136694,0.547821,0.427024,0.152986,0.323694,0.442064,0.386003,0.603813,0.613344,0.359078,0.511732,0.0,0.795613,0.771572,0.218221,0.291753,0.54144,0.62039,0.543678,0.537526,0.303516,0.332604,0.148006,0.253102,0.353877,0.344791,0.576533,0.482127,0.911911,0.392904,0.267295,0.115644,0.394119,0.334799,0.610983,0.75067,0.48569,0.538886,0.398921,0.369594,0.140211,0.294617,0.500141,0.754939,0.479597,0.447025,0.633444,0.381472,0.155944,0.23788,0.318543,0.505453,0.341079,0.286123,0.268385,0.437604,0.304296,0.37095,0.380409,0.359621,0.413697,0.387966,0.36264,0.447062,0.60272,0.578091,0.546227,0.497962,0.623535,0.460522,0.348602,0.430131,0.523186,0.300726,0.177315,0.310904,0.329691,0.276964,0.338095,0.46002,0.350111,0.50377,0.341632,0.492428,0.505829,0.306673,0.392114,0.369802,0.68167,0.274345,0.594909,0.381444,0.411045,0.287994,0.515363,0.493899,0.252807,0.482078,0.418,0.73492,0.415155,0.523055,0.526286,0.713854,0.130577,0.312056,0.359672,0.500642,0.454036,0.3923,0.41204,0.114508,0.284154,0.254483,0.371461,0.199068,0.430501,0.115451,0.334215,0.30455,0.578107,0.596146,0.303933,0.22599,0.445522,0.31766,0.36238,0.487059,0.435168,0.580681,0.512743,0.379054,0.513947,0.452609,0.829623,0.656407,0.591148,0.33297,0.30584,0.622526,0.309658,0.482059,0.219212,0.251862,0.598006,0.125538,0.333678,1.0,0.577909,0.351942,0.440366,0.285738,0.353021,0.308894,0.208884,0.542287,0.604575,0.754534,0.543026,0.467641,0.578662,0.469299,0.263619,0.672865,0.487286,0.297988,0.50133,0.460428,0.541397,0.273469,0.489213,0.25862,0.489519,0.680413,0.388379,0.560054,0.289929,0.440115,0.3922,0.302757,0.317086,0.428947,0.070186,0.463476,0.400093,0.298136,0.351815,0.217761,0.437457,0.450238,0.336296,0.43464,0.368137,0.327319,0.393736,0.2932,0.241423,0.363944,0.410255,0.623959,0.784575,0.48994,0.384146,0.368697,0.490898,0.292369,0.602912,0.265387,0.209117,0.167033,0.525924,0.62069,0.461228,0.399134,0.254698,0.385866,0.490624,0.493298,0.221947,0.354759,0.487885
sedu_es_9ef-D24-02,0.575484,0.436055,0.534223,0.301795,0.623088,0.559986,0.875532,0.537574,0.129263,0.482079,0.166836,0.145459,0.198465,0.251167,0.163731,0.114479,0.233348,0.354994,0.463436,0.132481,0.23127,0.214351,0.92207,0.472206,0.45772,0.648987,0.564576,0.656504,0.622826,0.356387,0.629162,0.229208,0.476217,0.164415,0.073777,0.177433,0.2309,0.370343,0.336342,0.131953,0.392575,0.450224,0.277919,0.105081,0.235698,0.726595,1.0,0.624576,0.634918,0.728281,0.587218,0.689836,0.826656,0.975586,0.591083,0.583508,0.13492,0.186033,0.1903,0.273415,0.268413,0.498832,0.303224,0.430164,0.378664,0.17957,0.260806,0.457697,0.358093,0.165957,0.335319,0.123303,0.213978,0.708856,0.928306,0.700244,0.664546,0.477808,0.568479,0.475873,0.323493,0.943357,0.901983,0.652121,0.582586,0.66474,0.529635,0.786629,0.20106,0.169335,0.350491,0.269628,0.301041,0.478448,0.204196,0.248735,0.275185,0.229412,0.2487,0.13972,0.117534,0.939228,0.842022,0.760274,0.82051,0.863316,0.637049,0.809039,0.837326,0.486041,0.47251,0.495642,0.374624,0.514227,0.192405,0.294761,0.184557,0.262484,0.426233,0.357736,0.329593,0.315578,0.167221,0.246868,0.117311,0.08784,0.855641,0.88167,0.601285,0.57199,0.745543,0.334516,0.621801,0.862619,0.874189,0.84628,0.841565,0.722928,0.537272,0.676012,0.475088,0.550939,0.366131,0.240355,0.427911,0.300251,0.310584,0.285404,0.343791,0.321013,0.335633,0.255413,0.185815,0.175089,0.390299,0.540287,0.225991,0.061931,0.080881,0.148508,0.666089,0.499738,0.534522,0.782678,0.397207,0.331129,0.371893,0.61683,0.672746,0.62996,0.783081,0.759922,0.403387,0.246295,0.647138,0.543588,0.480938,0.5383,0.598329,0.315335,0.187059,0.2878,0.301649,0.459942,0.185215,0.423316,0.301382,0.416323,0.301941,0.547997,0.639984,0.498407,0.600199,0.206763,0.20618,0.05305,0.071448,0.638234,0.439425,0.708302,0.538501,0.622089,0.65395,0.560001,0.379197,0.391325,0.499886,0.560497,0.472458,0.342502,0.479188,0.359817,0.273285,0.374014,0.233348,0.46117,0.408351,0.396198,0.566484,0.048824,0.137922,0.154911,0.002194,0.053598,0.629314,0.882391,0.798055,0.663884,0.461486,0.25571,0.312293,0.352794,0.463771,0.425553,0.363664,0.344776,0.370505,0.488692,0.369304,0.372076,0.165996,0.351439,0.451308,0.161045,0.17729,0.099888,0.054828,0.157663,0.138706,0.214392,0.305426,0.197497,0.046449,0.202706,0.0,0.254278,0.373012,0.424789,0.213364,0.46109,0.306534,0.25577,0.311514,0.335932,0.328369,0.429198,0.278002,0.312247,0.385796,0.302913,0.29859,0.258536,0.417677,0.376116,0.240072,0.254487,0.275295,0.178851,0.078424,0.468066,0.374564,0.435878,0.426941,0.180303,0.307994,0.527199,0.383534,0.209715,0.264622,0.233141
sedu_es_9ef-D24-03,0.684494,0.526983,0.592138,0.33891,0.74327,0.590543,0.952224,0.677815,0.181067,0.485213,0.176988,0.193157,0.230162,0.281585,0.218431,0.117721,0.241377,0.36914,0.439682,0.07319,0.247641,0.264955,0.885247,0.513413,0.497702,0.743672,0.618187,0.755233,0.656188,0.421102,0.618292,0.260607,0.440438,0.177782,0.13835,0.239668,0.247801,0.346851,0.276332,0.14853,0.30516,0.412653,0.18512,0.211581,0.234593,0.788657,1.0,0.654635,0.712972,0.790135,0.640969,0.743607,0.815396,0.944876,0.604165,0.68087,0.123569,0.289529,0.198664,0.277937,0.268956,0.417056,0.26583,0.365328,0.339853,0.173598,0.207984,0.437116,0.351806,0.084023,0.45023,0.248498,0.266788,0.752596,0.938602,0.754496,0.722863,0.496628,0.586634,0.558357,0.357771,0.863886,0.876808,0.644143,0.595079,0.695437,0.604357,0.793851,0.198017,0.194098,0.380722,0.323148,0.273156,0.456244,0.176989,0.247674,0.240956,0.279903,0.166581,0.259389,0.192068,0.926137,0.838574,0.76953,0.814112,0.858774,0.545617,0.845634,0.805626,0.529413,0.483211,0.514631,0.390884,0.58339,0.187647,0.27882,0.21696,0.298883,0.385578,0.375114,0.32825,0.290497,0.097461,0.126359,0.195913,0.14766,0.888927,0.809397,0.627078,0.649148,0.791027,0.3521,0.616641,0.85631,0.872212,0.871469,0.818055,0.748858,0.494293,0.631989,0.523482,0.58419,0.347554,0.279431,0.384728,0.293501,0.313554,0.308944,0.403714,0.34133,0.271226,0.182716,0.152852,0.160342,0.358695,0.450509,0.235511,0.130624,0.151265,0.185985,0.683548,0.459075,0.662984,0.867504,0.428207,0.335601,0.4042,0.609938,0.702934,0.741926,0.808127,0.828924,0.37884,0.282551,0.637563,0.536051,0.494559,0.511572,0.573932,0.289645,0.225101,0.295605,0.263977,0.414652,0.156471,0.447871,0.317042,0.435289,0.255142,0.534421,0.607666,0.493272,0.560309,0.158918,0.185229,0.144765,0.091566,0.67698,0.421759,0.722337,0.521692,0.559478,0.665567,0.567726,0.476671,0.540561,0.561388,0.597728,0.46925,0.36046,0.382899,0.360136,0.315713,0.404047,0.271332,0.434883,0.373295,0.44263,0.474424,0.103083,0.157614,0.136817,0.0,0.075136,0.548146,0.886254,0.827249,0.749074,0.372687,0.323767,0.298587,0.368813,0.57619,0.382354,0.354985,0.349859,0.323294,0.502607,0.448424,0.34704,0.164898,0.326031,0.462203,0.114094,0.149117,0.115369,0.126252,0.158427,0.161685,0.229775,0.286325,0.231689,0.011938,0.194658,0.022951,0.248407,0.375961,0.512498,0.154799,0.393502,0.294955,0.270306,0.307378,0.356192,0.318208,0.487335,0.239506,0.242065,0.385773,0.269686,0.342165,0.249473,0.440258,0.492351,0.20003,0.346129,0.265859,0.283217,0.130341,0.567768,0.565115,0.387764,0.36136,0.242703,0.338624,0.495328,0.331574,0.146709,0.328348,0.194042
sedu_es_9ef-D24-04,0.496662,0.487942,0.531415,0.446399,0.363976,0.63019,0.467451,0.339266,0.181823,0.170049,0.426492,0.445909,0.424522,0.318204,0.418413,0.266679,0.266967,0.490149,0.784661,0.420224,0.518128,0.320901,0.422083,0.484532,0.48896,0.414151,0.518966,0.275917,0.389033,0.414669,0.152422,0.249243,0.10964,0.358301,0.460302,0.283493,0.232953,0.157736,0.600635,0.291952,0.186997,0.778581,0.569075,0.59913,0.166801,0.424251,0.42615,0.540828,0.347863,0.267861,0.318344,0.426074,0.48165,0.525233,0.212286,0.550622,0.357385,0.296797,0.427653,0.243954,0.218869,0.784525,0.506086,0.324678,0.748824,0.342985,0.174262,0.334827,0.778727,0.336819,0.506109,0.387193,0.138996,0.388787,0.45937,0.28173,0.498921,0.645776,0.386849,0.421133,0.102887,0.853171,0.778637,0.286594,0.359594,0.45356,0.576942,0.574385,0.372924,0.242656,0.254496,0.089246,0.313622,0.452973,0.318173,0.546858,0.502296,0.903397,0.514711,0.229206,0.118095,0.437503,0.384278,0.616131,0.79734,0.475287,0.645253,0.296456,0.326851,0.228099,0.413181,0.396512,0.771042,0.456276,0.350406,0.565334,0.382646,0.146666,0.300229,0.352252,0.477716,0.403535,0.487029,0.49068,0.419586,0.309125,0.336792,0.382817,0.315427,0.340643,0.445339,0.372274,0.511118,0.578806,0.563527,0.519194,0.51926,0.670378,0.508645,0.321437,0.437966,0.458068,0.277824,0.179579,0.38429,0.372972,0.322671,0.291772,0.300734,0.373213,0.477606,0.443412,0.439821,0.581008,0.221528,0.597387,0.426956,0.684132,0.316596,0.52163,0.386683,0.437863,0.18474,0.519743,0.465985,0.299958,0.451788,0.495683,0.678958,0.367558,0.622089,0.590552,0.632624,0.104932,0.390209,0.391121,0.447319,0.563546,0.3587,0.433154,0.025483,0.196962,0.185203,0.484035,0.244464,0.484237,0.121586,0.449274,0.376058,0.645582,0.646727,0.353227,0.335893,0.579102,0.338235,0.373394,0.529679,0.457167,0.653031,0.534424,0.403021,0.724744,0.468664,0.732526,0.492578,0.403392,0.325659,0.370216,0.567914,0.358106,0.606266,0.215494,0.261245,0.448341,0.0,0.351655,1.0,0.669073,0.512367,0.423673,0.279507,0.343092,0.402594,0.288114,0.613552,0.596199,0.83464,0.533517,0.519712,0.556073,0.462264,0.323161,0.576945,0.508697,0.168572,0.468065,0.348822,0.346141,0.258774,0.299192,0.238096,0.553365,0.641882,0.513995,0.502539,0.320376,0.481242,0.381176,0.297687,0.262292,0.530804,0.098131,0.512808,0.340941,0.32918,0.427762,0.150544,0.407588,0.594187,0.360253,0.409868,0.301712,0.39611,0.3572,0.266878,0.366622,0.436868,0.557643,0.581913,0.850214,0.522053,0.343209,0.349881,0.353383,0.375131,0.484759,0.285449,0.16614,0.247308,0.523734,0.486177,0.449875,0.486554,0.123173,0.322499,0.393669,0.386164,0.129566,0.273922,0.510129
sedu_es_9ef-D25-01,0.532259,0.797696,0.939311,0.534223,0.558038,0.83246,0.470978,0.720912,0.547402,0.792975,0.738171,0.769121,0.61871,0.639976,0.465417,0.364318,0.184651,0.252938,0.474727,0.606122,0.665487,0.416627,0.409225,0.362224,0.948804,0.330214,0.844621,0.61706,0.588964,0.532668,0.377263,0.822552,0.742721,0.654005,0.370131,0.640165,0.726395,0.200211,0.0,0.078002,0.269887,0.355116,0.442044,0.760788,0.229952,0.357424,0.344407,0.715858,0.675658,0.462218,0.690068,0.62828,0.549026,0.842075,0.660208,0.755279,0.621899,0.594958,0.672034,0.603684,0.660983,0.69672,0.198336,0.076144,0.148638,0.886758,0.12936,0.35114,0.422993,0.403842,0.706126,0.643947,0.200879,0.342667,0.447806,0.491228,0.758388,0.764694,0.496261,0.647115,0.348699,0.454549,0.371336,0.484817,0.60166,0.81547,1.0,0.498529,0.716967,0.628033,0.620638,0.508867,0.116,0.666005,0.22313,0.265144,0.094594,0.301573,0.524407,0.585812,0.090443,0.273774,0.19586,0.739839,0.791734,0.545561,0.641192,0.376505,0.240104,0.502772,0.684392,0.840875,0.344153,0.664673,0.25313,0.476594,0.625366,0.518013,0.56326,0.325712,0.771395,0.374215,0.509909,0.497432,0.577638,0.296147,0.380313,0.226094,0.377653,0.561312,0.640677,0.585603,0.706146,0.700887,0.511708,0.709699,0.440288,0.612027,0.378828,0.59873,0.750244,0.535431,0.560275,0.470616,0.621778,0.720054,0.466604,0.297701,0.69121,0.2836,0.825668,0.571023,0.45381,0.50467,0.722997,0.513986,0.567006,0.570523,0.320243,0.691043,0.301452,0.460721,0.517794,0.525272,0.518748,0.745514,0.828196,0.769773,0.839752,0.681345,0.650861,0.634697,0.938626,0.633779,0.770166,0.847698,0.7045,0.601063,0.217793,0.783026,0.525669,0.655451,0.423522,0.540189,0.535378,0.694017,0.306262,0.666785,0.474651,0.342311,0.649553,0.534965,0.392868,0.418485,0.46755,0.348161,0.620836,0.448433,0.710399,0.769186,0.421899,0.379683,0.761288,0.680324,0.682291,0.469222,0.808591,0.69409,0.923348,0.531249,0.679558,0.271058,0.368758,0.75552,0.429427,0.522638,0.484558,0.690512,0.580921,0.668278,0.469475,0.466911,0.127884,0.41138,0.590079,0.409776,0.467525,0.430103,0.408791,0.828553,0.284568,0.372093,0.860342,0.813146,0.484037,0.840767,0.56729,0.583815,0.59831,0.277664,0.689036,0.24934,0.636575,0.612285,0.570627,0.463066,0.38521,0.44864,0.453584,0.190801,0.410527,0.49025,0.31227,0.274183,0.263375,0.40026,0.307438,0.42465,0.755335,0.537791,0.374837,0.503813,0.335946,0.680638,0.313875,0.546065,0.544369,0.576617,0.666031,0.480151,0.516203,0.548312,0.484422,0.490866,0.559123,0.819598,0.346139,0.41155,0.609774,0.896452,0.87587,0.559952,0.447495,0.511072,0.699208,0.650088,0.625138,0.332806,0.801593,0.575527
sedu_es_9ef-D25-02,0.460607,0.475381,0.566004,0.236917,0.607323,0.642141,0.602493,0.537419,0.061917,0.591932,0.197064,0.245955,0.248971,0.194143,0.248579,0.037858,0.18689,0.177673,0.595363,0.220939,0.183063,0.301497,0.627288,0.380097,0.522474,0.542356,0.558378,0.649357,0.599496,0.359293,0.571082,0.393372,0.469498,0.240922,0.104732,0.225717,0.198039,0.364607,0.376485,0.106777,0.365831,0.58663,0.360122,0.159771,0.20658,0.586495,0.662315,0.574051,0.572218,0.663556,0.640157,0.710286,0.847803,0.934619,0.718359,0.718979,0.168834,0.209314,0.320959,0.249519,0.147034,0.662586,0.410091,0.438529,0.378801,0.16975,0.183419,0.48567,0.557021,0.235793,0.422367,0.17697,0.125639,0.451633,0.682491,0.668941,0.627003,0.55417,0.556329,0.675794,0.240479,0.885798,0.750649,0.755263,0.733851,0.687328,0.826325,0.889269,0.149169,0.310561,0.339925,0.301882,0.412196,0.395267,0.196526,0.418046,0.268989,0.302699,0.330229,0.151652,0.0,0.551832,0.505988,0.725603,0.995957,0.77417,0.594403,0.689039,0.693441,0.466952,0.742908,0.811647,0.467609,0.691084,0.20459,0.348122,0.31494,0.122348,0.302556,0.508286,0.475508,0.457523,0.335194,0.46486,0.243625,0.091452,0.584985,0.581443,0.540628,0.661298,0.809309,0.419332,0.737404,0.852068,0.842569,0.934154,0.791813,0.6962,0.561499,0.838961,0.652967,0.468753,0.442357,0.180449,0.533302,0.327397,0.116047,0.153698,0.431775,0.491769,0.367558,0.232689,0.251889,0.107849,0.467508,0.680308,0.233721,0.158476,0.114979,0.228909,0.647639,0.54238,0.371692,0.713396,0.453519,0.561359,0.499348,0.736947,1.0,0.584454,0.817671,0.842768,0.604898,0.278993,0.919219,0.913436,0.890176,0.915188,0.530961,0.490506,0.162423,0.300355,0.421175,0.573141,0.22969,0.559653,0.350614,0.550084,0.446769,0.628272,0.699875,0.613637,0.562515,0.294243,0.561775,0.071307,0.090693,0.627799,0.663792,0.778448,0.509933,0.718971,0.881534,0.845224,0.555544,0.753314,0.575543,0.623986,0.880465,0.404541,0.585807,0.284966,0.26879,0.518871,0.211556,0.588609,0.603246,0.553219,0.793124,0.07792,0.368649,0.431288,0.071219,0.159657,0.659937,0.695972,0.755706,0.648443,0.529009,0.544111,0.435709,0.511916,0.899845,0.655979,0.504731,0.706968,0.634406,0.841963,0.422819,0.457881,0.141139,0.392475,0.627821,0.415149,0.079114,0.161078,0.174216,0.173875,0.153101,0.385083,0.330492,0.230822,0.167884,0.282588,0.07279,0.268093,0.490294,0.543027,0.470022,0.691074,0.639014,0.489939,0.286294,0.633068,0.373195,0.37357,0.460362,0.568885,0.504086,0.559303,0.372336,0.532129,0.554358,0.558807,0.434495,0.424692,0.318181,0.306907,0.199641,0.722215,0.773985,0.395729,0.662505,0.286928,0.456939,0.724938,0.706096,0.060927,0.420692,0.474763
sedu_es_9ef-D25-03,0.455092,0.523642,0.681816,0.436096,0.60466,0.715446,0.761314,0.685186,0.147299,0.597423,0.226967,0.244925,0.306967,0.407969,0.2179,0.07021,0.127767,0.244363,0.562128,0.20584,0.280342,0.295136,0.662121,0.373579,0.630211,0.474045,0.768165,0.77052,0.773632,0.516228,0.461388,0.512533,0.545386,0.192508,0.101938,0.339735,0.441458,0.352317,0.164679,0.058836,0.194626,0.366139,0.283515,0.189219,0.211975,0.639153,0.725685,0.830097,0.641971,0.786802,0.799248,0.866195,0.767769,0.953019,0.618381,0.771521,0.253106,0.334129,0.363313,0.39962,0.368305,0.597258,0.296549,0.345435,0.174125,0.365321,0.148185,0.445478,0.30526,0.075776,0.414966,0.284044,0.124909,0.559199,0.863846,0.74854,0.781934,0.637764,0.749399,0.710064,0.274933,0.881914,0.735206,0.574906,0.54176,0.841562,0.781651,0.768424,0.337041,0.306387,0.550453,0.50325,0.276398,0.647681,0.210017,0.157809,0.018133,0.128239,0.220517,0.255795,0.0,0.705861,0.701833,0.791492,0.888127,0.741615,0.784044,0.826175,0.775764,0.55175,0.606088,0.867975,0.317956,0.751895,0.177757,0.373111,0.316477,0.331447,0.518331,0.350847,0.502554,0.364604,0.22866,0.273031,0.238202,0.142992,0.744092,0.610702,0.659582,0.66487,0.759826,0.477184,0.770012,0.850033,0.854011,0.964904,0.879435,0.62475,0.649948,0.839451,0.713993,0.576042,0.41972,0.344526,0.524436,0.476242,0.36943,0.35486,0.52927,0.409155,0.485185,0.384824,0.147685,0.181956,0.495699,0.522943,0.123366,0.188589,0.253025,0.205181,0.61255,0.621558,0.407305,0.765153,0.456629,0.570758,0.516433,0.796651,1.0,0.564252,0.840177,0.826649,0.616176,0.523519,0.848746,0.844438,0.780121,0.863924,0.521366,0.512634,0.408409,0.478896,0.427015,0.623892,0.385008,0.684017,0.376926,0.673664,0.521111,0.608785,0.815714,0.698483,0.650491,0.221225,0.297995,0.129826,0.129794,0.687782,0.51079,0.915,0.534508,0.424498,0.939793,0.74108,0.663544,0.588693,0.553104,0.52466,0.768825,0.476635,0.64417,0.417384,0.373802,0.626208,0.394218,0.718024,0.432266,0.55817,0.637921,0.179721,0.182419,0.140402,0.017206,0.11461,0.724136,0.718071,0.754567,0.647285,0.557126,0.516443,0.16211,0.367371,0.857532,0.602989,0.558836,0.616128,0.631631,0.717491,0.548197,0.397812,0.34816,0.233352,0.65985,0.209042,0.146697,0.046864,0.12947,0.175279,0.132382,0.163407,0.272619,0.37351,0.051366,0.224296,0.0084,0.436412,0.625035,0.564358,0.376527,0.652512,0.32471,0.524769,0.335663,0.607018,0.402261,0.528632,0.319822,0.381635,0.548877,0.305749,0.295185,0.342049,0.740718,0.671695,0.34076,0.446097,0.472635,0.276917,0.168712,0.78355,0.70236,0.535549,0.490021,0.432622,0.406348,0.742598,0.551019,0.215825,0.363985,0.267515
sedu_es_9ef-D25-04,0.535161,0.652048,0.647483,0.227064,0.747095,0.715535,0.798894,0.632962,0.039337,0.628931,0.143492,0.183118,0.081583,0.220701,0.170041,0.08509,0.1334,0.158441,0.35544,0.17392,0.315006,0.237565,0.753133,0.558613,0.600929,0.688487,0.604741,0.805334,0.735409,0.391948,0.70402,0.408242,0.62025,0.165923,0.226228,0.128091,0.230231,0.317599,0.284192,0.168582,0.278338,0.39692,0.295224,0.170818,0.263236,0.586549,0.775277,0.624317,0.63086,0.734452,0.725548,0.842378,0.83128,1.0,0.83393,0.542757,0.145312,0.098229,0.302346,0.330908,0.199237,0.486815,0.331208,0.314768,0.293758,0.203999,0.200433,0.342873,0.370459,0.292723,0.493424,0.108044,0.255731,0.595283,0.699869,0.738989,0.777025,0.909489,0.605056,0.622715,0.398326,0.772564,0.577967,0.755821,0.649375,0.817009,0.692201,0.887058,0.185436,0.260158,0.442269,0.313296,0.182898,0.452025,0.282122,0.09188,0.255646,0.223584,0.393185,0.205598,0.139048,0.659653,0.574831,0.634157,0.918217,0.793447,0.599979,0.740508,0.696349,0.613201,0.504234,0.73831,0.444585,0.53506,0.120161,0.263719,0.277449,0.24333,0.37433,0.301743,0.407456,0.248998,0.355153,0.456819,0.10063,0.159512,0.703743,0.564068,0.599793,0.634151,0.766774,0.30085,0.665222,0.75835,0.812013,0.86348,0.917704,0.818662,0.486745,0.657049,0.571409,0.574679,0.380024,0.293772,0.485656,0.356562,0.268911,0.372272,0.622346,0.383937,0.337832,0.279921,0.290401,0.181146,0.423002,0.594861,0.339484,0.108465,0.049984,0.280247,0.667468,0.480494,0.553483,0.939576,0.625574,0.605712,0.63163,0.778484,0.692889,0.686505,0.839611,0.954763,0.29658,0.394135,0.816441,0.82384,0.572889,0.740406,0.5466,0.339166,0.19858,0.347422,0.48487,0.524997,0.157546,0.570924,0.436239,0.522314,0.334228,0.514316,0.721383,0.603244,0.431905,0.386375,0.10691,0.0,0.153987,0.638963,0.542462,0.850074,0.480985,0.713157,0.992216,0.676324,0.538476,0.626367,0.733629,0.812551,0.583515,0.443762,0.514014,0.389076,0.431495,0.416957,0.227532,0.536794,0.475368,0.490409,0.728593,0.184501,0.315339,0.089973,0.000609,0.220933,0.513535,0.668298,0.852485,0.755607,0.416938,0.502547,0.2901,0.354958,0.706409,0.621118,0.451879,0.596468,0.384381,0.633369,0.518571,0.465207,0.21937,0.251955,0.631985,0.386868,0.146921,0.193196,0.064479,0.140867,0.122621,0.07995,0.192578,0.172637,0.117929,0.248392,0.087211,0.328064,0.43201,0.581239,0.445324,0.608692,0.431659,0.369362,0.401695,0.409968,0.335454,0.593366,0.425785,0.530323,0.283852,0.365357,0.515937,0.280129,0.595794,0.519158,0.466003,0.478121,0.332521,0.268619,0.230411,0.721355,0.660741,0.604853,0.488913,0.338864,0.482419,0.809402,0.67866,0.140908,0.401595,0.419438
sedu_es_9ef-D26-01,0.36725,0.549131,0.966851,0.524977,0.615019,0.664378,0.775626,0.767777,0.437649,0.573159,0.568958,0.425442,0.638139,0.422225,0.695401,0.157298,0.152806,0.25105,0.397359,0.065309,0.304713,0.45987,0.550125,0.714251,0.858255,0.856802,0.646118,0.810446,0.938633,0.784557,0.546687,0.499713,0.656646,0.440667,0.301847,0.604134,0.505308,0.768794,0.532492,0.149732,0.40824,0.28756,0.115907,0.388445,0.46713,0.591488,0.646414,0.669834,0.579387,0.691565,0.731942,0.885377,0.767553,1.0,0.546814,0.579685,0.547529,0.59937,0.619655,0.61299,0.543497,0.441938,0.643447,0.628539,0.503053,0.556184,0.255226,0.507621,0.346707,0.165154,0.503286,0.244548,0.440114,0.710533,0.637358,0.69425,0.695813,0.598387,0.655376,0.634993,0.659377,0.614963,0.509183,0.536057,0.566872,0.709751,0.630816,0.674637,0.637055,0.44384,0.587407,0.632967,0.538166,0.894896,0.363619,0.099841,0.183234,0.29727,0.177491,0.365724,0.243124,0.601324,0.466353,0.669902,0.745535,0.451487,0.601944,0.677494,0.656689,0.762235,0.581843,0.629673,0.647205,0.729525,0.422952,0.416631,0.587713,0.68955,0.692851,0.574358,0.825852,0.616832,0.320336,0.239316,0.181224,0.265485,0.618279,0.335769,0.585857,0.503136,0.656422,0.535554,0.663558,0.428521,0.785298,0.632464,0.484463,0.811437,0.42052,0.611015,0.746571,0.703099,0.659267,0.513798,0.618429,0.50226,0.782906,0.624657,0.801516,0.680388,0.713975,0.496698,0.36103,0.601417,0.735129,0.419409,0.152831,0.217406,0.170851,0.324191,0.688795,0.39183,0.467771,0.800993,0.544414,0.547524,0.552264,0.617548,0.643793,0.531036,0.682411,0.682694,0.394449,0.50948,0.50801,0.523757,0.589737,0.508527,0.693607,0.581818,0.594655,0.789883,0.688363,0.872132,0.537456,0.784884,0.726756,0.70734,0.459126,0.796981,0.733734,0.737629,0.451354,0.266852,0.166819,0.202568,0.189116,0.555131,0.364157,0.80948,0.509464,0.352313,0.732947,0.660588,0.572991,0.443148,0.49657,0.563527,0.575462,0.465948,0.602519,0.663034,0.453603,0.580291,0.566883,0.760293,0.574336,0.897333,0.644461,0.318542,0.270649,0.267395,0.0,0.189463,0.868575,0.602985,0.585945,0.689037,0.294141,0.262094,0.441087,0.442379,0.561912,0.848826,0.50229,0.653481,0.501138,0.695132,0.692378,0.694028,0.700326,0.364017,0.691451,0.19496,0.00494,0.130698,0.118579,0.165954,0.013966,0.116136,0.158055,0.571697,0.316231,0.341072,0.163883,0.39206,0.499877,0.469329,0.265258,0.451616,0.244576,0.430518,0.74683,0.507836,0.742586,0.673955,0.358232,0.391191,0.247195,0.33939,0.358059,0.413953,0.351192,0.426325,0.275827,0.234899,0.245226,0.206052,0.229318,0.576387,0.547561,0.491525,0.723171,0.598985,0.511189,0.479254,0.41007,0.420677,0.412159,0.305076
sedu_es_9ef-D26-02,0.375539,0.587082,0.6396,0.317674,0.551,0.666224,0.50054,0.452307,0.151826,0.208239,0.722898,0.726613,0.470635,0.238447,0.807545,0.112041,0.034055,0.038972,0.104611,0.29292,0.320892,0.410544,0.436488,0.63217,0.554383,0.506553,0.49046,0.576861,0.667209,0.640775,0.468997,0.167873,0.174793,0.615746,0.177242,0.574277,0.312083,0.778275,0.564077,0.141672,0.415439,0.173767,0.180632,0.47901,0.431055,0.339871,0.226721,0.544216,0.583262,0.610598,0.499884,0.659103,0.661984,0.440011,0.281507,0.524945,0.645279,0.502621,0.851354,0.412999,0.386157,0.468772,0.797135,0.647241,0.399703,0.494318,0.344129,0.269794,0.27459,0.201645,0.485426,0.465397,0.406827,0.506334,0.508939,0.559552,0.638038,0.674346,0.707839,0.585403,0.399652,0.203114,0.285393,0.207539,0.322957,0.557306,0.484288,0.440203,0.715827,0.70831,0.442315,0.348689,0.645297,0.644914,0.286517,0.34886,0.245751,0.143713,0.187972,0.364758,0.315688,0.370307,0.21358,0.426695,0.329583,0.291253,0.39532,0.430056,0.441555,0.604646,0.513693,0.51227,0.695601,0.546623,0.60696,0.44381,0.813944,0.527617,0.717078,0.899931,0.643626,0.6711,0.302687,0.114743,0.504096,0.322219,0.340302,0.225645,0.479316,0.313878,0.428028,0.677293,0.282547,0.342862,0.469216,0.47953,0.445513,0.874352,0.511173,0.382689,0.564007,0.572359,0.738381,0.24755,0.520267,0.3851,0.861749,0.726971,0.792501,0.725476,0.747478,0.738186,0.760327,0.824678,0.802485,0.294845,0.106972,0.557529,0.293345,0.526904,0.564175,0.540583,0.488673,0.833719,0.525664,0.455658,0.553125,0.394034,0.421397,0.503845,0.590707,0.642074,0.276578,0.119504,0.30229,0.177615,0.548513,0.294406,0.597177,0.436627,0.41291,0.849159,0.432556,0.788175,0.868977,0.73072,0.505937,0.672823,0.586558,0.682622,0.620333,0.55265,0.542059,0.498256,0.333944,0.600226,0.641812,0.571813,0.773536,0.694067,0.794226,0.0,0.409729,0.299874,0.592359,0.410086,0.231834,0.275941,0.497562,0.813695,0.371632,0.698244,0.643467,0.970477,0.351393,0.711526,0.551174,0.876591,0.494834,0.420931,0.231439,0.305977,0.247765,0.459912,0.768254,0.370132,0.574043,0.674558,0.469769,0.27307,0.723773,0.726317,0.245971,0.500883,0.596642,0.66706,0.398411,0.334102,0.627233,0.589488,0.576972,0.621135,0.746126,0.246115,0.259874,0.415479,0.518292,0.517599,0.366206,0.475295,0.414527,0.458502,0.46038,0.952555,0.541697,0.563023,0.449192,0.698147,0.557988,0.614859,0.61759,0.531463,0.766601,0.554714,0.779541,0.748789,0.391567,0.417264,0.316796,1.0,0.389945,0.63284,0.330782,0.337221,0.585138,0.585481,0.18517,0.526758,0.400462,0.556609,0.512051,0.615956,0.544042,0.762843,0.664139,0.402738,0.476948,0.611409,0.471007,0.459635
sedu_es_9ef-D26-03,0.18763,0.512929,0.761465,0.710389,0.390011,0.617612,0.723936,0.542666,0.403762,0.256772,0.148275,0.18665,0.349905,0.210207,0.393541,0.0,0.107334,0.233324,0.972842,0.046828,0.380002,0.444367,0.495843,0.856794,0.641311,0.620451,0.520084,0.505814,0.638497,0.545817,0.269534,0.15716,0.342944,0.132471,0.305611,0.222394,0.244988,0.299398,0.521775,0.153683,0.187292,0.938637,0.172024,0.374026,0.405224,0.543698,0.538398,0.56955,0.354105,0.438409,0.523823,0.58074,0.467019,0.589944,0.274209,0.285486,0.291526,0.221266,0.295906,0.373311,0.319111,0.608534,0.399027,0.437477,0.600036,0.341209,0.210112,0.307438,1.0,0.299462,0.42253,0.287601,0.365435,0.525616,0.418626,0.439361,0.549914,0.577849,0.492266,0.372044,0.494382,0.703919,0.858085,0.306722,0.298668,0.540656,0.359511,0.297312,0.29881,0.160499,0.35561,0.32279,0.435634,0.554324,0.27405,0.326601,0.331911,0.754554,0.299805,0.318661,0.247966,0.592074,0.480627,0.537165,0.608302,0.585154,0.599709,0.460714,0.444932,0.48643,0.230946,0.197956,0.80288,0.363691,0.222948,0.315659,0.334427,0.26973,0.400537,0.34918,0.440619,0.311442,0.357507,0.282629,0.239106,0.283798,0.477817,0.424674,0.410764,0.146617,0.460967,0.300362,0.449008,0.551893,0.523703,0.520297,0.606936,0.572926,0.497301,0.233356,0.440411,0.364433,0.218534,0.231858,0.369072,0.300967,0.426154,0.477559,0.297033,0.304884,0.295464,0.328436,0.209761,0.248273,0.31281,0.476326,0.366656,0.246774,0.282927,0.290971,0.402875,0.445799,0.432541,0.580727,0.273092,0.274065,0.405242,0.460398,0.394477,0.545269,0.624466,0.584404,0.134576,0.141249,0.273428,0.234327,0.282426,0.231006,0.389984,0.242723,0.296043,0.292535,0.213723,0.415072,0.129133,0.377988,0.191201,0.346736,0.378857,0.492896,0.484485,0.439599,0.261582,0.458846,0.18358,0.230523,0.385775,0.407649,0.311511,0.666254,0.427683,0.407632,0.439321,0.343992,0.348901,0.139532,0.332794,0.318979,0.249701,0.317965,0.38698,0.433203,0.177127,0.301279,0.284452,0.396211,0.336523,0.484694,0.460382,0.408718,0.299421,0.252392,0.236523,0.2554,0.487818,0.426378,0.709253,0.574086,0.4357,0.24535,0.185746,0.277632,0.397429,0.332452,0.267984,0.280009,0.296017,0.387901,0.295416,0.344053,0.284295,0.33705,0.470745,0.246003,0.261131,0.215405,0.260816,0.237475,0.259743,0.212331,0.371828,0.179225,0.354073,0.252225,0.204364,0.439581,0.272548,0.40676,0.348993,0.339957,0.206194,0.208347,0.447086,0.316637,0.430553,0.402817,0.285843,0.387673,0.344977,0.268624,0.336068,0.347605,0.277268,0.247458,0.094521,0.333655,0.066222,0.264105,0.28533,0.341133,0.254837,0.529017,0.508374,0.147821,0.237496,0.384329,0.179867,0.196648,0.362444,0.310978
sedu_es_9ef-D26-04,0.324565,0.530256,0.569408,0.4842,0.343698,0.591905,0.446238,0.316193,0.162271,0.1243,0.353312,0.324852,0.36115,0.214336,0.408347,0.178095,0.38502,0.356069,0.359904,0.130642,0.5502,0.42649,0.432102,0.573329,0.509984,0.348272,0.482559,0.273002,0.339202,0.303539,0.156965,0.061058,0.184543,0.39377,0.297904,0.392584,0.228327,0.47375,0.698128,0.287069,0.446073,0.257903,0.142915,0.535173,0.432605,0.406873,0.462025,0.455592,0.382446,0.283739,0.353982,0.359595,0.402624,0.509747,0.222472,0.193078,0.34687,0.317306,0.438024,0.313958,0.236027,0.538414,0.602146,0.530493,0.75603,0.317556,0.442526,0.50595,0.264747,0.2098,0.447347,0.332858,0.412089,0.471349,0.407915,0.373942,0.336076,0.424908,0.21512,0.331363,0.338679,0.521188,0.451917,0.231449,0.30485,0.446167,0.315764,0.324866,0.274408,0.314961,0.322877,0.134176,0.472202,0.465522,0.508725,0.438049,0.609963,0.170546,0.31751,0.440605,0.30938,0.499716,0.362556,0.436973,0.631765,0.394401,0.560509,0.269848,0.200022,0.345255,0.234756,0.129466,0.34039,0.298347,0.400902,0.396141,0.523774,0.316742,0.207819,0.387392,0.407028,0.481905,0.408256,0.234494,0.408318,0.351148,0.297579,0.35366,0.391075,0.331877,0.416119,0.202482,0.439033,0.360144,0.522011,0.304568,0.410155,0.670678,0.240586,0.169874,0.355184,0.349489,0.412432,0.284435,0.426568,0.301272,0.209668,0.347114,0.449827,0.407477,0.322778,0.270134,0.418902,0.287572,0.342044,0.393229,0.503688,0.520519,0.330958,0.526793,0.287385,0.23699,0.38384,0.454277,0.379399,0.214373,0.522918,0.341022,0.405209,0.4503,0.376403,0.375204,0.31285,0.0,0.1558,0.217205,0.137297,0.114846,0.299958,0.281468,0.13248,0.251968,0.258001,0.388194,0.103265,0.509038,0.270197,0.437907,0.32256,0.654568,0.349056,0.302793,0.292744,0.390388,0.28982,0.348464,0.442711,0.56876,0.34675,0.382806,0.438963,0.44609,0.283062,0.408232,0.446801,0.171488,0.453287,0.468449,0.283277,0.179928,0.317473,0.260972,0.411919,0.352271,0.134647,0.381077,1.0,0.584988,0.324361,0.504218,0.36635,0.256411,0.131781,0.359335,0.377912,0.362649,0.596082,0.526395,0.237893,0.331352,0.322313,0.124319,0.304527,0.24379,0.243748,0.308773,0.277266,0.250223,0.430537,0.557677,0.284591,0.57827,0.719088,0.328228,0.309857,0.45661,0.326386,0.266146,0.281471,0.355768,0.294149,0.058361,0.210772,0.384827,0.280757,0.251608,0.203952,0.306582,0.272197,0.131945,0.340329,0.332191,0.396827,0.27651,0.340681,0.283081,0.316224,0.367075,0.449347,0.489642,0.645767,0.25165,0.113723,0.158049,0.366805,0.556459,0.063966,0.335911,0.437726,0.394525,0.334129,0.399281,0.646385,0.311629,0.401363,0.391893,0.363457,0.28247,0.460194,0.36984
sedu_es_9ef-D27-01,0.652339,0.722428,0.80385,0.401916,0.765312,0.758568,0.752465,0.72983,0.357029,0.733229,0.331894,0.365052,0.383369,0.521903,0.334509,0.151305,0.27529,0.313195,0.404626,0.259346,0.521448,0.308667,0.727647,0.456155,0.745008,0.614189,0.749703,0.77326,0.760291,0.408581,0.674817,0.57825,0.702727,0.288328,0.238397,0.4402,0.562467,0.351086,0.195907,0.165093,0.304545,0.371295,0.281551,0.460976,0.279498,0.664039,0.764066,0.772701,0.822439,0.779726,0.785246,0.863059,0.769245,1.0,0.816551,0.759778,0.258539,0.43043,0.442635,0.582739,0.475777,0.503104,0.283211,0.288088,0.286758,0.507594,0.190947,0.40381,0.374396,0.25095,0.6259,0.399612,0.287664,0.623352,0.866284,0.779086,0.843701,0.703135,0.658303,0.610842,0.417178,0.752975,0.664451,0.784673,0.682243,0.816476,0.829916,0.790672,0.358264,0.402665,0.554648,0.461368,0.259872,0.643902,0.196207,0.265526,0.258358,0.182855,0.3381,0.431362,0.201411,0.682322,0.596582,0.810407,0.947528,0.881017,0.705006,0.792119,0.693731,0.669493,0.568725,0.686748,0.408695,0.581404,0.211345,0.323762,0.454151,0.418721,0.572321,0.352031,0.52937,0.384844,0.33974,0.347417,0.350716,0.219723,0.793493,0.588841,0.628502,0.747468,0.825756,0.3888,0.730487,0.907692,0.814321,0.949507,0.797913,0.8698,0.501273,0.744024,0.654222,0.634898,0.494007,0.452698,0.614392,0.564538,0.416559,0.373503,0.547173,0.378557,0.522862,0.300722,0.25747,0.259029,0.59766,0.549413,0.518677,0.258115,0.19087,0.386272,0.643056,0.491486,0.703693,0.811136,0.508961,0.567228,0.602131,0.763752,0.776713,0.864454,0.890264,0.855114,0.571746,0.473295,0.922444,0.899467,0.67295,0.673842,0.512039,0.560632,0.360483,0.434202,0.446815,0.540471,0.354502,0.632074,0.415736,0.615091,0.391412,0.542117,0.789882,0.644534,0.519214,0.274667,0.369332,0.148583,0.342565,0.723836,0.561536,0.848614,0.500714,0.592357,0.925422,0.684992,0.56444,0.531354,0.854076,0.810448,0.773508,0.449675,0.662659,0.351434,0.444011,0.514949,0.333195,0.601373,0.44238,0.563014,0.649767,0.391942,0.352905,0.299755,0.0,0.271695,0.636816,0.731654,0.844498,0.674795,0.446661,0.564355,0.307668,0.408389,0.793757,0.628651,0.489573,0.658309,0.548529,0.637803,0.585628,0.41154,0.387808,0.312491,0.596634,0.278641,0.32044,0.397003,0.202891,0.310384,0.303796,0.16916,0.325833,0.301382,0.10709,0.249572,0.113443,0.361319,0.455401,0.518088,0.569751,0.609527,0.398327,0.444244,0.376827,0.602522,0.332756,0.643596,0.397204,0.411626,0.46011,0.37754,0.396911,0.396091,0.617809,0.590807,0.557673,0.627248,0.367459,0.434228,0.435966,0.908653,0.867253,0.566972,0.485066,0.418233,0.616407,0.692111,0.658621,0.227627,0.535148,0.372744
sedu_es_9ef-D27-02,0.477951,0.764586,0.780069,0.327795,0.772295,0.736842,0.839833,0.662177,0.415664,0.562239,0.461925,0.418376,0.376003,0.432225,0.333501,0.138006,0.193808,0.217854,0.405306,0.237598,0.452342,0.334748,0.769281,0.522111,0.683664,0.680788,0.653255,0.790402,0.801646,0.565193,0.654599,0.402393,0.579254,0.309388,0.222169,0.42438,0.457419,0.490287,0.318136,0.178352,0.437456,0.423586,0.227057,0.451304,0.314706,0.537025,0.756218,0.657814,0.766075,0.663164,0.761307,0.849138,0.785716,1.0,0.751241,0.634705,0.397152,0.415475,0.5521,0.656669,0.484244,0.648227,0.447124,0.393044,0.348762,0.509866,0.277213,0.495981,0.416936,0.305517,0.658438,0.314872,0.355933,0.621467,0.655423,0.695243,0.835697,0.874567,0.688503,0.706815,0.461071,0.78479,0.603234,0.60675,0.662216,0.894066,0.780309,0.818608,0.49084,0.482382,0.601973,0.583564,0.318626,0.7802,0.290276,0.259935,0.285234,0.195322,0.374338,0.413916,0.227595,0.668757,0.566901,0.767935,0.97713,0.825359,0.733887,0.659465,0.602281,0.680935,0.694385,0.76131,0.580828,0.723451,0.292543,0.461661,0.532618,0.455664,0.734989,0.496977,0.716817,0.485265,0.419364,0.447296,0.261959,0.246831,0.666681,0.513133,0.55162,0.611458,0.721818,0.381571,0.839779,0.742816,0.807798,0.855558,0.738294,0.846141,0.581202,0.711536,0.727319,0.769294,0.586114,0.42327,0.705743,0.594698,0.551096,0.465089,0.763295,0.47295,0.684566,0.4441,0.392092,0.278521,0.81584,0.642178,0.431497,0.2399,0.218547,0.453919,0.552226,0.540154,0.694291,0.872745,0.658943,0.663262,0.756148,0.932472,0.808266,0.810936,0.877785,0.873187,0.417837,0.445847,0.778302,0.801034,0.793217,0.773617,0.662928,0.700564,0.449088,0.587503,0.603885,0.731392,0.333312,0.740126,0.532951,0.73092,0.420462,0.712256,0.776769,0.771787,0.676162,0.373607,0.302536,0.1761,0.322247,0.656975,0.667208,0.879839,0.567526,0.691837,0.918235,0.832351,0.639019,0.651444,0.784575,0.78155,0.87697,0.566447,0.63461,0.465985,0.578353,0.56097,0.406268,0.644965,0.600615,0.757284,0.761479,0.414808,0.427868,0.283734,0.0,0.383031,0.685936,0.598594,0.81011,0.717198,0.503959,0.649492,0.389699,0.555828,0.812936,0.830926,0.615427,0.759631,0.554805,0.768014,0.676569,0.5908,0.516232,0.372901,0.646222,0.452884,0.271363,0.436707,0.251786,0.294724,0.263978,0.200081,0.292701,0.380786,0.151371,0.298902,0.186853,0.353171,0.492425,0.633726,0.550654,0.688421,0.494334,0.480658,0.494603,0.592077,0.500824,0.694819,0.446566,0.560216,0.376271,0.428003,0.52316,0.444063,0.689658,0.695865,0.63678,0.566697,0.266828,0.383431,0.456843,0.832427,0.83373,0.638251,0.704328,0.40138,0.715649,0.752993,0.760156,0.390154,0.537368,0.446738
sedu_es_9ef-D27-03,0.68031,0.754152,0.977,0.438815,0.837671,0.655422,0.781599,0.646223,0.268899,0.657426,0.257672,0.278624,0.21282,0.284604,0.424696,0.094229,0.203926,0.228554,0.31153,0.198664,0.398359,0.330921,0.847754,0.596495,0.907769,0.61884,0.643689,0.770148,0.711807,0.391261,0.723405,0.453745,0.627356,0.203665,0.077223,0.296786,0.360487,0.342186,0.235479,0.091386,0.28533,0.284102,0.252845,0.404911,0.277271,0.75967,0.862852,0.693163,0.763523,0.731397,0.728444,0.7918,0.844524,1.0,0.78755,0.707716,0.11559,0.261622,0.261083,0.444666,0.326348,0.493194,0.387891,0.274484,0.325505,0.419328,0.146033,0.39058,0.289759,0.326543,0.529885,0.369415,0.243827,0.75219,0.862956,0.748996,0.724312,0.584226,0.597678,0.572706,0.474981,0.794997,0.665984,0.812457,0.691281,0.739387,0.762902,0.816594,0.199361,0.253135,0.369499,0.276591,0.28994,0.576294,0.153756,0.200711,0.161042,0.15452,0.412549,0.35439,0.130852,0.79707,0.636593,0.846748,0.989532,0.891202,0.816204,0.753594,0.664549,0.710705,0.561667,0.564801,0.387696,0.612088,0.068696,0.137261,0.312449,0.278757,0.454328,0.374464,0.360264,0.405739,0.367288,0.36317,0.269694,0.119686,0.81104,0.61232,0.620393,0.680165,0.82427,0.331841,0.776878,0.852166,0.847795,0.901141,0.784219,0.99928,0.535419,0.691208,0.629381,0.548963,0.411977,0.328196,0.455005,0.378127,0.246812,0.232579,0.467301,0.332853,0.386188,0.207258,0.131499,0.104796,0.463063,0.635476,0.432715,0.176334,0.093137,0.279895,0.660465,0.498797,0.733509,0.89785,0.454969,0.486857,0.541872,0.766981,0.757494,0.877224,0.858196,0.846861,0.468887,0.345594,0.798212,0.840109,0.576556,0.50662,0.402964,0.346441,0.16396,0.285325,0.242384,0.406892,0.195354,0.483327,0.266836,0.461069,0.372489,0.518791,0.582314,0.509691,0.470323,0.262307,0.401686,0.087447,0.278765,0.744851,0.45711,0.822817,0.54461,0.540669,0.830305,0.472842,0.404691,0.364364,0.826984,0.841157,0.615045,0.406046,0.463635,0.215929,0.304604,0.369954,0.134228,0.462806,0.450373,0.513939,0.710319,0.372173,0.366989,0.303268,0.0,0.239344,0.560848,0.774394,0.859197,0.71271,0.454906,0.392721,0.353435,0.394414,0.62052,0.434466,0.289228,0.4837,0.336988,0.504521,0.452325,0.353882,0.249129,0.297423,0.549901,0.266313,0.169786,0.333367,0.100315,0.187058,0.231837,0.111114,0.276448,0.149491,0.109985,0.227334,0.05984,0.289862,0.314538,0.367538,0.442795,0.479836,0.276412,0.27626,0.302968,0.434602,0.267,0.601522,0.372087,0.404422,0.411745,0.337089,0.322237,0.302591,0.398929,0.360828,0.35572,0.443816,0.221187,0.354761,0.431029,0.767157,0.701673,0.444345,0.435109,0.271845,0.438614,0.567416,0.464211,0.004167,0.521658,0.324245
sedu_es_9ef-D27-04,0.459272,0.661964,0.674953,0.248812,0.724694,0.724999,0.757387,0.711059,0.22989,0.564412,0.308697,0.277253,0.274266,0.33767,0.297176,0.101272,0.155262,0.165782,0.337814,0.249796,0.3119,0.288041,0.674168,0.492896,0.627156,0.733999,0.627947,0.868117,0.831152,0.572059,0.681932,0.407987,0.621494,0.184064,0.166359,0.330551,0.37534,0.364792,0.275447,0.131893,0.265176,0.349196,0.288136,0.285687,0.310039,0.502599,0.738311,0.627736,0.715991,0.733795,0.783924,0.909447,0.796458,1.0,0.771474,0.589129,0.238174,0.34573,0.39819,0.482209,0.350479,0.464694,0.350192,0.299444,0.256889,0.331729,0.147927,0.329872,0.385962,0.328165,0.560166,0.201167,0.290588,0.592789,0.731578,0.794769,0.793449,0.783169,0.676349,0.642072,0.489366,0.678656,0.529669,0.6734,0.638353,0.832001,0.680058,0.810639,0.327492,0.341044,0.506047,0.483157,0.217571,0.565143,0.20958,0.13839,0.158125,0.212433,0.333052,0.27784,0.182496,0.614979,0.557268,0.662287,0.882708,0.731685,0.605295,0.756212,0.70538,0.72651,0.581132,0.758942,0.49748,0.718929,0.178745,0.317704,0.403481,0.357436,0.561508,0.430495,0.520937,0.3561,0.429918,0.469151,0.140962,0.185373,0.673477,0.510694,0.60508,0.68577,0.756851,0.43252,0.727485,0.681948,0.830108,0.869648,0.813895,0.84676,0.503987,0.675768,0.758866,0.621671,0.475296,0.371931,0.566626,0.458814,0.453732,0.399735,0.693289,0.486662,0.458795,0.363217,0.318698,0.238804,0.577738,0.59399,0.252359,0.180503,0.075952,0.320783,0.688202,0.50933,0.603937,0.919311,0.691303,0.680482,0.685463,0.798423,0.823111,0.713492,0.831796,0.920439,0.283488,0.439104,0.707285,0.735,0.653959,0.728971,0.617453,0.49625,0.347157,0.51901,0.542948,0.64288,0.284483,0.678442,0.492846,0.597037,0.424646,0.59817,0.709243,0.671017,0.547219,0.348264,0.165566,0.079105,0.17503,0.586186,0.610798,0.913028,0.506538,0.648524,0.906903,0.734818,0.618512,0.624931,0.699719,0.74637,0.67869,0.558156,0.601692,0.410135,0.492686,0.537896,0.3405,0.612992,0.497637,0.68362,0.719156,0.255131,0.300201,0.108297,0.0,0.242475,0.571315,0.612702,0.777921,0.735981,0.404853,0.535153,0.349938,0.462521,0.741913,0.712836,0.547045,0.690791,0.505868,0.711684,0.585721,0.463468,0.327868,0.256591,0.642754,0.382266,0.133321,0.201487,0.121082,0.184727,0.156062,0.090839,0.203288,0.307401,0.145268,0.282884,0.118538,0.33329,0.510547,0.597241,0.426573,0.598571,0.451444,0.47153,0.424199,0.577176,0.450562,0.679974,0.429495,0.553967,0.312345,0.426825,0.500613,0.332411,0.572491,0.56194,0.452286,0.487179,0.280873,0.25941,0.265087,0.723294,0.672899,0.556004,0.52181,0.428844,0.536058,0.690578,0.633459,0.257008,0.377896,0.338029
sedu_es_9ef-D28-01,0.316707,0.830696,1.0,0.973477,0.560051,0.664778,0.715493,0.801553,0.7039,0.7801,0.507453,0.442843,0.837071,0.642317,0.483968,0.257556,0.331509,0.31437,0.526261,0.245514,0.596658,0.759533,0.616188,0.993955,0.943156,0.659515,0.587105,0.636178,0.945133,0.800826,0.574039,0.685668,0.974675,0.558998,0.324269,0.703609,0.693026,0.534823,0.36269,0.269314,0.372729,0.573361,0.256758,0.720124,0.738599,0.495649,0.662379,0.616797,0.546932,0.47439,0.629042,0.838222,0.626434,0.775233,0.65019,0.472122,0.696282,0.72987,0.757585,0.716973,0.820642,0.502883,0.359556,0.399853,0.475298,0.882954,0.265381,0.513658,0.56041,0.335074,0.712727,0.431023,0.642336,0.649434,0.494128,0.535204,0.521782,0.424586,0.61959,0.533979,0.879054,0.659085,0.641456,0.695584,0.724387,0.579606,0.578951,0.46719,0.660134,0.581691,0.67492,0.768479,0.392772,0.833687,0.34562,0.214275,0.395479,0.398457,0.468687,0.548555,0.463564,0.635245,0.513044,0.660641,0.88504,0.785685,0.754049,0.571526,0.483841,0.852434,0.53691,0.389351,0.57098,0.699964,0.506191,0.552776,0.795429,0.633987,0.789268,0.416651,0.93357,0.528447,0.522926,0.403809,0.394246,0.45996,0.511308,0.557175,0.50017,0.228954,0.56186,0.541742,0.775588,0.738275,0.531273,0.68939,0.756432,0.773749,0.494808,0.482816,0.772719,0.623121,0.636336,0.635542,0.613618,0.56469,0.692888,0.57836,0.499881,0.452027,0.659396,0.523731,0.28102,0.336872,0.5668,0.525514,0.606149,0.484807,0.41155,0.394844,0.461126,0.425736,0.65572,0.683676,0.456883,0.625566,0.632993,0.683826,0.67499,0.75467,0.657639,0.672464,0.300436,0.595488,0.555368,0.670682,0.493953,0.383442,0.669121,0.757324,0.72994,0.61706,0.458875,0.637023,0.448206,0.506352,0.535362,0.470642,0.452527,0.630199,0.552885,0.702433,0.579825,0.438794,0.365758,0.330441,0.529064,0.583122,0.538628,0.744189,0.529066,0.413477,0.501384,0.678238,0.61913,0.329777,0.773445,0.690162,0.561516,0.470528,0.663135,0.578291,0.432132,0.499342,0.676138,0.603275,0.476893,0.669709,0.676533,0.806719,0.497635,0.458377,0.234195,0.472767,0.731359,0.626664,0.757103,0.683986,0.453965,0.374666,0.379773,0.361095,0.571832,0.608945,0.478207,0.555713,0.558027,0.573174,0.415932,0.535296,0.795688,0.455505,0.711105,0.419784,0.484099,0.442231,0.360212,0.360202,0.533945,0.326643,0.360095,0.696233,0.158933,0.212271,0.368766,0.341161,0.445611,0.484178,0.50855,0.46726,0.446048,0.612848,0.462721,0.551543,0.686622,0.686753,0.446144,0.547688,0.411948,0.398802,0.355798,0.438932,0.471099,0.464731,0.435691,0.630398,0.0,0.490111,0.516643,0.582689,0.497878,0.471612,0.73544,0.477973,0.57078,0.539537,0.517739,0.599106,0.561721,0.537407
sedu_es_9ef-D28-02,0.26596,0.443348,0.872564,0.477672,0.464975,0.67624,0.636029,0.448529,0.19791,0.414466,0.356031,0.311281,0.270687,0.124462,0.670399,0.120881,0.212113,0.253035,0.672451,0.31055,0.305007,0.254199,0.564848,0.681168,0.813301,0.567862,0.587407,0.563153,0.580469,0.419806,0.317901,0.206659,0.423252,0.309885,0.008973,0.257758,0.162901,0.316073,0.804478,0.254471,0.206292,0.618947,0.459853,0.519197,0.292256,0.432864,0.531877,0.639657,0.502032,0.468723,0.629688,0.724402,0.513872,0.733929,0.450057,0.440277,0.146856,0.217572,0.271795,0.320762,0.21096,0.662861,0.439776,0.447195,1.0,0.221923,0.093926,0.410222,0.70941,0.327234,0.355603,0.465877,0.154294,0.54838,0.446068,0.42341,0.580847,0.568174,0.539316,0.474232,0.320344,0.790511,0.696909,0.393984,0.368897,0.6837,0.383474,0.606983,0.327995,0.144378,0.261138,0.176372,0.506947,0.563019,0.274134,0.400445,0.222244,0.554005,0.435639,0.268966,0.0,0.533688,0.368108,0.552521,0.775908,0.557358,0.644586,0.406879,0.409173,0.583094,0.306863,0.568817,0.816098,0.552166,0.304658,0.350553,0.271421,0.128047,0.349416,0.608992,0.491195,0.607139,0.423262,0.367794,0.13509,0.036125,0.318426,0.340972,0.36186,0.248621,0.510847,0.274851,0.660691,0.481925,0.581646,0.509141,0.510873,0.715653,0.366326,0.401203,0.554581,0.412756,0.335946,0.344214,0.488569,0.398907,0.213411,0.119577,0.394523,0.394857,0.306287,0.175084,0.176839,0.13254,0.491798,0.635347,0.30209,0.193963,0.077457,0.222398,0.365336,0.406173,0.452049,0.638249,0.447761,0.243675,0.393637,0.593776,0.643223,0.513381,0.659645,0.542933,0.43882,0.273269,0.352005,0.488313,0.389806,0.221897,0.530325,0.284917,0.020835,0.223555,0.126114,0.545684,0.184473,0.419544,0.290872,0.379234,0.386093,0.760286,0.527915,0.429169,0.312585,0.395234,0.453813,0.173754,0.235011,0.439328,0.327747,0.719292,0.38583,0.391178,0.640713,0.52367,0.409455,0.085427,0.420854,0.510161,0.51205,0.287059,0.576201,0.016502,0.142962,0.293957,0.032321,0.539485,0.906029,0.689182,0.647697,0.184229,0.315444,0.476596,0.038635,0.10772,0.650238,0.562875,0.617891,0.569966,0.4529,0.372665,0.389874,0.280479,0.621273,0.301294,0.047841,0.357029,0.432809,0.367232,0.243211,0.526143,0.201117,0.385617,0.627429,0.390643,0.296928,0.080739,0.23474,0.325193,0.251032,0.206488,0.466949,0.136723,0.303286,0.311005,0.139174,0.320572,0.169925,0.194302,0.399529,0.564819,0.478689,0.291021,0.483775,0.417136,0.3553,0.527057,0.452108,0.557716,0.470953,0.367444,0.328426,0.444453,0.260865,0.278325,0.457784,0.455271,0.038487,0.130997,0.294872,0.596053,0.498313,0.538416,0.554359,0.282017,0.403895,0.526486,0.526936,0.174954,0.271719,0.489964
sedu_es_9ef-D28-03,0.361266,0.454996,0.843395,0.838816,0.442711,0.697451,0.641196,0.586437,0.321451,0.239129,0.410289,0.418444,0.388125,0.198036,0.57695,0.008973,0.0,0.131128,1.0,0.116622,0.330146,0.444084,0.603629,0.800751,0.755838,0.45356,0.608977,0.527789,0.50421,0.505088,0.172114,0.014363,0.270409,0.259519,0.178649,0.377347,0.236901,0.282664,0.432853,0.000116,0.259765,0.724933,0.100674,0.616879,0.325566,0.396823,0.49302,0.544429,0.533209,0.486312,0.576017,0.530089,0.536168,0.589085,0.295306,0.544445,0.275867,0.344277,0.429384,0.433208,0.371337,0.775747,0.470921,0.405507,0.559973,0.501786,0.230132,0.443668,0.888488,0.238213,0.501797,0.336768,0.188788,0.378431,0.424079,0.508872,0.60161,0.512441,0.416988,0.426408,0.412334,0.782191,0.743177,0.300018,0.280034,0.69745,0.457854,0.573759,0.305284,0.21787,0.479634,0.286038,0.344538,0.574062,0.16425,0.266199,0.14225,0.875357,0.320195,0.388642,0.167688,0.468526,0.390809,0.68014,0.803749,0.658766,0.649349,0.470408,0.343979,0.525042,0.291219,0.512911,0.735064,0.502463,0.216585,0.340828,0.486734,0.206091,0.563575,0.287013,0.540343,0.474407,0.273265,0.196975,0.235342,0.208973,0.361558,0.401159,0.381261,0.215434,0.375634,0.272914,0.604575,0.610234,0.640298,0.696669,0.535072,0.710062,0.589087,0.402385,0.535824,0.415263,0.326842,0.072741,0.47814,0.398169,0.369597,0.389894,0.425641,0.246597,0.50401,0.354965,0.333602,0.239852,0.468357,0.508497,0.27284,0.28278,0.469308,0.278113,0.401091,0.484373,0.575966,0.552191,0.430869,0.184543,0.390353,0.497013,0.616507,0.584656,0.602455,0.63211,0.48828,0.09119,0.358717,0.349577,0.486526,0.321926,0.265587,0.427036,0.155646,0.209633,0.300509,0.489876,0.109896,0.366442,0.100686,0.3618,0.395381,0.626272,0.466896,0.359631,0.471288,0.232642,0.519679,0.252998,0.403129,0.406122,0.350215,0.622244,0.54496,0.308999,0.524117,0.603173,0.454401,0.298456,0.344185,0.351399,0.512047,0.392005,0.458279,0.136157,0.251454,0.255973,0.240348,0.39663,0.61377,0.652508,0.407327,0.451352,0.311212,0.475922,0.236308,0.268055,0.592191,0.438482,0.706948,0.549445,0.64677,0.329274,0.177263,0.249267,0.638845,0.495757,0.274753,0.316484,0.494988,0.560913,0.221231,0.446118,0.35333,0.333475,0.501205,0.239576,0.321722,0.214683,0.31605,0.235479,0.325789,0.171842,0.46569,0.104797,0.294618,0.211364,0.238935,0.526829,0.255271,0.376163,0.645369,0.395782,0.203535,0.299214,0.433633,0.405234,0.425452,0.465159,0.208333,0.348227,0.469733,0.320596,0.352252,0.369377,0.347169,0.35871,0.308178,0.328544,0.149481,0.262711,0.490835,0.465093,0.489934,0.473956,0.630706,0.154802,0.203004,0.409249,0.430356,0.22885,0.459398,0.248834
sedu_es_9ef-D28-04,0.321924,0.511838,0.490106,0.823768,0.198783,0.449047,0.63867,0.489631,0.393221,0.218088,0.429017,0.368942,0.327252,0.213473,0.445613,0.159287,0.242157,0.361665,0.690924,0.209657,0.428462,0.424855,0.384457,0.753459,0.478359,0.507882,0.367649,0.412273,0.458529,0.551441,0.171993,0.226592,0.220478,0.31446,0.246813,0.275338,0.254803,0.355624,0.393601,0.302708,0.494866,0.576716,0.22875,0.393943,0.415172,0.314757,0.455755,0.311782,0.20115,0.356141,0.445992,0.363455,0.383704,0.393223,0.249672,0.285337,0.306283,0.222072,0.324281,0.296296,0.570703,0.665733,0.475105,0.418283,0.57016,0.410425,0.434854,0.601432,0.697919,0.259213,0.413907,0.274759,0.406738,0.385065,0.318463,0.359456,0.44599,0.661941,0.431209,0.376117,0.548655,0.838798,0.649206,0.243337,0.247138,0.479375,0.358208,0.25202,0.382995,0.187035,0.349437,0.336474,0.342074,0.480676,0.376968,0.308272,0.398173,1.0,0.321206,0.312561,0.382926,0.456001,0.455748,0.724217,0.708669,0.505347,0.679661,0.380423,0.269824,0.390183,0.226752,0.209083,0.634374,0.469667,0.287233,0.340405,0.349878,0.351429,0.526252,0.25876,0.404218,0.196965,0.273878,0.306509,0.144976,0.289705,0.376354,0.524792,0.301361,0.311066,0.323514,0.235245,0.563499,0.499628,0.550172,0.523264,0.462063,0.54928,0.543493,0.193098,0.392378,0.267574,0.20024,0.138915,0.360901,0.349561,0.533383,0.487165,0.417707,0.21173,0.378859,0.326749,0.644593,0.363655,0.286451,0.412944,0.32994,0.286235,0.471161,0.365717,0.366189,0.49566,0.356201,0.479321,0.63504,0.386063,0.426963,0.508845,0.497089,0.44836,0.565911,0.58659,0.255458,0.196254,0.330041,0.266357,0.181772,0.236491,0.278943,0.277267,0.257813,0.222959,0.226075,0.317245,0.177722,0.396673,0.009576,0.377667,0.30994,0.441593,0.47614,0.364129,0.27447,0.300132,0.348281,0.251681,0.588805,0.291698,0.350053,0.475989,0.738538,0.394435,0.423249,0.163482,0.226088,0.213817,0.342124,0.385014,0.230243,0.291743,0.357242,0.31045,0.272304,0.245994,0.284587,0.261039,0.380053,0.44438,0.299425,0.468991,0.351177,0.326089,0.244119,0.264006,0.486984,0.419137,0.607495,0.407462,0.74761,0.185429,0.107905,0.114546,0.374376,0.386771,0.250569,0.316275,0.222226,0.251237,0.405887,0.306897,0.317882,0.808744,0.312767,0.257596,0.373724,0.383436,0.316092,0.31497,0.219544,0.486562,0.332391,0.109251,0.280652,0.245073,0.254647,0.520759,0.270827,0.483176,0.381866,0.335363,0.05677,0.072141,0.569167,0.173867,0.409346,0.32976,0.299022,0.268306,0.232412,0.42119,0.62897,0.293045,0.235585,0.209242,0.292142,0.369896,0.376814,0.287644,0.277163,0.251583,0.167645,0.602524,0.345563,0.0,0.272526,0.369082,0.257169,0.288227,0.386277,0.311524
sedu_es_9ef-D29-01,0.481249,0.64823,1.0,0.649954,0.663989,0.84972,0.775041,0.72142,0.366576,0.620982,0.436636,0.384451,0.462388,0.364274,0.668128,0.2896,0.132467,0.203651,0.734784,0.421077,0.535064,0.564866,0.67836,0.708052,0.973056,0.684369,0.800611,0.755484,0.700191,0.535498,0.417283,0.449142,0.657174,0.527216,0.157676,0.547719,0.374337,0.340516,0.622384,0.0,0.241571,0.654814,0.381032,0.661746,0.52494,0.668198,0.720978,0.786011,0.645348,0.679943,0.778626,0.815786,0.652151,0.833792,0.657224,0.715087,0.37394,0.540988,0.578724,0.438122,0.349696,0.481167,0.332654,0.416057,0.86356,0.511558,0.196445,0.579808,0.709387,0.262725,0.718097,0.527906,0.38635,0.653579,0.716478,0.680878,0.643324,0.595354,0.593534,0.631867,0.497796,0.581249,0.748312,0.636962,0.554839,0.790689,0.625362,0.766988,0.408615,0.501195,0.52566,0.503169,0.376566,0.636192,0.321364,0.457456,0.241675,0.405428,0.374166,0.633612,0.232348,0.680917,0.54736,0.537189,0.85374,0.634268,0.665373,0.678202,0.607047,0.838815,0.497026,0.898972,0.668503,0.691134,0.39008,0.418315,0.587487,0.272726,0.390791,0.486299,0.724912,0.684811,0.49346,0.369737,0.570255,0.337666,0.549815,0.428886,0.648599,0.565502,0.713811,0.503125,0.78165,0.672945,0.791327,0.759424,0.712078,0.796294,0.462399,0.635027,0.858056,0.485987,0.651854,0.329474,0.555264,0.437756,0.288475,0.300955,0.558644,0.70605,0.488108,0.437677,0.254864,0.218673,0.473185,0.642259,0.450697,0.439459,0.259734,0.393138,0.563438,0.486344,0.48908,0.770018,0.5172,0.490679,0.598962,0.655122,0.83159,0.595374,0.718425,0.727117,0.745095,0.510549,0.604648,0.711687,0.800757,0.570311,0.377749,0.48182,0.367897,0.543544,0.447852,0.650472,0.293564,0.609688,0.383764,0.50568,0.551689,0.753212,0.585073,0.601757,0.414431,0.413614,0.410209,0.303115,0.443117,0.719883,0.430186,0.852068,0.480284,0.476175,0.869603,0.760338,0.705305,0.479602,0.587631,0.593558,0.756279,0.492908,0.634131,0.289001,0.290498,0.575947,0.335875,0.634254,0.912272,0.849239,0.710385,0.382208,0.264947,0.379252,0.095008,0.253005,0.577716,0.617165,0.748483,0.803794,0.488523,0.811692,0.552321,0.392412,0.945055,0.59863,0.476379,0.614387,0.573824,0.72272,0.42845,0.515701,0.414548,0.378656,0.883677,0.494164,0.457118,0.213845,0.26338,0.33949,0.444691,0.383311,0.398388,0.242988,0.357167,0.239949,0.196338,0.424876,0.550563,0.483118,0.533454,0.671669,0.588536,0.614656,0.379102,0.656902,0.666674,0.728755,0.490868,0.616419,0.618314,0.4351,0.470023,0.431371,0.463607,0.467224,0.496753,0.616685,0.383612,0.434967,0.559127,0.884797,0.827574,0.558979,0.911932,0.527793,0.401704,0.659443,0.571056,0.266673,0.638562,0.596057
sedu_es_9ef-D29-02,0.118184,0.626076,0.947063,0.415622,0.521832,0.75817,0.603168,0.619804,0.0,0.242841,0.209944,0.188877,0.203863,0.054272,0.529079,0.098191,0.115409,0.170933,0.284595,0.302814,0.165724,0.385197,0.488495,0.693412,0.874911,0.470177,0.741089,0.738306,0.763443,0.48147,0.286721,0.121615,0.317823,0.136636,0.051155,0.246324,0.1566,0.457263,0.661566,0.10257,0.188513,0.275717,0.282845,0.388971,0.307316,0.550675,0.488844,0.791579,0.434594,0.678242,0.838275,0.898136,0.805907,0.81325,0.394464,0.695654,0.151567,0.240182,0.275755,0.276946,0.116339,0.499685,0.462454,0.504294,0.607628,0.246645,0.037899,0.415297,0.34252,0.290238,0.437934,0.31949,0.232811,0.52073,0.734696,0.688792,0.845213,0.457438,0.748579,0.724949,0.426509,0.678334,0.611334,0.370606,0.485622,0.862565,0.74833,0.529357,0.200651,0.209855,0.245824,0.19844,0.46139,0.615093,0.191387,0.241901,0.116055,0.234513,0.323551,0.309168,0.072027,0.538961,0.386693,0.628266,0.811018,0.53815,0.744811,0.7054,0.764902,0.897705,0.624949,0.6162,0.600358,0.870231,0.204561,0.213493,0.324733,0.093897,0.4132,0.554841,0.514666,0.554209,0.449707,0.372682,0.272665,0.090175,0.433261,0.385177,0.571652,0.317384,0.60351,0.490064,0.678406,0.537641,0.79005,0.797056,0.705552,0.957585,0.60053,0.632629,0.807801,0.363396,0.362633,0.082017,0.281903,0.193481,0.324767,0.239203,0.369279,0.532231,0.29703,0.483575,0.151552,0.201251,0.482709,0.63204,0.010653,0.286944,0.119653,0.157648,0.628889,0.517406,0.476847,0.671405,0.430986,0.413726,0.483752,0.586289,0.894046,0.480689,0.726077,0.58245,0.257121,0.090508,0.238138,0.420772,0.627537,0.418406,0.45622,0.265585,0.086329,0.404047,0.285533,0.517676,0.147878,0.421256,0.246694,0.339843,0.51678,0.799631,0.441147,0.502175,0.568926,0.321572,0.197826,0.198709,0.212439,0.670153,0.46317,0.895193,0.518248,0.572639,0.527319,0.616877,0.570297,0.351025,0.248624,0.315466,0.601162,0.499706,0.397367,0.210075,0.209436,0.476161,0.065986,0.507721,1.0,0.759037,0.757992,0.185257,0.088686,0.067097,0.133176,0.076074,0.531081,0.466308,0.765403,0.663452,0.335452,0.375941,0.542549,0.520904,0.506914,0.48225,0.235621,0.447541,0.4342,0.762349,0.265109,0.521192,0.252445,0.398063,0.779177,0.417312,0.02368,0.046231,0.082325,0.143647,0.188848,0.204706,0.290874,0.170514,0.383611,0.330006,0.095859,0.350332,0.414554,0.396781,0.429199,0.444373,0.446966,0.501106,0.520553,0.506054,0.467841,0.768495,0.372334,0.489161,0.464055,0.533577,0.23181,0.306518,0.277898,0.342229,0.279617,0.324444,0.011977,0.145987,0.369502,0.451509,0.393872,0.260798,0.603414,0.338017,0.173271,0.37687,0.371672,0.212193,0.309484,0.372533
sedu_es_9ef-D29-03,0.075884,0.569109,0.728867,0.260178,0.508654,0.62485,0.337143,0.506088,0.0,0.184003,0.739649,0.57016,0.46551,0.155525,0.663743,0.577612,0.485413,0.305928,0.325675,0.532845,0.333375,0.510415,0.253954,0.48679,0.669512,0.207902,0.600493,0.566465,0.761405,0.756764,0.249257,0.447613,0.296888,0.739144,0.346015,0.486367,0.29282,0.54705,0.524171,0.750437,0.699474,0.348902,0.388758,0.609514,0.497409,0.336878,0.186084,0.629642,0.527012,0.51311,0.618374,0.717302,0.567678,0.544659,0.267316,0.534649,0.910309,0.364348,0.613748,0.481189,0.316055,0.444063,0.944025,0.511372,0.356599,0.513862,0.559406,0.948303,0.371239,0.396482,0.448474,0.45297,0.391359,0.346328,0.390873,0.52732,0.6982,0.597381,0.695604,0.740179,0.32458,0.427948,0.406318,0.211274,0.286411,0.723612,0.565225,0.308384,0.861799,0.542912,0.360943,0.398157,0.606616,0.624085,0.642596,0.359567,0.424443,0.383705,0.551497,0.362045,0.240369,0.300363,0.265528,0.462384,0.616866,0.323774,0.638564,0.47768,0.492196,0.531793,0.485012,0.643209,0.698665,0.841498,0.501158,0.670942,0.642715,0.294837,0.585377,0.869622,0.726051,0.428337,0.514253,0.471305,0.441669,0.269488,0.31062,0.261448,0.496658,0.345657,0.438194,0.659138,0.552141,0.330498,0.557494,0.481373,0.522695,0.819368,0.633546,0.440226,0.80895,0.516069,0.540847,0.204475,0.402776,0.350988,0.523271,0.529985,0.972084,0.757176,0.504076,0.707354,0.563052,0.542947,0.753971,0.602595,0.117506,0.647794,0.199909,0.782499,0.543779,0.60696,0.435656,0.591799,0.716449,0.563002,0.704131,0.521375,0.831908,0.453794,0.559388,0.55104,0.329725,0.402087,0.302905,0.530438,0.725269,0.518619,0.550441,0.442742,0.420681,0.62477,0.660543,0.722708,0.492712,0.723617,0.397147,0.568794,0.628805,0.659283,0.602412,0.629233,0.481793,0.627568,0.337363,0.4036,0.456031,0.401076,0.529548,0.806598,0.624715,0.171686,0.505462,0.639727,0.736797,0.499967,0.400802,0.427254,0.666762,0.727317,0.522784,0.452021,0.585492,0.798256,0.304203,0.68337,0.787511,0.65749,0.711865,0.407577,0.305547,0.325048,0.332639,0.42618,0.661739,0.346097,0.576034,0.586224,0.503709,0.454667,1.0,0.72743,0.472064,0.714136,0.614243,0.769181,0.502938,0.639815,0.46141,0.874548,0.547223,0.573195,0.858702,0.652513,0.156327,0.373967,0.401693,0.369828,0.166101,0.472648,0.45017,0.42671,0.564432,0.761714,0.46561,0.535215,0.618106,0.644035,0.65323,0.581382,0.507418,0.610859,0.511874,0.70488,0.627064,0.516284,0.548392,0.65589,0.333773,0.996834,0.485711,0.580145,0.446107,0.402979,0.427258,0.516174,0.255588,0.336367,0.384834,0.479089,0.448422,0.559197,0.486226,0.542964,0.586478,0.593063,0.638977,0.490587,0.544688,0.527619
sedu_es_9ef-D29-04,0.141838,0.571539,0.875478,0.372862,0.517418,0.863561,0.808852,0.68042,0.260812,0.321148,0.137334,0.171833,0.330998,0.283308,0.561574,0.0,0.04274,0.058953,0.566013,0.077802,0.261172,0.433275,0.598708,0.661743,0.860367,0.643266,0.692975,0.800946,0.888434,0.591666,0.388357,0.287118,0.383149,0.158374,0.165981,0.376425,0.375387,0.532548,0.727175,0.018204,0.112619,0.524203,0.139802,0.369948,0.402836,0.559149,0.658907,0.785223,0.485507,0.680386,0.857232,0.973374,0.668827,0.726918,0.497294,0.569356,0.277844,0.393028,0.511876,0.47782,0.268432,0.508045,0.489965,0.560759,0.709716,0.362476,0.062004,0.313281,0.531602,0.21051,0.592874,0.323012,0.330432,0.499516,0.619229,0.68776,0.779746,0.554723,0.835193,0.751942,0.574267,0.683548,0.673558,0.462696,0.468198,0.838887,0.591859,0.542789,0.280876,0.439828,0.458239,0.469116,0.524325,0.783468,0.197336,0.3473,0.219506,0.224467,0.257176,0.443468,0.176551,0.600265,0.541083,0.599314,0.887362,0.631406,0.657399,0.746345,0.770808,0.899205,0.561296,0.662418,0.770895,0.77994,0.20674,0.24125,0.512094,0.32416,0.524452,0.706015,0.683362,0.707822,0.355243,0.248072,0.285287,0.243945,0.535936,0.481342,0.629831,0.408903,0.678653,0.534493,0.791426,0.549473,0.81659,0.782943,0.756617,0.717398,0.577695,0.642859,0.909654,0.516224,0.675271,0.364747,0.594078,0.432176,0.437878,0.426561,0.526396,0.794243,0.384874,0.466454,0.153657,0.268987,0.594431,0.575542,0.237039,0.27845,0.152442,0.246431,0.699555,0.564208,0.48673,0.733688,0.545937,0.587088,0.646817,0.717408,0.91256,0.578299,0.773745,0.709648,0.333727,0.241897,0.536654,0.63236,0.827258,0.623835,0.53972,0.356507,0.310695,0.589466,0.39893,0.704127,0.337132,0.656817,0.591365,0.62252,0.597293,0.898369,0.731502,0.769397,0.597266,0.344558,0.284362,0.156445,0.196332,0.592308,0.536694,1.0,0.577654,0.529475,0.816387,0.589329,0.632326,0.489494,0.424289,0.463957,0.672909,0.572778,0.591328,0.472222,0.388174,0.634353,0.317251,0.814671,0.891774,0.868934,0.762973,0.299237,0.278971,0.192212,0.09066,0.249829,0.620468,0.382425,0.688602,0.725896,0.447857,0.535449,0.589192,0.602862,0.797066,0.58495,0.534524,0.664915,0.57308,0.726668,0.518966,0.525975,0.310978,0.343313,0.930456,0.29866,0.064918,0.124438,0.119543,0.204796,0.249285,0.267262,0.276807,0.322622,0.261835,0.430441,0.179236,0.43171,0.645007,0.557836,0.487966,0.624376,0.491685,0.598525,0.502888,0.669583,0.729693,0.725626,0.323221,0.496519,0.37223,0.493325,0.350831,0.513754,0.5102,0.534223,0.310015,0.353581,0.233234,0.420591,0.345192,0.656182,0.589401,0.487653,0.959061,0.590505,0.410499,0.635847,0.460601,0.185942,0.469948,0.351431
sedu_es_9ef-D30-01,0.419676,0.485797,0.520875,0.210548,0.565646,0.543542,0.690022,0.553288,0.328992,0.450442,0.261875,0.19547,0.435866,0.726368,0.194162,0.054333,0.21114,0.27567,0.213877,0.0,0.372333,0.252948,0.619247,0.415992,0.447192,0.615801,0.469015,0.638777,0.762068,0.518767,0.580025,0.360884,0.50916,0.194617,0.168861,0.474878,0.68145,0.557913,0.267149,0.190423,0.169721,0.183035,0.10115,0.27075,0.277866,0.466698,0.708945,0.55272,0.626428,0.594749,0.559359,0.823828,0.658097,0.781773,0.553807,0.499911,0.32133,0.534182,0.564048,0.722395,0.558131,0.371056,0.250967,0.392932,0.24876,0.451144,0.113273,0.181718,0.22849,0.122551,0.590747,0.206734,0.32166,0.519667,0.638354,0.617321,0.626763,0.448337,0.671384,0.612134,0.446408,0.589342,0.485498,0.573037,0.563029,0.578584,0.517299,0.613416,0.476544,0.56135,0.755332,0.693317,0.269727,0.815279,0.077008,0.168284,0.308316,0.15867,0.123462,0.317092,0.235444,0.590798,0.534487,0.621126,0.644134,0.685852,0.457231,0.68257,0.725787,0.648189,0.47219,0.47565,0.492434,0.561037,0.389823,0.457097,0.491814,0.729868,0.782368,0.409924,0.61844,0.458093,0.187326,0.169194,0.150271,0.194636,0.658641,0.507348,0.538388,0.529867,0.681456,0.486156,0.579732,0.662789,0.666657,0.70879,0.637369,0.525791,0.42661,0.610227,0.621102,0.901027,0.802178,0.813363,0.868809,0.741972,0.687303,0.608892,0.524357,0.529246,0.645252,0.537959,0.273692,0.378023,0.627222,0.357252,0.361657,0.174509,0.222509,0.275887,0.65764,0.403627,0.416984,0.659739,0.439428,0.443204,0.551551,0.607831,0.628777,0.588916,0.673947,0.668009,0.391467,0.354077,0.666256,0.595196,0.590232,0.704403,0.903597,0.599183,0.533054,0.563526,0.616085,0.927562,0.652997,0.779734,0.865835,0.825055,0.249188,0.638671,1.0,0.846535,0.582273,0.20441,0.095271,0.153772,0.1917,0.452206,0.341541,0.736007,0.437538,0.429406,0.693834,0.725442,0.54436,0.582287,0.539217,0.518256,0.654345,0.480031,0.901036,0.738273,0.570342,0.573214,0.533136,0.828407,0.31757,0.647045,0.517811,0.303264,0.165995,0.152222,0.032473,0.191387,0.893524,0.621233,0.568058,0.553846,0.30007,0.448803,0.326147,0.476981,0.629394,0.671486,0.681064,0.70134,0.771657,0.577639,0.653181,0.533294,0.475168,0.242539,0.595977,0.139608,0.176199,0.320631,0.169154,0.265864,0.166488,0.068792,0.227328,0.482082,0.102509,0.280553,0.119034,0.303825,0.524112,0.600172,0.356819,0.485839,0.326674,0.388598,0.449059,0.62151,0.590134,0.663097,0.230626,0.269705,0.22822,0.330474,0.249271,0.377665,0.679241,0.695897,0.390992,0.377262,0.251941,0.329998,0.204681,0.697743,0.7041,0.461722,0.617566,0.726135,0.765678,0.548171,0.567793,0.522848,0.395986,0.201638
sedu_es_9ef-D30-02,0.216064,0.515255,0.548248,0.374266,0.553978,0.496727,0.399277,0.300808,0.163061,0.2962,0.903464,0.704462,0.767917,0.450158,0.505716,0.316628,0.206803,0.134933,0.278569,0.379334,0.165115,0.380773,0.465796,0.53451,0.457444,0.28526,0.407548,0.373383,0.477669,0.50555,0.330396,0.358474,0.389758,0.806036,0.05003,0.843042,0.444163,0.726363,0.492569,0.290895,0.620096,0.174976,0.243986,0.252937,0.42243,0.273571,0.435192,0.378865,0.487247,0.393945,0.4077,0.505697,0.546901,0.57406,0.283907,0.300762,0.882576,0.775704,0.835619,0.57305,0.390679,0.579334,0.812823,0.672971,0.346457,0.569802,0.518459,0.631866,0.271494,0.14172,0.299978,0.092333,0.217423,0.385374,0.394537,0.519983,0.362142,0.615102,0.448221,0.500667,0.196831,0.436422,0.362137,0.319641,0.253312,0.481832,0.349297,0.567857,0.868715,0.628251,0.823814,0.650884,0.507421,0.723594,0.426499,0.311829,0.115595,0.0,0.303025,0.149002,0.03114,0.433901,0.344699,0.369121,0.505367,0.324864,0.301254,0.440034,0.385772,0.361383,0.245234,0.706739,0.456202,0.494181,0.651814,0.950999,0.772059,0.485582,0.685045,0.663956,0.719292,0.695329,0.394304,0.502166,0.163796,0.143522,0.449781,0.238303,0.51645,0.474473,0.481539,0.352623,0.323506,0.379279,0.624088,0.42593,0.563624,0.713629,0.361584,0.343586,0.529254,0.632982,0.789971,0.364014,0.686685,0.46248,0.590622,0.647691,1.0,0.774168,0.8207,0.769846,0.528208,0.61558,0.680675,0.622466,0.101436,0.134284,0.13162,0.465204,0.312707,0.327438,0.228105,0.615563,0.514589,0.380624,0.606217,0.342432,0.533487,0.419258,0.527899,0.673864,0.548865,0.279066,0.433614,0.487834,0.753262,0.603616,0.629227,0.744503,0.630434,0.70782,0.76493,0.832896,0.579436,0.803899,0.588501,0.766658,0.565262,0.826532,0.655607,0.629607,0.671506,0.459239,0.210637,0.18102,0.160559,0.499737,0.511999,0.652269,0.35017,0.223537,0.677882,0.913374,0.777484,0.619081,0.45271,0.423203,0.829473,0.577753,0.663551,0.703251,0.691823,0.6974,0.586107,0.858854,0.670638,0.897218,0.75267,0.138859,0.223544,0.246406,0.010858,0.216312,0.852316,0.573946,0.56386,0.684887,0.222215,0.487761,0.51009,0.479297,0.677417,0.817468,0.766059,0.70569,0.618541,0.66054,0.603648,0.882518,0.724613,0.51543,0.905167,0.43695,4.7e-05,0.128532,0.216834,0.263058,0.065931,0.315521,0.273201,0.420091,0.146285,0.435536,0.21021,0.282699,0.508763,0.63008,0.398338,0.674103,0.542802,0.797503,0.503707,0.587188,0.780516,0.320749,0.577308,0.581498,0.445192,0.489439,0.354345,0.423849,0.635837,0.632357,0.54192,0.500574,0.165998,0.335809,0.21152,0.566447,0.580872,0.678874,0.865919,0.622218,0.673566,0.577097,0.747862,0.632093,0.471347,0.514024
sedu_es_9ef-D30-03,0.573052,0.489864,0.765856,0.20387,0.801415,0.668822,0.708744,0.628339,0.080914,0.5635,0.150277,0.172394,0.167556,0.23964,0.206091,0.071928,0.123104,0.169382,0.334089,0.199602,0.296056,0.252221,0.653427,0.320121,0.70701,0.62048,0.613213,0.783884,0.750926,0.480921,0.60244,0.381227,0.542978,0.100035,0.056707,0.199007,0.27275,0.254163,0.096947,0.113204,0.14678,0.348834,0.256274,0.295006,0.180328,0.57441,0.645017,0.698421,0.711163,0.752502,0.693525,0.905992,0.827166,1.0,0.699441,0.81508,0.070357,0.215784,0.176822,0.313594,0.184316,0.429127,0.191768,0.20972,0.104244,0.206706,0.023044,0.34036,0.371203,0.170928,0.615183,0.271398,0.18804,0.462394,0.762636,0.721692,0.812139,0.60506,0.664938,0.685446,0.291114,0.694944,0.594648,0.706786,0.639018,0.820042,0.910621,0.906881,0.195764,0.288157,0.345034,0.288934,0.088757,0.454949,0.027563,0.210542,0.123474,0.239402,0.232183,0.267214,0.072376,0.517502,0.45178,0.655863,0.826222,0.77867,0.478775,0.789201,0.802665,0.642065,0.64394,0.850044,0.422916,0.716228,0.041649,0.163278,0.19175,0.179596,0.400423,0.322146,0.400364,0.258793,0.2049,0.286614,0.157729,0.066172,0.724432,0.445061,0.576617,0.661998,0.811744,0.461335,0.615598,0.826777,0.82791,0.955483,0.807025,0.722236,0.503617,0.911334,0.75058,0.555231,0.363598,0.285293,0.424923,0.341563,0.258266,0.226507,0.424617,0.356702,0.225514,0.21247,0.135236,0.140039,0.500731,0.493901,0.235991,0.171756,0.058246,0.203955,0.729174,0.449445,0.514338,0.818318,0.484778,0.517323,0.510114,0.701717,0.929197,0.642587,0.863197,0.847397,0.601528,0.388231,0.854109,0.913171,0.828698,0.883112,0.495588,0.2785,0.131866,0.295101,0.360266,0.497765,0.247223,0.535596,0.363588,0.476192,0.296185,0.469169,0.740267,0.594757,0.463409,0.210678,0.203406,0.070917,0.155981,0.595449,0.499478,0.895813,0.446874,0.496757,0.994757,0.810747,0.609292,0.787886,0.568089,0.596314,0.816782,0.45642,0.6125,0.285722,0.198525,0.528652,0.174021,0.532448,0.43927,0.4543,0.6515,0.135505,0.15124,0.136068,0.023148,0.061112,0.581202,0.723744,0.791021,0.686436,0.345053,0.637015,0.392686,0.49364,0.901782,0.513955,0.424373,0.643854,0.599434,0.7545,0.402731,0.240609,0.105437,0.169176,0.565084,0.312158,0.134646,0.12707,0.085291,0.196376,0.165444,0.121673,0.25127,0.208865,0.164004,0.133515,0.0,0.284016,0.513462,0.621621,0.4732,0.573866,0.387951,0.419521,0.250026,0.609768,0.289488,0.600909,0.30941,0.405544,0.386513,0.382084,0.229043,0.36161,0.642891,0.689198,0.368721,0.44492,0.294982,0.272458,0.215438,0.78756,0.899081,0.404366,0.330212,0.385712,0.442159,0.628952,0.593716,0.055425,0.520862,0.318133
sedu_es_9ef-D30-04,0.268471,0.576463,0.714866,0.457737,0.377659,0.747856,0.669585,0.465166,0.126656,0.225191,0.176921,0.192762,0.146159,0.160786,0.677652,0.086239,0.147568,0.165111,0.464361,0.102304,0.335207,0.327113,0.570228,0.823712,0.662988,0.540587,0.595668,0.559169,0.593461,0.378293,0.264714,0.042803,0.207264,0.130211,0.02507,0.165376,0.195869,0.465591,0.980708,0.24662,0.24377,0.508646,0.172093,0.32544,0.265481,0.509386,0.590654,0.605181,0.455587,0.533061,0.687163,0.654876,0.613552,0.597104,0.298956,0.435786,0.054573,0.157796,0.327651,0.432984,0.107224,0.853581,0.737595,0.57473,1.0,0.253019,0.20695,0.434088,0.649599,0.20599,0.423249,0.248763,0.211815,0.446798,0.49265,0.565529,0.62978,0.767786,0.574771,0.560136,0.439629,0.777559,0.586938,0.261867,0.330451,0.682771,0.477099,0.572632,0.121513,0.340451,0.361672,0.238616,0.736636,0.632539,0.257443,0.338487,0.251918,0.671995,0.29639,0.313987,0.163682,0.569547,0.559575,0.626188,0.838713,0.630549,0.688793,0.571247,0.508584,0.531046,0.423655,0.494194,0.996774,0.653539,0.145088,0.284436,0.373528,0.149214,0.473213,0.753438,0.502529,0.646825,0.401256,0.358732,0.193635,0.192576,0.449435,0.480758,0.470497,0.396942,0.533694,0.222036,0.693538,0.538875,0.738966,0.68781,0.717631,0.753211,0.551611,0.467485,0.659512,0.386738,0.418219,0.244862,0.544124,0.299894,0.332631,0.292644,0.569596,0.595894,0.35249,0.302345,0.292686,0.0,0.556014,0.607423,0.264724,0.274526,0.192524,0.285598,0.417267,0.577487,0.409995,0.683418,0.547889,0.353624,0.513205,0.683018,0.767021,0.516526,0.739815,0.71069,0.358835,0.055324,0.358563,0.365583,0.536226,0.549714,0.471646,0.293886,0.0858,0.142556,0.269123,0.532284,0.192519,0.542405,0.416629,0.520236,0.450003,0.73655,0.580133,0.59536,0.517491,0.352445,0.326611,0.141593,0.281881,0.590615,0.363894,0.767591,0.589259,0.322319,0.747019,0.518183,0.408586,0.425931,0.373973,0.407261,0.561865,0.448684,0.407445,0.300703,0.390147,0.38816,0.132143,0.629708,0.895566,0.692739,0.662188,0.334042,0.374859,0.340472,0.284406,0.30315,0.599143,0.429226,0.791333,0.661916,0.553935,0.455149,0.614878,0.450975,0.67163,0.400266,0.27374,0.397993,0.397987,0.493748,0.44357,0.569571,0.146081,0.409295,0.716975,0.367536,0.195265,0.228156,0.256323,0.309428,0.24699,0.299389,0.545966,0.195029,0.28228,0.498477,0.224463,0.454579,0.296818,0.455901,0.497416,0.545284,0.479489,0.294126,0.481106,0.450065,0.509571,0.445655,0.288992,0.478991,0.451478,0.615104,0.423365,0.463656,0.460749,0.437475,0.494807,0.475081,0.153179,0.291276,0.345899,0.493116,0.476967,0.470881,0.77716,0.312782,0.446,0.729404,0.642258,0.180398,0.408948,0.331991
sedu_es_9ef-D31-01,0.283268,0.663476,0.836512,0.64226,0.450037,0.733906,0.505993,0.527704,0.50956,0.332781,0.629264,0.63925,0.60213,0.304566,0.63366,0.116044,0.23196,0.280873,0.33055,0.449749,0.175692,0.464918,0.419339,0.911372,0.723371,0.457306,0.590186,0.555604,0.679093,0.644911,0.436614,0.238047,0.298224,0.543914,0.530314,0.618185,0.336072,0.863982,0.584235,0.258394,0.388784,0.360371,0.349166,0.349795,0.374951,0.474943,0.424103,0.606614,0.487325,0.521772,0.573138,0.610189,0.651583,0.614785,0.328919,0.442795,0.500866,0.548632,0.683411,0.388981,0.328091,0.548377,0.74879,0.564132,0.445304,0.490014,0.333877,0.339127,0.397055,0.351593,0.377164,0.274594,0.258898,0.590643,0.503781,0.557575,0.43382,0.515821,0.516803,0.552618,0.634777,0.381866,0.432218,0.316252,0.376001,0.483942,0.440876,0.453659,0.491453,0.548927,0.38749,0.44213,0.681164,0.764164,0.423257,0.272095,0.217426,0.344313,0.323352,0.206708,0.127274,0.546388,0.387609,0.485344,0.581859,0.439471,0.694585,0.489392,0.358466,0.648565,0.464789,0.473458,0.611536,0.636397,0.419731,0.356413,0.707997,0.4269,0.508633,0.752825,0.649418,0.833757,0.493398,0.442423,0.210852,0.183273,0.417134,0.295845,0.557665,0.341807,0.495077,0.60179,0.517909,0.483427,0.639508,0.584201,0.554552,0.808133,0.613491,0.426342,0.597987,0.528282,0.682462,0.351455,0.513153,0.385898,0.549254,0.471885,0.772802,0.713633,0.683018,0.637687,0.457317,0.78498,0.638089,0.564883,0.063268,0.28008,0.10588,0.389255,0.418295,0.586604,0.368175,0.714763,0.485429,0.561167,0.575735,0.453787,0.567322,0.529343,0.485245,0.64522,0.36465,0.209765,0.362394,0.33493,0.517573,0.33932,0.410964,0.572339,0.450343,0.831657,0.32505,0.77883,0.701334,0.646058,0.584502,0.644745,0.721666,0.80088,0.608743,0.622374,0.589438,0.507686,0.301419,0.343519,0.226282,0.551613,0.52917,0.698841,0.570118,0.305873,0.439061,0.411533,0.489343,0.408073,0.361084,0.36639,0.472368,0.623319,0.498065,0.604675,0.751975,0.777106,0.29137,0.71359,0.718537,1.0,0.800994,0.255392,0.195488,0.192844,0.231551,0.33695,0.727898,0.548993,0.644875,0.688731,0.497036,0.190967,0.568078,0.584378,0.359958,0.432224,0.48129,0.733494,0.484623,0.486817,0.658077,0.591337,0.642198,0.530445,0.690665,0.388815,0.0,0.254472,0.248787,0.167167,0.130042,0.237746,0.349512,0.41494,0.324613,0.761873,0.198773,0.457994,0.309483,0.429461,0.330502,0.501049,0.451266,0.425149,0.671044,0.548305,0.725286,0.622081,0.582971,0.598192,0.476176,0.618709,0.426304,0.365116,0.213641,0.20698,0.264496,0.356088,0.242079,0.311407,0.361392,0.353441,0.328575,0.390721,0.628001,0.543653,0.453493,0.402964,0.460041,0.297392,0.314595,0.635799
sedu_es_9ef-D31-02,0.217912,0.531638,0.559906,0.410202,0.263385,0.567523,0.368942,0.440105,0.451311,0.400519,0.603351,0.714944,0.776512,0.60515,0.422793,0.108719,0.154983,0.147664,0.400217,0.155933,0.30801,0.296139,0.263954,0.578811,0.51225,0.296849,0.415914,0.368497,0.585177,0.528996,0.187916,0.242683,0.41425,0.579767,0.500182,0.759656,0.589913,0.811574,0.37662,0.14202,0.264987,0.401704,0.054308,0.366002,0.250352,0.284154,0.263023,0.404011,0.394778,0.299123,0.381845,0.533228,0.443908,0.403535,0.294589,0.347399,0.596519,0.671772,0.800362,0.471859,0.49205,0.612456,0.53475,0.540976,0.37577,0.639471,0.220468,0.229884,0.469614,0.088116,0.44482,0.346176,0.232703,0.270539,0.259148,0.323018,0.341,0.387519,0.442752,0.45537,0.415828,0.429594,0.463563,0.216166,0.371425,0.394543,0.445615,0.3273,0.664466,0.60739,0.635551,0.574928,0.568039,0.847987,0.3019,0.417519,0.233046,0.234603,0.106436,0.28852,0.102853,0.272527,0.234351,0.520196,0.552367,0.325396,0.362949,0.285203,0.21577,0.472057,0.387689,0.510452,0.59861,0.44917,0.521622,0.568063,0.726712,0.594241,0.68015,0.700582,0.858195,0.818424,0.142552,0.140998,0.262169,0.175838,0.314178,0.247449,0.29909,0.30015,0.411104,0.422139,0.442043,0.395474,0.450237,0.480116,0.356305,0.443798,0.346621,0.292568,0.547083,0.662312,0.710476,0.487463,0.668061,0.572789,0.685497,0.503754,0.736916,0.643401,0.86542,0.631167,0.430117,0.754649,0.795126,0.258244,0.296586,0.409965,0.152955,0.553861,0.279248,0.303485,0.279511,0.503785,0.323106,0.498549,0.559239,0.375538,0.505325,0.445304,0.41071,0.517343,0.463982,0.187645,0.392928,0.352318,0.636039,0.461347,0.537286,0.772349,0.585844,0.870472,0.492914,0.84636,0.830634,0.752634,0.731338,0.84337,0.519896,0.819351,0.780152,0.798419,0.554973,0.209843,0.224838,0.353206,0.274856,0.27798,0.433201,0.628098,0.421756,0.18688,0.419735,0.52147,0.631384,0.433141,0.395075,0.279231,0.697896,0.436438,0.607184,0.606798,0.728533,0.807893,0.491323,0.895518,0.543842,1.0,0.56338,0.369713,0.186461,0.186515,0.0,0.321348,0.805857,0.440465,0.400466,0.454283,0.256647,0.348427,0.258723,0.544691,0.457532,0.607707,0.624286,0.743827,0.632859,0.482995,0.717904,0.634121,0.702813,0.495342,0.692033,0.176262,0.222199,0.289098,0.305998,0.237297,0.187176,0.213642,0.186078,0.524223,0.174595,0.668801,0.161176,0.394795,0.322998,0.506041,0.372695,0.427991,0.38665,0.535193,0.620989,0.645328,0.741416,0.470275,0.355609,0.27306,0.289083,0.468429,0.363105,0.429321,0.414365,0.461668,0.318082,0.54534,0.128632,0.327441,0.30593,0.588979,0.601797,0.480681,0.707661,0.6675,0.70602,0.544306,0.537042,0.478245,0.382756,0.51175
sedu_es_9ef-D31-03,0.402197,0.38135,0.582203,0.126301,0.686086,0.625191,0.571467,0.555303,0.071558,0.460233,0.276539,0.269001,0.259655,0.313154,0.176719,0.070069,0.124294,0.176994,0.345974,0.210449,0.315362,0.22919,0.670086,0.313108,0.509725,0.496252,0.520142,0.64445,0.697664,0.475276,0.552622,0.258529,0.517897,0.148631,0.088399,0.252917,0.288862,0.346424,0.22956,0.13063,0.256824,0.396343,0.276243,0.228484,0.275245,0.420173,0.572914,0.572168,0.585232,0.624926,0.614286,0.754358,0.807763,0.965455,0.545452,0.634353,0.198762,0.278592,0.267388,0.41809,0.212916,0.441399,0.311372,0.272871,0.167339,0.290003,0.12896,0.366294,0.41224,0.154628,0.615833,0.161913,0.27635,0.446973,0.594773,0.674634,0.684655,0.519942,0.579352,0.664476,0.272893,0.610145,0.461623,0.531669,0.567635,0.73005,0.710066,0.848187,0.297592,0.294794,0.443806,0.384869,0.131479,0.48794,0.095512,0.292294,0.256152,0.195173,0.223345,0.194392,0.154567,0.499602,0.41326,0.532333,0.755481,0.627079,0.403391,0.684122,0.723875,0.511343,0.596474,0.808422,0.514544,0.641218,0.144698,0.318944,0.265695,0.2514,0.467642,0.428088,0.428557,0.393131,0.257854,0.347903,0.126681,0.152103,0.595432,0.40598,0.561664,0.618376,0.641041,0.448338,0.55927,0.571076,0.826956,0.805171,0.718386,0.575905,0.537394,0.879332,0.652814,0.622345,0.463252,0.255145,0.515904,0.382048,0.371037,0.296681,0.482867,0.526022,0.451543,0.383865,0.230023,0.22857,0.511437,0.431069,0.21618,0.18703,0.080381,0.226976,0.68091,0.480366,0.425428,0.762503,0.521332,0.524766,0.594869,0.613206,0.773445,0.497633,0.618937,0.73179,0.477149,0.293154,0.662945,0.685052,0.806574,0.968368,0.576487,0.440483,0.244487,0.420933,0.535367,0.620053,0.275752,0.578116,0.4822,0.523431,0.343098,0.571851,0.727094,0.668169,0.548998,0.213664,0.173336,0.08703,0.095127,0.524242,0.579748,0.790508,0.453175,0.472608,0.795275,1.0,0.688601,0.891862,0.478184,0.484609,0.741319,0.499286,0.619273,0.442332,0.353671,0.609428,0.262129,0.593475,0.523765,0.542013,0.647133,0.155184,0.164923,0.139341,0.0,0.117818,0.602745,0.642668,0.664908,0.635494,0.356061,0.503444,0.473511,0.558466,0.7806,0.605066,0.60533,0.648556,0.628918,0.79036,0.422696,0.371433,0.22461,0.174005,0.619126,0.312666,0.202871,0.241855,0.145664,0.229123,0.178438,0.122108,0.284092,0.225529,0.085709,0.209984,0.0688,0.201354,0.634121,0.602602,0.443908,0.614433,0.473692,0.490181,0.263427,0.605139,0.463749,0.500677,0.322848,0.464018,0.367757,0.45933,0.316994,0.401926,0.564752,0.580134,0.356664,0.359788,0.187416,0.234286,0.149031,0.553122,0.659046,0.46879,0.512168,0.418631,0.394389,0.556349,0.641836,0.247852,0.311518,0.314361
sedu_es_9ef-D31-04,0.448166,0.611114,0.871352,0.508415,0.579216,0.966539,0.727812,0.582753,0.104629,0.347528,0.098973,0.232967,0.241882,0.14315,0.537845,0.0,0.031099,0.087115,0.480142,0.045412,0.171935,0.280527,0.599868,1.0,0.700407,0.728279,0.76783,0.68478,0.744351,0.404409,0.496791,0.203663,0.395467,0.076754,0.128815,0.294087,0.157105,0.498952,0.724784,0.105408,0.104256,0.423447,0.178506,0.243695,0.267428,0.61914,0.520572,0.827604,0.594371,0.79116,0.817311,0.799289,0.779826,0.703712,0.435142,0.594557,0.120648,0.348602,0.458138,0.307436,0.021949,0.66519,0.62066,0.482292,0.676697,0.262092,0.099849,0.228551,0.653693,0.172014,0.399112,0.161139,0.303845,0.651587,0.693386,0.862096,0.750557,0.848452,0.722,0.572129,0.500026,0.567028,0.560089,0.411147,0.529962,0.849987,0.549429,0.781398,0.14018,0.317916,0.312961,0.244062,0.490514,0.52028,0.258238,0.349034,0.1936,0.393169,0.233712,0.210245,0.227103,0.619406,0.4103,0.581366,0.682558,0.42604,0.576018,0.777609,0.745451,0.692284,0.420232,0.62363,0.795653,0.52049,0.089567,0.111811,0.494778,0.204857,0.35391,0.704067,0.397213,0.633083,0.352841,0.304967,0.197195,0.291699,0.541349,0.353229,0.808472,0.583478,0.682511,0.398853,0.506368,0.452463,0.897241,0.703073,0.733892,0.861634,0.573698,0.515962,0.607418,0.400202,0.46384,0.139609,0.34549,0.252025,0.421212,0.522762,0.683972,0.729107,0.259606,0.311734,0.175148,0.324258,0.385967,0.501394,0.266239,0.365289,0.136578,0.403894,0.706829,0.586862,0.403885,0.966885,0.550472,0.538512,0.619692,0.534918,0.569807,0.51762,0.793722,0.913518,0.232153,0.253861,0.333195,0.362591,0.594643,0.641588,0.390578,0.224724,0.232553,0.530545,0.292592,0.640191,0.476858,0.533266,0.556005,0.517299,0.471508,0.891627,0.622907,0.547245,0.33887,0.445076,0.159751,0.22954,0.241028,0.581447,0.439275,0.947704,0.607264,0.239112,0.835945,0.464507,0.53888,0.618198,0.399999,0.45443,0.520954,0.58534,0.385424,0.505148,0.454945,0.508869,0.220049,0.643326,0.780222,0.762448,0.657348,0.340498,0.351354,0.157046,0.168762,0.281673,0.637397,0.529498,0.811159,0.811159,0.433322,0.364823,0.416924,0.512533,0.579244,0.370956,0.394202,0.374921,0.268136,0.502022,0.543146,0.35566,0.171934,0.316891,0.834069,0.268508,0.076222,0.16431,0.252153,0.232982,0.190679,0.066101,0.583872,0.373358,0.247504,0.524524,0.190815,0.551264,0.454653,0.54365,0.520675,0.517674,0.537879,0.471254,0.632149,0.473256,0.772078,0.675811,0.344555,0.509092,0.257124,0.772317,0.379382,0.471001,0.377828,0.362184,0.324026,0.483291,0.26145,0.366925,0.20589,0.554165,0.601872,0.488139,0.723344,0.580921,0.299472,0.493135,0.436178,0.115107,0.340273,0.314379
sedu_es_9ef-D32-01,0.640831,0.635097,0.544217,0.321307,0.726075,0.597024,0.802475,0.553943,0.52831,0.706972,0.483738,0.482817,0.411997,0.522616,0.367906,0.316283,0.40702,0.3601,0.343296,0.262756,0.38123,0.331231,0.761516,0.303532,0.538761,0.661003,0.589822,0.730277,0.577736,0.384403,0.761479,0.755312,0.702358,0.349084,0.241811,0.516865,0.577146,0.276382,0.127238,0.298424,0.295594,0.269186,0.226325,0.323081,0.330994,0.596322,0.784141,0.620727,0.797886,0.624558,0.651503,0.697205,0.561655,0.786194,0.885724,0.627775,0.28761,0.485945,0.477542,0.575956,0.398018,0.423445,0.278602,0.226416,0.254433,0.410572,0.247279,0.405955,0.286125,0.176709,0.429509,0.320419,0.318113,0.554443,0.716527,0.584444,0.67504,0.625975,0.614234,0.526371,0.403141,0.553613,0.496355,0.803167,0.63567,0.675836,0.663476,0.591701,0.431656,0.51585,0.518362,0.509327,0.20344,0.406961,0.225343,0.235328,0.227237,0.204333,0.210921,0.382727,0.262689,0.65869,0.671567,0.731321,0.683852,0.74233,0.423957,0.64165,0.60795,0.615737,0.463017,0.670041,0.351602,0.430997,0.306968,0.378608,0.457257,0.47768,0.475421,0.34375,0.410187,0.33997,0.134831,0.210213,0.276826,0.274795,0.791858,0.584882,0.536277,0.673429,0.814355,0.406903,0.703478,0.732064,0.618345,0.647385,0.550068,0.540741,0.412265,0.607175,0.570968,0.639841,0.531754,0.609217,0.594221,0.686558,0.364346,0.437503,0.605417,0.408704,0.398348,0.293156,0.187902,0.240569,0.44336,0.328798,0.505609,0.227159,0.159169,0.531707,0.575148,0.429625,0.690516,0.628312,0.42589,0.559529,0.583905,0.791633,0.570258,0.80697,0.75917,0.715148,0.568869,0.733853,1.0,0.940406,0.742961,0.665242,0.449939,0.561821,0.426775,0.448898,0.496592,0.443494,0.462604,0.565266,0.426387,0.576409,0.333825,0.375399,0.709853,0.546523,0.487048,0.159606,0.319166,0.096377,0.25947,0.554582,0.476309,0.730989,0.345206,0.526832,0.896001,0.50634,0.538041,0.507623,0.831764,0.807881,0.811219,0.435936,0.661956,0.396063,0.394485,0.552084,0.395975,0.517217,0.333578,0.477107,0.424517,0.311459,0.44811,0.267618,0.0,0.223425,0.54491,0.622534,0.563,0.560022,0.367447,0.683694,0.254152,0.40699,0.820848,0.623746,0.522903,0.579015,0.552968,0.653473,0.572759,0.342978,0.358432,0.249914,0.512915,0.145485,0.157261,0.372169,0.144063,0.28892,0.101248,0.199194,0.226221,0.345458,0.067729,0.215637,0.067006,0.404709,0.511517,0.494257,0.524126,0.572994,0.346752,0.4432,0.303447,0.625432,0.321008,0.606898,0.304973,0.247631,0.325125,0.306664,0.358698,0.361706,0.696127,0.61333,0.560898,0.626727,0.495608,0.421325,0.307704,0.845389,0.804075,0.583544,0.398857,0.496112,0.575386,0.711036,0.600445,0.218044,0.554694,0.275181
sedu_es_9ef-D32-02,0.617879,0.657639,0.624822,0.399832,0.771248,0.651983,0.78079,0.639399,0.652799,0.857812,0.431466,0.443863,0.595993,0.731601,0.280683,0.247457,0.339301,0.328923,0.297035,0.279037,0.481259,0.276815,0.744794,0.461316,0.619125,0.745524,0.579352,0.754685,0.78191,0.478665,0.892471,0.846731,0.879291,0.33972,0.332988,0.61466,0.75325,0.301345,0.104238,0.266379,0.226888,0.299858,0.308865,0.402184,0.340512,0.534296,0.750001,0.655103,0.805015,0.58808,0.652982,0.860434,0.653479,0.893933,0.924431,0.565248,0.410783,0.677301,0.646019,0.723593,0.60121,0.336584,0.161603,0.182627,0.218295,0.537887,0.186508,0.336493,0.289894,0.23619,0.653912,0.304506,0.395479,0.667443,0.632879,0.59325,0.628264,0.548061,0.658061,0.601484,0.568122,0.518012,0.402421,0.857208,0.782107,0.635336,0.697346,0.636052,0.521576,0.596908,0.670036,0.706604,0.153369,0.627545,0.211521,0.091143,0.255401,0.240771,0.332797,0.394667,0.282893,0.659556,0.599495,0.613594,0.72474,0.826801,0.43639,0.635324,0.62593,0.751375,0.593353,0.605635,0.426759,0.578231,0.341671,0.417092,0.608738,0.555289,0.633214,0.340338,0.586604,0.408718,0.290957,0.382149,0.248644,0.264756,0.712669,0.502294,0.534583,0.61289,0.769869,0.466877,0.732227,0.735596,0.604064,0.702849,0.615035,0.548627,0.412282,0.685034,0.657702,0.833076,0.668317,0.726152,0.698233,0.751025,0.584864,0.492904,0.613593,0.474546,0.525054,0.372027,0.122224,0.326684,0.475597,0.409091,0.510241,0.278811,0.230635,0.487605,0.590754,0.415258,0.680012,0.695156,0.504335,0.71909,0.70454,0.842001,0.616733,0.882296,0.749543,0.757525,0.417555,0.724628,1.0,0.916436,0.684348,0.706042,0.633074,0.693189,0.551152,0.592775,0.544102,0.650013,0.526579,0.62335,0.58612,0.661432,0.326641,0.508974,0.809935,0.76001,0.49148,0.291523,0.219462,0.141494,0.248532,0.516834,0.442035,0.791598,0.323131,0.475146,0.830644,0.674245,0.579412,0.557991,0.901023,0.856583,0.703007,0.448445,0.775833,0.526848,0.446133,0.594375,0.513418,0.644781,0.343766,0.652435,0.603867,0.398911,0.468916,0.234049,0.0,0.272218,0.648841,0.597417,0.591384,0.578373,0.314495,0.585336,0.321495,0.426895,0.78993,0.716689,0.611217,0.737526,0.651937,0.687242,0.595242,0.388177,0.524523,0.156477,0.574982,0.26963,0.26504,0.408685,0.208302,0.24947,0.237883,0.097979,0.193688,0.459016,0.069465,0.152958,0.097988,0.303568,0.535492,0.508858,0.507827,0.519516,0.35775,0.516792,0.265332,0.665869,0.454233,0.744567,0.384973,0.441178,0.285546,0.324796,0.372468,0.358188,0.693918,0.642142,0.517388,0.541983,0.330096,0.457663,0.338754,0.836115,0.834656,0.473471,0.538488,0.585278,0.606272,0.659547,0.623361,0.290178,0.427043,0.366604
sedu_es_9ef-D32-03,0.561946,0.660589,0.732052,0.245381,0.65292,0.826432,0.54334,0.470017,0.27121,0.587439,0.277746,0.296228,0.167532,0.318488,0.119001,0.157818,0.260967,0.207392,0.362384,0.248898,0.610806,0.493759,0.68355,0.394966,0.716836,0.388764,0.671393,0.607851,0.586613,0.232303,0.555268,0.423029,0.637168,0.202125,0.230007,0.281574,0.407018,0.240795,0.060847,0.131774,0.104608,0.306288,0.39355,0.515576,0.377923,0.611112,0.640993,0.686562,0.798635,0.573372,0.679764,0.7615,0.742911,0.938312,0.733906,0.577723,0.180288,0.227766,0.399798,0.508001,0.120676,0.554267,0.197615,0.176779,0.136537,0.332674,0.049658,0.20488,0.397019,0.372438,0.611732,0.367821,0.292933,0.437191,0.594225,0.656483,0.692198,0.65732,0.5595,0.544858,0.320246,0.618466,0.391285,0.687058,0.657637,0.699527,0.799879,0.750838,0.286879,0.519998,0.348226,0.172852,0.080951,0.415227,0.117802,0.248201,0.259757,0.160231,0.464772,0.44629,0.23934,0.516372,0.444846,0.647259,0.91712,0.864729,0.689989,0.620876,0.55122,0.563117,0.602805,0.59705,0.434738,0.470623,0.077719,0.198595,0.467811,0.276878,0.266628,0.353878,0.518325,0.091283,0.531414,0.427428,0.417623,0.297768,0.597898,0.465992,0.588531,0.506585,0.917602,0.351997,0.764538,0.857811,0.7148,0.835179,0.765513,0.747404,0.49023,0.745987,0.712575,0.62609,0.592556,0.48719,0.623181,0.54129,0.016894,0.175464,0.467315,0.355706,0.359485,0.331533,0.128842,0.121154,0.607206,0.628386,0.748939,0.448434,0.257545,0.49747,0.487171,0.544306,0.527187,0.571142,0.357753,0.614907,0.727316,0.790426,0.755366,0.815873,0.8241,0.764038,0.701329,0.322414,0.731054,0.802029,0.695015,0.811771,0.350349,0.395053,0.12746,0.234122,0.380286,0.45954,0.092601,0.438016,0.39619,0.474178,0.422254,0.291998,0.671955,0.552713,0.572274,0.417194,0.361062,0.196655,0.425844,0.568296,0.586354,0.748182,0.390385,0.50842,0.900061,0.640949,0.59792,0.565469,0.67798,0.652655,0.856904,0.47468,0.645525,0.219224,0.182858,0.504193,0.13213,0.505477,0.361134,0.346375,0.659741,0.555448,0.425411,0.346522,0.203567,0.409193,0.509885,0.494755,0.716426,0.58181,0.401964,0.826175,0.29271,0.494849,0.843438,0.627795,0.393674,0.647713,0.616387,0.70656,0.366986,0.2998,0.183848,0.25968,0.552548,0.494275,0.359782,0.437849,0.302328,0.336264,0.404681,0.109254,0.487354,0.172253,0.200965,0.176381,0.223587,0.277685,0.306478,0.577704,0.730383,0.583751,0.518468,0.436903,0.176031,0.632745,0.182617,0.501798,0.502645,0.596044,0.377517,0.457483,0.273388,0.538019,0.568187,0.511194,0.463788,0.634316,0.144868,0.459148,0.443546,0.933036,0.942773,0.407579,0.429806,0.368424,0.661822,1.0,0.90762,0.0,0.806002,0.514228
sedu_es_9ef-D32-04,0.575004,0.698507,0.622943,0.442202,0.747811,0.657155,0.800801,0.639321,0.693514,0.840027,0.396401,0.395858,0.620411,0.761168,0.313122,0.249395,0.334116,0.316745,0.258518,0.272976,0.501123,0.322523,0.68319,0.476012,0.613618,0.8048,0.573856,0.765238,0.799847,0.512876,0.913082,0.849766,0.88812,0.288118,0.340651,0.632204,0.765155,0.299973,0.118114,0.276764,0.22977,0.2655,0.298812,0.397631,0.411176,0.502706,0.74344,0.643388,0.730302,0.572268,0.64452,0.88398,0.638364,0.898176,0.925976,0.533219,0.364914,0.714197,0.666245,0.7316,0.607808,0.281546,0.16551,0.175118,0.252204,0.529377,0.207577,0.337887,0.2601,0.279829,0.679439,0.299728,0.444032,0.681175,0.630134,0.578687,0.600125,0.539009,0.655815,0.61017,0.608705,0.514303,0.366889,0.864357,0.802028,0.621249,0.647119,0.604093,0.494233,0.586711,0.687538,0.709888,0.152236,0.640221,0.23296,0.059592,0.243663,0.230132,0.349239,0.402978,0.310931,0.649555,0.598282,0.627455,0.738122,0.755971,0.453545,0.623012,0.595039,0.773894,0.578657,0.560275,0.425514,0.581122,0.306841,0.355113,0.605011,0.543892,0.630596,0.341264,0.584748,0.471778,0.318181,0.400715,0.242691,0.282916,0.705925,0.437389,0.531814,0.607395,0.794296,0.470734,0.754084,0.66795,0.599999,0.681084,0.599437,0.576882,0.409121,0.627936,0.655875,0.768649,0.659082,0.728032,0.703923,0.768729,0.627043,0.508635,0.628484,0.534747,0.522203,0.326149,0.121143,0.323797,0.437828,0.406909,0.535376,0.266956,0.232931,0.463572,0.596677,0.425554,0.642681,0.715986,0.520262,0.732549,0.731225,0.846106,0.599374,0.830908,0.703386,0.756162,0.364682,0.726535,1.0,0.889588,0.655646,0.735526,0.605947,0.669576,0.537504,0.600033,0.522385,0.643198,0.538616,0.664646,0.591572,0.687657,0.317169,0.587018,0.822202,0.784351,0.434101,0.325303,0.193402,0.134559,0.263958,0.524512,0.413976,0.791422,0.319796,0.491264,0.814607,0.631074,0.561501,0.618005,0.916753,0.872701,0.657083,0.455282,0.768932,0.569646,0.488424,0.597082,0.50216,0.632577,0.402809,0.762012,0.601007,0.416136,0.504502,0.227256,0.0,0.29962,0.63549,0.565806,0.578111,0.595565,0.303346,0.528676,0.333354,0.406328,0.782786,0.698586,0.612102,0.724289,0.628826,0.674521,0.647872,0.326852,0.50766,0.162665,0.610271,0.286928,0.274861,0.42453,0.206825,0.212978,0.248807,0.100821,0.176647,0.438331,0.059293,0.146062,0.116914,0.322564,0.542496,0.486793,0.495192,0.537573,0.378515,0.529296,0.241528,0.637782,0.483596,0.769991,0.404065,0.476264,0.259748,0.309179,0.392557,0.354671,0.690064,0.629801,0.527175,0.543768,0.365289,0.492818,0.36082,0.805746,0.814601,0.474855,0.564688,0.62384,0.600867,0.613716,0.589926,0.264282,0.410684,0.376855
sedu_es_9ef-D33-01,0.393812,0.546744,0.805211,0.458413,0.615585,0.725639,0.756073,0.84158,0.348855,0.434433,0.168102,0.277548,0.25185,0.125554,0.193319,0.089272,0.199058,0.301249,0.992724,0.107854,0.278298,0.428836,0.632829,0.637763,0.704852,0.653144,0.733072,0.837471,0.91969,0.726169,0.476371,0.300884,0.532844,0.199643,0.220991,0.202101,0.132,0.135344,0.31895,0.177637,0.224255,1.0,0.326447,0.33648,0.304199,0.682415,0.642144,0.745373,0.643942,0.740705,0.828359,0.870079,0.722157,0.842896,0.546865,0.682915,0.249842,0.22474,0.264664,0.274702,0.294539,0.537789,0.219208,0.181993,0.346846,0.293138,0.121664,0.366598,0.961254,0.471977,0.490605,0.315441,0.304704,0.589906,0.644401,0.753571,0.814101,0.476619,0.771267,0.583554,0.520198,0.682309,0.97495,0.492799,0.417258,0.853135,0.636009,0.595387,0.266925,0.252769,0.272426,0.303839,0.269125,0.490509,0.265855,0.264939,0.22604,0.617507,0.355115,0.24082,0.099377,0.630986,0.515457,0.609345,0.800425,0.694434,0.839256,0.734942,0.71294,0.666577,0.554434,0.621716,0.744513,0.725003,0.139529,0.321419,0.321037,0.185689,0.402889,0.366858,0.393963,0.248422,0.359842,0.362999,0.164601,0.077417,0.545431,0.486897,0.553051,0.450539,0.57267,0.491089,0.61623,0.681983,0.77985,0.802427,0.687186,0.733653,0.755855,0.661851,0.740761,0.536569,0.366212,0.190113,0.257286,0.248643,0.315633,0.222761,0.427706,0.270684,0.280042,0.393448,0.042851,0.084169,0.396489,0.546589,0.269766,0.231863,0.027211,0.308509,0.644616,0.686148,0.697142,0.778284,0.524364,0.418408,0.516103,0.61912,0.774478,0.685978,0.681584,0.676322,0.369889,0.34047,0.506086,0.507273,0.66921,0.510139,0.564314,0.38084,0.256113,0.362772,0.249464,0.423129,0.049416,0.379122,0.22895,0.316557,0.397116,0.390914,0.469297,0.466128,0.412823,0.326608,0.250007,0.145969,0.248474,0.506067,0.595052,0.938126,0.564785,0.459086,0.607774,0.633162,0.57096,0.387907,0.500874,0.545011,0.646403,0.533242,0.333152,0.230426,0.204513,0.435433,0.278049,0.441856,0.339281,0.491079,0.639955,0.242392,0.230408,0.078336,0.133917,0.097209,0.433024,0.638019,0.81734,0.658426,0.648269,0.398136,0.323848,0.510112,0.54919,0.456621,0.269931,0.384335,0.354022,0.606116,0.263026,0.393977,0.251522,0.115484,0.534432,0.30927,0.284415,0.03792,0.103264,0.238123,0.21618,0.0,0.523798,0.281393,0.443358,0.308666,0.03049,0.420507,0.422629,0.474875,0.551321,0.501332,0.346384,0.318153,0.3894,0.478695,0.443145,0.580948,0.308108,0.444042,0.426799,0.360678,0.381759,0.293232,0.374043,0.383842,0.131363,0.366399,0.0466,0.122576,0.16369,0.529894,0.490453,0.467552,0.422175,0.157979,0.255688,0.422382,0.295711,0.176611,0.32012,0.239624
sedu_es_9ef-D33-02,0.202209,0.541536,0.740496,0.407059,0.379133,0.657244,0.476139,0.524318,0.31939,0.273899,0.374523,0.410813,0.287981,0.266375,0.647715,0.0,0.140266,0.129951,0.534206,0.147072,0.501996,0.468643,0.40728,0.578432,0.728209,0.340994,0.515446,0.545134,0.583828,0.481441,0.13407,0.131012,0.315679,0.226018,0.296991,0.295937,0.314821,0.280826,0.560815,0.204129,0.114367,0.631259,0.154894,0.6232,0.387211,0.293601,0.342635,0.495768,0.494264,0.449316,0.650749,0.651919,0.481808,0.533748,0.366246,0.480166,0.183392,0.266224,0.461466,0.469605,0.303741,0.616217,0.462454,0.369906,0.641225,0.46602,0.061211,0.321744,0.740092,0.269281,0.585942,0.464598,0.307697,0.276239,0.345803,0.47898,0.688302,0.570688,0.544393,0.620512,0.430811,0.626741,0.568562,0.249305,0.316507,0.664324,0.563589,0.299787,0.291108,0.377915,0.437354,0.240987,0.470462,0.51708,0.120651,0.443321,0.415834,0.916874,0.299667,0.408542,0.257319,0.325975,0.329596,0.619161,0.760697,0.580154,0.577139,0.49701,0.47914,0.65196,0.356496,0.472665,1.0,0.581367,0.289932,0.402615,0.466132,0.251569,0.504198,0.602212,0.630006,0.331676,0.384386,0.177703,0.40885,0.311619,0.341065,0.316479,0.366529,0.243121,0.48282,0.423686,0.631105,0.536846,0.554849,0.654978,0.527098,0.597356,0.521449,0.333281,0.661526,0.478436,0.359809,0.328053,0.411331,0.453418,0.384657,0.217322,0.454122,0.446413,0.436983,0.480306,0.419272,0.315453,0.512537,0.330964,0.445046,0.488765,0.263118,0.356045,0.50652,0.587217,0.424095,0.437643,0.449004,0.411844,0.541478,0.553934,0.645827,0.554904,0.54201,0.552355,0.450935,0.201747,0.334085,0.420361,0.539174,0.613608,0.392292,0.436821,0.08658,0.23404,0.298714,0.377166,0.156202,0.337938,0.233584,0.348805,0.485326,0.517385,0.472518,0.502642,0.297931,0.300764,0.391862,0.348378,0.507956,0.359722,0.606661,0.726461,0.573308,0.494614,0.533123,0.68904,0.606513,0.477174,0.358463,0.307523,0.65444,0.542854,0.429111,0.165419,0.295522,0.463767,0.131005,0.458345,0.661405,0.612685,0.374328,0.545327,0.360201,0.291712,0.446028,0.418874,0.532368,0.26962,0.599048,0.49838,0.592519,0.57496,0.53232,0.523534,0.710162,0.51038,0.357588,0.505723,0.436127,0.599827,0.289196,0.46669,0.28926,0.362057,0.629326,0.323704,0.355138,0.48629,0.394725,0.532097,0.366595,0.152117,0.575532,0.197895,0.597941,0.511654,0.324343,0.526433,0.399907,0.491062,0.728391,0.531565,0.400061,0.262569,0.503046,0.464869,0.37994,0.683572,0.175126,0.335766,0.457341,0.681429,0.385826,0.450266,0.433326,0.453216,0.482394,0.547628,0.040862,0.264613,0.624988,0.57709,0.527927,0.474174,0.453829,0.26135,0.4414,0.488232,0.558528,0.278696,0.515098,0.31075
sedu_es_9ef-D33-03,0.438629,0.603258,0.708433,0.358103,0.694776,0.871931,0.861031,0.803719,0.241495,0.495978,0.236616,0.225832,0.25745,0.346426,0.159382,0.050175,0.089464,0.253577,0.529578,0.142737,0.413934,0.452343,0.717091,0.53108,0.574071,0.701652,0.793366,0.904838,0.928696,0.608873,0.599878,0.263418,0.594024,0.137461,0.203418,0.331901,0.314688,0.312225,0.251108,0.06433,0.172558,0.407207,0.201653,0.359136,0.481482,0.603049,0.744406,0.877383,0.7592,0.89035,0.888137,1.0,0.832955,0.987455,0.677735,0.69999,0.32742,0.394686,0.370181,0.400982,0.270396,0.461554,0.253747,0.28058,0.248902,0.303384,0.126179,0.316648,0.469174,0.22014,0.641741,0.299839,0.413495,0.700358,0.91167,0.918481,0.852544,0.570477,0.855392,0.716968,0.456889,0.565352,0.701816,0.587311,0.535883,0.868549,0.672077,0.739498,0.294158,0.299128,0.435479,0.398365,0.206912,0.571122,0.186474,0.2519,0.225703,0.109139,0.228089,0.460812,0.238783,0.74454,0.66003,0.693934,0.749338,0.788923,0.736472,0.894413,0.847762,0.783189,0.591792,0.736668,0.523633,0.676983,0.216837,0.241656,0.416207,0.368468,0.408086,0.477904,0.466667,0.46933,0.310429,0.254152,0.360123,0.287477,0.736402,0.518678,0.791675,0.620029,0.796769,0.579151,0.707161,0.789132,0.882607,0.93892,0.813734,0.851232,0.679052,0.800009,0.757515,0.647601,0.515802,0.33105,0.509968,0.421845,0.33325,0.316652,0.55424,0.61201,0.367676,0.429503,0.067496,0.170371,0.548749,0.608466,0.319709,0.318782,0.275378,0.283542,0.730769,0.629195,0.69764,0.913534,0.55209,0.478259,0.724916,0.705643,0.815702,0.807912,0.809639,0.848156,0.393655,0.371952,0.687267,0.604107,0.765025,0.782586,0.653591,0.408048,0.340991,0.560366,0.35664,0.587692,0.243247,0.686458,0.464526,0.634175,0.53043,0.606743,0.741238,0.681553,0.650351,0.334219,0.247704,0.214885,0.22182,0.86959,0.617534,0.985128,0.53696,0.481897,0.869159,0.740986,0.696648,0.666468,0.590651,0.590144,0.652554,0.590286,0.504593,0.425988,0.497471,0.623906,0.365759,0.732927,0.383349,0.639059,0.706532,0.308322,0.262348,0.098019,0.0,0.20014,0.631889,0.763354,0.873515,0.894898,0.449838,0.485072,0.372447,0.502786,0.819281,0.484363,0.566902,0.472651,0.564542,0.728924,0.583713,0.473115,0.339347,0.193607,0.725445,0.256735,0.262019,0.25696,0.199656,0.250006,0.290183,0.167206,0.300087,0.303917,0.166318,0.302345,0.095051,0.453665,0.686751,0.603535,0.500563,0.687098,0.454136,0.54252,0.475298,0.620651,0.540653,0.719813,0.434352,0.520025,0.499105,0.422852,0.382457,0.426299,0.5803,0.54896,0.356693,0.464336,0.218284,0.415327,0.33751,0.746397,0.694805,0.48745,0.603197,0.464193,0.473148,0.632204,0.58975,0.190112,0.421823,0.316021
sedu_es_9ef-D33-04,0.379534,0.598612,0.473888,0.256878,0.621671,0.831831,0.658762,0.51775,0.271157,0.258321,0.530319,0.540458,0.224316,0.350603,0.278479,0.37458,0.503374,0.572355,0.913231,0.376537,0.693607,0.651266,0.598332,0.601691,0.517535,0.417345,0.712367,0.690772,0.693567,0.615515,0.439907,0.382154,0.319876,0.389297,0.270841,0.300413,0.314854,0.363832,0.283731,0.723139,0.46963,0.804341,0.512364,0.602454,0.587001,0.443281,0.613091,0.773905,0.70794,0.633636,0.681576,0.744185,0.66628,0.645216,0.539028,0.580023,0.506666,0.287433,0.575313,0.552916,0.216192,0.650087,0.446441,0.332829,0.23688,0.431341,0.411105,0.473302,0.780082,0.51747,0.61764,0.475607,0.416955,0.458555,0.67871,0.804571,0.91006,0.769906,0.856706,0.698086,0.290372,0.521587,0.826333,0.47407,0.469401,0.949956,0.611342,0.512982,0.51391,0.595207,0.478686,0.372549,0.34444,0.584288,0.610878,0.599524,0.817663,0.445442,0.572405,0.533823,0.454015,0.598068,0.57788,0.578588,0.672103,0.683451,0.846631,0.746959,0.805957,0.618766,0.569372,0.675422,0.87528,0.672175,0.361032,0.547581,0.530478,0.368096,0.389118,0.541406,0.665679,0.36187,0.625218,0.57071,0.393358,0.481813,0.561178,0.400287,0.701967,0.567499,0.555229,0.481066,0.589743,0.666184,0.85011,0.750218,0.746423,0.678956,0.718431,0.601107,0.813675,0.70004,0.632868,0.513863,0.523875,0.454822,0.333658,0.391217,0.736369,0.501077,0.575101,0.700359,0.253689,0.437861,0.636324,0.760292,0.424329,0.42552,0.313954,0.698033,0.58082,0.747553,0.569554,0.672935,0.651967,0.4687,0.767138,0.625642,0.796861,0.645644,0.70043,0.659193,0.357791,0.395559,0.570696,0.605547,0.71633,0.693252,0.68573,0.447079,0.394615,0.44874,0.443527,0.553539,0.171691,0.700535,0.546121,0.672413,0.691516,0.45519,0.582231,0.561214,0.938481,0.760325,0.438458,0.408067,0.498716,0.64426,0.717362,0.991415,0.607835,0.380985,0.732267,0.81173,0.728538,0.544941,0.625831,0.612566,0.753557,0.656963,0.392515,0.493632,0.624221,0.684381,0.387951,0.654849,0.411134,0.482285,0.699992,0.604416,0.426292,0.08539,0.424166,0.456319,0.618869,0.638537,0.948822,0.716626,0.622601,0.607459,0.457558,0.572771,0.844808,0.605261,0.486742,0.443748,0.592336,0.671881,0.595158,0.824318,0.460387,0.276901,0.837599,0.569754,0.307503,0.367493,0.384296,0.522629,0.355895,0.0,0.818409,0.237639,0.563128,0.594479,0.32151,0.623048,0.670617,0.703249,0.893932,0.6779,0.407552,0.57098,0.560086,0.452666,0.579586,0.499241,0.619942,0.694577,0.512794,0.568716,0.595052,0.393076,0.688089,0.600823,0.409077,0.612717,0.272564,0.466807,0.395971,0.918742,0.783161,0.666108,0.724093,0.542966,0.809018,1.0,0.909018,0.445556,0.565211,0.601138
sedu_es_9ef-D34-01,0.364975,0.55448,0.943888,0.875383,0.630574,0.781468,0.759209,0.618858,0.412434,0.294141,0.421772,0.400353,0.526486,0.451513,0.549563,0.145112,0.203598,0.291058,0.888518,0.145089,0.661476,0.409506,0.552143,0.730545,0.901445,0.524618,0.723559,0.727652,0.761618,0.612216,0.198685,0.240476,0.493129,0.277316,0.293581,0.569351,0.465403,0.31757,0.423861,0.263283,0.160717,0.768306,0.191714,0.663019,0.41628,0.404013,0.548387,0.758919,0.574086,0.534253,0.752893,0.944963,0.602452,0.817967,0.44215,0.767307,0.38215,0.558431,0.574466,0.565901,0.374125,0.626893,0.363865,0.327913,0.527321,0.54665,0.157957,0.334078,0.846787,0.246095,0.816606,0.478534,0.323158,0.350442,0.539238,0.502722,0.802496,0.667958,0.631985,0.622659,0.398256,0.872581,0.753253,0.340462,0.295888,0.802041,0.719154,0.524272,0.500667,0.452242,0.549953,0.341952,0.37813,0.745226,0.230557,0.294649,0.504615,0.865211,0.343501,0.4791,0.214523,0.447442,0.450115,0.710592,0.895002,0.804677,0.771749,0.570684,0.533346,0.756552,0.514922,0.640824,1.0,0.755505,0.444967,0.550135,0.608528,0.255094,0.475958,0.493661,0.55899,0.435576,0.296615,0.20482,0.396218,0.216959,0.555575,0.37364,0.436558,0.13673,0.5528,0.4146,0.663945,0.692342,0.634412,0.749421,0.721404,0.715282,0.601206,0.520807,0.802168,0.730714,0.45547,0.301709,0.549678,0.536997,0.448093,0.358193,0.37823,0.368529,0.354769,0.411108,0.101773,0.328336,0.420378,0.45564,0.485344,0.402949,0.510607,0.445972,0.409529,0.528452,0.629955,0.605994,0.314411,0.316505,0.604026,0.703663,0.759864,0.762415,0.693269,0.652757,0.420716,0.205568,0.527125,0.54694,0.676538,0.697754,0.554639,0.528164,0.212051,0.457063,0.275548,0.575603,0.240136,0.487527,0.254279,0.470584,0.366263,0.735007,0.736366,0.687085,0.427566,0.362989,0.236417,0.309869,0.489022,0.456843,0.449177,0.84366,0.450426,0.362268,0.719235,0.909255,0.737491,0.453264,0.334264,0.31644,0.761779,0.483351,0.596469,0.341048,0.213894,0.623758,0.214272,0.522165,0.673056,0.754393,0.505858,0.454158,0.22406,0.169647,0.26256,0.215324,0.629504,0.432464,0.796399,0.614063,0.462222,0.623674,0.221791,0.387699,0.855078,0.592928,0.46431,0.59912,0.622814,0.648692,0.236926,0.547355,0.427588,0.378226,0.677607,0.373878,0.323589,0.382327,0.308432,0.400868,0.373081,0.13011,0.501031,0.168376,0.416924,0.26724,0.060007,0.571409,0.447771,0.512641,0.729522,0.527363,0.285562,0.551877,0.258292,0.608361,0.497263,0.761177,0.291939,0.436073,0.442023,0.380414,0.176035,0.333288,0.619311,0.706277,0.352392,0.520732,0.0,0.317506,0.595858,0.707028,0.70742,0.5327,0.617643,0.192682,0.403676,0.355139,0.355453,0.188695,0.546482,0.346289
sedu_es_9ef-D34-02,0.412959,0.609035,0.740288,0.259428,0.557268,0.857926,0.541739,0.455041,0.310318,0.317904,0.501363,0.529655,0.458402,0.17676,0.70534,0.254253,0.12384,0.112041,0.533405,0.458888,0.327299,0.406793,0.577784,0.497676,0.737329,0.262356,0.734962,0.542687,0.506316,0.437202,0.213134,0.242006,0.359131,0.328389,0.0,0.456317,0.329475,0.314716,0.581996,0.038696,0.210121,0.573171,0.350568,0.493902,0.220933,0.409636,0.423912,0.720297,0.682313,0.544186,0.727154,0.581791,0.578429,0.471379,0.34325,0.767384,0.33321,0.398085,0.453427,0.383182,0.212071,0.787482,0.480874,0.35455,0.572638,0.470526,0.149537,0.522213,0.683115,0.179617,0.490033,0.504162,0.206566,0.302551,0.459696,0.574918,0.607153,0.625086,0.707655,0.817779,0.310879,0.415804,0.550317,0.232305,0.418332,0.771318,0.767543,0.525778,0.364109,0.524559,0.396046,0.465874,0.513086,0.477222,0.16136,0.451501,0.051688,0.459461,0.262708,0.495676,0.119909,0.454008,0.508074,0.558768,0.631584,0.564008,0.405577,0.545816,0.505233,0.715194,0.693315,0.879198,0.641572,0.859228,0.285616,0.434082,0.498995,0.213362,0.44881,0.773923,0.626891,0.560886,0.390023,0.335699,0.542788,0.238988,0.454428,0.513151,0.616908,0.537989,0.583697,0.604765,0.735714,0.61759,0.677157,0.6579,0.591311,0.42917,0.62372,0.700381,0.910799,0.436479,0.52988,0.238062,0.46138,0.471857,0.225644,0.196148,0.607361,0.661364,0.438708,0.624239,0.208088,0.254351,0.578667,0.502295,0.111763,0.576932,0.244191,0.569822,0.477133,0.618883,0.430915,0.5205,0.522937,0.719543,0.759344,0.75498,0.929129,0.639098,0.723637,0.71541,0.717775,0.431821,0.397651,0.550491,0.982123,0.76956,0.220972,0.642773,0.316214,0.514722,0.360971,0.492789,0.426859,0.566434,0.337325,0.539209,0.707529,0.544968,0.430568,0.539913,0.616452,0.281737,0.471826,0.365106,0.429764,0.476327,0.705503,0.889393,0.537314,0.229655,0.631178,0.661905,0.823151,0.626562,0.383041,0.29734,1.0,0.692791,0.433686,0.18409,0.317848,0.812447,0.230989,0.564194,0.740396,0.688259,0.652257,0.415761,0.406488,0.294629,0.319298,0.297122,0.561763,0.363354,0.513094,0.588542,0.476917,0.925234,0.603601,0.710826,0.810121,0.575838,0.533533,0.722125,0.595782,0.751566,0.454669,0.337491,0.387343,0.376315,0.748794,0.476389,0.267823,0.253415,0.391303,0.58532,0.423612,0.4349,0.581368,0.420426,0.4382,0.479596,0.185627,0.589581,0.559442,0.611899,0.671238,0.685264,0.671996,0.757055,0.394372,0.904537,0.528088,0.733958,0.404994,0.498396,0.688513,0.744158,0.397003,0.631049,0.578625,0.498585,0.548188,0.703558,0.290908,0.437044,0.510279,0.608371,0.61145,0.447456,0.568042,0.472691,0.364586,0.648801,0.595459,0.168923,0.672776,0.463883
sedu_es_9ef-D34-03,0.632562,0.652229,0.566081,0.38815,0.677497,0.587574,0.589622,0.56941,0.158485,0.349938,0.121915,0.093517,0.300846,0.421494,0.028942,0.188218,0.290387,0.400363,0.728575,0.240263,0.381348,0.247478,0.646209,0.472931,0.568542,0.378218,0.448379,0.605713,0.574746,0.427885,0.419837,0.282395,0.391186,0.152761,0.168149,0.305317,0.415698,0.266703,0.075114,0.17154,0.359576,0.778713,0.428538,0.378769,0.146368,0.573674,0.716684,0.449526,0.610747,0.513138,0.515188,0.660526,0.787557,0.831882,0.445903,0.531716,0.237622,0.321894,0.359907,0.429482,0.362039,0.61555,0.188801,0.180796,0.059889,0.348764,0.247488,0.342787,0.766482,0.38187,0.666428,0.297415,0.182013,0.541581,0.635159,0.59917,0.502101,0.527562,0.533532,0.682833,0.250435,0.714077,0.977409,0.588336,0.532248,0.574221,0.57818,0.617599,0.256833,0.238048,0.479525,0.188531,0.216808,0.579559,0.192879,0.476025,0.245783,0.221397,0.511226,0.300966,0.066283,0.649594,0.568676,0.649987,0.908312,1.0,0.815133,0.623664,0.572915,0.489055,0.559324,0.502615,0.403948,0.585309,0.245226,0.526122,0.422785,0.347757,0.473613,0.275903,0.375732,0.133019,0.469118,0.565672,0.322783,0.117259,0.67428,0.567292,0.536533,0.519199,0.722558,0.418149,0.592486,0.948509,0.701072,0.913157,0.920875,0.798111,0.584684,0.559352,0.609264,0.753156,0.343994,0.356139,0.588718,0.48882,0.237524,0.243817,0.373457,0.304777,0.398892,0.453261,0.21024,0.065086,0.430435,0.75964,0.383638,0.331488,0.227274,0.303501,0.539454,0.46301,0.551047,0.785967,0.511169,0.498972,0.652126,0.620425,0.849249,0.848695,0.742209,0.877026,0.523663,0.274944,0.655178,0.592344,0.618976,0.670686,0.64112,0.506502,0.206934,0.403655,0.355176,0.543444,0.101234,0.547958,0.295558,0.512258,0.442401,0.544178,0.633443,0.587265,0.61877,0.379505,0.227218,0.175046,0.327465,0.558102,0.563784,0.738076,0.635599,0.424856,0.620397,0.835581,0.641008,0.404974,0.610443,0.652025,0.648741,0.506993,0.587976,0.266244,0.292794,0.481217,0.218931,0.578234,0.321302,0.493403,0.700712,0.369015,0.309647,0.133044,0.089214,0.264656,0.599226,0.659082,0.826633,0.668802,0.58174,0.408267,0.269362,0.444109,0.543063,0.583498,0.604857,0.502023,0.490688,0.570784,0.347179,0.460417,0.198991,0.278037,0.530431,0.427744,0.305068,0.371382,0.248508,0.231938,0.293626,0.092252,0.265251,0.139282,0.308005,0.217079,0.088222,0.26946,0.341091,0.578827,0.553069,0.462705,0.360978,0.418194,0.256063,0.577874,0.242869,0.536193,0.480689,0.565301,0.535304,0.380176,0.417517,0.335786,0.577285,0.518144,0.352011,0.404505,0.0,0.195747,0.312864,0.700564,0.620094,0.399295,0.461737,0.232744,0.502653,0.551706,0.547853,0.225999,0.514636,0.448802
sedu_es_9ef-D34-04,0.441535,0.523026,0.639473,0.221751,0.662535,0.857455,0.903923,0.703323,0.167213,0.480455,0.125668,0.127091,0.39031,0.417379,0.261042,0.0,0.094636,0.167017,0.439906,0.099647,0.357088,0.353498,0.703505,0.385338,0.538953,0.55011,0.813143,0.798626,0.77751,0.529003,0.422097,0.303372,0.467446,0.127466,0.087821,0.419633,0.456692,0.330714,0.296653,0.039228,0.20333,0.379116,0.194354,0.355361,0.305114,0.624062,0.78992,0.920759,0.652413,0.937129,0.940473,0.955485,0.711655,0.881828,0.541113,0.803088,0.241345,0.439021,0.466018,0.461874,0.419396,0.521451,0.264151,0.311391,0.296151,0.358343,0.152759,0.493857,0.392675,0.05373,0.5826,0.333331,0.327165,0.503232,0.915579,0.893965,0.91392,0.682776,0.924151,0.827175,0.300858,0.667295,0.761606,0.528854,0.575118,0.916147,0.733346,0.821408,0.277113,0.448159,0.594566,0.638527,0.25181,0.683982,0.097517,0.272919,0.158552,0.208871,0.175863,0.411163,0.181236,0.727654,0.799406,0.72588,0.74632,0.804456,0.480424,1.0,0.956964,0.641951,0.616885,0.803315,0.439844,0.773064,0.249904,0.340123,0.428548,0.383783,0.57561,0.48637,0.62185,0.44266,0.217314,0.188999,0.321994,0.232981,0.82003,0.670189,0.806827,0.620638,0.761057,0.603499,0.776699,0.886943,0.872117,0.966241,0.922847,0.647263,0.623065,0.916153,0.76931,0.594115,0.548572,0.341561,0.544087,0.513586,0.429766,0.427703,0.46832,0.604757,0.490779,0.401708,0.148091,0.190085,0.476063,0.550656,0.273919,0.25604,0.185707,0.218875,0.74935,0.563364,0.532642,0.816321,0.576448,0.570443,0.541424,0.83294,0.935948,0.726918,0.970228,0.926958,0.72663,0.420187,0.82599,0.733208,0.904961,0.899263,0.600633,0.558553,0.449608,0.5243,0.539291,0.640596,0.412791,0.650959,0.482481,0.655451,0.449288,0.627052,0.813576,0.718818,0.690134,0.248127,0.212412,0.127301,0.136395,0.763901,0.606698,0.944024,0.52352,0.418186,0.914269,0.906015,0.764984,0.79651,0.521913,0.464794,0.855318,0.589586,0.706646,0.403111,0.520536,0.632308,0.415689,0.699645,0.524972,0.67326,0.639532,0.227424,0.169282,0.076124,0.093586,0.0921,0.751052,0.79763,0.875304,0.80871,0.399849,0.725128,0.43422,0.483411,0.931482,0.670765,0.633793,0.602388,0.779163,0.890217,0.530174,0.39783,0.359968,0.291723,0.728005,0.287276,0.231888,0.128662,0.142606,0.312283,0.183738,0.272363,0.37653,0.398698,0.09638,0.132871,0.017542,0.484771,0.778478,0.721643,0.49663,0.762997,0.466529,0.643734,0.337562,0.722497,0.586561,0.67793,0.337742,0.420957,0.497819,0.431212,0.284228,0.383295,0.770606,0.764303,0.458872,0.501707,0.473986,0.496899,0.35123,0.770641,0.793879,0.536133,0.691604,0.508631,0.411012,0.664449,0.572546,0.215395,0.489901,0.325124
sedu_es_9ef-D35-01,0.438991,0.475528,0.483101,0.155428,0.561547,0.548948,0.525233,0.447942,0.439106,0.469597,0.39398,0.384866,0.600043,0.755747,0.19833,0.124028,0.233222,0.217856,0.325741,0.155568,0.692228,0.257941,0.482144,0.220639,0.448086,0.330715,0.458916,0.426439,0.512215,0.447768,0.451068,0.445084,0.450263,0.335386,0.321656,0.602524,0.758708,0.346083,0.087784,0.190845,0.314625,0.335619,0.144487,0.629666,0.247942,0.332066,0.526168,0.448796,0.631727,0.38728,0.452135,0.575149,0.530281,0.620778,0.505985,0.50334,0.47012,0.575423,0.707651,0.74516,0.626702,0.42839,0.219794,0.220352,0.150706,0.567848,0.222781,0.38232,0.371425,0.057067,0.867508,0.443291,0.37121,0.302453,0.423298,0.445733,0.504191,0.52274,0.49409,0.731125,0.238353,0.470839,0.395479,0.458094,0.531924,0.539226,0.620656,0.531953,0.568851,0.675092,0.772339,0.700715,0.212099,0.73545,0.140019,0.317618,0.415104,0.097109,0.157105,0.607767,0.287708,0.407623,0.455414,0.587201,0.611436,0.648312,0.377807,0.483716,0.460082,0.49523,0.528681,0.577165,0.414078,0.580575,0.473792,0.54826,0.625855,0.610344,0.696331,0.413882,0.662556,0.434735,0.192047,0.188081,0.449841,0.285053,0.508384,0.44192,0.440238,0.582172,0.566033,0.426477,0.597469,0.686009,0.49198,0.624277,0.509457,0.412147,0.379434,0.578717,0.604545,0.754951,0.694944,0.611861,0.853268,0.765942,0.595511,0.487639,0.615747,0.487528,0.763355,0.488296,0.326254,0.421618,0.623345,0.331043,0.61724,0.406725,0.395047,0.577092,0.428002,0.405942,0.366773,0.48373,0.449002,0.54774,0.715815,0.60942,0.62022,0.628137,0.612521,0.634018,0.690174,0.394364,0.76409,0.692903,0.743154,0.806766,0.573642,0.879007,0.590586,0.621795,0.667664,0.842545,0.628594,0.818534,0.574459,0.849868,0.30592,0.540198,0.849818,0.814052,0.555916,0.204845,0.310937,0.343235,0.496071,0.407653,0.46601,0.576388,0.426056,0.401314,0.636637,0.866906,0.738638,0.707165,0.696673,0.570003,0.89285,0.460435,0.801661,0.550907,0.552305,0.698963,0.530423,0.707851,0.473398,0.656311,0.475712,0.563498,0.259838,0.288052,0.0,0.423707,0.723036,0.467557,0.474285,0.466037,0.352819,0.800976,0.374418,0.524502,0.802147,0.825966,0.758174,0.907814,0.884213,0.726499,0.653469,0.562646,0.614654,0.353371,0.589653,0.284876,0.494039,0.694933,0.431577,0.453487,0.430973,0.250473,0.382027,0.443581,0.128527,0.196486,0.22907,0.333994,0.517318,0.697925,0.627956,0.562683,0.501306,0.596607,0.309499,0.750393,0.494486,0.618984,0.319355,0.332675,0.383415,0.393286,0.389186,0.482974,0.780957,0.830469,0.733678,0.653036,0.320278,0.585342,0.556365,0.902352,1.0,0.502185,0.610931,0.5832,0.789672,0.573547,0.717482,0.476071,0.626306,0.404295
sedu_es_9ef-D35-02,0.392902,0.657273,0.495433,0.292009,0.517753,0.645248,0.494546,0.423017,0.505106,0.309081,0.63039,0.578766,0.598982,0.609477,0.257739,0.198885,0.277531,0.281556,0.337176,0.159538,1.0,0.393595,0.522096,0.321089,0.495644,0.40541,0.571542,0.401356,0.405173,0.488767,0.453384,0.372778,0.421871,0.441107,0.481082,0.611286,0.64854,0.312416,0.063494,0.161958,0.492547,0.341367,0.133795,0.897534,0.450576,0.35074,0.493922,0.428516,0.697171,0.230776,0.364273,0.358903,0.483315,0.65188,0.429012,0.30716,0.55586,0.556559,0.801236,0.802897,0.651968,0.471496,0.306724,0.165588,0.15821,0.763616,0.381791,0.410885,0.358979,0.201518,0.884662,0.561911,0.512749,0.550601,0.332216,0.367361,0.486485,0.539445,0.269761,0.505052,0.276924,0.38126,0.288625,0.343842,0.497306,0.506521,0.524553,0.294286,0.639823,0.743064,0.640266,0.519874,0.179635,0.633002,0.311411,0.277364,0.583652,0.107451,0.256692,0.694709,0.402639,0.509785,0.401238,0.553381,0.709988,0.559164,0.541894,0.215129,0.114044,0.422742,0.544437,0.150428,0.390598,0.439891,0.360246,0.476732,0.800364,0.648948,0.61881,0.350341,0.676504,0.231825,0.307508,0.155534,0.527327,0.404197,0.405386,0.346002,0.310758,0.443944,0.52758,0.399451,0.58419,0.485814,0.373515,0.401475,0.232972,0.579826,0.37351,0.285053,0.511999,0.639098,0.738285,0.513724,0.830209,0.763694,0.62922,0.489013,0.686037,0.285265,0.821325,0.510959,0.528874,0.673195,0.680555,0.227838,0.745475,0.551859,0.502675,0.771398,0.254933,0.472033,0.545139,0.415526,0.440375,0.540303,0.908428,0.516228,0.444823,0.733663,0.423479,0.507611,0.391186,0.32495,0.472177,0.312187,0.358701,0.349049,0.355023,0.842544,0.460589,0.577942,0.551034,0.711456,0.45125,0.843603,0.372078,0.744754,0.316537,0.345016,0.608427,0.553862,0.480033,0.245457,0.367246,0.500972,0.823058,0.366193,0.541559,0.496605,0.548136,0.37784,0.23502,0.553303,0.551778,0.317156,0.723362,0.655781,0.57684,0.453465,0.602148,0.429196,0.556575,0.641897,0.3247,0.409732,0.375657,0.554573,0.299385,0.803516,0.415074,0.3639,0.0,0.645911,0.532282,0.209418,0.438885,0.401078,0.415186,0.565571,0.376612,0.429323,0.485256,0.86353,0.564264,0.81599,0.567955,0.432288,0.689381,0.443029,0.67313,0.407788,0.459988,0.261621,0.645875,0.943237,0.605226,0.621009,0.516394,0.195495,0.560799,0.334339,0.098259,0.247734,0.388977,0.308896,0.265338,0.505988,0.642476,0.308758,0.3922,0.356805,0.311114,0.525196,0.367122,0.559936,0.270408,0.310192,0.385212,0.438452,0.665506,0.458979,0.318795,0.320773,0.649335,0.704722,0.088219,0.525275,0.674634,0.695042,0.65395,0.575752,0.534506,0.355511,0.780426,0.481997,0.56129,0.488088,0.620506,0.315256
sedu_es_9ef-D35-03,0.450324,0.52401,0.502358,0.156287,0.593556,0.609064,0.570263,0.466935,0.465259,0.483475,0.410422,0.411368,0.610209,0.796146,0.216371,0.105101,0.214159,0.217084,0.336053,0.15093,0.716296,0.276863,0.508798,0.250434,0.465271,0.368775,0.492664,0.46666,0.565672,0.491976,0.48297,0.46127,0.474694,0.336533,0.338778,0.617339,0.794718,0.342575,0.093029,0.190625,0.318154,0.350293,0.154347,0.641017,0.27971,0.347174,0.567096,0.488964,0.670426,0.410752,0.466102,0.627668,0.558839,0.650322,0.540855,0.516069,0.481284,0.584845,0.745186,0.781572,0.642798,0.419695,0.232154,0.216945,0.162794,0.592249,0.221477,0.392207,0.394327,0.079852,0.908703,0.445763,0.384118,0.342328,0.446722,0.465595,0.512684,0.554703,0.531698,0.768765,0.268613,0.475635,0.417358,0.487518,0.542642,0.558348,0.615003,0.522972,0.581264,0.692135,0.790837,0.705823,0.20289,0.76113,0.136783,0.294097,0.412115,0.105228,0.179395,0.625709,0.28016,0.451172,0.492241,0.606577,0.645983,0.676209,0.41086,0.498293,0.462994,0.546112,0.534045,0.570562,0.448566,0.600605,0.478878,0.545605,0.65958,0.63238,0.699196,0.426555,0.691891,0.440416,0.215722,0.20293,0.446423,0.282157,0.540137,0.451628,0.469647,0.599932,0.612816,0.455279,0.626947,0.691376,0.523488,0.634265,0.536593,0.443098,0.417242,0.554245,0.641717,0.788853,0.723451,0.63481,0.903491,0.810934,0.618995,0.515078,0.680564,0.520353,0.769473,0.509125,0.319896,0.429758,0.624766,0.366638,0.641544,0.412461,0.379757,0.60714,0.451812,0.437369,0.392617,0.522968,0.494686,0.565261,0.778803,0.635539,0.650115,0.678048,0.630991,0.677666,0.672883,0.403759,0.784423,0.697071,0.749943,0.836686,0.565652,0.894665,0.579344,0.660228,0.67317,0.880923,0.657989,0.897645,0.579254,0.911192,0.311567,0.574083,0.904605,0.853953,0.570236,0.239166,0.290991,0.339361,0.515674,0.41889,0.470216,0.636447,0.448744,0.43311,0.64672,0.867575,0.762533,0.739023,0.742208,0.619265,0.89148,0.487378,0.851713,0.578898,0.601124,0.743648,0.513176,0.739732,0.501194,0.713398,0.500229,0.582263,0.282514,0.268185,0.0,0.442663,0.745082,0.48211,0.492522,0.516393,0.377265,0.784124,0.399052,0.532138,0.812704,0.861657,0.784048,0.954343,0.898325,0.733458,0.700136,0.582848,0.630079,0.35349,0.631515,0.306216,0.506594,0.727695,0.427249,0.448625,0.43616,0.227692,0.380177,0.413733,0.138979,0.202907,0.221456,0.36894,0.522596,0.713223,0.653221,0.580863,0.519927,0.609838,0.312093,0.780943,0.512992,0.676673,0.357909,0.381206,0.395187,0.423115,0.428705,0.499685,0.76268,0.792386,0.736436,0.669136,0.325099,0.596957,0.575042,0.91644,1.0,0.537006,0.620952,0.612734,0.817784,0.600935,0.729327,0.465966,0.644761,0.429006
sedu_es_9ef-D35-04,0.454744,0.517455,0.486221,0.16002,0.570076,0.590146,0.547624,0.443282,0.476826,0.474258,0.429466,0.421292,0.620514,0.794744,0.223368,0.120027,0.233706,0.229089,0.342964,0.153649,0.733546,0.271359,0.50542,0.236616,0.449439,0.321382,0.479498,0.423717,0.515236,0.4578,0.459835,0.46515,0.459354,0.359844,0.337105,0.631362,0.80505,0.343055,0.091016,0.196711,0.333688,0.35441,0.145808,0.662932,0.266319,0.33986,0.546741,0.465433,0.663565,0.386539,0.44978,0.574476,0.532856,0.59982,0.517156,0.507246,0.504736,0.585084,0.760061,0.791391,0.655913,0.437822,0.237547,0.217351,0.163084,0.613546,0.244463,0.402889,0.396206,0.061544,0.901498,0.460193,0.387897,0.321223,0.419517,0.44643,0.494208,0.554216,0.511892,0.758975,0.249773,0.454197,0.400371,0.456213,0.524085,0.546811,0.605973,0.506684,0.601752,0.713895,0.801421,0.710552,0.215711,0.762576,0.149076,0.311306,0.429827,0.097046,0.172111,0.64339,0.298241,0.440185,0.488485,0.602402,0.620584,0.663445,0.3951,0.475094,0.43845,0.510988,0.522647,0.567622,0.439722,0.580697,0.503681,0.567881,0.674778,0.649562,0.708411,0.433677,0.695214,0.441204,0.205295,0.191696,0.472129,0.301391,0.52468,0.458975,0.460403,0.59547,0.576552,0.438889,0.622212,0.683047,0.498359,0.605869,0.504982,0.407735,0.397392,0.546609,0.619181,0.785677,0.734026,0.639883,0.903656,0.81673,0.616852,0.51997,0.676907,0.513915,0.794604,0.525669,0.335463,0.437845,0.634722,0.34859,0.665052,0.428445,0.404649,0.635945,0.419742,0.432263,0.385016,0.48936,0.487393,0.55639,0.768845,0.630151,0.606566,0.66732,0.618169,0.652447,0.698671,0.405154,0.76883,0.687569,0.746307,0.816006,0.548865,0.917562,0.601447,0.663574,0.683224,0.872906,0.666102,0.868497,0.574799,0.906876,0.312023,0.55044,0.879616,0.841284,0.567383,0.230441,0.303581,0.359804,0.537267,0.404886,0.47456,0.59061,0.448564,0.414058,0.629686,0.848615,0.753749,0.706459,0.735741,0.604542,0.904562,0.488043,0.830326,0.571754,0.603125,0.741834,0.530317,0.728579,0.490462,0.69735,0.466483,0.604862,0.285751,0.287672,0.0,0.458034,0.740277,0.461966,0.463297,0.491438,0.381116,0.808133,0.397878,0.533953,0.794787,0.864193,0.788254,0.943985,0.890055,0.71673,0.695558,0.587444,0.652657,0.371033,0.618832,0.299001,0.525008,0.750805,0.448805,0.476487,0.446728,0.247404,0.396559,0.434119,0.135999,0.20854,0.237216,0.366334,0.521339,0.705177,0.66223,0.57798,0.517297,0.612462,0.31849,0.773863,0.514633,0.654255,0.348941,0.359018,0.39483,0.425843,0.433749,0.504338,0.762896,0.793516,0.761822,0.681993,0.334948,0.616613,0.596641,0.91578,1.0,0.531153,0.621211,0.603773,0.827918,0.592388,0.725705,0.492452,0.662899,0.424302
sedu_es_9ef-D36-01,0.254704,0.623687,0.642267,0.491966,0.389036,0.763695,0.526266,0.428092,0.48464,0.160971,0.196198,0.231113,0.290317,0.185067,0.608143,0.285489,0.301504,0.351911,0.400074,0.275954,0.329309,0.451006,0.312079,0.703505,0.595953,0.448635,0.699297,0.525425,0.370766,0.399152,0.266283,0.283968,0.150219,0.197828,0.235375,0.296553,0.216844,0.374382,0.623799,0.30786,0.285948,0.505122,0.232168,0.50881,0.305288,0.33738,0.297263,0.670521,0.4066,0.482819,0.639746,0.420924,0.491022,0.510682,0.284281,0.51087,0.264538,0.338878,0.39723,0.295965,0.199527,0.587947,0.640326,0.497248,0.707848,0.351559,0.251364,0.382527,0.478259,0.280848,0.433396,0.354379,0.320838,0.377893,0.400197,0.489173,0.629618,0.668586,0.453438,0.590018,0.340152,0.543449,0.444871,0.261901,0.387499,0.682454,0.574108,0.308318,0.185562,0.274533,0.12619,0.160645,0.536619,0.454913,0.306048,0.546334,0.51614,0.505064,0.400447,0.467764,0.292453,0.368175,0.277509,0.569981,0.614411,0.42214,0.510659,0.453268,0.401344,0.551135,0.458569,0.317675,0.789338,0.55692,0.258309,0.334431,0.437044,0.087656,0.281628,0.517645,0.413532,0.506554,0.433896,0.333919,0.526593,0.448113,0.306505,0.198121,0.480806,0.34876,0.444871,0.395052,0.523701,0.410339,0.576223,0.546336,0.515867,0.652207,0.465928,0.298519,0.471228,0.237696,0.234252,0.0,0.321596,0.200103,0.329624,0.277505,0.309027,0.429641,0.234561,0.293877,0.283458,0.268807,0.391209,0.441319,0.298849,0.507162,0.347153,0.454116,0.395148,0.442888,0.390457,0.488079,0.379083,0.391388,0.57767,0.532934,0.645804,0.438874,0.568248,0.529679,0.277956,0.193878,0.277781,0.307372,0.382812,0.390873,0.232387,0.280966,0.100612,0.367288,0.096474,0.323104,0.165502,0.4896,0.049775,0.449871,0.49953,0.592284,0.373393,0.358167,0.4794,0.445907,0.451515,0.393137,0.539684,0.595282,0.516587,0.568946,0.492938,0.629561,0.398494,0.473727,0.398296,0.401348,0.415004,0.439167,0.378214,0.434748,0.314595,0.239636,0.300459,0.40824,0.099763,0.228206,1.0,0.650091,0.410726,0.509682,0.409215,0.300023,0.428491,0.482496,0.369984,0.27231,0.677651,0.627404,0.313118,0.341439,0.380613,0.368253,0.546962,0.31729,0.232715,0.388166,0.319078,0.444724,0.434929,0.304499,0.300276,0.418139,0.571068,0.42293,0.231722,0.472805,0.384062,0.278888,0.392094,0.364378,0.443941,0.219682,0.363109,0.375887,0.346093,0.54078,0.319998,0.310202,0.551592,0.353978,0.431739,0.442455,0.48548,0.39525,0.342945,0.613,0.303613,0.435391,0.51906,0.65817,0.489352,0.322793,0.307783,0.325344,0.549779,0.484602,0.215257,0.389055,0.594927,0.308208,0.332742,0.211287,0.605102,0.112768,0.245733,0.20878,0.293755,0.127843,0.40898,0.289869
sedu_es_9ef-D36-02,0.386083,0.693146,1.0,0.618305,0.514345,0.63821,0.470234,0.517189,0.546282,0.491006,0.437382,0.453064,0.523121,0.355738,0.676844,0.242409,0.437646,0.414554,0.406628,0.350193,0.576206,0.476679,0.458579,0.702835,0.993971,0.484923,0.577088,0.551238,0.670948,0.490492,0.40427,0.420309,0.558703,0.360211,0.526279,0.468112,0.501931,0.55136,0.463399,0.390961,0.306539,0.303634,0.44416,0.701875,0.403523,0.481283,0.495057,0.579494,0.551406,0.330769,0.504511,0.651763,0.679332,0.677422,0.489358,0.513024,0.315239,0.413983,0.536968,0.580155,0.41316,0.520248,0.507519,0.465043,0.450128,0.58699,0.2438,0.359341,0.407856,0.565239,0.621468,0.571311,0.359429,0.576924,0.380572,0.38275,0.479665,0.380117,0.415586,0.583242,0.663979,0.490315,0.327033,0.477715,0.616698,0.530074,0.63245,0.444158,0.436267,0.429571,0.411503,0.363979,0.508072,0.691998,0.386226,0.322663,0.394306,0.303605,0.576146,0.545846,0.288571,0.451418,0.303062,0.612191,0.799369,0.426652,0.693796,0.300108,0.270531,0.786104,0.618593,0.380462,0.596978,0.759674,0.332597,0.301457,0.559902,0.49308,0.4641,0.583685,0.701604,0.448508,0.524071,0.417521,0.392194,0.273731,0.344735,0.370898,0.355115,0.239806,0.619692,0.513807,0.697085,0.358888,0.499457,0.434611,0.334589,0.7239,0.451596,0.432083,0.800609,0.522685,0.553505,0.547651,0.597196,0.603766,0.410525,0.315468,0.523755,0.428837,0.528448,0.463913,0.546886,0.788728,0.636347,0.488732,0.449699,0.431473,0.460394,0.508278,0.472681,0.459949,0.414889,0.460674,0.347603,0.552968,0.647414,0.547336,0.675666,0.563628,0.597566,0.474988,0.407035,0.292738,0.255964,0.461172,0.413122,0.21061,0.328235,0.528383,0.275699,0.451859,0.377879,0.582612,0.392436,0.525889,0.54985,0.433673,0.496517,0.595307,0.411,0.468658,0.434321,0.43241,0.532573,0.494828,0.479363,0.349173,0.353693,0.670078,0.553184,0.413167,0.35499,0.356066,0.490548,0.156408,0.489872,0.538086,0.506899,0.405686,0.551078,0.252077,0.37429,0.448195,0.187889,0.516757,0.606353,0.659038,0.605879,0.567925,0.500997,0.643759,0.308758,0.56904,0.571804,0.258659,0.314525,0.41753,0.462957,0.367475,0.605112,0.558986,0.374992,0.708888,0.299804,0.603228,0.35732,0.405946,0.422373,0.456173,0.460792,0.566354,0.50161,0.460915,0.337586,0.525922,0.469725,0.451786,0.431276,0.248204,0.428089,0.363423,0.484318,0.540913,0.470633,0.401095,0.157745,0.235446,0.447586,0.196786,0.21805,0.323624,0.555202,0.542147,0.324674,0.628193,0.479467,0.482847,0.4399,0.486859,0.374306,0.636919,0.119015,0.136229,0.214499,0.423604,0.0,0.363855,0.552689,0.489879,0.476021,0.352738,0.486897,0.433751,0.490443,0.390334,0.286795,0.265959,0.634895,0.473133
sedu_es_9ef-D36-03,0.473974,0.634436,0.780772,0.844478,0.707439,0.589597,0.446797,0.44532,0.651987,0.493706,0.842825,0.722671,0.596813,0.533223,0.460632,0.666054,0.761639,0.689135,0.351229,0.35288,0.920794,0.769517,0.674753,0.898834,0.784612,0.42283,0.52342,0.389696,0.553995,0.509422,0.561144,0.466394,0.720252,0.832724,0.491884,0.749901,0.587492,0.79255,0.413745,0.653651,0.700076,0.115522,0.292025,1.0,0.820901,0.611578,0.576709,0.565196,0.622591,0.253519,0.336355,0.454193,0.489372,0.535399,0.531676,0.158553,0.830294,0.652282,0.764729,0.788514,0.576767,0.36821,0.510501,0.444166,0.401227,0.882019,0.674373,0.527856,0.171017,0.545287,0.806341,0.778013,0.771845,0.726125,0.363157,0.359604,0.331975,0.216652,0.240139,0.290532,0.754697,0.408732,0.191428,0.569092,0.538881,0.431095,0.384881,0.331521,0.82192,0.698634,0.546723,0.537351,0.493909,0.676449,0.631494,0.388116,0.854594,0.031589,0.605437,0.818834,0.710906,0.58895,0.347848,0.437489,0.575231,0.59151,0.706758,0.251061,0.233267,0.660134,0.436987,0.19391,0.342557,0.314636,0.540121,0.532199,0.85148,0.648479,0.542325,0.501097,0.592141,0.58866,0.553059,0.358139,0.59377,0.577165,0.421739,0.347879,0.394501,0.294456,0.458695,0.269267,0.518355,0.380214,0.450019,0.35008,0.296116,0.664906,0.39444,0.285351,0.426189,0.65865,0.849158,0.628401,0.678072,0.628566,0.508076,0.439425,0.527173,0.388027,0.685947,0.567874,0.406312,0.676764,0.618765,0.585493,0.85748,0.572672,0.796443,0.755745,0.307941,0.39563,0.78342,0.380449,0.202664,0.304583,0.692665,0.447359,0.374667,0.724086,0.396177,0.329017,0.16245,0.456265,0.357732,0.415841,0.323952,0.050403,0.386652,0.597194,0.672735,0.586291,0.432043,0.532579,0.482586,0.508342,0.582501,0.468806,0.38298,0.52468,0.397522,0.447208,0.628679,0.512162,0.601535,0.720555,0.810434,0.504521,0.315347,0.450849,0.468973,0.330015,0.285779,0.367381,0.484851,0.091053,0.747004,0.716053,0.435398,0.255637,0.498892,0.488826,0.48073,0.493388,0.503937,0.505203,0.499281,0.454008,0.617994,0.920365,0.600328,0.72234,0.353902,0.716034,0.393897,0.357082,0.458748,0.437061,0.406906,0.414197,0.505957,0.452122,0.323402,0.430356,0.385548,0.417268,0.401289,0.265935,0.406345,0.653078,0.804087,0.547448,0.536335,0.513137,0.540894,0.808754,0.689932,0.650862,0.65478,0.237112,0.634235,0.483659,0.301172,0.520884,0.644218,0.320944,0.326403,0.233967,0.619844,0.203677,0.372534,0.522167,0.340725,0.407376,0.54253,0.425187,0.533363,0.474145,0.337153,0.341405,0.497332,0.517372,0.307473,0.252476,0.415538,0.537623,0.0,0.687352,0.717848,0.602848,0.568921,0.58031,0.787378,0.521603,0.669142,0.446691,0.424848,0.635301,0.795573,0.579541
sedu_es_9ef-D36-04,0.109602,0.471322,0.767558,0.448547,0.376144,0.634095,0.515181,0.339238,0.233396,0.117426,0.226501,0.328916,0.322891,0.13278,0.874614,0.189795,0.100607,0.155485,0.449562,0.029487,0.525192,0.313376,0.372222,0.512742,0.71055,0.347294,0.587916,0.368946,0.419771,0.397754,0.049706,0.125334,0.167036,0.148369,0.259506,0.265429,0.287006,0.478696,0.762074,0.237503,0.212997,0.482642,0.018104,0.65395,0.236941,0.388554,0.2183,0.598831,0.335855,0.432945,0.529332,0.456476,0.445613,0.315146,0.07277,0.588756,0.182725,0.214287,0.371127,0.439217,0.158424,0.741652,0.714778,0.581722,0.694602,0.568591,0.255335,0.475893,0.562571,0.05159,0.507268,0.56501,0.311623,0.306592,0.285612,0.325698,0.587991,0.578814,0.495223,0.545048,0.32099,0.520284,0.394822,0.0,0.224011,0.55634,0.646156,0.220396,0.205839,0.36643,0.181259,0.284586,0.596671,0.55326,0.385368,0.512243,0.291705,0.513978,0.155939,0.558104,0.314004,0.322367,0.383448,0.515926,0.569342,0.323742,0.438569,0.325769,0.314207,0.403933,0.474099,0.397603,0.69314,0.592765,0.122135,0.089587,0.374954,0.271541,0.434737,0.724575,0.634576,0.517591,0.187807,0.012141,0.497605,0.401627,0.389026,0.376483,0.394279,0.196709,0.271922,0.455779,0.525983,0.268206,0.422978,0.36819,0.308472,0.466075,0.530136,0.41029,0.566968,0.155214,0.298413,0.157902,0.304228,0.253451,0.43909,0.351487,0.366989,0.488063,0.379255,0.419248,0.455873,0.427981,0.614505,0.124554,0.326206,0.714565,0.446604,0.494308,0.334375,0.515128,0.358477,0.363169,0.397926,0.466747,0.548569,0.503806,0.5421,0.420378,0.554143,0.449783,0.364697,0.207942,0.024249,0.173636,0.487306,0.335262,0.05801,0.278809,0.216692,0.326704,0.250484,0.294686,0.410243,0.407138,0.300701,0.364048,0.403563,0.613956,0.312411,0.429805,0.339444,0.102696,0.261323,0.42395,0.581392,0.349215,0.471375,0.607533,0.612007,0.315094,0.304346,0.208676,0.451644,0.368588,0.146828,0.128968,0.449928,0.540782,0.237491,0.236931,0.288047,0.55722,0.155677,0.382372,1.0,0.604271,0.181767,0.540866,0.350449,0.334411,0.35251,0.371582,0.427658,0.038791,0.362157,0.434037,0.454983,0.483002,0.611409,0.597095,0.37629,0.391909,0.186688,0.321565,0.24387,0.451593,0.382195,0.264698,0.339679,0.418626,0.597751,0.175251,0.338733,0.395793,0.447321,0.537963,0.387195,0.573251,0.533182,0.429137,0.31035,0.580674,0.400327,0.526317,0.343575,0.371897,0.455163,0.326487,0.531481,0.323853,0.545551,0.425823,0.492653,0.468137,0.049016,0.138622,0.268108,0.783525,0.310081,0.587254,0.211163,0.261858,0.335927,0.639943,0.120738,0.377853,0.48911,0.220661,0.24199,0.42247,0.49143,0.373471,0.320589,0.412016,0.285146,0.263181,0.494927,0.148384
sedu_es_9ef-D37-01,0.242544,0.660178,0.41962,0.515982,0.306292,0.630191,0.443861,0.345082,0.591312,0.169512,0.339511,0.247985,0.407988,0.456209,0.27576,0.424594,0.630347,0.677221,0.220274,0.220484,0.921126,0.628654,0.236679,0.648708,0.414026,0.572516,0.460241,0.394331,0.449457,0.460487,0.338821,0.211095,0.384315,0.268093,0.50751,0.429379,0.44837,0.303425,0.342631,0.653845,0.373833,0.160956,0.210359,0.794117,0.682081,0.22598,0.344141,0.414016,0.478552,0.114423,0.29017,0.391577,0.348863,0.445943,0.330142,0.007848,0.3564,0.494222,0.704564,0.6088,0.302413,0.346432,0.406324,0.330823,0.453593,0.407076,0.456393,0.278049,0.369909,0.406207,0.760093,0.453619,0.650129,0.378987,0.187088,0.284742,0.335038,0.500201,0.237411,0.33271,0.569622,0.285031,0.095598,0.268559,0.338215,0.383372,0.242036,0.016951,0.364088,0.538723,0.443727,0.310202,0.242708,0.377759,0.528123,0.256985,0.804452,0.402691,0.387405,0.809423,0.678302,0.282796,0.244534,0.448963,0.503155,0.392706,0.598977,0.140822,0.09014,0.606153,0.139095,0.0,0.547114,0.182733,0.362903,0.399909,0.759986,0.49561,0.330018,0.257559,0.348311,0.237124,0.426773,0.242679,0.668361,0.608737,0.206839,0.151261,0.331625,0.226744,0.42457,0.268933,0.46329,0.28022,0.333927,0.286481,0.264742,0.609322,0.373589,0.006655,0.374567,0.41773,0.496493,0.497495,0.648651,0.532289,0.409429,0.461378,0.546232,0.355024,0.248178,0.259967,0.404112,0.495746,0.396121,0.308109,0.840808,0.702109,0.625992,0.827043,0.300215,0.376186,0.460391,0.300488,0.252329,0.313841,0.800278,0.366532,0.280727,0.527778,0.346335,0.355065,0.01768,0.178761,0.185712,0.155732,0.126964,0.072926,0.359143,0.451736,0.331314,0.219934,0.295787,0.389109,0.258333,0.651116,0.474782,0.454777,0.285012,0.423091,0.408322,0.413739,0.241415,0.444946,0.472785,0.563643,0.952244,0.355204,0.298794,0.41654,0.476162,0.371916,0.266773,0.256269,0.444323,0.120869,0.637415,0.588823,0.25773,0.256181,0.390845,0.505487,0.448246,0.358154,0.346455,0.363746,0.385932,0.358344,0.324467,0.869749,0.63389,0.64996,0.262633,0.819365,0.251694,0.036733,0.44483,0.336353,0.358383,0.274516,0.149696,0.244902,0.385243,0.316889,0.334512,0.311653,0.259663,0.166609,0.525792,0.533278,0.428208,0.365798,0.510436,0.265159,0.538503,1.0,0.691529,0.431817,0.618975,0.253016,0.465465,0.214327,0.304971,0.30982,0.677077,0.576746,0.220127,0.4189,0.60386,0.077045,0.290408,0.346209,0.47249,0.340166,0.337182,0.513943,0.344889,0.351412,0.182604,0.457637,0.559387,0.595505,0.293509,0.239434,0.493956,0.658571,0.041086,0.721303,0.643428,0.46671,0.409068,0.443555,0.568692,0.473424,0.58108,0.481414,0.502773,0.426775,0.682695,0.34406
sedu_es_9ef-D37-02,0.361469,0.603334,0.597709,0.338076,0.418262,0.544124,0.147529,0.179475,0.376121,0.207545,0.438553,0.462196,0.31227,0.352878,0.344125,0.237572,0.239602,0.247689,0.276948,0.349386,0.887073,0.521959,0.348206,0.486753,0.625048,0.0,0.380233,0.201307,0.316158,0.30044,0.120704,0.15541,0.224247,0.456802,0.390235,0.41546,0.466429,0.500181,0.352467,0.23355,0.232059,0.239326,0.361023,0.979073,0.415335,0.314916,0.193798,0.383338,0.434001,0.048962,0.239312,0.285182,0.442597,0.296835,0.218199,0.198893,0.449972,0.276131,0.62083,0.595811,0.363885,0.682905,0.400928,0.42598,0.336819,0.550576,0.301997,0.124226,0.333418,0.438059,0.765362,0.819291,0.490771,0.209955,0.045531,0.205486,0.232825,0.389761,0.271331,0.516905,0.333486,0.390412,0.144656,0.122228,0.328016,0.401487,0.446986,0.204866,0.489551,0.687522,0.362259,0.223578,0.555885,0.674848,0.357456,0.572648,0.650317,0.207306,0.521638,0.833174,0.556757,0.17629,0.174614,0.437795,0.465221,0.554674,0.680279,0.079563,0.057368,0.356446,0.567546,0.238962,0.456324,0.362119,0.416002,0.452102,0.653066,0.428468,0.44432,0.553847,0.56477,0.364646,0.577343,0.357454,0.93787,0.581428,0.146581,0.173995,0.318478,0.17541,0.375428,0.357194,0.520727,0.455928,0.258813,0.399619,0.43568,0.452128,0.521078,0.352544,0.424545,0.574706,0.614922,0.407984,0.618134,0.496117,0.285481,0.140718,0.488368,0.373079,0.44646,0.492909,0.345529,0.562097,0.759376,0.488178,0.677352,0.967848,0.762936,0.944219,0.145602,0.510942,0.38776,0.201226,0.216634,0.515237,0.773634,0.464541,0.454274,0.560243,0.333853,0.380958,0.489993,0.234202,0.164988,0.302737,0.361573,0.282664,0.150867,0.501877,0.306771,0.382031,0.242928,0.490353,0.368463,0.534768,0.470162,0.594615,0.616509,0.419465,0.343135,0.555565,0.474055,0.426667,0.698725,0.899698,0.979364,0.209332,0.460787,0.374633,0.689097,0.155274,0.215525,0.430968,0.612816,0.182168,0.452355,0.396019,0.522098,0.455122,0.415939,0.179687,0.450083,0.548103,0.161821,0.537526,0.464064,0.391445,0.491467,1.0,0.577512,0.802387,0.580141,0.916921,0.473415,0.186984,0.301008,0.230349,0.562181,0.506949,0.331764,0.589776,0.362602,0.310252,0.307341,0.550022,0.41216,0.250229,0.448878,0.55203,0.500432,0.401854,0.442781,0.500926,0.723595,0.912942,0.965637,0.661682,0.956499,0.337686,0.818363,0.251065,0.459553,0.784426,0.839084,0.503277,0.231283,0.501341,0.730657,0.3667,0.461333,0.350433,0.366938,0.500983,0.342912,0.451597,0.420486,0.464577,0.551062,0.626146,0.506404,0.717542,0.363564,0.347814,0.657437,0.733473,0.011137,0.723771,0.889485,0.647148,0.594609,0.384011,0.443646,0.526764,0.693322,0.521924,0.646485,0.367596,0.857525,0.599906
sedu_es_9ef-D37-03,0.535651,0.803045,0.758455,0.662439,0.836335,0.708741,0.717398,0.589287,0.48801,0.553061,0.226129,0.255885,0.333896,0.577362,0.398874,0.078749,0.187577,0.298236,0.554458,0.0,0.977448,0.700949,0.816319,0.526711,0.763289,0.552363,0.710764,0.721378,0.749584,0.38145,0.552662,0.396258,0.613749,0.180713,0.621442,0.501595,0.64646,0.573523,0.396627,0.138575,0.234821,0.250042,0.237342,0.806854,0.740338,0.863644,0.763285,0.726276,0.776671,0.635323,0.67166,0.850034,0.812036,0.839253,0.715952,0.528471,0.261344,0.423946,0.637902,0.876764,0.343822,0.563225,0.449329,0.536931,0.442133,0.629797,0.329877,0.371679,0.368868,0.30966,0.909938,0.774518,0.672896,0.881444,0.721782,0.614771,0.604888,0.518534,0.555118,0.620117,0.418887,0.65896,0.471466,0.594267,0.638489,0.676392,0.533631,0.470219,0.255663,0.566526,0.648723,0.332121,0.470173,0.790808,0.46098,0.512794,0.551844,0.09481,0.36612,0.900969,0.616229,0.827841,0.727901,0.660058,0.901017,0.926865,0.955887,0.538334,0.45354,0.734869,0.530039,0.385336,0.56889,0.473227,0.361158,0.314902,0.720378,0.634926,0.426365,0.553717,0.714244,0.298418,0.596999,0.192411,0.799177,0.744644,0.79678,0.505668,0.657684,0.396664,0.964825,0.38632,0.832488,0.705985,0.634724,0.753299,0.739578,0.76714,0.705606,0.47537,0.541687,0.690797,0.609124,0.71198,0.862069,0.795816,0.369002,0.450726,0.49833,0.593403,0.466462,0.509693,0.253663,0.340559,0.727133,0.534822,0.737972,0.749981,0.910073,0.383986,0.435875,0.71497,0.739512,0.570591,0.317202,0.536378,0.860969,0.78484,0.611362,1.0,0.661215,0.686139,0.380201,0.490265,0.577201,0.593819,0.521256,0.585417,0.490435,0.548801,0.289971,0.39274,0.397137,0.548127,0.221512,0.726536,0.469771,0.722341,0.643989,0.570386,0.683556,0.744938,0.612341,0.422374,0.406299,0.607964,0.599408,0.924312,0.536342,0.722965,0.56772,0.587503,0.584747,0.575999,0.682575,0.453361,0.657589,0.630898,0.613502,0.522696,0.535988,0.406245,0.544482,0.548287,0.273259,0.714254,0.371777,0.540177,0.415621,0.845514,0.758105,0.371029,0.420783,0.781086,0.556795,0.316312,0.627664,0.870227,0.60921,0.4768,0.504583,0.559593,0.765895,0.598252,0.474357,0.63724,0.515381,0.596978,0.650617,0.575699,0.437356,0.557159,0.725201,0.375236,0.65532,0.857254,0.652054,0.840913,0.817777,0.528836,0.562596,0.312893,0.205942,0.402309,0.497208,0.375711,0.526645,0.638638,0.752973,0.587775,0.559605,0.50963,0.468503,0.583859,0.399943,0.765365,0.355417,0.546939,0.884699,0.415868,0.448216,0.587501,0.617508,0.569768,0.626556,0.77077,0.083267,0.636051,0.91774,0.970835,0.857452,0.611576,0.597655,0.417299,0.811508,0.78491,0.738937,0.401553,0.74533,0.412884
sedu_es_9ef-D37-04,0.228825,0.629362,0.580334,0.461415,0.380245,0.537614,0.349647,0.299855,0.431793,0.274316,0.326849,0.286613,0.295748,0.356873,0.562051,0.229484,0.477913,0.366196,0.001319,0.083846,0.863695,0.493599,0.399952,0.582783,0.604995,0.304679,0.476204,0.306881,0.272112,0.21303,0.397941,0.26813,0.383501,0.230224,0.381533,0.341427,0.400341,0.439306,0.472067,0.455738,0.450742,0.038911,0.096142,0.844845,0.524386,0.390713,0.377952,0.427442,0.480279,0.216105,0.401066,0.285904,0.402266,0.501405,0.397379,0.141414,0.163678,0.304795,0.50905,0.71515,0.310643,0.302462,0.566344,0.329077,0.544171,0.477494,0.414232,0.333734,0.197182,0.3649,0.731039,0.502065,0.56481,0.452427,0.253406,0.308451,0.402362,0.393914,0.158248,0.362152,0.45706,0.296215,0.018248,0.361168,0.422478,0.390772,0.293334,0.184708,0.245233,0.407663,0.360736,0.257328,0.443609,0.51205,0.384922,0.435849,0.785749,0.279266,0.344366,0.747634,0.662654,0.363087,0.346528,0.517617,0.565979,0.498546,0.571706,0.209203,0.130624,0.469016,0.311815,0.045396,0.469601,0.263239,0.217188,0.204333,0.549698,0.342709,0.422975,0.511324,0.393636,0.408688,0.441474,0.159371,0.67991,0.618806,0.368082,0.225993,0.314319,0.192394,0.377626,0.204046,0.562428,0.270772,0.312076,0.334374,0.285991,0.591543,0.266347,0.12714,0.322951,0.28703,0.378058,0.376122,0.578316,0.43996,0.359017,0.289093,0.31428,0.433357,0.43968,0.080516,0.382194,0.246626,0.474461,0.288244,0.73949,0.630545,0.548122,0.483938,0.195147,0.379942,0.572663,0.33874,0.162308,0.268992,0.600285,0.460778,0.210972,0.626885,0.347836,0.36094,0.1333,0.182413,0.27796,0.274294,0.180516,0.131371,0.173961,0.403491,0.187743,0.140092,0.291942,0.349333,0.211089,0.383378,0.242164,0.34596,0.277742,0.396123,0.323299,0.423932,0.26773,0.31337,0.626572,0.471227,0.794052,0.484996,0.285172,0.302576,0.507526,0.265112,0.212833,0.278471,0.283557,0.169432,0.653923,0.599045,0.292576,0.243418,0.307682,0.245471,0.376495,0.265802,0.126127,0.30715,0.596252,0.508557,0.257842,0.864059,0.630768,0.711788,0.273387,0.832693,0.238536,0.152515,0.36878,0.367359,0.375111,0.241835,0.512887,0.334456,0.310133,0.395339,0.242097,0.299344,0.234918,0.241603,0.368768,0.463955,0.300742,0.416448,0.401484,0.271297,0.488182,1.0,0.591137,0.488792,0.646406,0.328346,0.591843,0.161018,0.149703,0.370053,0.602151,0.312152,0.135122,0.192645,0.614932,0.200927,0.349797,0.158243,0.267287,0.255382,0.232539,0.431491,0.282591,0.310875,0.288957,0.451511,0.430424,0.515701,0.1531,0.169631,0.570563,0.575156,0.0,0.697314,0.870501,0.429484,0.467211,0.347864,0.51982,0.248551,0.50902,0.340488,0.41283,0.282086,0.669076,0.306129
