item_id,EF01MA01,EF01MA02,EF01MA03,EF01MA04,EF01MA05,EF01MA06,EF01MA07,EF01MA08,EF01MA09,EF01MA10,EF01MA11,EF01MA12,EF01MA13,EF01MA14,EF01MA15,EF01MA16,EF01MA17,EF01MA18,EF01MA19,EF01MA20,EF01MA21,EF01MA22,EF02MA01,EF02MA02,EF02MA03,EF02MA04,EF02MA05,EF02MA06,EF02MA07,EF02MA08,EF02MA09,EF02MA10,EF02MA11,EF02MA12,EF02MA13,EF02MA14,EF02MA15,EF02MA16,EF02MA17,EF02MA18,EF02MA19,EF02MA20,EF02MA21,EF02MA22,EF02MA23,EF03MA01,EF03MA02,EF03MA03,EF03MA04,EF03MA05,EF03MA06,EF03MA07,EF03MA08,EF03MA09,EF03MA10,EF03MA11,EF03MA12,EF03MA13,EF03MA14,EF03MA15,EF03MA16,EF03MA17,EF03MA18,EF03MA19,EF03MA20,EF03MA21,EF03MA22,EF03MA23,EF03MA24,EF03MA25,EF03MA26,EF03MA27,EF03MA28,EF04MA01,EF04MA02,EF04MA03,EF04MA04,EF04MA05,EF04MA06,EF04MA07,EF04MA08,EF04MA09,EF04MA10,EF04MA11,EF04MA12,EF04MA13,EF04MA14,EF04MA15,EF04MA16,EF04MA17,EF04MA18,EF04MA19,EF04MA20,EF04MA21,EF04MA22,EF04MA23,EF04MA24,EF04MA25,EF04MA26,EF04MA27,EF04MA28,EF05MA01,EF05MA02,EF05MA03,EF05MA04,EF05MA05,EF05MA06,EF05MA07,EF05MA08,EF05MA09,EF05MA10,EF05MA11,EF05MA12,EF05MA13,EF05MA14,EF05MA15,EF05MA16,EF05MA17,EF05MA18,EF05MA19,EF05MA20,EF05MA21,EF05MA22,EF05MA23,EF05MA24,EF05MA25,EF06MA01,EF06MA02,EF06MA03,EF06MA04,EF06MA05,EF06MA06,EF06MA07,EF06MA08,EF06MA09,EF06MA10,EF06MA11,EF06MA12,EF06MA13,EF06MA14,EF06MA15,EF06MA16,EF06MA17,EF06MA18,EF06MA19,EF06MA20,EF06MA21,EF06MA22,EF06MA23,EF06MA24,EF06MA25,EF06MA26,EF06MA27,EF06MA28,EF06MA29,EF06MA30,EF06MA31,EF06MA32,EF06MA33,EF06MA34,EF07MA01,EF07MA02,EF07MA03,EF07MA04,EF07MA05,EF07MA06,EF07MA07,EF07MA08,EF07MA09,EF07MA10,EF07MA11,EF07MA12,EF07MA13,EF07MA14,EF07MA15,EF07MA16,EF07MA17,EF07MA18,EF07MA19,EF07MA20,EF07MA21,EF07MA22,EF07MA23,EF07MA24,EF07MA25,EF07MA26,EF07MA27,EF07MA28,EF07MA29,EF07MA30,EF07MA31,EF07MA32,EF07MA33,EF07MA34,EF07MA35,EF07MA36,EF07MA37,EF08MA01,EF08MA02,EF08MA03,EF08MA04,EF08MA05,EF08MA06,EF08MA07,EF08MA08,EF08MA09,EF08MA10,EF08MA11,EF08MA12,EF08MA13,EF08MA14,EF08MA15,EF08MA16,EF08MA17,EF08MA18,EF08MA19,EF08MA20,EF08MA21,EF08MA22,EF08MA23,EF08MA24,EF08MA25,EF08MA26,EF08MA27,EF09MA01,EF09MA02,EF09MA03,EF09MA04,EF09MA05,EF09MA06,EF09MA07,EF09MA08,EF09MA09,EF09MA10,EF09MA11,EF09MA12,EF09MA13,EF09MA14,EF09MA15,EF09MA16,EF09MA17,EF09MA18,EF09MA19,EF09MA20,EF09MA21,EF09MA22,EF09MA23,EM13MAT101,EM13MAT102,EM13MAT103,EM13MAT104,EM13MAT105,EM13MAT106,EM13MAT201,EM13MAT202,EM13MAT203,EM13MAT301,EM13MAT302,EM13MAT303,EM13MAT304,EM13MAT305,EM13MAT306,EM13MAT307,EM13MAT308,EM13MAT309,EM13MAT310,EM13MAT311,EM13MAT312,EM13MAT313,EM13MAT314,EM13MAT315,EM13MAT316,EM13MAT401,EM13MAT402,EM13MAT403,EM13MAT404,EM13MAT405,EM13MAT406,EM13MAT407,EM13MAT501,EM13MAT502,EM13MAT503,EM13MAT504,EM13MAT505,EM13MAT506,EM13MAT507,EM13MAT508,EM13MAT509,EM13MAT510,EM13MAT511
sedu_ama5_2023t1-D002_M-01,0.111122,0.0,0.308859,0.463095,0.654915,0.0,0.105111,0.114542,0.500298,0.653153,0.0,0.354883,0.0,0.0,0.119769,0.146686,0.158439,0.152223,0.0,0.0,0.0,0.144724,0.102449,0.088174,0.320061,0.138143,0.0,0.144885,0.0,0.0,0.132262,0.0,0.132262,0.394431,0.0,0.0,0.0,0.141712,0.146686,0.125915,0.141712,0.0,0.0,0.132114,0.125335,0.287733,0.144885,0.494771,0.526813,0.144885,0.0,0.141712,0.237356,0.122451,0.272968,0.469721,0.140129,0.0,0.0,0.0,0.0,0.245453,0.18295,0.146686,0.122726,0.0,0.125915,0.146686,0.0,0.0,0.155459,0.109926,0.128591,0.114542,0.107991,0.122451,0.138143,0.187046,0.137212,0.119769,0.114542,0.860442,0.254671,0.406916,0.613729,0.0,0.138143,0.144885,0.107871,0.155459,0.0,0.0,0.129365,0.398978,0.119769,0.107638,0.125915,0.0,0.0,0.122314,0.330774,0.107991,0.662758,0.662758,0.322136,0.730323,0.140129,0.282532,0.254671,0.09998,0.495525,0.0,0.0,0.393478,0.135945,0.149804,0.155459,0.155459,0.0,0.141712,0.372498,0.0,0.0,0.372498,0.112103,0.270076,0.626906,0.203736,0.105111,0.247067,0.114542,0.144885,0.105111,0.535911,0.122451,0.263023,0.233702,0.161987,0.0,0.495525,0.0,0.138143,0.118298,0.391883,0.290701,0.260011,0.0,0.169001,0.0,0.114443,0.18295,0.224067,0.207445,0.0,0.152223,0.091634,0.166409,0.144114,0.116875,0.140129,0.132262,0.0,0.58052,0.68688,0.0,0.318988,0.0,0.0,0.318988,0.757893,0.683155,0.78884,0.161806,0.0,0.241149,0.631828,0.0,0.186838,0.254671,0.122451,0.125335,0.0,0.0,0.152223,0.133115,0.141712,0.137212,0.158439,0.165484,0.158439,0.0,0.137212,0.356034,0.0,0.0,0.0,0.0,0.322136,0.0,0.0,0.0,0.0,0.288228,0.317119,0.140129,0.198172,0.36807,0.386035,0.149804,0.0,0.0,0.0,0.137212,0.0,0.0,0.146686,0.165484,0.18295,0.0,0.0,0.0,0.133115,0.0,0.114443,0.836626,1.0,0.161987,0.204899,0.0,0.398928,0.0,0.0,0.155459,0.0,0.0,0.0,0.0,0.0,0.152223,0.99102,0.0,0.125915,0.194047,0.0,0.0,0.20965,0.112033,0.149804,0.0,0.122726,0.118298,0.0,0.0,0.0,0.112033,0.0,0.0,0.0,0.155459,0.0,0.0,0.128591,0.133115,0.0,0.0,0.0,0.0,0.0,0.146686,0.0,0.0,0.146686,0.135945,0.122314,0.149804,0.122314,0.0,0.0,0.0,0.247067,0.233702,0.0,0.146686,0.419903,0.0,0.0,0.0,0.0,0.86244,0.0
sedu_ama5_2023t1-D002_M-02,0.111122,0.0,0.308859,0.463095,0.654915,0.0,0.105111,0.114542,0.500298,0.653153,0.0,0.354883,0.0,0.267908,0.119769,0.146686,0.158439,0.152223,0.0,0.0,0.0,0.144724,0.102449,0.088174,0.320061,0.138143,0.0,0.144885,0.0,0.0,0.132262,0.318874,0.132262,0.394431,0.0,0.0,0.28521,0.141712,0.146686,0.125915,0.141712,0.0,0.0,0.132114,0.125335,0.287733,0.144885,0.494771,0.526813,0.144885,0.0,0.141712,0.237356,0.122451,0.272968,0.469721,0.140129,0.0,0.0,0.0,0.349309,0.245453,0.18295,0.146686,0.122726,0.368204,0.125915,0.146686,0.0,0.0,0.155459,0.109926,0.128591,0.114542,0.107991,0.122451,0.138143,0.187046,0.137212,0.119769,0.114542,0.860442,0.254671,0.406916,0.613729,0.0,0.138143,0.144885,0.320454,0.155459,0.0,0.0,0.129365,0.645977,0.119769,0.107638,0.125915,0.0,0.0,0.122314,0.330774,0.107991,0.662758,0.662758,0.322136,0.730323,0.140129,0.282532,0.254671,0.09998,0.495525,0.0,0.0,0.393478,0.135945,0.149804,0.155459,0.461823,0.0,0.141712,0.372498,0.0,0.0,0.372498,0.112103,0.270076,0.626906,0.203736,0.105111,0.247067,0.114542,0.144885,0.105111,0.535911,0.122451,0.263023,0.233702,0.161987,0.0,0.495525,0.0,0.138143,0.118298,0.391883,0.290701,0.260011,0.0,0.169001,0.0,0.114443,0.18295,0.224067,0.207445,0.417505,0.152223,0.091634,0.166409,0.144114,0.116875,0.140129,0.132262,0.0,0.58052,0.68688,0.0,0.318988,0.0,0.0,0.318988,0.757893,0.683155,0.78884,0.161806,0.0,0.241149,0.631828,0.0,0.186838,0.254671,0.122451,0.372334,0.0,0.0,0.152223,0.133115,0.141712,0.137212,0.158439,0.165484,0.158439,0.0,0.137212,0.356034,0.0,0.0,0.0,0.0,0.322136,0.0,0.0,0.0,0.0,0.288228,0.317119,0.140129,0.198172,0.36807,0.386035,0.149804,0.0,0.0,0.333053,0.137212,0.0,0.306365,0.146686,0.165484,0.18295,0.0,0.0,0.0,0.133115,0.0,0.114443,0.836626,1.0,0.161987,0.204899,0.0,0.398928,0.0,0.0,0.155459,0.0,0.0,0.0,0.0,0.0,0.152223,0.99102,0.39054,0.125915,0.194047,0.0,0.0,0.20965,0.112033,0.149804,0.0,0.122726,0.118298,0.0,0.0,0.0,0.112033,0.0,0.0,0.0,0.155459,0.0,0.0,0.128591,0.133115,0.0,0.0,0.0,0.0,0.0,0.146686,0.0,0.0,0.146686,0.135945,0.122314,0.149804,0.122314,0.0,0.0,0.0,0.247067,0.233702,0.0,0.146686,0.419903,0.0,0.0,0.0,0.0,0.86244,0.0
sedu_ama5_2023t1-D002_M-03,0.122116,0.0,0.0,0.50891,0.719708,0.0,0.11551,0.125874,0.388596,0.717771,0.0,0.389993,0.0,0.0,0.0,0.0,0.0,0.0,0.0,0.0,0.0,0.159042,0.112585,0.096898,0.095152,0.15181,0.0,0.159219,0.420286,0.0,0.145347,0.0,0.145347,0.433453,0.0,0.0,0.0,0.0,0.0,0.0,0.0,0.0,0.0,0.145185,0.137735,0.3162,0.159219,0.543721,0.578932,0.159219,0.0,0.715826,0.772132,0.486406,0.299973,0.139645,0.153992,0.0,0.0,0.0,0.0,0.0,0.0,0.0,0.0,0.0,0.0,0.0,0.0,0.0,0.170839,0.120801,0.141313,0.125874,0.118675,0.134565,0.15181,0.205551,0.363979,0.317707,0.125874,0.754836,0.279866,0.447174,1.0,0.0,0.15181,0.159219,0.118543,0.170839,0.0,0.0,0.0,0.0,0.0,0.0,0.0,0.0,0.0,0.134415,0.363498,0.118675,0.728327,0.728327,0.354006,0.802577,0.153992,0.310483,0.279866,0.109872,0.544549,0.0,0.310295,0.772317,0.149394,0.164624,0.170839,0.170839,0.0,0.0,0.438975,0.0,0.0,0.0,0.123194,0.296795,0.688928,0.223893,0.11551,0.27151,0.125874,0.159219,0.417529,0.58893,0.134565,0.289044,0.256823,0.178013,0.0,0.544549,0.396931,0.15181,0.130002,0.279866,0.145347,0.130002,0.0,0.185721,0.0,0.0,0.0,0.0,0.0,0.0,0.0,0.100699,0.182872,0.158372,0.128438,0.153992,0.145347,0.0,0.637953,0.754836,0.0,0.0,0.0,0.380032,0.339911,0.832873,0.750742,0.866882,0.177815,0.0,0.265007,0.265007,0.0,0.205323,0.279866,0.134565,0.137735,0.0,0.0,0.0,0.0,0.0,0.0,0.0,0.0,0.0,0.0,0.0,0.178013,0.0,0.0,0.0,0.0,0.354006,0.0,0.0,0.0,0.0,0.316744,0.348493,0.153992,0.217777,0.404484,0.424226,0.164624,0.0,0.0,0.0,0.0,0.0,0.0,0.0,0.0,0.0,0.0,0.0,0.0,0.0,0.0,0.0,0.459378,0.688928,0.178013,0.22517,0.0,0.438395,0.0,0.365123,0.170839,0.0,0.0,0.0,0.0,0.0,0.0,0.590648,0.0,0.0,0.0,0.0,0.0,0.116407,0.0,0.164624,0.0,0.0,0.130002,0.0,0.0,0.0,0.0,0.0,0.0,0.0,0.170839,0.0,0.0,0.141313,0.0,0.0,0.0,0.0,0.0,0.0,0.0,0.0,0.0,0.0,0.149394,0.134415,0.164624,0.134415,0.0,0.0,0.0,0.27151,0.256823,0.0,0.0,0.461446,0.0,0.0,0.0,0.0,0.947764,0.0
sedu_ama5_2023t1-D005_M-01,0.168581,0.0,0.0,0.148191,0.209574,0.0,0.60403,0.17377,0.0,0.159462,0.0,0.0,0.0,0.0,0.0,0.0,0.0,0.0,0.0,0.0,0.0,0.0,0.155424,0.133768,0.131358,0.793851,0.0,0.219803,0.0,0.0,0.200652,0.0,0.200652,0.0,0.0,0.0,0.0,0.0,0.0,0.0,0.0,0.0,0.0,0.0,0.0,0.163832,0.832598,0.0,0.168581,0.219803,0.0,0.0,0.163832,0.185768,0.707107,0.19278,0.0,0.0,0.0,0.0,0.0,0.0,0.0,0.0,0.0,0.0,0.0,0.0,0.0,0.0,0.0,0.0,0.0,0.17377,0.620582,0.185768,0.209574,0.283765,0.0,0.0,0.17377,0.219803,0.17377,0.231693,0.155424,0.0,0.209574,0.219803,0.0,0.0,0.0,0.0,0.0,0.0,0.0,0.0,0.0,0.0,0.0,0.0,0.0,0.163832,0.638573,0.168581,0.219803,0.185768,0.0,0.19278,0.17377,0.151679,0.17377,0.0,0.0,0.0,0.0,0.0,0.0,0.0,0.0,0.0,0.0,0.0,0.0,0.0,0.0,0.0,0.159462,0.526581,0.159462,0.168581,0.17377,0.219803,0.159462,0.136316,0.185768,0.179469,0.159462,0.245747,0.0,0.17377,0.0,0.209574,0.179469,0.17377,0.200652,0.179469,0.0,0.0,0.0,0.0,0.0,0.0,0.0,0.0,0.0,0.139016,0.0,0.0,0.0,0.0,0.200652,0.0,0.185768,0.219803,0.0,0.0,0.0,0.0,0.0,0.19278,0.17377,0.200652,0.0,0.0,0.0,0.0,0.0,0.0,0.17377,0.185768,0.0,0.0,0.0,0.0,0.0,0.0,0.0,0.0,0.0,0.0,0.517906,0.484457,0.245747,0.0,0.0,0.0,0.0,0.219803,0.0,0.0,0.0,0.0,0.0,0.0,0.0,0.0,0.953463,1.0,0.0,0.0,0.0,0.0,0.0,0.0,0.0,0.0,0.0,0.0,0.0,0.0,0.0,0.0,0.0,0.0,0.133768,0.159462,0.245747,0.310849,0.0,0.0,0.0,0.0,0.0,0.0,0.0,0.0,0.0,0.0,0.0,0.0,0.0,0.0,0.0,0.0,0.0,0.0,0.0,0.0,0.0,0.0,0.179469,0.0,0.0,0.0,0.0,0.0,0.0,0.0,0.0,0.0,0.0,0.0,0.0,0.0,0.0,0.0,0.0,0.0,0.0,0.0,0.0,0.0,0.0,0.0,0.0,0.0,0.0,0.0,0.0,0.168581,0.159462,0.0,0.0,0.0,0.0,0.0,0.0,0.0,0.0,0.0
sedu_ama5_2023t1-D005_M-02,0.115416,0.0,0.0,0.320423,0.14348,0.217196,0.250108,0.375729,0.0,0.109172,0.0,0.0,0.0,0.0,0.0,0.323124,0.0,0.0,0.0,0.0,0.0,0.265182,0.106408,0.289237,0.089931,0.14348,0.185225,0.150484,0.296483,0.0,0.137372,0.0,0.137372,0.249096,0.0,0.0,0.0,0.0,0.0,0.0,0.265182,0.0,0.0,0.0,0.0,0.354241,0.150484,0.17734,0.115416,0.344749,0.17734,0.4238,0.354241,0.127182,0.484105,0.131983,0.0,0.0,0.0,0.0,0.0,0.0,0.0,0.27449,0.229655,0.0,0.235621,0.0,0.0,0.312168,0.0,0.0,0.0,0.118968,0.690403,0.291366,0.328706,0.44507,0.153581,0.134056,0.677985,0.150484,0.118968,0.158624,0.106408,0.17734,0.14348,0.150484,0.0,0.0,0.0,0.0,0.0,0.0,0.22412,0.0,0.235621,0.0,0.0,0.0,0.0,0.112164,0.115416,0.115416,0.150484,0.127182,0.153581,0.302365,0.272548,0.367673,0.118968,0.0,0.0,0.0,0.0,0.0,0.0,0.0,0.0,0.0,0.0,0.0,0.335322,0.549759,0.0,0.0,0.109172,0.095174,0.250108,0.115416,0.118968,0.150484,0.250108,0.213805,0.291366,0.281487,0.250108,0.168246,0.17734,0.118968,0.0,0.14348,0.122869,0.118968,0.137372,0.122869,0.0,0.0,0.0,0.252098,0.0,0.0,0.0,0.0,0.0,0.459843,0.0,0.0,0.214154,0.0,0.137372,0.194266,0.127182,0.150484,0.0,0.0,0.0,0.0,0.0,0.131983,0.118968,0.137372,0.0,0.0,0.0,0.0,0.0,0.0,0.118968,0.127182,0.0,0.0,0.0,0.0,0.0,0.0,0.153581,0.0,0.0,0.17734,0.164185,0.153581,0.168246,0.185225,0.170382,0.0,0.335322,0.344749,0.0,0.0,0.434392,0.0,0.232192,0.0,0.0,0.0,0.652768,0.684628,0.0,0.0,0.0,0.0,0.0,0.0,0.0,0.164185,0.185225,0.204774,0.170382,0.0,0.0,0.0,0.401289,0.0,0.091581,0.109172,0.385442,0.212816,0.17734,0.0,0.0,0.0,0.0,0.0,0.0,0.0,0.0,0.0,0.0,0.128095,0.0,0.0,0.217196,0.185225,0.0,0.0,0.0,0.0,0.0,0.270345,0.281487,0.0,0.0,0.158617,0.0,0.137367,0.0,0.0,0.0,0.0,0.0,0.0,0.148995,0.0,0.134056,0.0,0.194266,0.232192,0.0,0.0,1.0,0.164185,0.0,0.0,0.0,0.0,0.0,0.0,0.0,0.115416,0.109172,0.0,0.164185,0.0,0.0,0.0,0.0,0.0,0.0,0.194266
sedu_ama5_2023t1-D005_M-03,0.0,0.0,0.0,0.0,0.0,0.0,0.0,0.0,0.0,0.0,0.0,0.0,0.0,0.0,0.0,0.0,0.0,0.0,0.0,0.0,0.0,0.0,0.0,0.0,0.0,0.0,0.0,0.0,0.0,0.0,0.0,0.0,0.0,0.0,0.0,0.0,0.0,0.0,0.0,0.0,0.0,0.0,0.0,0.0,0.0,0.0,0.0,0.0,0.0,0.0,0.0,0.0,0.0,0.0,0.0,0.0,0.0,0.0,0.0,0.0,0.0,0.0,0.0,0.0,0.0,0.0,0.0,0.0,0.0,0.0,0.0,0.0,0.0,0.0,0.0,0.0,0.0,0.0,0.0,0.0,0.0,0.0,0.0,0.0,0.0,0.0,0.0,0.0,0.0,0.0,0.0,0.0,0.0,0.0,0.0,0.0,0.0,0.0,0.0,0.0,0.0,0.0,0.0,0.0,0.0,0.0,0.0,0.0,0.0,0.0,0.0,0.0,0.0,0.0,0.0,0.0,0.0,0.0,0.0,0.0,0.0,0.0,0.0,0.0,0.0,0.0,0.0,0.0,0.0,0.0,0.0,0.0,0.0,0.0,0.0,0.0,0.0,0.0,0.0,0.0,0.0,0.0,0.0,0.0,0.0,0.0,0.0,0.0,0.0,0.0,0.0,0.0,0.0,0.0,0.0,0.0,0.0,0.0,0.0,0.0,0.0,0.0,0.0,0.0,0.0,0.0,0.0,0.0,0.0,0.0,0.0,0.0,0.0,0.0,0.0,0.0,0.0,0.0,0.0,0.0,0.0,0.0,0.0,0.0,0.0,0.0,0.0,0.0,0.0,0.0,0.0,0.0,0.0,0.0,0.0,0.0,0.0,0.0,0.0,0.0,0.0,0.0,0.0,0.0,0.0,0.0,0.0,0.0,0.0,0.0,0.0,0.0,0.0,0.0,0.0,0.0,0.0,0.0,0.0,0.0,0.0,0.0,0.0,0.0,0.0,0.0,0.0,0.0,0.0,0.0,0.0,0.0,0.0,0.0,0.0,0.0,0.0,0.0,0.0,0.0,0.0,0.0,0.0,0.0,0.0,0.0,0.0,0.0,0.0,0.0,0.0,0.0,0.0,0.0,0.0,0.0,0.0,0.0,0.0,0.0,0.0,0.0,0.0,0.0,0.0,0.0,0.0,0.0,0.0,0.0,0.0,0.0,0.0,0.0,0.0,0.0,0.0,0.0,0.0,0.0,0.0,0.0,0.0,0.0,0.0,0.0,0.0,0.0,0.0,0.0
sedu_ama5_2023t1-D011_M-01,0.0,0.0,0.0,0.0,0.0,0.0,0.0,0.0,0.0,0.0,0.0,0.0,0.0,0.0,0.0,0.0,0.0,0.0,0.0,0.0,0.0,0.0,0.0,0.249612,0.0,0.0,0.0,0.0,0.0,0.0,0.0,0.0,0.0,0.0,0.0,0.0,0.0,0.0,0.0,0.0,0.0,0.0,0.0,0.0,0.0,0.0,0.0,0.0,0.0,0.0,0.0,0.0,0.0,0.0,0.0,0.0,0.0,0.0,0.0,0.0,0.0,0.0,0.0,0.0,0.0,0.0,0.0,0.0,0.0,0.0,0.0,0.0,0.0,0.0,0.0,0.346644,0.0,0.0,0.0,0.0,0.0,0.0,0.0,0.0,0.0,0.0,0.0,0.0,0.0,0.0,0.0,0.0,0.0,0.0,0.0,0.0,0.0,0.0,0.0,0.0,0.0,0.0,0.0,0.0,0.0,0.0,0.353553,0.0,0.0,0.0,0.0,0.0,0.0,0.0,0.0,0.0,0.0,0.0,0.0,0.0,0.0,0.0,0.0,0.0,0.0,0.0,0.0,0.0,0.0,0.0,0.0,0.0,0.0,0.0,0.0,0.0,0.0,0.458567,0.782667,0.0,0.0,0.0,0.0,0.0,0.0,0.0,0.0,0.0,0.0,0.0,0.0,0.0,0.0,0.0,0.0,0.0,0.0,0.0,0.270448,0.0,0.0,0.447214,0.0,0.0,0.0,0.0,0.0,0.0,0.0,0.0,0.0,0.0,0.0,0.0,0.0,0.0,0.0,0.0,0.0,0.0,0.0,0.374418,0.0,0.0,0.0,0.0,0.0,0.0,0.0,0.0,0.0,0.0,0.0,0.0,0.0,0.0,0.0,0.0,0.0,0.0,1.0,0.0,0.0,0.0,0.0,0.0,0.0,0.0,0.0,0.0,0.0,0.0,0.0,0.0,0.0,0.0,0.0,0.0,0.0,0.0,0.0,0.0,0.0,0.0,0.0,0.0,0.0,0.0,0.408248,0.0,0.0,0.0,0.0,0.0,0.0,0.0,0.0,0.0,0.0,0.0,0.0,0.0,0.0,0.0,0.0,0.0,0.0,0.0,0.0,0.0,0.0,0.0,0.324256,0.0,0.0,0.0,0.0,0.0,0.0,0.0,0.0,0.0,0.0,0.0,0.0,0.0,0.0,0.0,0.0,0.0,0.0,0.0,0.0,0.0,0.0,0.0,0.0,0.0,0.0,0.0,0.0,0.0,0.0,0.0,0.0,0.0,0.0,0.0,0.0,0.0
sedu_ama5_2023t1-D011_M-02,0.0,0.633349,0.0,0.0,0.0,0.0,0.0,0.0,0.202098,0.0,0.0,0.0,0.0,0.0,0.0,0.0,0.0,0.0,0.0,0.0,0.0,0.195245,0.0,0.0,0.0,0.0,0.0,0.0,0.0,0.0,0.0,0.0,0.0,0.0,0.0,0.0,0.0,0.0,0.0,0.0,0.0,0.0,0.0,0.178233,0.169087,0.0,0.0,0.0,0.0,0.0,0.0,0.0,0.0,0.0,0.0,0.0,0.189045,0.0,0.0,0.0,0.0,0.0,0.0,0.0,0.0,0.0,0.0,0.0,0.0,0.0,0.209727,0.148299,0.17348,0.0,0.562996,0.0,0.0,0.0,0.0,0.0,0.0,0.0,0.189045,0.0,0.0,0.0,0.0,0.0,0.145527,0.209727,0.0,0.0,0.0,0.0,0.0,0.0,0.0,0.0,0.0,0.165012,0.189045,0.0,0.183401,0.183401,0.239125,0.202098,0.189045,0.209727,0.189045,0.0,0.0,0.0,0.0,0.0,0.183401,0.202098,0.209727,0.209727,0.0,0.0,0.0,0.0,0.0,0.0,0.151236,0.154355,0.17348,0.151236,0.0,0.183401,0.0,0.0,0.370767,0.46525,0.431931,0.61253,0.17348,0.0,0.0,0.0,0.0,0.0,0.0,0.189045,0.0,0.0,0.0,0.227997,0.0,0.0,0.0,0.0,0.0,0.0,0.0,0.0,0.0,0.0,0.157675,0.189045,0.0,0.0,0.0,0.0,0.571391,0.417285,0.487284,0.466539,0.417285,0.209727,0.189045,0.21829,0.21829,0.0,0.0,0.0,0.0,0.25206,0.189045,0.0,0.169087,0.0,0.0,0.0,0.0,0.0,0.0,0.0,0.0,0.0,0.0,0.0,0.0,0.0,0.0,0.0,0.0,0.239125,0.0,0.0,0.0,0.659786,0.0,0.0,0.189045,0.26735,0.0,0.0,0.202098,0.0,0.0,0.0,0.0,0.0,0.0,0.0,0.0,0.0,0.0,0.0,0.608502,0.0,1.0,0.0,0.0,0.17348,0.0,0.0,0.0,0.227997,0.0,0.0,0.209727,0.0,0.0,0.0,0.0,0.0,0.0,0.0,0.0,0.0,0.0,0.0,0.0,0.142905,0.0,0.202098,0.0,0.0,0.0,0.0,0.0,0.0,0.0,0.0,0.0,0.0,0.209727,0.0,0.0,0.17348,0.0,0.0,0.0,0.0,0.0,0.0,0.0,0.0,0.0,0.0,0.183401,0.165012,0.202098,0.165012,0.0,0.0,0.0,0.183401,0.17348,0.0,0.0,0.0,0.0,0.0,0.0,0.0,0.0,0.0
sedu_ama5_2023t1-D011_M-03,0.0,0.0,0.499422,0.0,0.0,0.0,0.0,0.0,0.253841,0.676197,0.0,0.0,0.253841,0.230357,0.0,0.0,0.0,0.0,0.0,0.0,0.0,0.0,0.0,0.0,0.377528,0.0,0.0,0.0,0.0,0.429085,0.0,0.0,0.274179,0.0,0.0,0.230357,0.245234,0.0,0.0,0.0,0.0,0.0,0.0,0.0,0.0,0.0,0.0,0.0,0.0,0.0,0.0,0.0,0.0,0.362643,0.0,0.0,0.0,0.217896,0.217896,0.223867,0.300348,0.0,0.0,0.0,0.0,0.316595,0.0,0.0,0.0,0.0,0.0,0.0,0.0,0.0,0.0,0.0,0.0,0.0,0.0,0.0,0.0,0.0,0.0,0.0,0.0,0.0,0.0,0.0,0.0,0.263423,0.3358,0.274179,0.0,0.212378,0.0,0.0,0.0,0.0,0.0,0.0,0.0,0.0,0.0,0.329093,0.0,0.0,0.339221,0.0,0.0,0.0,0.0,0.0,0.0,0.0,0.0,0.0,0.263423,0.263423,0.817482,0.0,0.286371,0.0,0.0,0.0,0.0,0.0,0.0,0.0,0.0,0.0,0.0,0.0,0.648886,0.5547,0.755929,0.730297,0.0,0.0,0.0,0.0,0.0,0.0,0.0,0.0,0.0,0.0,0.300348,0.0,0.0,0.0,0.316595,0.0,0.0,0.0,0.0,0.0,0.0,0.0,0.0,0.0,0.0,0.0,0.0,0.0,1.0,0.730297,0.852803,0.816497,0.730297,0.0,0.0,0.0,0.0,0.0,0.0,0.0,0.0,0.0,0.0,0.253841,0.212378,0.0,0.0,0.0,0.0,0.0,0.0,0.0,0.0,0.0,0.253841,0.237446,0.0,0.0,0.0,0.0,0.0,0.0,0.0,0.0,0.0,0.600754,0.0,0.0,0.0,0.0,0.286371,0.0,0.0,0.0,0.0,0.0,0.0,0.0,0.263423,0.253841,0.0,0.0,0.0,0.0,0.0,0.0,0.0,0.0,0.0,0.0,0.0,0.0,0.0,0.0,0.0,0.0,0.0,0.0,0.0,0.0,0.0,0.0,0.0,0.198044,0.3358,0.0,0.0,0.0,0.0,0.0,0.0,0.0,0.0,0.0,0.0,0.217896,0.0,0.0,0.0,0.0,0.0,0.0,0.0,0.0,0.0,0.0,0.0,0.0,0.0,0.0,0.0,0.0,0.0,0.0,0.0,0.0,0.0,0.0,0.0,0.0,0.0,0.0,0.0,0.0,0.0,0.0,0.253841,0.515801,0.0,0.0,0.0,0.0,0.515801,0.0
sedu_ama5_2023t1-D014_M-01,0.134933,0.0,0.0,0.573852,0.492305,0.0,0.127634,0.632773,0.0,0.127634,0.0,0.0,0.0,0.0,0.231052,0.28298,0.305653,0.592215,0.0,0.0,0.0,0.0,0.365103,0.517999,0.308568,0.167743,0.324561,0.175931,0.0,0.0,0.160602,0.0,0.160602,0.0,0.0,0.0,0.0,0.273384,0.28298,0.0,0.0,0.0,0.0,0.0,0.0,1.0,0.175931,0.310744,0.134933,0.516333,0.0,0.0,0.131131,0.148689,0.124402,0.584482,0.0,0.0,0.0,0.0,0.0,0.473516,0.352938,0.28298,0.236758,0.0,0.242908,0.28298,0.0,0.0,0.0,0.0,0.0,0.795957,0.384852,0.148689,0.167743,0.227126,0.0,0.430925,0.139085,0.510757,0.526845,0.185447,0.124402,0.0,0.167743,0.175931,0.0,0.0,0.0,0.0,0.249565,0.0,0.231052,0.20765,0.0,0.0,0.0,0.0,0.0,0.750435,0.511115,0.391733,0.175931,0.148689,0.0,0.154301,0.139085,0.121404,0.139085,0.0,0.0,0.0,0.0,0.0,0.0,0.0,0.0,0.273384,0.0,0.0,0.0,0.0,0.0,0.219729,0.73042,0.326558,0.374588,0.134933,0.139085,0.175931,0.127634,0.109108,0.148689,0.143647,0.127634,0.196697,0.0,0.139085,0.0,0.167743,0.143647,0.139085,0.160602,0.143647,0.0,0.0,0.0,0.0,0.0,0.0,0.0,0.0,0.0,0.111268,0.0,0.203429,0.0,0.0,0.160602,0.0,0.148689,0.175931,0.0,0.0,0.0,0.0,0.0,0.154301,0.139085,0.160602,0.0,0.0,0.0,0.0,0.0,0.0,0.139085,0.148689,0.0,0.0,0.0,0.0,0.0,0.277938,0.0,0.310744,0.0,0.305653,0.0,0.0,0.196697,0.0,0.0,0.219729,0.0,0.175931,0.0,0.0,0.0,0.0,0.0,0.0,0.0,0.0,0.167743,0.175931,0.0,0.0,0.0,0.0,0.269112,0.0,0.0,0.0,0.0,0.0,0.0,0.0,0.0,0.0,0.0,0.323414,0.310837,0.127634,0.196697,0.248804,0.0,0.0,0.0,0.0,0.0,0.0,0.0,0.0,0.0,0.0,0.298553,0.0,0.0,0.242908,0.0,0.0,0.0,0.0,0.0,0.0,0.0,0.236758,0.143647,0.0,0.0,0.0,0.0,0.0,0.0,0.0,0.0,0.0,0.0,0.0,0.0,0.0,0.0,0.0,0.0,0.0,0.527774,0.0,0.0,0.0,0.0,0.0,0.0,0.0,0.358816,0.0,0.0,0.134933,0.127634,0.0,0.0,0.0,0.0,0.0,0.0,0.0,0.0,0.0
sedu_ama5_2023t1-D014_M-02,0.462514,0.0,0.0,0.101357,0.14334,0.0,0.109065,0.540716,0.0,0.109065,0.0,0.0,0.0,0.0,0.0,0.0,0.0,0.0,0.0,0.0,0.0,0.0,0.426417,0.091492,0.089843,0.14334,0.0,0.150336,0.0,0.0,0.550501,0.0,0.137237,0.0,0.0,0.0,0.0,0.0,0.0,0.0,0.0,0.0,0.0,0.0,0.0,0.449483,0.150336,0.0,0.115303,0.150336,0.0,0.0,0.112054,0.127057,0.106304,0.131854,0.0,0.0,0.0,0.0,0.0,0.0,0.0,0.0,0.0,0.0,0.0,0.0,0.0,0.0,0.0,0.0,0.0,1.0,0.112054,0.127057,0.14334,0.194083,0.0,0.368234,0.118851,0.150336,0.118851,0.158468,0.106304,0.0,0.14334,0.150336,0.0,0.0,0.0,0.0,0.0,0.0,0.0,0.0,0.0,0.0,0.0,0.0,0.0,0.449483,0.115303,0.115303,0.150336,0.127057,0.0,0.131854,0.118851,0.103742,0.118851,0.0,0.0,0.0,0.0,0.0,0.0,0.0,0.0,0.0,0.0,0.0,0.0,0.0,0.0,0.0,0.109065,0.095081,0.109065,0.115303,0.118851,0.150336,0.109065,0.093235,0.127057,0.122749,0.109065,0.168081,0.0,0.118851,0.0,0.14334,0.122749,0.118851,0.137237,0.122749,0.0,0.0,0.0,0.0,0.0,0.0,0.0,0.0,0.0,0.095081,0.0,0.0,0.0,0.0,0.137237,0.0,0.127057,0.150336,0.0,0.0,0.0,0.0,0.0,0.131854,0.118851,0.137237,0.0,0.0,0.0,0.0,0.0,0.0,0.118851,0.127057,0.0,0.0,0.0,0.0,0.0,0.0,0.0,0.0,0.0,0.0,0.0,0.0,0.168081,0.0,0.0,0.0,0.0,0.150336,0.0,0.0,0.0,0.0,0.0,0.0,0.0,0.0,0.14334,0.150336,0.0,0.0,0.0,0.0,0.0,0.0,0.0,0.0,0.0,0.0,0.0,0.0,0.0,0.0,0.0,0.0,0.091492,0.109065,0.168081,0.212607,0.0,0.0,0.0,0.0,0.0,0.0,0.0,0.0,0.0,0.0,0.0,0.0,0.0,0.0,0.0,0.0,0.0,0.0,0.0,0.0,0.0,0.0,0.122749,0.0,0.0,0.0,0.0,0.0,0.0,0.0,0.0,0.0,0.0,0.0,0.0,0.0,0.0,0.0,0.0,0.0,0.450993,0.0,0.0,0.0,0.0,0.0,0.0,0.0,0.0,0.0,0.0,0.115303,0.109065,0.0,0.0,0.0,0.0,0.0,0.0,0.0,0.0,0.0
sedu_ama5_2023t1-D014_M-03,0.152466,0.0,0.0,0.134025,0.18954,0.0,0.144218,0.714995,0.0,0.656124,0.0,0.0,0.0,0.0,0.0,0.0,0.0,0.0,0.0,0.0,0.0,0.0,1.0,0.860663,0.845154,0.18954,0.0,0.198791,0.0,0.0,0.181471,0.0,0.181471,0.0,0.0,0.0,0.0,0.0,0.0,0.0,0.0,0.0,0.0,0.0,0.0,0.14817,0.198791,0.0,0.152466,0.198791,0.0,0.0,0.14817,0.168009,0.140567,0.174351,0.0,0.0,0.0,0.0,0.0,0.0,0.0,0.0,0.0,0.0,0.0,0.0,0.468397,0.0,0.0,0.0,0.0,0.157158,0.14817,0.168009,0.18954,0.256638,0.0,0.48692,0.157158,0.198791,0.157158,0.209544,0.140567,0.0,0.18954,0.198791,0.0,0.0,0.0,0.0,0.0,0.0,0.0,0.0,0.0,0.0,0.0,0.0,0.0,0.14817,0.152466,0.152466,0.198791,0.168009,0.0,0.174351,0.157158,0.137179,0.157158,0.0,0.413087,0.0,0.0,0.0,0.0,0.0,0.0,0.0,0.0,0.0,0.0,0.0,0.0,0.0,0.144218,0.894427,0.144218,0.152466,0.157158,0.198791,0.144218,0.123285,0.168009,0.162312,0.144218,0.222255,0.0,0.157158,0.0,0.18954,0.162312,0.157158,0.181471,0.162312,0.0,0.0,0.0,0.0,0.0,0.0,0.0,0.0,0.0,0.125727,0.0,0.0,0.0,0.0,0.181471,0.0,0.168009,0.198791,0.0,0.0,0.0,0.0,0.0,0.174351,0.157158,0.181471,0.0,0.0,0.0,0.0,0.0,0.0,0.157158,0.168009,0.0,0.0,0.0,0.0,0.0,0.0,0.0,0.0,0.0,0.0,0.0,0.0,0.222255,0.0,0.486078,0.0,0.0,0.198791,0.0,0.0,0.0,0.0,0.662413,0.0,0.0,0.0,0.18954,0.198791,0.0,0.0,0.0,0.0,0.0,0.0,0.0,0.0,0.0,0.0,0.0,0.0,0.0,0.0,0.0,0.0,0.12098,0.144218,0.222255,0.281133,0.0,0.0,0.0,0.0,0.0,0.0,0.0,0.0,0.0,0.0,0.0,0.0,0.0,0.0,0.0,0.0,0.0,0.0,0.0,0.0,0.0,0.0,0.162312,0.0,0.0,0.0,0.0,0.0,0.0,0.0,0.0,0.0,0.0,0.0,0.0,0.0,0.0,0.0,0.0,0.0,0.596353,0.0,0.0,0.0,0.0,0.0,0.0,0.0,0.0,0.0,0.0,0.152466,0.144218,0.0,0.0,0.576131,0.0,0.0,0.0,0.0,0.576131,0.0
sedu_ama5_2023t1-D022_M-01,0.0,0.0,0.0,0.0,0.0,0.0,0.0,0.0,0.0,0.0,0.0,0.0,0.0,0.0,0.0,0.0,0.0,0.0,0.0,0.0,0.0,0.0,0.0,0.0,0.574622,0.0,0.0,0.0,0.0,0.0,0.0,0.0,0.0,0.0,0.0,0.0,0.0,0.0,0.0,0.0,0.0,0.0,0.0,0.0,0.0,0.0,0.0,0.0,0.0,0.0,1.0,0.0,0.0,0.0,0.0,0.0,0.866025,0.0,0.0,0.0,0.0,0.0,0.0,0.0,0.0,0.0,0.0,0.0,0.0,0.0,0.0,0.0,0.0,0.0,0.0,0.0,0.0,0.0,0.0,0.571103,0.0,0.0,0.0,0.0,0.0,0.0,0.0,0.0,0.0,0.0,0.0,0.0,0.0,0.0,0.0,0.679366,0.0,0.0,0.0,0.0,0.0,0.0,0.0,0.0,0.0,0.0,0.0,0.0,0.0,0.663516,0.0,0.0,0.0,0.0,0.0,0.0,0.0,0.0,0.0,0.0,0.0,0.0,0.0,0.0,0.0,0.0,0.0,0.0,0.0,0.0,0.0,0.0,0.0,0.0,0.699456,0.0,0.0,0.0,0.0,0.0,0.0,0.0,0.0,0.0,0.0,0.0,0.0,0.0,0.0,0.0,0.0,0.0,0.0,0.0,0.0,0.69282,0.0,0.0,0.0,0.0,0.0,0.0,0.0,0.0,0.0,0.0,0.0,0.0,0.0,0.0,0.0,0.0,0.0,0.0,0.0,0.0,0.0,0.0,0.0,0.0,0.0,0.0,0.0,0.0,0.0,0.0,0.0,0.0,0.0,0.0,0.0,0.0,0.0,0.0,0.0,0.0,0.0,0.0,0.0,0.0,0.0,0.0,0.0,0.0,0.0,0.0,0.0,0.0,0.0,0.0,0.0,0.0,0.0,0.0,0.0,0.0,0.0,0.872375,0.0,0.0,0.0,0.0,0.0,0.0,0.503666,0.0,0.0,0.0,0.0,0.0,0.0,0.0,0.0,0.0,0.0,0.0,0.0,0.0,0.0,0.0,0.0,0.0,0.0,0.0,0.0,0.0,0.0,0.0,0.0,0.0,0.0,0.0,0.0,0.0,0.0,0.0,0.0,0.0,0.0,0.0,0.0,0.0,0.0,0.0,0.0,0.0,0.0,0.0,0.0,0.0,0.0,0.0,0.0,0.0,0.0,0.0,0.0,0.0,0.0,0.0,0.0,0.0,0.0,0.0,0.0,0.0,0.0,0.0,0.0,0.0
sedu_ama5_2023t1-D022_M-02,0.0,0.0,0.0,0.0,0.0,0.0,0.0,0.0,0.0,0.0,0.0,0.333084,0.0,0.0,0.0,0.0,0.540062,0.0,0.0,0.0,0.0,0.0,0.283045,0.243607,0.239217,0.381658,0.0,0.400286,0.0,0.591608,0.0,0.0,0.0,0.370202,0.0,0.0,0.0,0.0,0.0,0.429198,0.0,0.0,0.0,0.0,0.283045,0.0,0.0,0.0,0.0,0.0,0.0,0.0,0.0,1.0,0.0,0.0,0.0,0.0,0.0,0.0,0.0,0.0,0.0,0.0,0.0,0.0,0.0,0.407943,0.0,0.0,0.0,0.0,0.0,0.0,0.0,0.0,0.0,0.0,0.0,0.0,0.0,0.0,0.0,0.0,0.0,0.0,0.0,0.0,0.0,0.0,0.0,0.0,0.0,0.0,0.333084,0.0,0.0,0.0,0.0,0.0,0.0,0.0,0.0,0.0,0.0,0.0,0.784161,0.0,0.0,0.0,0.0,0.0,0.0,0.0,0.0,0.0,0.0,0.0,0.0,0.0,0.0,0.0,0.591142,0.0,0.0,0.0,0.0,0.0,0.0,0.0,0.0,0.0,0.0,0.0,0.0,0.0,0.0,0.0,0.36541,0.0,0.0,0.0,0.0,0.0,0.0,0.0,0.0,0.0,0.341309,0.0,0.0,0.0,0.0,0.0,0.0,0.426279,0.0,0.0,0.0,0.0,0.0,0.0,0.0,0.0,0.0,0.0,0.0,0.0,0.326833,0.0,0.0,0.0,0.0,0.0,0.0,0.0,0.0,0.0,0.0,0.0,0.0,0.0,0.0,0.0,0.0,0.326833,0.0,0.0,0.0,0.0,0.0,0.0,0.0,0.0,0.0,0.0,0.0,0.0,0.0,0.0,0.0,0.0,0.0,0.0,0.0,0.0,0.0,0.0,0.0,0.0,0.0,0.0,0.0,0.0,0.0,0.0,0.0,0.0,0.0,0.0,0.0,0.0,0.0,0.0,0.0,0.0,0.0,0.0,0.0,0.0,0.0,0.0,0.0,0.0,0.0,0.0,0.0,0.0,0.0,0.0,0.0,0.0,0.0,0.0,0.0,0.0,0.0,0.0,0.0,0.0,0.0,0.0,0.0,0.0,0.0,0.0,0.0,0.0,0.0,0.0,0.0,0.0,0.0,0.0,0.0,0.0,0.0,0.0,0.0,0.0,0.0,0.0,0.0,0.0,0.0,0.0,0.0,0.0,0.0,0.0,0.0,0.0,0.0,0.0,0.0,0.0,0.0,0.0,0.0,0.0
sedu_ama5_2023t1-D022_M-03,0.0,0.0,0.0,0.0,0.0,0.0,0.0,0.337993,0.0,0.0,0.349077,0.295024,0.0,0.0,0.0,0.0,0.0,0.0,0.0,0.0,0.0,0.349077,0.0,0.0,0.0,0.0,0.0,0.427531,0.39028,0.427531,0.0,0.0,0.0,0.327901,0.0,0.0,0.0,0.0,0.361329,0.0,0.0,0.0,0.0,0.0,0.0,0.0,0.0,0.0,0.0,0.0,0.0,0.0,0.318663,0.0,0.0,0.0,0.337993,0.0,0.0,0.0,0.0,0.0,0.0,0.0,0.0,0.0,0.0,0.0,0.0,0.0,0.0,0.0,0.0,0.0,0.0,0.0,0.0,0.0,0.0,0.0,0.337993,0.0,0.0,0.0,0.0,0.0,0.0,0.0,0.260187,0.0,0.0,0.0,0.0,0.0,0.0,0.518875,0.0,0.0,0.0,0.0,0.0,0.0,0.0,0.0,0.0,0.0,0.337993,0.0,0.0,0.0,0.0,0.0,0.0,0.0,0.641689,0.0,0.0,0.0,0.0,0.0,0.0,0.0,0.0,0.0,0.0,0.0,0.0,0.0,0.0,0.0,0.0,0.0,0.0,0.0,0.0,0.0,0.0,0.0,0.39028,0.0,0.0,0.0,0.0,0.0,0.0,0.0,0.0,0.0,0.0,0.0,0.0,0.0,0.0,0.0,0.0,0.0,0.0,0.0,0.0,0.661438,0.0,0.427531,0.0,0.0,0.0,0.0,0.0,0.0,0.0,0.0,0.0,0.0,0.0,0.0,0.0,0.0,0.0,0.0,0.0,0.0,0.0,0.0,0.0,0.0,0.0,0.0,0.0,0.0,0.0,0.0,0.0,0.0,0.0,0.0,0.0,0.0,0.0,0.0,0.0,0.0,0.0,0.0,0.0,0.0,0.0,0.0,0.0,0.0,0.0,0.0,0.0,0.0,0.0,1.0,0.0,0.0,0.0,0.0,0.0,0.0,0.0,0.0,0.0,0.0,0.0,0.0,0.0,0.0,0.0,0.0,0.0,0.0,0.0,0.0,0.0,0.0,0.0,0.0,0.0,0.0,0.0,0.0,0.0,0.0,0.0,0.0,0.0,0.0,0.0,0.0,0.0,0.0,0.0,0.0,0.0,0.0,0.0,0.0,0.0,0.0,0.0,0.0,0.0,0.0,0.0,0.0,0.0,0.0,0.0,0.0,0.0,0.0,0.0,0.0,0.0,0.0,0.0,0.0,0.0,0.0,0.0,0.0,0.0,0.0,0.0,0.0,0.0,0.0,0.0,0.0
sedu_ama5_2023t1-D023_M-01,0.0,0.0,0.0,0.0,0.0,0.0,0.0,0.0,0.0,0.0,0.0,0.0,0.0,0.0,0.0,0.0,0.0,0.0,0.0,0.0,0.0,0.0,0.0,0.0,0.649497,0.0,0.0,0.0,0.0,0.0,0.0,0.0,0.0,0.0,0.0,0.0,0.0,0.0,0.0,0.0,0.0,0.0,0.0,0.0,0.0,0.0,0.0,0.0,0.0,0.0,0.0,0.0,0.0,0.0,0.0,0.0,0.0,0.0,0.0,0.0,0.0,0.0,0.0,0.0,0.0,0.0,0.0,0.0,1.0,0.0,0.0,0.0,0.0,0.0,0.0,0.0,0.0,0.0,0.0,0.0,0.0,0.0,0.0,0.0,0.0,0.0,0.0,0.0,0.0,0.0,0.0,0.0,0.0,0.0,0.0,0.0,0.0,0.966092,0.0,0.0,0.0,0.0,0.0,0.0,0.0,0.0,0.0,0.0,0.0,0.0,0.0,0.0,0.0,0.0,0.0,0.0,0.0,0.0,0.0,0.0,0.0,0.0,0.0,0.0,0.0,0.0,0.0,0.0,0.0,0.0,0.0,0.0,0.0,0.0,0.0,0.0,0.0,0.0,0.0,0.0,0.0,0.0,0.0,0.0,0.0,0.0,0.0,0.0,0.0,0.0,0.0,0.0,0.0,0.0,0.0,0.0,0.0,0.0,0.0,0.0,0.0,0.0,0.0,0.0,0.0,0.0,0.0,0.0,0.0,0.0,0.0,0.0,0.0,0.0,0.0,0.0,0.0,0.0,0.0,0.0,0.0,0.0,0.0,0.0,0.0,0.0,0.0,0.0,0.0,0.0,0.0,0.0,0.0,0.0,0.0,0.0,0.0,0.0,0.0,0.0,0.0,0.0,0.0,0.0,0.0,0.0,0.0,0.0,0.0,0.0,0.0,0.0,0.0,0.0,0.0,0.0,0.0,0.0,0.0,0.0,0.0,0.0,0.0,0.0,0.0,0.0,0.0,0.0,0.0,0.0,0.0,0.0,0.0,0.0,0.0,0.0,0.0,0.0,0.0,0.0,0.0,0.0,0.0,0.0,0.0,0.0,0.0,0.0,0.768496,0.0,0.0,0.0,0.0,0.0,0.0,0.0,0.0,0.0,0.953201,0.0,0.0,0.0,0.0,0.0,0.0,0.0,0.0,0.0,0.0,0.0,0.0,0.0,0.0,0.0,0.0,0.0,0.0,0.0,0.0,0.0,0.0,0.0,0.0,0.0,0.0,0.0,0.0,0.0,0.0,0.0
sedu_ama5_2023t1-D023_M-02,0.0,0.633349,0.0,0.0,0.0,0.0,0.0,0.0,0.0,0.0,0.367039,0.0,0.0,0.0,0.0,0.0,0.0,0.0,0.0,0.0,0.0,0.0,0.0,0.0,0.0,0.0,0.0,0.0,0.0,0.0,0.0,0.0,0.0,0.0,0.0,0.0,0.0,0.0,0.0,0.0,0.0,0.0,0.0,0.0,0.435768,0.0,0.0,0.0,0.0,0.0,0.0,0.0,0.0,0.0,0.0,0.0,0.0,0.0,0.0,0.0,0.0,0.0,0.649605,0.0,0.0,0.0,0.0,0.0,0.0,0.0,0.0,0.403198,0.0,0.0,0.562996,0.379921,0.428609,0.580339,0.0,0.0,0.0,0.0,0.0,0.0,0.0,0.0,0.428609,0.449529,0.0,0.0,0.0,0.0,0.0,0.0,0.0,0.0,0.0,0.0,0.0,0.0,0.0,0.0,0.0,0.0,0.0,0.0,0.0,0.0,0.0,0.448637,0.355384,0.428609,0.0,0.0,0.0,0.0,0.0,0.0,0.0,0.0,0.0,0.0,0.0,0.0,0.0,0.0,0.0,0.0,0.0,0.0,0.0,0.0,0.0,0.0,0.0,0.0,0.0,0.0,0.0,0.355384,0.0,0.0,0.0,0.0,0.0,0.0,0.0,0.0,0.0,0.0,0.0,0.0,0.0,0.0,0.0,0.0,0.390026,0.337773,0.779039,0.446831,0.0,0.0,0.0,0.0,0.0,0.0,0.0,0.0,0.0,0.0,0.355384,0.0,0.0,0.0,0.0,0.0,0.0,0.473845,0.0,0.0,0.0,0.0,0.0,0.0,0.0,0.0,0.0,0.0,0.0,0.0,0.0,0.0,0.0,0.0,0.0,0.0,0.0,0.0,0.0,0.0,0.0,0.0,0.53729,0.0,0.0,0.726875,0.0,0.0,0.0,0.0,0.580339,0.0,0.0,0.0,0.0,0.0,0.0,0.0,0.0,0.477683,0.608502,0.0,1.0,0.0,0.0,0.0,0.0,0.0,0.0,0.0,0.0,0.0,0.0,0.0,0.0,0.0,0.0,0.0,0.0,0.0,0.0,0.0,0.0,0.0,0.0,0.368291,0.0,0.0,0.0,0.0,0.0,0.0,0.487204,0.0,0.0,0.0,0.0,0.0,0.0,0.0,0.0,0.0,0.0,0.0,0.0,0.0,0.0,0.0,0.0,0.0,0.0,0.0,0.0,0.0,0.0,0.0,0.0,0.0,0.0,0.0,0.471659,0.0,0.0,0.461485,0.0,0.410362,0.410362,0.0,0.0,0.565202
sedu_ama5_2023t1-D023_M-03,0.671063,0.389459,0.723731,0.287634,0.0,0.0,0.0,0.0,0.378907,0.0,0.0,0.0,0.0,0.0,0.0,0.0,0.0,0.0,0.0,0.0,0.0,0.366059,0.0,0.259639,0.547089,0.0,0.0,0.0,0.0,0.0,0.0,0.0,0.0,0.0,0.0,0.0,0.0,0.0,0.0,0.325252,0.0,0.0,0.0,0.0,0.317017,0.0,0.0,0.0,0.0,0.0,0.389459,0.0,0.0,0.0,0.0,0.428727,0.0,0.0,0.0,0.317992,0.0,0.0,0.0,0.0,0.0,0.0,0.0,0.0,0.0,0.0,0.0,0.434459,0.325252,0.0,0.0,0.0,0.0,0.0,0.354435,0.0,0.0,0.0,0.0,0.0,0.0,0.0,0.0,0.0,0.0,0.0,0.0,0.0,0.0,0.345651,0.0,0.0,0.0,0.0,0.0,0.0,0.354435,0.0,0.0,0.0,0.0,0.0,0.0,0.0,0.0,0.483422,0.0,0.0,0.317992,1.0,0.0,0.0,0.0,0.0,0.0,0.0,0.466076,0.0,0.0,0.466076,0.0,0.289395,0.0,0.0,0.0,0.0,0.0,0.0,0.0,0.0,0.360569,0.0,0.0,0.476987,0.0,0.0,0.406776,0.0,0.348342,0.0,0.0,0.0,0.0,0.0,0.0,0.0,0.0,0.0,0.0,0.0,0.0,0.0,0.0,0.0,0.29562,0.0,0.0,0.0,0.0,0.0,0.0,0.399124,0.0,0.0,0.399124,0.0,0.0,0.0,0.0,0.0,0.0,0.488824,0.0,0.0,0.0,0.0,0.0,0.0,0.0,0.0,0.0,0.0,0.0,0.0,0.0,0.0,0.0,0.0,0.0,0.0,0.0,0.289395,0.0,0.0,0.0,0.0,0.0,0.0,0.0,0.0,0.0,0.0,0.0,0.0,0.0,0.0,0.0,0.0,0.0,0.0,0.0,0.0,0.0,0.0,0.0,0.0,0.393211,0.0,0.0,0.0,0.0,0.0,0.0,0.0,0.0,0.0,0.0,0.0,0.0,0.0,0.0,0.0,0.0,0.0,0.0,0.0,0.0,0.0,0.0,0.0,0.0,0.0,0.0,0.0,0.0,0.0,0.0,0.0,0.0,0.0,0.0,0.0,0.0,0.0,0.0,0.0,0.0,0.0,0.0,0.0,0.0,0.0,0.0,0.0,0.0,0.0,0.0,0.0,0.0,0.0,0.0,0.0,0.0,0.0,0.0,0.0,0.0,0.0,0.0,0.0,0.0,0.0,0.0,0.0,0.0,0.0
sedu_ama5_2023t1-D044_M-01,0.0,0.0,0.0,0.0,0.0,0.0,0.359308,0.0,0.285633,0.245186,0.0,0.0,0.285633,0.259207,0.0,0.0,0.0,0.0,0.0,0.0,0.0,0.0,0.35021,0.301413,0.295981,0.0,0.0,0.0,0.0,0.0,0.0,0.0,0.308518,0.0,0.0,0.259207,0.275947,0.0,0.0,0.0,0.0,0.0,0.0,0.0,0.0,0.0,0.495271,0.0,0.0,0.0,0.0,0.0,0.0,0.0,0.502643,0.0,0.0,0.245186,0.245186,0.251904,0.337965,0.0,0.0,0.0,0.0,0.356246,0.0,0.0,0.0,0.0,0.0,0.0,0.0,0.391546,0.945981,0.0,0.0,0.0,0.0,0.0,0.0,0.0,0.391546,0.0,0.0,0.0,0.73788,0.0,0.0,0.296415,0.377856,0.308518,0.0,0.238977,0.0,0.0,0.0,0.0,0.0,0.0,0.0,0.369154,0.379856,0.0,0.0,0.0,0.0,0.0,0.0,0.0,0.0,0.0,0.0,0.0,0.0,0.0,0.296415,0.296415,0.296415,0.0,0.322237,0.0,0.0,0.0,0.0,0.0,0.359308,0.313237,0.0,0.0,0.0,0.0,0.0,0.0,0.0,0.0,0.0,0.0,0.0,0.0,0.0,0.0,0.0,0.0,0.0,0.0,0.337965,0.0,0.0,0.0,0.356246,0.0,0.0,0.0,0.0,0.0,0.0,0.0,0.0,0.0,0.0,0.0,0.0,0.0,0.0,0.0,0.0,0.0,0.0,0.0,0.0,0.0,0.0,0.745156,0.0,0.0,0.0,0.0,0.0,0.285633,0.238977,0.0,0.0,0.0,0.0,0.0,0.0,0.0,0.0,0.0,0.285633,0.267185,0.0,0.0,0.0,0.0,0.0,0.0,0.0,0.0,0.0,0.0,0.0,0.0,0.0,0.0,1.0,0.710844,0.0,0.0,0.0,0.0,0.0,0.0,0.296415,0.285633,0.0,0.0,0.0,0.0,0.0,0.0,0.0,0.0,0.0,0.0,0.0,0.0,0.0,0.0,0.0,0.0,0.0,0.0,0.0,0.0,0.0,0.0,0.0,0.222848,0.377856,0.0,0.0,0.0,0.0,0.0,0.0,0.0,0.0,0.0,0.0,0.245186,0.0,0.0,0.0,0.0,0.0,0.0,0.0,0.0,0.0,0.0,0.0,0.0,0.0,0.0,0.0,0.0,0.0,0.0,0.0,0.0,0.0,0.0,0.0,0.0,0.0,0.0,0.0,0.0,0.0,0.0,0.285633,0.0,0.0,0.0,0.0,0.0,0.0,0.0
sedu_ama5_2023t1-D044_M-02,0.0,0.0,0.0,0.0,0.0,0.0,0.0,0.0,0.277878,0.69207,0.573754,0.484911,0.0,0.0,0.0,0.0,0.0,0.0,0.0,0.0,0.0,0.268456,0.0,0.0,0.0,0.0,0.0,0.0,0.0,0.0,0.0,0.0,0.0,0.538948,1.0,0.0,0.0,0.0,0.0,0.0,0.0,0.0,0.0,0.245065,0.23249,0.0,0.0,0.0,0.0,0.0,0.0,0.0,0.0,0.0,0.0,0.0,0.815466,0.0,0.0,0.0,0.0,0.0,0.0,0.0,0.0,0.0,0.0,0.0,0.0,0.0,0.288368,0.203907,0.238529,0.0,0.774102,0.0,0.0,0.0,0.0,0.0,0.0,0.0,0.259931,0.0,0.0,0.0,0.990235,0.0,0.627746,0.288368,0.0,0.0,0.0,0.0,0.0,0.0,0.0,0.0,0.0,0.226887,0.259931,0.0,0.25217,0.25217,0.32879,0.277878,0.259931,0.288368,0.259931,0.0,0.0,0.0,0.0,0.0,0.791118,0.87177,0.288368,0.288368,0.0,0.0,0.0,0.0,0.0,0.0,0.207945,0.212233,0.238529,0.207945,0.0,0.25217,0.0,0.0,0.0,0.203907,0.0,0.268456,0.238529,0.0,0.0,0.0,0.0,0.67,0.0,0.259931,0.0,0.0,0.0,0.313489,0.0,0.0,0.0,0.0,0.0,0.0,0.0,0.0,0.0,0.0,0.216798,0.259931,0.0,0.0,0.0,0.0,0.0,0.0,0.0,0.0,0.0,0.288368,0.259931,0.300143,0.300143,0.0,0.0,0.0,0.0,0.346575,0.259931,0.0,0.23249,0.0,0.0,0.0,0.0,0.0,0.0,0.0,0.0,0.0,0.0,0.0,0.0,0.0,0.0,0.0,0.0,0.32879,0.0,0.0,0.0,0.0,0.0,0.0,0.259931,0.367598,0.0,0.0,0.277878,0.0,0.0,0.0,0.0,0.0,0.0,0.0,0.0,0.0,0.0,0.0,0.0,0.0,0.0,0.0,0.427651,0.748323,0.0,0.0,0.0,0.313489,0.0,0.0,0.288368,0.0,0.0,0.0,0.0,0.0,0.0,0.0,0.0,0.0,0.0,0.0,0.0,0.19649,0.0,0.277878,0.0,0.0,0.0,0.0,0.0,0.0,0.0,0.0,0.0,0.0,0.288368,0.0,0.0,0.238529,0.0,0.0,0.0,0.0,0.0,0.0,0.0,0.0,0.0,0.0,0.25217,0.226887,0.277878,0.226887,0.0,0.0,0.0,0.25217,0.238529,0.0,0.0,0.778899,0.0,0.0,0.0,0.0,0.778899,0.0
sedu_ama5_2023t1-D044_M-03,0.0,0.0,0.0,0.0,0.0,0.0,0.0,0.0,0.0,0.0,1.0,0.377245,0.0,0.28479,0.0,0.0,0.0,0.0,0.0,0.0,0.0,0.0,0.0,0.0,0.0,0.0,0.0,0.0,0.0,0.0,0.0,0.338968,0.0,0.0,0.0,0.0,0.303182,0.0,0.0,0.0,0.0,0.0,0.0,0.0,0.0,0.0,0.0,0.0,0.0,0.0,0.0,0.0,0.0,0.0,0.0,0.0,0.0,0.0,0.0,0.0,0.371321,0.0,0.0,0.0,0.0,0.391406,0.0,0.0,0.0,0.0,0.0,0.0,0.0,0.0,0.443614,0.0,0.0,0.0,0.0,0.0,0.0,0.0,0.0,0.0,0.0,0.0,0.567473,0.0,0.225978,0.0,0.0,0.0,0.0,0.262563,0.0,0.0,0.0,0.0,0.0,0.0,0.0,0.0,0.0,0.0,0.0,0.0,0.0,0.0,0.0,0.0,0.0,0.0,0.0,0.0,0.0,0.0,0.0,0.32567,0.0,0.0,0.0,0.0,0.0,0.0,0.0,0.0,0.0,0.0,0.0,0.0,0.0,0.0,0.0,0.0,0.0,0.0,0.0,0.0,0.0,0.0,0.0,0.0,0.0,0.0,0.0,0.0,0.0,0.0,0.0,0.0,0.0,0.0,0.0,0.443813,0.0,0.0,0.0,0.0,0.0,0.432189,0.0,0.0,0.0,0.0,0.0,0.0,0.0,0.0,0.0,0.0,0.0,0.0,0.0,0.0,0.0,0.0,0.0,0.0,0.0,0.0,0.262563,0.0,0.0,0.0,0.0,0.0,0.0,0.0,0.0,0.0,0.0,0.0,0.0,0.0,0.0,0.0,0.0,0.0,0.0,0.0,0.0,0.0,0.0,0.0,0.0,0.0,0.0,0.0,0.0,0.0,0.0,0.35404,0.0,0.0,0.32567,0.0,0.0,0.0,0.0,0.0,0.0,0.0,0.0,0.0,0.0,0.0,0.0,0.0,0.0,0.0,0.0,0.0,0.0,0.0,0.0,0.0,0.0,0.0,0.0,0.0,0.415149,0.0,0.0,0.0,0.0,0.0,0.0,0.0,0.0,0.0,0.0,0.0,0.0,0.0,0.0,0.0,0.0,0.0,0.0,0.0,0.0,0.0,0.0,0.0,0.0,0.0,0.0,0.0,0.0,0.0,0.0,0.0,0.0,0.0,0.0,0.0,0.0,0.0,0.0,0.0,0.0,0.0,0.0,0.0,0.0,0.0,0.0,0.0,0.0,0.0
sedu_ama5_2023t1-D060_M-01,0.0,0.0,0.0,0.0,0.0,0.0,0.0,0.0,0.0,0.0,0.0,0.0,0.0,0.0,0.0,0.877092,0.947368,0.910201,0.0,0.0,0.0,0.0,0.0,0.0,0.760153,0.0,0.0,0.0,0.0,0.0,0.0,0.0,0.0,0.0,0.0,0.0,0.0,0.0,0.0,0.0,0.0,0.0,0.0,0.0,0.0,0.0,0.0,0.0,0.0,0.0,0.0,0.0,0.0,0.0,0.0,0.0,0.0,0.0,0.0,0.0,0.0,0.0,0.0,0.0,0.0,0.0,0.0,0.0,0.0,0.0,0.0,0.0,0.0,0.0,0.0,0.0,0.0,0.0,0.0,0.0,0.0,0.0,0.0,0.0,0.0,0.0,0.0,0.0,0.0,0.0,0.0,0.0,0.0,0.0,0.0,0.64361,0.752891,0.0,0.0,0.0,0.0,0.0,0.0,0.0,0.0,0.0,0.0,0.0,0.0,0.877749,0.0,0.0,0.0,0.0,0.0,0.0,0.0,0.0,0.0,0.0,0.0,0.0,0.0,0.0,0.0,0.0,0.0,0.0,0.0,0.0,0.0,0.0,0.0,0.0,0.0,0.0,0.0,0.0,0.0,0.0,0.0,0.0,0.0,0.0,0.0,0.0,0.0,0.0,0.0,0.0,0.0,0.0,0.0,0.0,0.0,0.916515,0.0,0.0,0.0,0.0,0.0,0.0,0.0,0.0,0.0,0.0,0.0,0.0,0.0,0.0,0.0,0.0,0.0,0.0,0.0,0.0,0.0,0.0,0.0,0.0,0.0,0.0,0.0,0.0,0.0,0.0,0.0,0.0,0.0,0.0,0.0,0.0,0.0,0.0,0.0,0.0,0.0,0.0,0.0,0.0,0.0,0.0,0.0,0.0,0.0,0.0,0.0,0.0,0.0,0.0,0.0,0.0,0.0,0.0,0.0,0.0,0.0,0.0,0.0,0.0,0.0,0.0,0.0,0.0,0.0,0.0,0.0,0.0,0.0,0.0,0.0,0.0,0.0,0.0,0.0,0.0,0.0,0.0,0.0,0.0,0.0,0.0,0.0,0.0,0.0,0.0,0.0,0.0,0.0,0.0,0.0,0.0,0.0,0.0,0.0,0.0,0.0,0.0,0.0,0.0,0.0,0.0,0.0,0.0,0.0,0.0,0.0,0.0,0.0,0.0,0.0,0.0,0.0,0.0,0.0,1.0,0.0,0.0,0.0,0.0,0.0,0.0,0.0,0.0,0.0,0.0,0.0,0.0,0.0,0.0
sedu_ama5_2023t1-D060_M-02,0.0,0.0,0.0,0.0,0.0,0.0,0.0,0.0,0.0,0.0,0.0,0.0,0.0,0.0,0.600405,0.0,0.0,0.0,0.0,0.0,0.0,0.0,0.0,0.57735,0.694886,0.0,0.0,0.0,0.0,0.0,0.0,0.0,0.0,0.0,0.0,0.0,0.0,0.0,0.735343,0.0,0.0,0.0,0.0,0.0,0.0,0.0,0.0,0.0,0.0,0.0,0.0,0.0,0.0,0.0,0.0,0.0,0.0,0.0,0.0,0.0,0.0,0.0,0.0,0.0,0.615232,0.0,0.0,0.0,0.0,0.0,0.0,0.0,0.0,0.0,0.0,0.0,0.0,0.0,0.0,0.0,0.0,0.0,0.0,0.0,0.0,0.0,0.904534,0.0,0.0,0.0,0.0,0.0,0.648512,0.0,0.0,0.0,0.0,0.0,0.0,0.0,0.0,0.0,0.0,0.0,0.0,0.0,0.0,0.0,0.0,0.802385,0.75,0.0,0.0,0.0,0.0,0.0,0.0,0.0,0.0,0.710409,0.0,0.0,0.0,0.0,0.0,0.0,0.688247,0.0,0.0,0.0,0.0,0.0,0.0,0.0,0.0,0.0,0.0,0.0,0.0,0.0,0.0,0.0,0.0,0.0,0.0,0.0,0.0,0.904534,0.67082,0.573707,0.0,0.0,0.0,0.0,0.0,0.0,0.0,0.0,0.0,0.0,0.0,0.0,0.0,0.0,0.0,0.0,0.0,0.0,0.0,0.0,0.0,0.0,0.0,0.0,0.0,0.0,0.0,1.0,0.0,0.0,0.0,0.0,0.0,0.0,0.0,0.0,0.0,0.0,0.0,0.0,0.0,0.0,0.0,0.0,0.0,0.0,0.0,0.0,0.0,0.0,0.0,0.0,0.0,0.0,0.0,0.0,0.0,0.0,0.0,0.0,0.0,0.0,0.0,0.0,0.0,0.0,0.0,0.0,0.0,0.0,0.0,0.0,0.0,0.0,0.0,0.0,0.0,0.0,0.0,0.0,0.0,0.0,0.0,0.0,0.904534,0.0,0.0,0.0,0.0,0.625543,0.0,0.0,0.0,0.0,0.0,0.0,0.0,0.0,0.0,0.0,0.774597,0.0,0.0,0.710409,0.0,0.0,0.0,0.0,0.0,0.0,0.0,0.0,0.0,0.0,0.0,0.0,0.0,0.0,0.0,0.0,0.0,0.0,0.0,0.0,0.0,0.0,0.0,0.0,0.0,0.0,0.0,0.0,0.0,0.0,0.0,0.0,0.0,0.0,0.0,0.0
sedu_ama5_2023t1-D060_M-03,0.174208,0.0,0.456223,0.153137,0.216569,0.0,0.164784,0.635793,0.323964,0.442873,0.0,0.0,0.323964,0.293992,0.0,0.0,0.0,0.0,0.0,0.0,0.0,0.0,0.160612,0.138233,0.480614,0.216569,0.0,0.22714,0.0,0.0,0.207349,0.0,0.55727,0.0,0.0,0.293992,0.312979,0.0,0.0,0.0,0.0,0.0,0.0,0.0,0.0,0.1693,0.22714,0.0,0.174208,0.22714,0.0,0.0,0.1693,0.191968,0.160612,0.705349,0.0,0.278089,0.278089,0.285709,0.383319,0.0,0.0,0.0,0.707107,0.404054,0.0,0.0,0.741834,0.0,0.0,0.0,0.0,0.17957,0.1693,0.191968,0.216569,0.293236,0.0,0.398224,0.17957,0.22714,0.17957,0.239426,0.160612,0.0,0.766795,0.22714,0.0,0.336193,0.428564,0.349921,0.0,0.271047,0.0,0.0,0.0,0.716679,0.0,0.0,0.0,0.1693,0.174208,0.174208,0.22714,0.191968,0.0,0.199215,0.17957,0.156741,0.635793,0.0,0.0,0.0,0.0,0.0,0.336193,0.336193,0.336193,0.0,0.36548,0.0,0.0,0.0,0.0,0.0,0.164784,0.143656,0.164784,0.174208,0.17957,0.22714,0.164784,0.140866,0.191968,0.185459,0.684329,0.25395,0.0,0.635793,0.0,0.216569,0.185459,0.17957,0.207349,0.185459,0.383319,0.0,0.0,0.0,0.404054,0.0,0.0,0.0,0.0,0.143656,0.453234,0.392512,0.43308,0.519245,0.207349,0.0,0.191968,0.22714,0.0,0.0,0.0,0.0,0.0,0.199215,0.17957,0.207349,0.0,0.0,1.0,0.0,0.0,0.0,0.17957,0.515932,0.271047,0.0,0.682815,0.628099,0.0,0.0,0.0,0.0,0.0,0.0,0.323964,0.30304,0.25395,0.0,0.0,0.0,0.0,0.22714,0.0,0.0,0.0,0.0,0.0,0.0,0.0,0.0,0.582049,0.22714,0.0,0.0,0.0,0.0,0.0,0.0,0.336193,0.323964,0.0,0.0,0.877058,0.555096,0.0,0.0,0.0,0.0,0.138233,0.164784,0.25395,0.321224,0.0,0.0,0.0,0.0,0.0,0.0,0.0,0.689745,0.605251,0.584728,0.0,0.63327,0.428564,0.0,0.0,0.550226,0.0,0.0,0.0,0.0,0.0,0.0,0.185459,0.278089,0.0,0.0,0.0,0.0,0.0,0.0,0.0,0.0,0.0,0.0,0.0,0.0,0.0,0.0,0.0,0.0,0.0,0.0,0.0,0.0,0.0,0.0,0.0,0.0,0.0,0.0,0.0,0.174208,0.164784,0.0,0.323964,0.536274,0.0,0.0,0.0,0.0,0.0,0.656799
sedu_ama5_2023t1-D106_M-01,0.0,0.283129,0.0,0.0,0.0,0.383015,0.0,0.0,0.104276,0.265225,0.0,0.0,0.0,0.0,0.260913,0.104276,0.112631,0.108212,0.0,0.0,0.0,0.0,0.0,0.0,0.0,0.0,0.0,0.0,0.0,0.0,0.0,0.0,0.0,0.0,0.0,0.0,0.0,1.0,0.325433,0.08951,0.314398,0.0,0.0,0.0,0.0,0.0,0.0,0.0,0.0,0.342579,0.283129,0.10074,0.091963,0.0,0.0,0.0,0.0,0.0,0.0,0.189856,0.0,0.174487,0.701229,0.783391,0.272277,0.0,0.08951,0.104276,0.336383,0.0,0.0,0.0,0.0,0.0,0.0,0.0,0.0,0.0,0.097541,0.085141,0.0,0.123381,0.0,0.0,0.0,0.0,0.0,0.0,0.0,0.0,0.0,0.0,0.690886,0.272277,0.085141,0.076518,0.08951,0.324977,0.0,0.0,0.0,0.0,0.0,0.0,0.0,0.0,0.0,0.0,0.0,0.0,0.0,0.0,0.0,0.0,0.0,0.0,0.0,0.0,0.0,0.308717,0.0,0.238877,0.0,0.0,0.0,0.0,0.0,0.0,0.225008,0.0,0.0,0.0,0.0,0.0,0.0,0.0,0.0,0.346761,0.0,0.0,0.0,0.0,0.0,0.097541,0.112631,0.10074,0.0,0.273782,0.0,0.249311,0.130055,0.159284,0.147469,0.0,0.108212,0.0,0.0,0.0,0.0,0.0,0.0,0.0,0.0,0.0,0.0,0.279715,0.0,0.0,0.0,0.0,0.0,0.0,0.0,0.0,0.0,0.0,0.0,0.0,0.0,0.0,0.203042,0.0,0.0,0.108212,0.094629,0.10074,0.097541,0.112631,0.413358,0.112631,0.0,0.097541,0.422728,0.0,0.0,0.0,0.0,0.0,0.0,0.0,0.0,0.442268,0.0,0.0,0.0,0.0,0.0,0.0,0.0,0.0,0.0,0.273782,0.097541,0.0,0.251843,0.319552,0.117639,0.130055,0.0,0.251707,0.261209,0.094629,0.0,0.277734,0.389355,0.18984,0.0,0.0,0.0,0.0,0.0,0.0,0.0,0.0,0.0,0.0,0.0,0.0,0.108212,0.081355,0.0,0.27935,0.137944,0.0,0.0,0.251718,0.271887,0.0,0.0,0.087244,0.0,0.0,0.0,0.243172,0.079642,0.0,0.0,0.0,0.0,0.0,0.0,0.0,0.332505,0.0,0.0,0.0,0.0,0.0,0.104276,0.0,0.0,0.104276,0.0,0.0,0.0,0.0,0.0,0.0,0.0,0.0,0.0,0.0,0.104276,0.2985,0.223402,0.0,0.0,0.0,0.2985,0.0
sedu_ama5_2023t1-D106_M-02,0.0,0.0,0.38223,0.0,0.0,0.0,0.0,0.0,0.0,0.0,0.0,0.0,0.0,0.0,0.0,0.0,0.0,0.0,0.0,0.0,0.0,0.0,0.0,0.0,0.288939,0.0,0.0,0.0,0.0,0.0,0.0,0.0,0.0,0.0,0.0,0.0,0.0,0.0,0.0,0.0,0.0,0.0,0.0,0.0,0.0,0.0,0.0,0.0,0.0,0.0,0.0,0.0,0.0,0.0,0.0,0.424046,0.0,0.0,0.0,0.0,0.0,0.0,0.0,0.0,0.0,0.0,0.0,0.0,0.0,0.0,0.0,0.0,0.0,0.0,0.0,0.0,0.0,0.0,0.0,0.0,0.0,0.0,0.0,0.0,0.0,0.0,0.0,0.0,0.0,0.0,0.0,0.0,0.0,0.341877,0.0,0.0,0.0,0.0,0.0,0.0,0.0,0.0,0.0,0.0,0.0,0.0,0.0,0.0,0.0,0.0,0.446926,0.0,0.0,0.0,0.0,0.0,0.0,0.0,0.0,0.0,1.0,0.0,0.0,0.460986,0.357541,0.0,0.0,0.0,0.0,0.0,0.0,0.0,0.0,0.0,0.0,0.0,0.0,0.0,0.0,0.0,0.0,0.0,0.0,0.0,0.0,0.0,0.0,0.0,0.0,0.0,0.0,0.0,0.0,0.0,0.0,0.0,0.0,0.337845,0.0,0.0,0.0,0.0,0.0,0.0,0.0,0.394765,0.0,0.0,0.394765,0.0,0.0,0.0,0.0,0.0,0.0,0.483487,0.0,0.0,0.0,0.0,0.0,0.0,0.0,0.0,0.0,0.0,0.0,0.0,0.0,0.0,0.0,0.0,0.0,0.0,0.0,0.0,0.0,0.0,0.0,0.0,0.0,0.0,0.0,0.0,0.0,0.0,0.0,0.0,0.0,0.0,0.0,0.0,0.0,0.0,0.0,0.0,0.0,0.0,0.0,0.0,0.0,0.0,0.0,0.372762,0.0,0.0,0.0,0.0,0.0,0.0,0.0,0.0,0.0,0.0,0.0,0.0,0.0,0.0,0.0,0.0,0.0,0.0,0.0,0.0,0.0,0.0,0.0,0.0,0.0,0.0,0.0,0.0,0.0,0.0,0.0,0.0,0.0,0.0,0.0,0.0,0.0,0.0,0.0,0.0,0.0,0.0,0.0,0.0,0.0,0.0,0.0,0.0,0.0,0.0,0.0,0.0,0.0,0.0,0.0,0.0,0.0,0.0,0.0,0.0,0.0,0.0,0.0,0.0,0.0,0.0
sedu_ama5_2023t1-D106_M-03,0.485753,0.578161,0.500702,0.427,0.0,0.0,0.0,0.0,0.0,0.0,0.0,0.0,0.0,0.0,0.0,0.0,0.0,0.0,0.0,0.0,0.0,0.0,0.0,0.385441,1.0,0.0,0.0,0.0,0.0,0.0,0.0,0.0,0.0,0.0,0.0,0.0,0.0,0.0,0.0,0.0,0.0,0.0,0.0,0.0,0.0,0.0,0.0,0.0,0.0,0.0,0.578161,0.0,0.0,0.0,0.0,0.0,0.0,0.0,0.0,0.472067,0.0,0.0,0.0,0.0,0.0,0.0,0.0,0.0,0.0,0.0,0.0,0.0,0.0,0.0,0.0,0.0,0.0,0.0,0.0,0.0,0.0,0.0,0.0,0.0,0.0,0.0,0.0,0.0,0.0,0.0,0.0,0.0,0.0,0.0,0.0,0.0,0.0,0.0,0.0,0.0,0.0,0.0,0.0,0.0,0.0,0.0,0.0,0.0,0.0,0.717652,0.0,0.0,0.472067,0.517123,0.0,0.0,0.0,0.0,0.0,0.0,0.0,0.0,0.0,0.0,0.0,0.0,0.0,0.0,0.0,0.0,0.0,0.0,0.0,0.0,0.535273,0.0,0.0,0.7081,0.0,0.0,0.60387,0.0,0.517123,0.0,0.0,0.0,0.0,0.0,0.0,0.0,0.0,0.0,0.0,0.0,0.0,0.0,0.0,0.0,0.0,0.0,0.0,0.0,0.0,0.0,0.0,0.0,0.0,0.0,0.0,0.0,0.0,0.0,0.0,0.0,0.0,0.0,0.0,0.0,0.0,0.0,0.0,0.0,0.0,0.0,0.0,0.0,0.0,0.0,0.0,0.0,0.0,0.0,0.0,0.0,0.0,0.0,0.0,0.0,0.0,0.0,0.0,0.0,0.0,0.0,0.0,0.0,0.0,0.0,0.0,0.0,0.0,0.0,0.0,0.0,0.0,0.0,0.0,0.0,0.0,0.0,0.0,0.0,0.0,0.0,0.0,0.0,0.0,0.0,0.0,0.0,0.0,0.0,0.0,0.0,0.0,0.0,0.0,0.0,0.0,0.0,0.0,0.0,0.0,0.0,0.0,0.0,0.0,0.0,0.0,0.0,0.0,0.0,0.0,0.0,0.0,0.0,0.0,0.0,0.0,0.0,0.0,0.0,0.0,0.0,0.0,0.0,0.0,0.0,0.0,0.0,0.0,0.0,0.0,0.0,0.0,0.0,0.0,0.0,0.0,0.0,0.0,0.0,0.0,0.0,0.0,0.0,0.0,0.0,0.0,0.0
sedu_ama5_2023t1-D114_M-01,0.0,0.0,0.0,0.0,0.0,0.0,0.0,0.0,0.0,0.0,0.0,0.0,0.0,0.0,0.0,0.0,0.0,0.0,0.0,0.0,0.0,0.0,0.0,0.0,0.605604,0.0,0.0,0.0,0.0,0.0,0.0,0.0,0.0,0.0,0.0,0.0,0.0,0.0,0.0,0.0,0.0,0.0,0.0,0.0,0.0,0.0,0.0,0.0,0.0,0.0,0.0,0.0,0.0,0.0,0.0,0.0,0.0,0.0,0.0,0.0,0.0,0.0,0.0,0.0,0.0,0.0,0.0,0.0,0.856453,0.0,0.0,0.0,0.0,0.0,0.0,0.0,0.0,0.0,0.0,0.0,0.0,0.0,0.0,0.0,0.0,0.0,0.0,0.0,0.0,0.0,0.0,0.0,0.0,0.0,0.0,0.0,0.0,0.827412,0.0,0.0,0.0,0.0,0.0,0.0,0.0,0.0,0.0,0.0,0.0,0.699291,0.0,0.0,0.0,0.0,0.0,0.0,0.0,0.0,0.0,0.0,0.0,0.0,0.0,0.0,0.0,0.0,0.0,0.0,0.0,0.0,0.0,0.0,0.0,0.0,0.0,0.0,0.0,0.0,0.0,0.0,0.0,0.0,0.0,0.0,0.0,0.0,0.0,0.0,0.0,0.466252,0.0,0.912871,0.0,0.0,0.0,0.0,0.0,0.0,0.0,0.0,0.0,0.0,0.0,0.0,0.0,0.0,0.0,0.0,0.0,0.0,0.0,0.0,0.0,0.0,0.0,0.0,0.0,0.0,0.0,0.0,0.0,0.0,0.0,0.0,0.0,0.0,0.0,0.0,0.0,0.0,0.0,0.0,0.0,0.0,0.0,0.0,0.0,0.0,0.0,0.0,0.0,0.0,0.0,0.0,0.0,0.0,0.0,0.0,0.0,0.0,0.0,0.0,0.0,0.0,0.0,0.0,0.0,0.0,0.0,0.0,0.0,0.0,0.0,0.0,0.430331,0.512989,0.790569,1.0,0.0,0.0,0.0,0.0,0.0,0.0,0.0,0.0,0.0,0.0,0.0,0.0,0.0,0.0,0.0,0.0,0.0,0.0,0.0,0.0,0.0,0.0,0.0,0.0,0.0,0.0,0.0,0.0,0.0,0.0,0.0,0.0,0.0,0.512989,0.542326,0.0,0.48795,0.0,0.0,0.0,0.0,0.0,0.0,0.0,0.0,0.0,0.0,0.0,0.0,0.0,0.0,0.0,0.0,0.0,0.0,0.0,0.0,0.0,0.0,0.0,0.0,0.0
sedu_ama5_2023t1-D114_M-02,0.267406,0.318276,0.275635,0.235063,0.0,0.0,0.0,0.0,0.0,0.0,0.0,0.0,0.0,0.0,0.0,0.0,0.0,0.0,0.0,0.0,0.0,0.0,0.0,0.212184,0.208361,0.0,0.0,0.0,0.0,0.0,0.0,0.0,0.0,0.0,0.0,0.0,0.0,0.0,0.0,0.0,0.0,0.0,0.0,0.0,0.0,0.0,0.0,0.0,0.0,0.0,0.318276,0.0,0.0,0.0,0.0,0.0,0.0,0.0,0.0,0.259871,0.0,0.0,0.0,0.0,0.0,0.0,0.0,0.0,0.483854,0.0,0.0,0.0,0.0,0.0,0.0,0.0,0.0,0.0,0.0,0.0,0.0,0.0,0.0,0.0,0.0,0.0,0.0,0.0,0.0,0.0,0.0,0.0,0.0,0.0,0.0,0.0,0.0,1.0,0.0,0.0,0.0,0.0,0.0,0.0,0.0,0.0,0.0,0.0,0.0,0.0,0.0,0.0,0.746023,0.284675,0.0,0.0,0.0,0.0,0.0,0.0,0.0,0.0,0.0,0.0,0.0,0.0,0.0,0.0,0.0,0.0,0.0,0.0,0.0,0.0,0.294667,0.0,0.0,0.389807,0.0,0.0,0.332429,0.0,0.284675,0.0,0.0,0.0,0.0,0.0,0.0,0.0,0.0,0.0,0.0,0.0,0.0,0.0,0.0,0.0,0.0,0.0,0.0,0.0,0.0,0.0,0.0,0.0,0.0,0.0,0.0,0.0,0.0,0.0,0.0,0.0,0.0,0.0,0.0,0.0,0.0,0.0,0.0,0.0,0.0,0.0,0.0,0.0,0.0,0.0,0.0,0.0,0.0,0.0,0.0,0.0,0.0,0.0,0.0,0.0,0.0,0.0,0.0,0.0,0.0,0.0,0.0,0.0,0.0,0.0,0.0,0.0,0.0,0.0,0.0,0.0,0.0,0.0,0.0,0.0,0.0,0.0,0.0,0.0,0.0,0.0,0.0,0.0,0.0,0.0,0.0,0.0,0.0,0.0,0.0,0.0,0.0,0.0,0.0,0.0,0.0,0.0,0.0,0.0,0.0,0.0,0.0,0.0,0.0,0.0,0.0,0.0,0.0,0.0,0.0,0.0,0.0,0.0,0.0,0.0,0.0,0.0,0.0,0.0,0.0,0.0,0.0,0.0,0.0,0.0,0.0,0.0,0.0,0.0,0.0,0.0,0.0,0.0,0.0,0.0,0.0,0.0,0.0,0.0,0.0,0.0,0.0,0.0,0.0,0.0,0.0,0.0
sedu_ama5_2023t1-D114_M-03,0.0,0.0,0.0,0.0,0.0,0.0,0.0,0.0,0.0,0.0,0.0,0.0,0.0,0.0,0.0,0.0,0.912871,0.877058,0.0,0.0,0.0,0.0,0.0,0.0,0.0,0.0,0.0,0.0,0.0,0.0,0.0,0.0,0.0,0.0,0.0,0.0,0.0,0.0,0.0,0.725476,0.0,0.0,0.0,0.0,0.0,0.0,0.0,0.0,0.0,0.0,0.0,0.0,0.0,0.0,0.0,0.0,0.0,0.0,0.0,0.0,0.0,0.0,0.0,0.0,0.0,0.0,0.0,0.0,0.920118,0.0,0.0,0.0,0.0,0.0,0.0,0.0,0.0,0.0,0.0,0.0,0.0,0.0,0.0,0.0,0.0,0.0,0.0,0.0,0.0,0.0,0.0,0.0,0.0,0.0,0.0,0.0,0.0,0.888919,0.0,0.0,0.0,0.0,0.0,0.0,0.0,0.0,0.0,0.0,0.0,0.0,0.0,0.0,0.745356,0.0,0.0,0.0,0.0,0.0,0.0,0.0,0.0,0.0,0.0,0.0,0.0,0.0,0.0,0.0,0.0,0.0,0.0,0.0,0.0,0.0,0.0,0.0,0.0,0.0,0.0,0.0,0.0,0.0,0.0,0.0,0.0,0.0,0.0,0.0,0.0,0.0,0.0,0.0,0.0,0.0,0.0,0.0,0.0,0.0,0.0,0.0,0.0,0.0,0.0,0.0,0.0,0.0,0.0,0.0,0.0,0.0,0.0,0.0,0.0,0.0,0.0,0.0,0.0,0.0,0.0,0.0,0.0,0.0,0.0,0.0,0.0,0.0,0.0,0.0,0.0,0.0,0.0,0.0,0.0,0.0,0.0,0.0,0.0,0.0,0.0,0.0,0.0,0.0,0.0,0.0,0.0,0.0,0.0,0.0,0.0,0.0,0.0,0.0,0.0,0.0,0.0,0.0,0.0,0.0,0.0,0.0,0.0,0.0,0.751273,0.0,0.0,0.0,0.0,0.0,0.0,0.0,0.0,0.0,0.877058,0.0,0.0,0.0,0.0,0.0,0.0,0.0,0.0,0.0,0.0,0.0,0.0,0.0,0.0,0.920118,0.0,0.0,0.0,0.0,0.0,0.0,0.0,0.0,0.0,0.0,0.0,0.0,0.0,0.0,0.0,0.0,0.0,0.0,0.0,0.0,0.0,1.0,0.0,0.0,0.0,0.0,0.0,0.0,0.0,0.0,0.0,0.0,0.0,0.0,0.0,0.0,0.0,0.0,0.0,0.0,0.0,0.0
sedu_ama5_2024t3-D022_M-01,0.111548,0.0,0.0,0.098056,0.138672,0.0,0.105514,0.114981,0.0,0.105514,0.0,0.0,0.0,0.0,0.0,0.0,0.0,0.0,1.0,0.0,0.304517,0.222388,0.102842,0.088512,0.086917,0.138672,0.417584,0.14544,0.0,0.0,0.132768,0.0,0.132768,0.0,0.0,0.0,0.0,0.0,0.0,0.0,0.0,0.461656,0.0,0.203012,0.192594,0.108405,0.14544,0.399806,0.447452,0.14544,0.0,0.0,0.108405,0.12292,0.102842,0.12756,0.0,0.0,0.0,0.0,0.0,0.0,0.0,0.0,0.0,0.0,0.0,0.0,0.370148,0.0,0.238883,0.168916,0.197597,0.114981,0.108405,0.12292,0.138672,0.187763,0.0,0.0,0.114981,0.14544,0.461223,0.153308,0.102842,0.0,0.138672,0.583406,0.0,0.0,0.0,0.0,0.0,0.0,0.0,0.271615,0.0,0.357597,0.0,0.187952,0.215326,0.108405,0.111548,0.111548,0.14544,0.12292,0.0,0.12756,0.114981,0.100363,0.114981,0.0,0.0,0.0,0.0,0.0,0.0,0.0,0.492937,0.0,0.0,0.0,0.0,0.0,0.172261,0.175813,0.105514,0.091985,0.105514,0.111548,0.114981,0.14544,0.105514,0.090198,0.12292,0.118752,0.423247,0.162607,0.0,0.114981,0.0,0.138672,0.118752,0.114981,0.132768,0.118752,0.562034,0.0,0.0,0.0,0.0,0.0,0.0,0.0,0.0,0.496954,0.0,0.162771,0.179595,0.506212,0.132768,0.0,0.12292,0.14544,0.0,0.0,0.0,0.0,0.0,0.12756,0.114981,0.132768,0.0,0.0,0.0,0.0,0.0,0.0,0.114981,0.12292,0.0,0.0,0.0,0.0,0.0,0.0,0.0,0.0,0.0,0.0,0.0,0.0,0.162607,0.0,0.238883,0.175813,0.238883,0.14544,0.0,0.0,0.0,0.0,0.0,0.0,0.0,0.0,0.138672,0.14544,0.0,0.0,0.0,0.0,0.0,0.0,0.0,0.0,0.0,0.0,0.0,0.230193,0.238883,0.208897,0.0,0.179595,0.088512,0.105514,0.162607,0.205684,0.0,0.0,0.0,0.0,0.0,0.0,0.0,0.0,0.0,0.0,0.0,0.0,0.0,0.0,0.0,0.0,0.0,0.162771,0.0,0.0,0.0,0.192594,0.118752,0.0,0.0,0.0,0.175813,0.0,0.0,0.0,0.0,0.0,0.0,0.0,0.0,0.0,0.387841,0.0,0.0,0.0,0.0,0.0,0.0,0.0,0.0,0.0,0.370148,0.0,0.0,0.230193,0.230193,0.111548,0.105514,0.0,0.0,0.0,0.0,0.0,0.0,0.0,0.222388,0.0
sedu_ama5_2024t3-D022_M-02,0.0,0.0,0.0,0.206084,0.0,0.0,0.0,0.0,0.0,0.0,0.0,0.0,0.0,0.0,0.210934,0.25834,0.741307,0.712225,0.0,0.0,0.0,0.0,0.0,0.186026,0.0,0.0,0.0,0.0,0.0,0.0,0.0,0.0,0.0,0.0,0.0,0.0,0.0,0.24958,0.25834,0.367373,0.0,0.0,0.0,0.0,0.0,0.227834,0.0,0.0,0.0,0.0,0.0,0.0,0.0,0.0,0.0,0.0,0.0,0.0,0.0,0.0,0.0,0.432285,0.322206,0.25834,0.216143,0.0,0.221758,0.25834,0.0,0.0,0.0,0.0,0.0,0.0,0.0,0.0,0.0,0.0,0.0,0.0,0.0,0.305672,0.0,0.0,0.0,0.0,0.0,0.0,0.0,0.0,0.0,0.0,0.227834,0.0,0.210934,0.503619,0.367373,0.0,0.0,0.0,0.0,0.0,0.0,0.23444,0.0,0.0,0.0,0.0,0.0,0.0,0.0,0.0,0.0,0.0,0.0,0.0,0.0,0.0,0.0,0.24958,0.0,0.0,0.0,0.0,0.0,0.0,0.0,0.0,0.0,0.0,0.0,0.0,0.0,0.0,0.0,0.0,0.0,0.0,0.0,0.0,0.0,0.0,0.0,0.0,0.0,0.0,0.0,0.0,0.0,0.0,0.0,0.0,0.0,0.0,0.0,0.0,0.0,0.0,0.0,0.0,0.0,0.0,0.0,0.0,0.0,0.0,0.0,0.0,0.0,0.0,0.0,0.0,0.0,0.0,0.0,0.0,0.0,0.0,0.0,0.0,0.0,0.0,0.0,0.0,0.0,0.0,0.0,0.0,0.0,0.279039,0.0,0.0,0.0,0.0,0.0,0.0,0.0,0.0,0.0,0.0,0.0,0.0,0.0,0.0,0.0,0.0,0.0,0.0,0.0,0.0,0.0,0.0,0.0,0.0,0.0,0.0,0.0,0.0,0.0,0.0,0.0,0.0,0.428298,0.0,0.186026,0.0,0.0,0.0,0.0,0.0,0.0,0.0,0.0,0.0,0.0,0.0,0.0,0.0,0.0,0.0,0.0,0.221758,0.0,0.0,0.0,0.0,0.0,0.524556,0.0,0.216143,0.0,0.0,0.0,0.0,0.0,0.0,0.0,0.0,0.0,0.0,0.0,0.0,0.0,0.0,0.0,0.0,0.0,0.0,0.0,0.0,1.0,0.0,0.0,0.0,0.0,0.0,0.0,0.0,0.0,0.0,0.0,0.0,0.0,0.0,0.0,0.0,0.0,0.0,0.0,0.0
sedu_ama5_2024t3-D022_M-03,0.0,0.0,0.0,0.0,0.0,0.0,0.0,0.59589,0.0,0.0,0.0,0.0,0.0,0.0,0.0,0.0,0.0,0.0,0.820604,0.0,0.0,0.0,0.811226,0.698192,0.685611,0.529388,0.0,0.555227,0.611184,0.0,0.0,0.0,0.0,0.0,0.0,0.0,0.0,0.0,0.0,0.0,0.0,0.0,0.0,0.0,0.392605,0.0,0.0,0.0,0.0,0.0,0.0,0.546659,0.499029,0.0,0.0,0.587206,0.0,0.0,0.0,0.0,0.0,0.0,0.0,0.0,0.0,0.0,0.0,0.0,0.500348,0.0,0.0,0.0,0.0,0.0,0.0,0.0,0.0,0.0,0.529301,0.982147,0.0,0.0,0.0,0.0,0.0,0.0,0.0,0.0,0.0,0.0,0.0,0.0,0.0,0.0,0.0,0.0,0.0,0.0,0.0,0.0,0.0,0.0,0.0,0.0,0.0,0.0,0.438945,0.0,0.0,0.0,0.0,0.0,0.441266,0.0,0.0,0.0,0.0,0.0,0.0,0.0,0.0,0.0,0.0,0.0,0.0,0.0,0.0,0.374426,0.0,0.0,0.0,0.0,0.0,0.0,0.0,0.0,0.0,0.0,0.50685,0.0,0.0,0.0,0.0,0.0,0.0,0.0,0.0,0.0,0.0,0.0,0.0,0.0,0.0,0.0,0.0,0.0,0.0,0.0,0.0,0.0,0.0,0.0,0.0,0.0,0.0,0.0,0.0,0.0,0.453341,0.0,0.0,0.0,0.0,0.0,0.0,0.0,0.0,0.0,0.0,0.0,0.0,0.0,0.0,0.587206,0.513497,1.0,0.0,0.0,0.0,0.0,0.0,0.0,0.0,0.0,0.519236,0.0,0.0,0.0,0.0,0.0,0.0,0.0,0.7076,0.0,0.0,0.0,0.0,0.0,0.0,0.0,0.0,0.0,0.0,0.0,0.0,0.0,0.0,0.0,0.587206,0.0,0.0,0.0,0.0,0.0,0.0,0.0,0.0,0.0,0.0,0.0,0.0,0.0,0.0,0.0,0.0,0.0,0.0,0.0,0.0,0.0,0.0,0.0,0.0,0.0,0.0,0.0,0.0,0.0,0.0,0.0,0.0,0.0,0.648744,0.0,0.0,0.0,0.0,0.0,0.0,0.0,0.0,0.0,0.0,0.0,0.56627,0.0,0.0,0.0,0.637033,0.0,0.0,0.0,0.0,0.0,0.0,0.0,0.0,0.0,0.0,0.0,0.0,0.0,0.0,0.0,0.0,0.0,0.0,0.0,0.67002,0.0
sedu_ama5_2024t3-D023_M-01,0.343753,0.0,0.268314,0.228819,0.0,0.0,0.0,0.0,0.28684,0.246222,0.277113,0.234204,0.28684,0.0,0.234204,0.0,0.0,0.0,0.0,0.0,0.0,0.365953,0.692337,0.802417,0.787958,0.451804,0.0,0.473856,1.0,0.0,0.0,0.0,0.309822,0.260303,0.0,0.260303,0.0,0.0,0.0,0.0,0.0,0.0,0.0,0.334068,0.335066,0.0,0.0,0.0,0.0,0.0,0.0,0.894427,0.816497,0.0,0.0,0.0,0.268314,0.246222,0.0,0.0,0.0,0.0,0.0,0.0,0.0,0.357752,0.325158,0.0,0.42702,0.0,0.0,0.0,0.0,0.0,0.0,0.0,0.0,0.0,0.866025,0.755929,0.0,0.0,0.0,0.0,0.370558,0.0,0.0,0.0,0.206548,0.0,0.0,0.0,0.0,0.0,0.309286,0.0,0.0,0.0,0.0,0.309286,0.0,0.0,0.0,0.0,0.0,0.0,0.374616,0.0,0.0,0.234204,0.0,0.0,0.376596,0.0,0.260303,0.28684,0.0,0.0,0.0,0.0,0.49966,0.309822,0.0,0.0,0.0,0.0,0.0,0.319553,0.0,0.0,0.0,0.0,0.0,0.0,0.0,0.0,0.0,0.0,0.432569,0.0,0.0,0.0,0.0,0.0,0.0,0.0,0.0,0.0,0.239987,0.322227,0.0,0.630886,0.0,0.0,0.0,0.0,0.0,0.0,0.295533,0.622646,0.0,0.0,0.0,0.0,0.0,0.0,0.0,0.0,0.386901,0.0,0.0,0.0,0.0,0.0,0.0,0.0,0.0,0.0,0.0,0.0,0.0,0.309822,0.0,0.0,0.0,0.386901,0.0,0.0,0.0,0.0,0.0,0.0,0.0,0.0,0.44314,0.289311,0.0,0.0,0.0,0.0,0.0,0.0,0.603897,0.0,0.0,0.0,0.0,0.0,0.0,0.0,0.0,0.0,0.0,0.0,0.0,0.0,0.0,0.0,0.699789,0.0,0.0,0.0,0.0,0.0,0.297402,0.354527,0.546363,0.691101,0.0,0.0,0.0,0.0,0.0,0.0,0.0,0.0,0.0,0.0,0.0,0.0,0.379453,0.904002,0.0,0.0,0.302175,0.0,0.0,0.0,0.0,0.0,0.0,0.0,0.0,0.0,0.0,0.0,0.0,0.0,0.0,0.0,0.0,0.354527,0.374802,0.0,0.571426,0.0,0.0,0.0,0.0,0.0,0.0,0.0,0.0,0.0,0.0,0.0,0.0,0.0,0.0,0.0,0.0,0.0,0.0,0.0,0.0,0.0,0.0,0.0,0.365953,0.0
sedu_ama5_2024t3-D023_M-02,0.165268,0.0,0.0,0.145279,0.205455,0.0,0.156328,0.170355,0.0,0.156328,0.0,0.0,0.0,0.0,0.0,0.0,0.0,0.0,0.0,0.0,0.0,0.0,0.15237,0.131139,0.128776,0.205455,0.0,0.215483,0.0,0.0,0.196709,0.0,0.196709,0.0,0.0,0.0,0.0,0.0,0.0,0.0,0.0,0.0,0.0,0.0,0.0,0.160612,0.215483,0.0,0.165268,0.215483,0.0,0.0,0.160612,0.182117,0.15237,0.188991,0.0,0.0,0.0,0.0,0.0,0.0,0.0,0.0,0.0,0.0,0.0,0.0,0.0,0.0,0.0,0.0,0.0,0.170355,0.160612,0.182117,0.205455,0.278188,0.0,0.0,0.170355,0.215483,0.170355,0.22714,0.15237,0.0,0.205455,0.215483,0.0,0.0,0.0,0.0,0.0,0.0,0.0,0.0,0.0,0.0,0.0,0.0,0.0,0.160612,0.165268,0.165268,0.215483,0.182117,0.0,0.188991,0.170355,0.148698,0.170355,0.0,0.0,0.0,0.0,0.0,0.0,0.0,0.0,0.0,0.0,0.0,0.0,0.0,0.0,0.0,0.156328,0.136284,0.156328,0.165268,0.170355,0.215483,0.156328,0.133637,0.182117,0.175942,0.156328,0.240918,0.0,0.170355,0.0,0.205455,0.175942,0.170355,0.196709,0.175942,0.0,0.0,0.0,0.0,0.0,0.0,0.0,0.0,0.0,0.736284,0.0,0.0,0.0,0.0,0.196709,0.0,0.182117,0.215483,0.0,0.0,0.0,0.0,0.0,0.188991,0.170355,0.196709,0.0,0.0,0.0,0.0,0.0,0.0,0.170355,0.182117,0.0,0.0,0.0,0.0,0.0,0.0,0.0,0.0,0.0,0.0,0.0,0.0,0.240918,0.0,0.0,0.0,0.0,0.215483,0.0,0.0,0.0,0.0,0.0,0.0,0.0,0.0,0.205455,0.215483,0.0,0.0,0.0,0.0,0.0,0.0,0.0,0.0,0.0,0.0,0.0,0.0,0.0,0.0,0.0,0.0,0.131139,0.156328,0.240918,0.30474,0.0,0.0,0.0,0.0,0.0,0.0,0.0,0.0,0.0,0.0,0.0,0.0,0.0,0.0,0.0,0.0,0.0,0.0,0.0,0.0,0.0,0.0,0.175942,0.0,0.0,0.0,0.0,0.0,0.0,0.0,0.0,0.0,0.0,0.0,0.0,0.0,0.0,0.0,0.0,0.0,0.0,0.0,0.0,0.0,0.0,0.0,0.0,0.0,0.0,0.0,0.0,0.165268,0.156328,1.0,0.0,0.0,0.0,0.0,0.0,0.0,0.0,0.0
sedu_ama5_2024t3-D023_M-03,0.0,0.0,0.0,0.0,0.454076,0.0,0.3455,0.0,0.0,0.0,0.0,0.0,0.0,0.0,0.0,0.0,0.0,0.868941,0.0,0.0,0.0,0.388847,0.859688,0.739901,0.726569,0.561013,0.0,0.588395,0.647695,0.0,0.0,0.0,0.0,0.0,0.0,0.0,0.0,0.0,0.0,0.3455,0.0,0.0,0.0,0.0,0.416058,0.0,0.0,0.0,0.0,0.0,0.0,0.579316,0.528841,0.0,0.0,0.0,0.0,0.0,0.0,0.0,0.0,0.0,0.0,0.0,0.0,0.0,0.0,0.0,0.530239,0.0,0.0,0.539319,0.0,0.0,0.0,0.0,0.0,0.0,0.56092,0.489611,0.0,0.0,0.0,0.0,0.529274,0.0,0.0,0.0,0.0,0.0,0.0,0.0,0.0,0.336752,0.0,0.0,0.0,0.0,0.0,0.0,0.0,0.0,0.0,0.0,0.0,0.0,0.465167,0.0,0.0,0.600099,0.591746,0.0,0.822594,1.0,0.0,0.0,0.0,0.0,0.0,0.0,0.0,0.0,0.0,0.0,0.0,0.0,0.0,0.396794,0.0,0.0,0.0,0.0,0.0,0.0,0.0,0.0,0.0,0.0,0.537129,0.591746,0.454076,0.0,0.0,0.0,0.0,0.0,0.0,0.0,0.0,0.400116,0.0,0.783383,0.0,0.0,0.0,0.626602,0.0,0.0,0.0,0.0,0.0,0.0,0.0,0.0,0.0,0.0,0.0,0.0,0.86927,0.0,0.0,0.0,0.434744,0.0,0.0,0.476239,0.502,0.0,0.0,0.0,0.0,0.0,0.0,0.0,0.0,0.480423,0.0,0.0,0.0,0.0,0.0,0.0,0.0,0.0,0.550255,0.0,0.0,0.0,0.0,0.0,0.0,0.0,0.749871,0.502,0.3765,0.0,0.0,0.0,0.402495,0.0,0.0,0.0,0.0,0.0,0.0,0.0,0.0,0.0,0.0,0.0,0.0,0.0,0.683679,0.0,0.36929,0.440223,0.678429,0.858153,0.0,0.454076,0.569214,0.417689,0.0,0.0,0.0,0.0,0.0,0.0,0.0,0.0,0.0,0.0,0.0,0.0,0.66796,0.0,0.0,0.0,0.0,0.0,0.0,0.0,0.0,0.0,0.0,0.614918,0.0,0.0,0.762712,0.0,0.0,0.440223,0.465399,0.0,0.418736,0.0,0.0,0.0,0.0,0.0,0.0,0.0,0.0,0.0,0.0,0.0,0.0,0.0,0.0,0.0,0.0,0.0,0.837332,0.0,0.0,0.0,0.0,0.0,0.388847,0.0
sedu_ama5_2024t3-D024_M-01,0.0,0.0,0.0,0.0,0.0,0.0,0.0,0.0,0.0,0.0,0.0,0.0,0.0,0.0,0.0,0.0,0.0,0.0,0.0,0.0,0.0,0.0,0.0,0.0,0.0,0.0,0.0,0.0,0.0,0.0,0.0,0.0,0.0,0.0,0.0,0.0,0.0,0.0,0.0,0.0,0.0,0.0,0.0,0.0,0.0,0.0,0.0,0.0,0.0,0.0,0.0,0.0,0.0,0.0,0.0,0.0,0.0,0.0,0.0,0.0,0.0,0.0,0.0,0.0,0.0,0.0,0.0,0.0,0.483854,0.0,0.0,0.0,0.0,0.0,0.0,0.0,0.0,0.0,0.0,0.0,0.0,0.0,0.0,0.0,0.0,0.0,0.0,0.0,0.0,0.0,0.0,0.0,0.0,0.0,0.0,0.0,0.0,1.0,0.0,0.0,0.0,0.0,0.0,0.0,0.0,0.0,0.0,0.0,0.0,0.0,0.0,0.0,0.0,0.0,0.0,0.0,0.0,0.0,0.0,0.0,0.0,0.0,0.0,0.0,0.0,0.0,0.0,0.0,0.0,0.0,0.0,0.0,0.0,0.0,0.0,0.0,0.0,0.0,0.0,0.0,0.0,0.0,0.0,0.0,0.0,0.0,0.0,0.0,0.0,0.26341,0.0,0.515727,0.0,0.0,0.0,0.0,0.0,0.0,0.0,0.0,0.0,0.0,0.0,0.0,0.0,0.0,0.0,0.0,0.0,0.0,0.0,0.0,0.0,0.0,0.0,0.0,0.0,0.0,0.0,0.0,0.0,0.0,0.0,0.0,0.0,0.0,0.0,0.0,0.0,0.0,0.0,0.0,0.0,0.0,0.0,0.0,0.0,0.0,0.0,0.0,0.0,0.0,0.0,0.0,0.0,0.0,0.0,0.0,0.0,0.0,0.0,0.0,0.0,0.0,0.0,0.0,0.0,0.0,0.0,0.0,0.0,0.0,0.0,0.0,0.243116,0.289814,0.446633,0.564951,0.0,0.0,0.0,0.0,0.0,0.0,0.0,0.0,0.0,0.0,0.0,0.0,0.0,0.0,0.0,0.0,0.0,0.0,0.0,0.0,0.0,0.0,0.0,0.0,0.0,0.0,0.0,0.0,0.0,0.0,0.0,0.0,0.0,0.289814,0.306388,0.0,0.275668,0.0,0.0,0.0,0.0,0.0,0.0,0.0,0.0,0.0,0.0,0.0,0.0,0.0,0.0,0.0,0.0,0.0,0.0,0.0,0.0,0.0,0.0,0.0,0.0,0.0
sedu_ama5_2024t3-D024_M-02,0.485094,0.577378,0.500024,0.426422,0.0,0.0,0.0,0.0,0.661197,0.329039,0.0,0.0,0.383319,0.347856,0.0,0.716143,0.773522,0.743176,0.0,0.0,0.0,0.268456,0.0,0.384919,0.377983,0.0,0.0,0.0,0.0,0.0,0.0,0.0,0.414032,0.0,0.0,0.347856,0.370321,0.0,0.0,0.0,0.0,0.0,0.0,0.245065,0.23249,0.0,0.0,0.0,0.0,0.0,0.577378,0.0,0.0,0.0,0.0,0.0,0.259931,0.329039,0.329039,0.809483,0.453549,0.0,0.0,0.0,0.0,0.478083,0.0,0.0,0.0,0.0,0.288368,0.203907,0.238529,0.0,0.0,0.0,0.0,0.0,0.0,0.0,0.0,0.0,0.259931,0.0,0.0,0.0,0.0,0.0,0.200095,0.686157,0.507083,0.414032,0.0,0.320708,0.0,0.525505,0.614733,0.0,0.0,0.226887,0.259931,0.0,0.25217,0.25217,0.32879,0.277878,0.259931,0.288368,0.259931,0.0,0.0,0.0,0.471427,0.516423,0.25217,0.277878,0.686157,0.686157,0.397789,0.0,0.432442,0.0,0.0,0.0,0.207945,0.212233,0.238529,0.207945,0.0,0.25217,0.0,0.0,0.0,0.203907,0.534548,0.268456,0.238529,0.707141,0.0,0.0,0.603052,0.0,0.516423,0.259931,0.0,0.0,0.453549,0.313489,0.0,0.0,0.478083,0.0,0.0,0.0,0.0,0.0,0.0,0.0,0.216798,0.259931,0.0,0.0,0.0,0.0,0.0,0.0,0.0,0.0,0.0,0.288368,0.259931,0.300143,0.300143,0.0,0.0,0.0,0.0,0.346575,0.259931,0.383319,0.553197,0.0,0.0,0.0,0.0,0.0,0.0,0.0,0.0,0.0,0.383319,0.358562,0.0,0.0,0.0,0.0,0.0,0.32879,0.0,0.0,0.0,0.0,0.0,0.0,0.259931,0.367598,0.432442,0.0,0.277878,0.0,0.0,0.0,0.0,0.0,0.397789,0.383319,0.0,0.0,0.0,0.0,0.0,0.0,0.0,0.0,0.0,0.238529,0.0,0.0,0.0,0.313489,0.0,0.0,0.288368,0.0,0.0,0.0,0.0,0.0,0.0,0.299061,0.507083,0.0,0.0,0.0,0.0,0.19649,0.0,0.277878,0.0,0.0,0.0,0.329039,0.0,0.0,0.0,0.0,0.0,0.0,0.288368,0.0,0.0,0.238529,0.0,0.0,0.0,0.0,0.0,0.0,0.0,0.0,0.0,0.0,0.25217,0.226887,0.277878,0.226887,0.0,0.0,1.0,0.25217,0.238529,0.0,0.383319,0.0,0.0,0.0,0.0,0.0,0.0,0.0
sedu_ama5_2024t3-D024_M-03,0.0,0.0,0.0,0.0,0.0,0.0,0.0,0.0,0.0,0.0,0.0,0.0,0.0,0.0,0.0,0.473954,0.511928,0.491845,0.0,0.0,0.0,0.0,0.350638,0.301781,0.296343,0.0,0.0,0.0,0.0,0.0,0.0,0.0,0.0,0.0,0.0,0.0,0.0,0.0,0.0,0.0,0.0,0.0,0.0,0.0,0.0,0.0,0.0,0.0,0.0,0.0,0.0,0.0,0.0,0.0,0.0,0.0,0.0,0.0,0.0,0.0,0.0,0.0,0.0,0.0,0.0,0.0,0.0,0.0,1.0,0.0,0.0,0.0,0.0,0.0,0.0,0.0,0.0,0.0,0.0,0.0,0.0,0.0,0.0,0.0,0.0,0.0,0.0,0.0,0.0,0.0,0.0,0.0,0.0,0.0,0.0,0.347787,0.406839,0.56121,0.0,0.0,0.0,0.0,0.0,0.0,0.0,0.0,0.0,0.0,0.0,0.0,0.0,0.0,0.369605,0.0,0.0,0.0,0.0,0.0,0.0,0.0,0.0,0.0,0.0,0.0,0.0,0.0,0.0,0.31362,0.0,0.0,0.0,0.0,0.0,0.0,0.0,0.0,0.0,0.0,0.0,0.0,0.0,0.0,0.0,0.0,0.0,0.0,0.0,0.0,0.0,0.0,0.0,0.0,0.0,0.0,0.0,0.495257,0.0,0.0,0.0,0.0,0.0,0.0,0.0,0.0,0.0,0.0,0.0,0.0,0.0,0.0,0.0,0.0,0.0,0.0,0.0,0.0,0.0,0.0,0.0,0.0,0.0,0.0,0.0,0.0,0.0,0.0,0.0,0.0,0.0,0.0,0.0,0.0,0.0,0.0,0.434913,0.0,0.0,0.0,0.0,0.0,0.0,0.0,0.592686,0.0,0.0,0.0,0.0,0.0,0.0,0.0,0.0,0.0,0.0,0.0,0.0,0.0,0.0,0.0,0.0,0.0,0.0,0.0,0.0,0.0,0.0,0.0,0.0,0.0,0.0,0.0,0.0,0.0,0.0,0.0,0.0,0.0,0.0,0.0,0.0,0.0,0.0,0.0,0.0,0.0,0.0,0.0,0.0,0.0,0.0,0.0,0.0,0.0,0.0,0.0,0.0,0.0,0.0,0.0,0.0,0.0,0.0,0.0,0.0,0.0,0.0,0.0,0.0,0.0,0.0,0.0,0.0,0.0,0.0,0.0,0.0,0.0,0.0,0.0,0.0,0.0,0.0,0.0,0.0,0.0,0.0,0.0,0.0,0.0,0.0,0.0
sedu_ama5_2024t3-D042_M-01,0.413241,0.0,0.0,0.140392,0.198544,0.0,0.151069,0.0,0.279379,0.151069,0.285357,0.241171,0.0,0.0,0.0,0.0,0.0,0.0,0.0,0.0,0.0,0.269906,0.147244,0.235222,0.0,0.198544,0.0,0.0,0.0,0.0,0.190091,0.0,0.190091,0.268046,0.0,0.0,0.0,0.0,0.0,0.239818,0.0,0.0,0.0,0.0,0.531742,0.155209,0.208234,0.0,0.159709,0.208234,0.0,0.0,0.155209,0.17599,0.147244,0.182634,0.276296,0.0,0.0,0.0,0.0,0.0,0.444227,0.0,0.0,0.0,0.0,0.0,0.0,0.0,0.0,0.0,0.239818,0.164624,0.155209,1.0,0.198544,0.26883,0.261336,0.0,0.408354,0.0,0.276296,0.219498,0.147244,0.0,0.0,0.208234,0.212692,0.0,0.0,0.0,0.0,0.247126,0.0,0.0,0.0,0.0,0.0,0.0,0.261336,0.155209,0.0,0.0,0.0,0.0,0.0,0.182634,0.164624,0.597611,0.0,0.0,0.0,0.0,0.268046,0.295372,0.0,0.0,0.0,0.0,0.333225,0.0,0.0,0.0,0.0,0.21338,0.151069,0.131699,0.151069,0.159709,0.164624,0.208234,0.151069,0.345886,0.17599,0.170023,0.0,0.43213,0.352832,0.0,0.0,0.333225,0.0,0.0,0.0,0.0,0.0,0.0,0.0,0.0,0.0,0.0,0.0,0.0,0.0,0.0,0.0,0.0,0.750708,0.0,0.190091,0.0,0.0,0.0,0.0,0.285357,0.0,0.0,0.0,0.0,0.0,0.0,0.0,0.0,0.0,0.0,0.0,0.0,0.0,0.0,0.0,0.352832,0.0,0.0,0.0,0.0,0.0,0.0,0.0,0.0,0.295372,0.276296,0.0,0.0,0.0,0.21338,0.0,0.0,0.0,0.0,0.0,0.0,0.0,0.0,0.0,0.0,0.0,0.0,0.0,0.0,0.0,0.0,0.0,0.0,0.0,0.0,0.0,0.0,0.0,0.0,0.289926,0.0,0.0,0.0,0.212692,0.253546,0.0,0.0,0.0,0.0,0.0,0.0,0.0,0.0,0.0,0.0,0.0,0.0,0.0,0.0,0.0,0.0,0.0,0.0,0.235626,0.251853,0.0,0.0,0.0,0.0,0.0,0.0,0.638732,0.0,0.0,0.0,0.0,0.0,0.0,0.0,0.0,0.0,0.0,0.0,0.0,0.0,0.0,0.0,0.0,0.0,0.0,0.0,0.396162,0.356441,0.0,0.0,0.0,0.0,0.0,0.0,0.0,0.0,0.0,0.285357,0.0,0.0,0.0,0.0,0.0,0.0
sedu_ama5_2024t3-D042_M-02,0.0,0.0,0.0,0.0,0.0,0.0,0.0,0.0,0.0,0.0,0.0,0.0,0.0,0.411291,0.0,0.0,0.0,0.470329,0.0,0.0,0.0,0.0,0.0,0.0,0.0,0.0,0.0,0.0,0.0,0.0,0.0,0.0,0.0,0.0,0.0,0.0,0.437853,0.0,0.0,0.0,0.0,0.0,0.0,0.399703,0.495884,0.0,0.0,0.0,0.0,0.0,0.0,0.437853,0.0,0.0,0.0,0.0,0.0,0.0,0.0,0.0,0.0,0.0,0.73922,0.0,0.0,0.0,0.0,0.0,0.0,0.0,0.470329,0.332573,0.0,0.0,0.0,0.0,0.0,0.0,0.0,0.0,0.679526,0.0,0.459773,0.0,0.0,0.0,0.0,0.0,0.0,0.0,0.0,0.0,0.0,0.411233,0.0,0.0,0.0,0.0,0.0,0.370053,0.0,0.0,0.0,0.0,0.0,0.0,0.0,0.0,0.0,0.994462,0.0,0.0,0.551433,0.604065,0.0,0.0,0.0,0.0,0.0,0.0,0.554507,0.0,0.0,0.0,0.339159,0.0,0.0,0.0,0.0,0.0,0.0,0.0,0.0,0.360675,0.0,0.0,0.0,0.0,0.0,0.0,0.705396,0.0,0.0,0.0,0.0,0.0,0.0,0.0,0.0,0.0,0.0,0.0,0.0,0.0,0.0,0.0,0.443832,0.704845,0.88651,0.508473,0.0,0.0,0.0,0.0,0.0,0.474851,0.0,0.0,0.0,0.0,0.0,0.0,0.0,0.0,0.0,0.0,0.0,0.0,0.0,0.0,0.0,0.0,0.0,0.0,0.0,0.0,0.0,0.0,0.0,0.0,0.491518,0.459773,0.0,0.0,0.0,0.0,0.470329,0.0,0.0,0.0,0.0,0.0,0.0,0.0,0.0,0.0,0.0,0.0,0.0,0.0,0.0,0.0,0.0,0.0,0.0,0.0,0.0,0.0,0.0,0.543581,0.0,0.0,0.0,0.0,0.0,0.0,0.0,0.0,0.0,0.0,0.0,0.0,0.0,0.0,0.0,0.0,0.0,0.0,0.0,0.0,0.0,0.0,0.0,0.0,0.392095,0.419099,0.346153,0.0,0.379192,0.0,0.0,0.0,0.554415,0.604065,0.0,0.0,0.0,0.0,0.0,0.0,0.0,0.0,0.0,0.0,0.0,0.0,0.0,0.0,0.0,0.0,0.0,0.0,0.0,0.0,0.0,0.0,0.0,0.0,0.0,0.0,0.0,0.0,0.0,1.0,0.0,0.0,0.0,0.0,0.0,0.643173
sedu_ama5_2024t3-D042_M-03,0.0,0.0,0.0,0.0,0.0,0.0,0.0,0.0,0.0,0.0,0.0,0.0,0.0,0.0,0.0,0.0,0.0,0.0,0.0,0.0,0.0,0.0,0.0,0.0,0.0,0.0,0.0,0.0,0.0,0.0,0.0,0.0,0.0,0.0,0.0,0.0,0.0,0.0,0.0,0.0,0.0,0.0,0.0,0.0,0.0,0.337429,0.452708,0.0,0.0,0.0,0.0,0.0,0.0,0.0,0.0,0.0,0.0,0.0,0.0,0.0,0.0,0.0,0.0,0.0,0.0,0.0,0.0,0.0,0.0,0.0,0.0,0.0,0.0,0.0,0.0,0.0,0.0,0.0,0.0,0.0,0.389642,0.0,0.263635,0.0,0.0,0.0,0.0,0.0,0.0,0.0,0.0,0.0,0.0,0.235802,0.0,0.158387,0.0,0.0,0.0,0.0,0.0,0.0,0.0,0.0,0.0,0.0,0.0,0.0,0.0,0.570227,0.0,0.0,0.190357,0.208526,0.0,0.0,0.0,0.0,0.0,0.208526,0.317955,0.233139,0.0,0.0,0.0,0.0,0.0,0.0,0.0,0.0,0.0,0.0,0.0,0.206812,0.0,0.0,0.328429,0.0,0.0,0.0,0.0,0.0,0.0,0.0,0.0,0.0,0.0,0.0,0.0,0.1684,0.269206,0.0,0.0,0.0,0.223993,0.0,0.0,0.0,0.0,0.0,0.0,0.0,0.0,0.0,0.0,0.272281,0.0,0.0,0.208526,0.0,0.0,0.0,0.233139,0.0,0.0,0.0,0.269206,0.0,0.0,0.0,0.0,0.0,0.0,0.0,0.0,0.0,0.0,0.0,0.243506,0.0,0.281837,0.263635,0.0,0.0,0.0,0.0,0.0,0.0,0.0,0.0,0.0,0.0,0.0,0.0,0.0,0.0,0.0,0.0,0.215845,0.329708,0.0,0.0,0.0,0.0,0.0,0.0,0.0,0.0,0.0,0.0,0.0,0.0,0.0,0.0,0.0,0.0,0.0,0.0,0.0,0.0,0.30525,0.223993,0.0,0.0,0.0,0.0,0.0,0.0,0.0,0.0,0.0,1.0,0.0,0.0,0.224828,0.0,0.0,0.215845,0.0,0.180589,0.0,0.0,0.0,0.0,0.0,0.0,0.0,0.0,0.0,0.285536,0.243506,0.0,0.0,0.0,0.0,0.0,0.0,0.0,0.0,0.255391,0.0,0.0,0.0,0.0,0.0,0.0,0.0,0.0,0.0,0.0,0.0,0.0,0.0,0.272281,0.0,0.0,0.0,0.0,0.0,0.0
sedu_ama5_2024t3-D113_M-01,0.0,0.0,0.0,0.0,0.0,0.286279,0.0,0.0,0.145852,0.0,0.0,0.0,0.0,0.620701,0.0,0.0,0.0,0.0,0.0,0.0,0.0,0.140907,0.0,0.0,0.0,0.0,0.244139,0.0,0.0,0.0,0.233745,0.310464,0.0,0.0,0.0,0.0,0.277687,0.0,0.0,0.0,0.0,0.0,0.0,0.12863,0.122029,0.0,0.0,0.233745,0.196385,0.0,0.0,0.0,0.0,0.0,0.0,0.0,0.136432,0.0,0.0,0.0,0.340096,0.0,0.0,0.0,0.0,0.358493,0.0,0.0,0.0,0.0,0.151358,0.445097,0.125199,0.0,0.0,0.0,0.0,0.0,0.0,0.0,0.0,0.0,0.136432,0.0,0.0,0.0,0.0,0.0,0.312002,0.151358,0.0,0.233745,0.0,1.0,0.0,0.158799,0.185762,0.0,0.478104,0.119088,0.136432,0.0,0.132359,0.132359,0.172575,0.145852,0.136432,0.151358,0.136432,0.0,0.0,0.0,0.0,0.0,0.132359,0.145852,0.151358,0.449642,0.0,0.284846,0.332628,0.0,0.0,0.0,0.109146,0.111397,0.125199,0.109146,0.0,0.132359,0.0,0.0,0.0,0.107026,0.0,0.140907,0.125199,0.0,0.0,0.0,0.0,0.0,0.0,0.136432,0.0,0.0,0.256055,0.408683,0.181058,0.230034,0.0,0.0,0.0,0.406492,0.305973,0.0,0.0,0.0,0.28263,0.627412,0.0,0.0,0.0,0.0,0.0,0.0,0.0,0.0,0.0,0.151358,0.136432,0.157539,0.157539,0.0,0.0,0.0,0.0,0.18191,0.136432,0.0,0.362513,0.0,0.0,0.224575,0.196385,0.209068,0.202429,0.233745,0.0,0.0,0.294843,0.275801,0.0,0.0,0.0,0.165283,0.224575,0.172575,0.0,0.0,0.0,0.0,0.0,0.0,0.136432,0.192945,0.0,0.0,0.145852,0.0,0.0,0.568408,0.47823,0.306045,0.298284,0.294843,0.0,0.494579,0.224575,0.0,0.0,0.0,0.0,0.0,0.0,0.125199,0.0,0.0,0.0,0.164544,0.0,0.0,0.151358,0.0,0.0,0.0,0.0,0.0,0.224575,0.168838,0.380239,0.450554,0.0,0.0,0.0,0.103133,0.165283,0.145852,0.0,0.0,0.0,0.185762,0.0,0.284846,0.0,0.0,0.0,0.0,0.151358,0.0,0.0,0.125199,0.267566,0.0,0.323778,0.0,0.0,0.0,0.0,0.0,0.0,0.0,0.132359,0.119088,0.145852,0.119088,0.654639,0.0,0.0,0.132359,0.125199,0.0,0.0,0.0,0.305973,0.0,0.0,0.0,0.0,0.0
sedu_ama5_2024t3-D113_M-02,0.0,0.0,0.0,0.0,0.0,0.0,0.0,0.0,0.263815,0.226458,0.0,0.0,0.263815,0.239408,0.0,0.0,0.0,0.0,0.0,0.0,0.0,0.0,0.0,0.0,0.0,0.0,0.0,0.0,0.0,0.0,0.0,0.0,0.284953,0.0,0.0,0.239408,0.25487,0.0,0.0,0.0,0.0,0.0,0.0,0.0,0.0,0.0,0.0,0.0,0.0,0.0,0.0,0.0,0.0,0.0,0.0,0.0,0.0,0.226458,0.226458,0.232663,0.31215,0.0,0.0,0.0,0.0,0.329035,0.0,0.0,0.0,0.0,0.0,0.44329,0.0,0.0,0.0,0.0,0.556041,0.0,0.0,0.0,0.0,0.0,0.0,0.0,0.0,0.0,0.0,0.0,0.0,0.273774,0.348995,0.284953,0.415159,0.220724,0.0,0.0,0.0,0.0,0.626906,0.0,0.0,0.0,0.0,0.0,0.0,0.0,0.0,0.0,0.0,0.0,0.0,0.0,0.434677,0.0,0.0,0.0,0.273774,0.273774,0.785257,0.0,0.828697,0.0,0.0,0.0,0.0,0.0,0.0,0.0,0.0,0.0,0.0,0.0,0.0,0.0,0.0,0.0,0.0,0.0,0.0,0.0,0.0,0.0,0.0,0.0,0.0,0.0,0.895331,0.0,0.0,0.0,0.329035,0.0,0.0,0.0,1.0,0.0,0.0,0.0,0.0,0.0,0.0,0.0,0.0,0.0,0.0,0.0,0.0,0.0,0.0,0.0,0.0,0.0,0.0,0.0,0.0,0.0,0.0,0.0,0.0,0.263815,0.220724,0.0,0.0,0.0,0.0,0.0,0.0,0.0,0.0,0.0,0.263815,0.246777,0.0,0.0,0.0,0.0,0.0,0.0,0.0,0.0,0.0,0.0,0.0,0.0,0.0,0.0,0.297624,0.0,0.0,0.0,0.0,0.0,0.0,0.0,0.273774,0.263815,0.0,0.0,0.0,0.0,0.0,0.0,0.0,0.0,0.0,0.0,0.0,0.0,0.0,0.0,0.0,0.0,0.0,0.0,0.0,0.0,0.0,0.0,0.0,0.573097,0.348995,0.0,0.0,0.0,0.549025,0.0,0.0,0.0,0.0,0.0,0.0,0.226458,0.0,0.454784,0.0,0.0,0.0,0.0,0.0,0.0,0.0,0.0,0.0,0.0,0.0,0.0,0.0,0.0,0.0,0.0,0.0,0.0,0.0,0.0,0.0,0.0,0.0,0.0,0.0,0.0,0.0,0.0,0.263815,0.0,0.488517,0.0,0.0,0.0,0.0,0.0
sedu_ama5_2024t3-D113_M-03,0.0,0.0,0.0,0.0,0.0,0.0,0.0,0.0,0.093164,0.0,0.0,0.0,0.167849,0.49263,0.076068,0.093164,0.100628,0.09668,0.0,0.0,0.0,0.0,0.0,0.0,0.0,0.0,0.0,0.0,0.0,0.355599,0.0,0.202524,0.0,0.0,0.0,0.152321,0.524444,0.280894,0.093164,0.079971,0.090005,0.0,0.0,0.0,0.0,0.0,0.0,0.0,0.0,0.0,0.0,0.252163,0.230192,0.0,0.0,0.0,0.0,0.144081,0.144081,0.487647,0.449428,0.155893,0.116195,0.093164,0.077946,0.233855,0.079971,0.093164,0.0,0.0,0.311881,0.220533,0.0,0.0,0.0,0.0,0.0,0.0,0.244155,0.213116,0.0,0.110233,0.0,0.0,0.0,0.0,0.0,0.0,0.273513,0.0,0.0,0.207745,0.082163,1.0,0.076068,0.068363,0.079971,0.0,0.0,0.0,0.0,0.0,0.0,0.0,0.0,0.0,0.0,0.0,0.0,0.245386,0.0,0.0,0.0,0.290345,0.170154,0.187501,0.0,0.399627,0.404643,0.275818,0.216983,0.0,0.0,0.0,0.0,0.0,0.0,0.0,0.0,0.0,0.0,0.0,0.0,0.0,0.0,0.0,0.0,0.0,0.0,0.0,0.0,0.21153,0.0,0.271974,0.314049,0.466707,0.227573,0.216983,0.0,0.353697,0.116195,0.14231,0.131753,0.265167,0.695903,0.0,0.0,0.0,0.0,0.0,0.0,0.0,0.0,0.0,0.0,0.0,0.0,0.0,0.0,0.0,0.0,0.0,0.0,0.0,0.0,0.0,0.0,0.0,0.0,0.0,0.156875,0.0,0.0,0.301728,0.084545,0.280894,0.262538,0.303153,0.105103,0.281926,0.384669,0.779372,0.123244,0.0,0.0,0.0,0.0,0.0,0.0,0.0,0.0,0.0,0.0,0.0,0.0,0.0,0.0,0.0,0.0,0.0,0.293796,0.21153,0.267059,0.0,0.194579,0.477833,0.294462,0.32554,0.0,0.0,0.0,0.084545,0.0,0.072685,0.067085,0.0,0.0,0.0,0.0,0.0,0.0,0.0,0.0,0.0,0.0,0.0,0.167849,0.162158,0.09668,0.072685,0.248041,0.079971,0.123244,0.0,0.0,0.065877,0.071155,0.0,0.0,0.077946,0.0,0.0,0.0,0.185813,0.071155,0.0,0.0,0.0,0.0,0.0,0.0,0.0,0.259085,0.0,0.245386,0.0,0.0,0.0,0.093164,0.0,0.0,0.093164,0.0,0.153094,0.0,0.0,0.0,0.0,0.0,0.0,0.0,0.233855,0.093164,0.0,0.404643,0.0,0.0,0.0,0.0,0.0
sedu_ama5_2025t3-D013_M-01,0.358441,0.426631,0.369473,0.315088,0.0,0.0,0.0,0.0,0.205327,0.0,0.0,0.0,0.0,0.0,0.0,0.0,0.0,0.0,0.0,0.0,0.0,0.198365,0.0,0.28442,0.279295,0.0,0.0,0.0,0.0,0.0,0.0,0.0,0.0,0.0,0.0,0.0,0.0,0.0,0.595737,0.0,0.0,0.0,0.0,0.181081,0.171789,0.0,0.0,0.0,0.0,0.0,0.426631,0.0,0.0,0.0,0.0,0.0,0.192066,0.0,0.0,0.348342,0.0,0.0,0.0,0.0,0.498429,0.0,0.0,0.0,0.0,0.0,0.213078,0.150669,0.176252,0.0,0.0,0.0,0.0,0.0,0.0,0.0,0.0,0.0,0.192066,0.0,0.0,0.0,0.0,0.0,0.147852,0.213078,0.0,0.0,0.0,0.0,0.0,0.0,0.0,0.0,0.0,0.167649,0.192066,0.0,0.186331,0.186331,0.242946,0.205327,0.192066,0.213078,0.192066,0.0,0.0,0.0,1.0,0.38159,0.186331,0.205327,0.213078,0.213078,0.0,0.0,0.0,0.0,0.0,0.0,0.153653,0.156821,0.176252,0.153653,0.0,0.186331,0.0,0.0,0.376692,0.472684,0.833816,0.622318,0.176252,0.522514,0.0,0.0,0.445601,0.0,0.38159,0.192066,0.0,0.0,0.0,0.23164,0.0,0.0,0.0,0.0,0.0,0.0,0.0,0.0,0.0,0.0,0.160194,0.192066,0.0,0.0,0.0,0.0,0.580521,0.423953,0.49507,0.473994,0.423953,0.213078,0.192066,0.221779,0.221779,0.0,0.0,0.0,0.0,0.256088,0.192066,0.0,0.171789,0.0,0.0,0.0,0.0,0.0,0.0,0.0,0.0,0.0,0.0,0.0,0.0,0.0,0.0,0.0,0.0,0.242946,0.0,0.0,0.0,0.670328,0.0,0.0,0.192066,0.271622,0.0,0.0,0.205327,0.0,0.0,0.0,0.0,0.0,0.0,0.0,0.672082,0.0,0.0,0.0,0.0,0.0,0.0,0.0,0.0,0.176252,0.0,0.0,0.0,0.23164,0.0,0.0,0.213078,0.0,0.0,0.0,0.0,0.0,0.0,0.0,0.0,0.0,0.0,0.0,0.0,0.145188,0.0,0.205327,0.0,0.0,0.0,0.0,0.0,0.0,0.0,0.0,0.0,0.0,0.213078,0.0,0.0,0.176252,0.0,0.0,0.0,0.0,0.0,0.0,0.0,0.0,0.0,0.0,0.186331,0.167649,0.205327,0.167649,0.0,0.0,0.0,0.186331,0.176252,0.0,0.0,0.0,0.0,0.0,0.0,0.0,0.0,0.0
sedu_ama5_2025t3-D013_M-02,0.145753,0.0,0.0,0.128124,0.181195,0.0,0.137868,0.150239,0.0,0.627236,0.0,0.0,0.0,0.0,0.0,0.0,0.0,0.0,0.0,0.0,0.397895,0.290581,0.134378,0.115654,0.11357,0.181195,0.0,0.190039,0.501638,0.0,0.173481,0.0,0.173481,0.0,0.0,0.0,0.0,0.0,0.0,0.0,0.0,0.0,0.0,0.265263,0.251651,0.141646,0.190039,0.0,0.145753,0.190039,0.0,0.448679,0.551232,0.160612,0.134378,0.166675,0.0,0.0,0.0,0.0,0.0,0.0,0.0,0.0,0.0,0.0,0.0,0.0,0.0,0.0,0.312135,0.220712,0.258188,0.150239,0.141646,0.160612,0.181195,0.245339,0.434432,0.379203,0.150239,0.190039,0.150239,0.200318,0.522945,0.0,0.181195,0.190039,0.0,0.0,0.0,0.0,0.0,0.0,0.0,0.0,0.0,0.0,0.0,0.245586,0.281354,0.141646,0.145753,0.145753,0.190039,0.160612,0.0,0.166675,0.150239,0.131139,0.150239,0.0,0.0,0.0,0.0,0.0,0.0,0.0,0.0,0.0,0.523944,0.0,0.0,0.0,0.225083,0.229725,0.137868,0.120191,0.137868,0.145753,0.150239,0.190039,0.137868,0.117857,0.160612,0.155166,0.137868,0.21247,0.0,0.150239,0.0,0.181195,0.155166,0.150239,0.173481,0.155166,0.0,0.0,0.0,0.0,0.0,0.0,0.0,0.0,0.0,0.120191,0.0,0.212684,0.234666,0.0,0.173481,0.0,0.160612,0.190039,0.0,0.0,0.0,0.0,0.0,0.166675,0.150239,0.173481,0.0,0.0,0.83666,0.0,0.0,0.0,0.150239,0.160612,0.0,0.0,0.0,0.0,0.0,0.0,0.0,0.0,0.0,0.0,0.0,0.0,0.21247,0.0,0.312135,0.229725,0.312135,0.190039,0.0,0.0,0.0,0.0,0.0,0.0,0.0,0.0,0.181195,0.190039,0.0,0.0,0.0,0.0,0.0,0.0,0.0,0.0,0.0,0.0,0.0,0.30078,0.312135,0.272954,0.0,0.234666,0.115654,0.137868,0.21247,0.268755,0.0,0.0,1.0,0.0,0.0,0.0,0.0,0.0,0.0,0.0,0.0,0.0,0.0,0.0,0.0,0.0,0.0,0.212684,0.0,0.0,0.0,0.251651,0.155166,0.0,0.0,0.0,0.229725,0.0,0.0,0.0,0.0,0.0,0.0,0.0,0.0,0.0,0.0,0.0,0.0,0.0,0.0,0.0,0.0,0.0,0.0,0.0,0.0,0.0,0.0,0.30078,0.30078,0.145753,0.137868,0.0,0.0,0.550765,0.0,0.0,0.0,0.0,0.841346,0.0
sedu_ama5_2025t3-D013_M-03,0.0,0.0,0.0,0.0,0.0,0.0,0.0,0.0,0.202307,0.17366,0.0,0.0,0.202307,0.409484,0.0,0.0,0.0,0.0,0.0,0.0,0.0,0.0,0.0,0.0,0.0,0.0,0.0,0.0,0.374418,0.0,0.0,0.0,0.218517,0.0,0.0,0.183591,0.435929,0.0,0.0,0.0,0.0,0.0,0.0,0.0,0.0,0.0,0.0,0.0,0.0,0.0,0.0,0.33489,0.305711,0.0,0.0,0.0,0.0,0.17366,0.17366,0.397947,0.533902,0.0,0.0,0.0,0.0,0.252322,0.0,0.0,0.0,0.0,0.0,0.339938,0.0,0.0,0.408554,0.0,0.0,0.0,0.324256,0.283034,0.0,0.0,0.0,0.0,0.62363,0.0,0.522624,0.0,0.0,0.209944,0.267628,0.218517,0.0,0.169263,0.0,0.0,0.0,0.0,0.0,0.0,0.0,0.0,0.0,0.0,0.0,0.0,0.353553,0.0,0.0,0.378248,0.372983,0.0,0.0,0.385215,0.0,0.0,0.209944,0.209944,0.209944,0.0,0.619301,0.0,0.0,0.0,0.0,0.0,0.0,0.0,0.0,0.0,0.0,0.0,0.0,0.0,0.0,0.0,0.0,0.0,0.408248,0.372983,0.0,0.0,0.0,0.0,0.268866,0.0,0.239373,0.0,0.0,0.194206,0.252322,0.0,0.0,0.0,0.413788,0.0,0.0,0.0,0.0,0.0,0.0,0.447214,0.0,0.0,0.0,0.0,0.0,0.0,0.0,0.0,0.0,0.0,0.0,0.0,0.0,0.0,0.0,0.0,0.0,0.202307,0.169263,0.0,0.0,0.258318,0.225893,0.240481,0.232845,0.69955,0.0,0.0,0.451229,0.422086,0.0,0.0,0.0,0.0,0.0,0.0,0.0,0.0,1.0,0.0,0.0,0.0,0.0,0.0,0.228234,0.0,0.0,0.0,0.380235,0.0,0.0,0.0,0.209944,0.451229,0.0,0.0,0.0,0.0,0.0,0.0,0.0,0.0,0.466367,0.0,0.0,0.0,0.408248,0.0,0.0,0.0,0.0,0.0,0.0,0.352029,0.248922,0.240481,0.413788,0.157838,0.267628,0.0,0.0,0.0,0.0,0.0,0.0,0.0,0.0,0.0,0.0,0.17366,0.0,0.0,0.0,0.0,0.0,0.0,0.0,0.0,0.0,0.0,0.0,0.294528,0.0,0.0,0.0,0.0,0.0,0.0,0.0,0.0,0.0,0.0,0.0,0.0,0.0,0.0,0.0,0.0,0.0,0.0,0.202307,0.0,0.0,0.0,0.0,0.0,0.0,0.0
sedu_ama5_2025t3-D013_M-04,0.132496,0.0,0.0,0.11647,0.164714,0.0,0.125329,0.567173,0.178618,0.570185,0.0,0.0,0.0,0.0,0.0,0.0,0.0,0.0,0.0,0.0,0.0,0.172561,0.441549,0.711501,0.373177,0.595385,0.0,0.624445,0.497214,0.0,0.157702,0.0,0.157702,0.0,0.0,0.0,0.0,0.0,0.0,0.0,0.0,0.0,0.0,0.157526,0.853976,0.58581,0.785946,0.0,0.132496,0.172754,0.0,0.0,0.128763,0.146003,0.122155,0.151515,0.167082,0.0,0.0,0.0,0.0,0.0,0.574133,0.0,0.0,0.0,0.0,0.0,0.0,0.0,0.18536,0.13107,0.153325,0.136574,0.128763,0.146003,0.164714,0.223024,0.0,0.0,0.567173,0.545599,0.598415,0.182098,0.122155,0.0,0.684037,0.172754,0.128619,0.18536,0.0,0.0,0.0,0.0,0.0,0.0,0.0,0.444721,0.0,0.145841,0.167082,0.128763,0.580548,0.580548,0.756942,0.639733,0.524175,0.663882,0.598415,0.119211,0.567173,0.444146,0.0,0.0,0.162093,0.178618,0.18536,0.18536,0.0,0.0,0.0,0.0,0.0,0.0,0.133665,0.136422,0.549143,0.478732,0.125329,0.294589,0.136574,0.172754,0.125329,0.807226,0.146003,0.618041,0.994,0.193144,0.412336,0.50484,0.0,0.164714,0.141053,0.303655,0.157702,0.141053,0.0,0.201508,0.0,0.0,0.0,0.0,0.0,0.0,0.0,0.345067,0.0,0.0,1.0,0.167082,0.157702,0.0,0.146003,0.172754,0.0,0.0,0.0,0.0,0.368804,0.663882,0.598415,0.69099,0.192929,0.393693,0.0,0.0,0.0,0.222775,0.303655,0.146003,0.149442,0.0,0.0,0.0,0.0,0.368804,0.0,0.0,0.0,0.0,0.0,0.0,0.193144,0.0,0.0,0.0,0.0,0.384097,0.0,0.0,0.0,0.0,0.0,0.0,0.167082,0.236289,0.164714,0.172754,0.178618,0.0,0.0,0.0,0.0,0.0,0.0,0.0,0.0,0.0,0.0,0.0,0.0,0.0,0.0,0.0,0.332041,0.278653,0.193144,0.24431,0.0,0.201508,0.0,0.0,0.18536,0.0,0.0,0.0,0.0,0.0,0.0,0.359145,0.0,0.0,0.0,0.0,0.0,0.451805,0.0,0.178618,0.0,0.0,0.585774,0.0,0.4306,0.0,0.0,0.329387,0.444146,0.0,0.18536,0.520807,0.444146,0.153325,0.0,0.0,0.0,0.0,0.0,0.0,0.0,0.0,0.0,0.0,0.162093,0.145841,0.178618,0.145841,0.491022,0.0,0.0,0.294589,0.278653,0.491022,0.0,0.50067,0.0,0.0,0.0,0.0,0.50067,0.0
sedu_ama5_2025t3-D013_M-05,0.227215,0.0,0.831326,0.199733,0.282465,0.0,0.214924,0.234208,0.0,0.214924,0.0,0.0,0.0,0.0,0.0,0.0,0.0,0.0,0.0,0.0,0.0,0.0,0.209482,0.180293,0.805467,0.282465,0.0,0.296252,0.0,0.0,0.27044,0.0,0.27044,0.0,0.0,0.0,0.0,0.0,0.0,0.0,0.0,0.0,0.0,0.0,0.0,0.220813,0.296252,0.0,0.227215,0.296252,0.0,0.0,0.220813,0.250378,0.209482,0.25983,0.0,0.0,0.0,0.0,0.0,0.0,0.0,0.0,0.0,0.0,0.0,0.0,0.0,0.0,0.0,0.0,0.0,0.234208,0.220813,0.250378,0.282465,0.382459,0.0,0.0,0.234208,0.296252,0.234208,0.312277,0.209482,0.0,0.282465,0.296252,0.0,0.0,0.0,0.0,0.0,0.0,0.0,0.0,0.0,0.0,0.0,0.0,0.0,0.220813,0.227215,0.227215,0.296252,0.250378,0.0,0.25983,0.234208,0.204433,0.234208,0.0,0.0,0.0,0.0,0.0,0.0,0.0,0.922273,0.0,0.0,0.0,0.0,0.0,0.0,0.0,0.214924,0.187366,0.214924,0.227215,0.234208,0.296252,0.776875,0.664112,0.905032,0.874344,0.214924,0.33122,0.0,0.234208,0.0,0.282465,0.241889,0.234208,0.27044,0.241889,0.0,0.0,0.0,0.0,0.0,0.0,0.0,0.0,0.0,0.187366,0.0,0.0,0.0,0.0,0.27044,0.0,0.250378,0.296252,0.866025,0.632456,0.738549,0.707107,0.632456,0.25983,0.234208,0.27044,0.0,0.0,0.0,0.0,0.0,0.0,0.234208,0.250378,0.0,0.0,0.0,0.0,0.0,0.0,0.0,0.0,0.0,0.0,0.0,0.0,0.33122,0.0,0.0,0.0,0.0,0.296252,0.0,0.0,0.0,1.0,0.0,0.0,0.0,0.0,0.282465,0.296252,0.0,0.0,0.0,0.0,0.0,0.0,0.0,0.0,0.0,0.0,0.0,0.0,0.0,0.0,0.0,0.0,0.180293,0.214924,0.33122,0.418963,0.0,0.0,0.0,0.0,0.0,0.0,0.0,0.0,0.0,0.0,0.0,0.0,0.0,0.0,0.0,0.0,0.0,0.0,0.0,0.0,0.0,0.0,0.241889,0.0,0.0,0.0,0.0,0.0,0.0,0.0,0.0,0.0,0.0,0.0,0.0,0.0,0.0,0.0,0.0,0.0,0.0,0.0,0.0,0.0,0.0,0.0,0.0,0.0,0.0,0.0,0.0,0.227215,0.214924,0.0,0.0,0.0,0.0,0.0,0.0,0.0,0.0,0.0
sedu_ama5_2025t3-D013_M-06,0.122035,0.0,0.0,0.107275,0.151709,0.0,0.335123,0.125791,0.164515,0.525167,0.0,0.0,0.0,0.0,0.0,0.0,0.0,0.0,0.0,0.0,0.0,0.158937,0.326637,0.281125,0.276059,0.151709,0.0,0.159114,0.0,0.0,0.145251,0.0,0.145251,0.0,0.0,0.0,0.0,0.0,0.0,0.0,0.0,0.0,0.0,0.145089,0.137643,0.118597,0.461935,0.0,0.122035,0.159114,0.0,0.0,0.118597,0.390406,0.112511,0.139552,0.15389,0.0,0.0,0.0,0.0,0.0,0.0,0.0,0.0,0.0,0.0,0.0,0.0,0.0,0.170726,0.50205,0.141219,0.365192,0.344306,0.134476,0.151709,0.205415,0.0,0.0,0.125791,0.502522,0.790569,0.167721,0.112511,0.0,0.151709,0.159114,0.118465,0.170726,0.0,0.0,0.0,0.0,0.0,0.0,0.0,0.0,0.0,0.134326,0.15389,0.344306,0.766965,0.534712,1.0,0.845154,0.393291,0.877058,0.790569,0.534103,0.125791,0.0,0.0,0.0,0.149295,0.164515,0.170726,0.170726,0.0,0.0,0.0,0.0,0.0,0.0,0.123112,0.125651,0.725476,0.632456,0.115433,0.27133,0.125791,0.159114,0.115433,0.620174,0.134476,0.569244,0.725476,0.177895,0.0,0.125791,0.0,0.151709,0.129916,0.279681,0.145251,0.129916,0.0,0.185598,0.0,0.0,0.0,0.0,0.0,0.0,0.0,0.509344,0.0,0.0,0.128353,0.15389,0.145251,0.0,0.134476,0.159114,0.0,0.0,0.0,0.0,0.0,0.877058,0.790569,0.912871,0.177697,0.0,0.0,0.0,0.0,0.205187,0.279681,0.134476,0.137643,0.0,0.0,0.0,0.0,0.0,0.0,0.0,0.0,0.0,0.0,0.0,0.177895,0.0,0.0,0.0,0.0,0.353771,0.0,0.0,0.0,0.0,0.0,0.0,0.15389,0.217633,0.151709,0.159114,0.164515,0.0,0.0,0.0,0.0,0.0,0.0,0.0,0.0,0.0,0.0,0.0,0.0,0.0,0.0,0.0,0.305825,0.476342,0.177895,0.225021,0.0,0.185598,0.0,0.0,0.170726,0.0,0.0,0.0,0.0,0.0,0.0,0.0,0.0,0.0,0.0,0.0,0.0,0.11633,0.0,0.164515,0.0,0.0,0.129916,0.0,0.0,0.0,0.0,0.0,0.0,0.0,0.170726,0.0,0.0,0.141219,0.0,0.0,0.0,0.0,0.0,0.0,0.0,0.0,0.0,0.0,0.149295,0.134326,0.164515,0.134326,0.0,0.0,0.0,0.27133,0.256653,0.0,0.0,0.46114,0.0,0.0,0.0,0.0,0.46114,0.0
sedu_ama5_2025t3-D013_M-07,0.541691,0.0,0.0,0.137104,0.193894,0.0,0.147531,0.160768,0.500305,0.92017,0.0,0.0,0.290044,0.263211,0.0,0.0,0.0,0.0,0.0,0.0,0.0,0.613765,0.143796,0.12376,0.12153,0.193894,0.0,0.203358,0.0,0.0,0.185639,0.0,0.498923,0.0,0.0,0.263211,0.28021,0.0,0.0,0.0,0.0,0.516803,0.0,0.560288,0.175917,0.151574,0.203358,0.0,0.155968,0.203358,0.0,0.0,0.151574,0.171869,0.143796,0.178357,0.196681,0.248973,0.248973,0.255795,0.343185,0.0,0.0,0.0,0.0,0.361749,0.364858,0.0,0.414364,0.0,0.218198,0.154289,0.180487,0.160768,0.151574,0.171869,0.193894,0.262534,0.0,0.0,0.160768,0.203358,0.35745,0.214358,0.143796,0.0,0.193894,0.203358,0.151405,0.519191,0.383693,0.313284,0.0,0.242669,0.347049,0.0,0.0,0.0,0.0,0.518726,0.196681,0.151574,0.346777,0.346777,0.942424,0.796494,0.196681,0.396555,0.35745,0.14033,0.548371,0.467466,0.0,0.0,0.190809,0.210261,0.519191,0.519191,0.300993,0.0,0.327214,0.0,0.0,0.0,0.157345,0.160589,0.328018,0.28596,0.147531,0.346777,0.160768,0.203358,0.50322,0.584467,0.586233,0.769486,0.328018,0.227361,0.0,0.160768,0.0,0.193894,0.166041,0.35745,0.185639,0.166041,0.343185,0.237206,0.0,0.0,0.361749,0.0,0.0,0.0,0.0,0.128615,0.0,0.0,0.49566,0.594275,0.185639,0.0,0.171869,0.203358,0.0,0.0,0.0,0.0,0.0,0.396555,0.35745,0.412747,0.227108,0.0,0.0,0.490282,0.0,0.262241,0.35745,0.461913,0.418585,0.0,0.0,0.0,0.0,0.0,0.0,0.0,0.0,0.0,0.704409,0.658914,0.227361,0.0,0.0,0.324634,0.0,0.452142,0.0,0.0,0.0,0.0,0.0,0.0,0.196681,0.278149,0.521108,0.203358,0.210261,0.0,0.0,0.0,0.0,0.0,0.300993,0.290044,0.0,0.0,0.0,0.0,0.0,0.0,0.0,0.0,0.12376,0.328018,0.227361,0.287591,0.0,0.237206,0.0,0.0,0.218198,0.0,0.0,0.0,0.0,0.0,0.0,0.22629,0.383693,0.364858,0.0,0.0,0.33907,0.148677,0.0,0.210261,0.0,0.0,0.166041,0.248973,0.0,0.0,0.0,0.0,0.0,0.0,0.218198,0.0,0.0,0.180487,0.0,0.0,0.0,0.0,0.0,0.0,0.0,0.0,0.0,0.0,0.190809,0.171677,0.210261,0.171677,0.0,0.0,0.0,0.346777,0.328018,0.0,0.290044,0.589366,0.0,0.0,0.0,0.0,1.0,0.0
sedu_ama5_2025t3-D013_M-08,0.0,0.0,0.332272,0.0,0.0,0.0,0.0,0.0,0.168883,0.144969,0.0,0.0,0.168883,0.153259,0.0,0.0,0.0,0.0,0.0,0.0,0.0,0.0,0.0,0.0,0.251174,0.0,0.0,0.0,0.312559,0.285475,0.0,0.0,0.182415,0.0,0.0,0.153259,0.163157,0.0,0.0,0.0,0.0,0.0,0.0,0.0,0.0,0.0,0.0,0.0,0.0,0.0,0.0,0.532347,0.485964,0.502929,0.297193,0.0,0.0,0.144969,0.144969,0.148941,0.199825,0.0,0.0,0.0,0.0,0.210635,0.0,0.0,0.0,0.0,0.0,0.0,0.0,0.0,0.0,0.0,0.0,0.0,0.270684,0.236272,0.0,0.0,0.0,0.0,0.520597,0.0,0.0,0.0,0.0,0.175258,0.223412,0.182415,0.0,0.348363,0.0,0.0,0.0,0.0,0.0,0.0,0.0,0.0,0.0,0.21895,0.0,0.0,0.225688,0.0,0.0,0.0,0.311361,0.0,0.230761,1.0,0.0,0.0,0.175258,0.175258,0.543881,0.239098,0.79619,0.0,0.0,0.0,0.0,0.0,0.0,0.0,0.0,0.0,0.0,0.0,0.431711,0.177044,0.241271,0.23309,0.0,0.0,0.0,0.311361,0.29519,0.0,0.0,0.0,0.0,0.0,0.199825,0.0,0.0,0.193089,0.210635,0.0,0.0,0.0,0.256833,0.329701,0.0,0.0,0.0,0.0,0.0,0.0,0.0,0.0,0.319171,0.23309,0.27219,0.543225,0.485875,0.0,0.0,0.0,0.0,0.0,0.0,0.0,0.0,0.0,0.0,0.168883,0.141298,0.0,0.0,0.0,0.0,0.0,0.0,0.0,0.0,0.0,0.416374,0.389482,0.0,0.0,0.0,0.0,0.0,0.0,0.0,0.0,0.0,0.0,0.0,0.0,0.0,0.0,0.591261,0.420294,0.0,0.0,0.0,0.0,0.231506,0.0,0.175258,0.416374,0.0,0.0,0.0,0.0,0.0,0.0,0.0,0.0,0.0,0.0,0.0,0.0,0.0,0.0,0.0,0.271535,0.0,0.0,0.0,0.0,0.0,0.0,0.0,0.131761,0.223412,0.0,0.0,0.0,0.0,0.0,0.0,0.0,0.0,0.0,0.0,0.144969,0.0,0.239098,0.0,0.0,0.0,0.0,0.0,0.0,0.0,0.0,0.224594,0.0,0.0,0.0,0.0,0.0,0.0,0.0,0.0,0.0,0.0,0.0,0.0,0.0,0.0,0.0,0.0,0.0,0.0,0.0,0.168883,0.0,0.256833,0.0,0.0,0.0,0.0,0.0
sedu_ama5_2025t3-D065_M-01,0.177518,0.0,0.0,0.156047,0.220684,0.0,0.167915,0.182982,0.0,0.763935,0.0,0.0,0.0,0.0,0.0,0.0,0.0,0.0,0.0,1.0,0.0,0.0,0.163664,0.584971,0.138321,0.220684,0.0,0.231455,0.0,0.0,0.211289,0.0,0.211289,0.0,0.694342,0.0,0.0,0.0,0.0,0.0,0.0,0.0,0.0,0.0,0.0,0.172517,0.231455,0.0,0.177518,0.231455,0.0,0.0,0.172517,0.195615,0.163664,0.203,0.0,0.0,0.0,0.0,0.0,0.0,0.0,0.0,0.0,0.0,0.0,0.0,0.0,0.730297,0.0,0.0,0.0,0.182982,0.172517,0.195615,0.220684,0.298808,0.0,0.0,0.182982,0.231455,0.182982,0.243975,0.163664,0.0,0.916473,0.231455,0.0,0.0,0.0,0.0,0.0,0.0,0.0,0.0,0.0,0.0,0.0,0.0,0.0,0.172517,0.177518,0.177518,0.231455,0.195615,0.0,0.203,0.182982,0.159719,0.759899,0.0,0.0,0.0,0.0,0.0,0.0,0.0,0.0,0.0,0.0,0.0,0.0,0.595067,0.0,0.0,0.167915,0.146385,0.167915,0.959056,0.182982,0.231455,0.167915,0.143543,0.195615,0.188982,0.167915,0.258775,0.0,0.182982,0.0,0.220684,0.188982,0.182982,0.211289,0.188982,0.0,0.0,0.0,0.0,0.0,0.0,0.0,0.0,0.0,0.541108,0.0,0.0,0.0,0.0,0.211289,0.0,0.195615,0.231455,0.0,0.0,0.0,0.0,0.0,0.203,0.182982,0.211289,0.0,0.0,0.0,0.0,0.0,0.0,0.182982,0.195615,0.0,0.0,0.0,0.0,0.0,0.0,0.0,0.0,0.0,0.0,0.0,0.0,0.258775,0.595067,0.0,0.0,0.0,0.231455,0.0,0.0,0.0,0.0,0.0,0.0,0.0,0.0,0.220684,0.231455,0.0,0.0,0.0,0.0,0.0,0.0,0.0,0.0,0.0,0.0,0.547382,0.0,0.0,0.0,0.0,0.0,0.640842,0.763935,0.258775,0.327327,0.0,0.0,0.0,0.0,0.0,0.0,0.0,0.0,0.0,0.0,0.0,0.481183,0.0,0.0,0.0,0.595067,0.0,0.0,0.0,0.0,0.0,0.0,0.784821,0.0,0.493404,0.0,0.0,0.0,0.0,0.0,0.0,0.0,0.0,0.0,0.0,0.0,0.0,0.0,0.624112,0.745956,0.0,0.0,0.0,0.0,0.0,0.0,0.0,0.0,0.0,0.0,0.0,0.177518,0.167915,0.0,0.0,0.670798,0.0,0.0,0.0,0.0,0.670798,0.624112
sedu_ama5_2025t3-D065_M-02,0.0,0.0,0.0,0.0,0.0,0.0,0.0,0.455234,0.0,0.417751,0.0,0.0,0.0,0.0,0.0,0.0,0.0,0.0,0.0,0.700902,0.0,0.0,0.299933,0.258141,0.575958,0.40443,0.0,1.0,0.0,0.0,0.0,0.0,0.0,0.0,0.0,0.0,0.0,0.0,0.0,0.0,0.0,0.0,0.0,0.0,0.299933,0.0,0.0,0.0,0.0,0.0,0.525659,0.0,0.0,0.0,0.0,0.0,0.0,0.0,0.0,0.0,0.0,0.0,0.0,0.0,0.0,0.0,0.0,0.0,0.0,0.511867,0.0,0.0,0.0,0.0,0.0,0.0,0.0,0.0,0.0,0.0,0.0,0.0,0.0,0.0,0.0,0.0,0.0,0.0,0.0,0.0,0.0,0.0,0.0,0.0,0.0,0.0,0.0,0.0,0.0,0.0,0.0,0.0,0.0,0.0,0.0,0.0,0.335335,0.0,0.0,0.372354,0.0,0.0,0.0,0.0,0.0,0.0,0.0,0.0,0.0,0.0,0.0,0.0,0.0,0.417084,0.0,0.0,0.0,0.0,0.0,0.0,0.0,0.0,0.0,0.0,0.0,0.0,0.0,0.0,0.387212,0.0,0.0,0.0,0.0,0.0,0.0,0.0,0.0,0.0,0.0,0.0,0.0,0.0,0.0,0.0,0.0,0.276662,0.0,0.0,0.0,0.0,0.0,0.0,0.0,0.0,0.0,0.0,0.0,0.0,0.346333,0.0,0.0,0.0,0.0,0.0,0.0,0.0,0.0,0.0,0.0,0.0,0.0,0.0,0.0,0.0,0.0,0.346333,0.0,0.0,0.0,0.0,0.0,0.0,0.0,0.417084,0.0,0.0,0.0,0.0,0.0,0.0,0.0,0.0,0.0,0.0,0.0,0.0,0.0,0.0,0.0,0.0,0.0,0.0,0.0,0.0,0.0,0.0,0.0,0.0,0.383661,0.0,0.0,0.0,0.0,0.0,0.0,0.0,0.0,0.0,0.0,0.0,0.0,0.0,0.0,0.0,0.0,0.0,0.0,0.0,0.0,0.0,0.0,0.51815,0.0,0.417084,0.0,0.0,0.0,0.0,0.381549,0.0,0.0,0.0,0.345828,0.0,0.0,0.0,0.0,0.0,0.0,0.0,0.0,0.0,0.0,0.0,0.0,0.0,0.437441,0.522842,0.0,0.0,0.0,0.0,0.0,0.372354,0.0,0.0,0.0,0.0,0.603626,0.0,0.0,0.0,0.0,0.470164,0.0,0.0,0.0,0.0,0.470164,0.437441
sedu_ama5_2025t3-D065_M-03,0.334961,0.398683,0.345269,0.294447,0.0,0.0,0.296544,0.520756,0.0,0.0,0.0,0.0,0.437261,0.0,0.0,0.0,0.0,0.0,0.0,0.0,0.0,0.0,0.0,0.265789,0.260999,0.389735,0.0,0.65871,0.0,0.0,0.0,0.0,0.0,0.0,0.0,0.396808,0.0,0.0,0.0,0.0,0.0,0.0,0.0,0.0,0.0,0.0,0.408758,0.0,0.0,0.0,1.0,0.0,0.0,0.0,0.0,0.0,0.0,0.375343,0.375343,0.325523,0.0,0.0,0.0,0.0,0.0,0.0,0.0,0.0,0.0,0.0,0.0,0.0,0.0,0.0,0.30467,0.0,0.0,0.0,0.0,0.0,0.0,0.0,0.0,0.430868,0.0,0.0,0.0,0.0,0.0,0.0,0.0,0.0,0.0,0.0,0.0,0.0,0.0,0.0,0.0,0.0,0.0,0.0,0.313503,0.0,0.0,0.0,0.0,0.0,0.0,0.0,0.0,0.0,0.325523,0.356593,0.0,0.0,0.453767,0.0,0.0,0.0,0.0,0.0,0.716572,0.477115,0.0,0.0,0.0,0.258521,0.0,0.313503,0.323151,0.408758,0.0,0.0,0.369109,0.0,0.0,0.488285,0.0,0.0,0.416411,0.0,0.356593,0.0,0.0,0.0,0.0,0.0,0.0,0.0,0.0,0.0,0.0,0.0,0.0,0.316482,0.0,0.0,0.0,0.0,0.0,0.0,0.0,0.0,0.0,0.0,0.0,0.0,0.0,0.0,0.0,0.0,0.0,0.0,0.0,0.0,0.0,0.0,0.0,0.0,0.0,0.373143,0.0,0.0,0.0,0.0,0.0,0.0,0.0,0.0,0.0,0.0,0.0,0.477115,0.0,0.0,0.0,0.0,0.0,0.0,0.0,0.0,0.0,0.0,0.0,0.0,0.0,0.0,0.0,0.0,0.0,0.0,0.0,0.0,0.358504,0.0,0.683763,0.755928,0.438882,0.0,0.0,0.0,0.0,0.0,0.0,0.0,0.0,0.0,0.0,0.0,0.0,0.0,0.0,0.0,0.0,0.0,0.0,0.0,0.0,0.0,0.0,0.592727,0.578442,0.477115,0.0,0.0,0.0,0.0,0.0,0.0,0.0,0.296544,0.395603,0.0,0.0,0.289035,0.0,0.0,0.358504,0.0,0.0,0.0,0.0,0.0,0.28207,0.0,0.500402,0.598095,0.0,0.0,0.0,0.0,0.0,0.0,0.0,0.0,0.0,0.0,0.0,0.0,0.0,0.0,0.437261,0.333749,0.0,0.0,0.0,0.493297,0.0,0.500402
sedu_ama5_2025t3-D065_M-04,0.237974,0.0,0.0,0.209191,0.29584,0.0,0.225101,0.245298,0.0,0.225101,0.0,0.760001,0.0,0.0,0.0,0.0,0.0,0.0,0.0,0.0,0.0,0.0,0.219401,0.18883,0.185428,0.29584,0.0,0.31028,0.0,0.0,0.283246,0.0,0.283246,0.0,0.0,0.0,0.0,0.0,0.0,0.0,0.0,0.0,0.0,0.0,0.0,0.231269,0.31028,0.0,0.237974,0.31028,0.0,0.0,0.231269,0.262235,0.219401,0.272134,0.0,0.0,0.0,0.0,0.0,0.0,0.0,0.0,0.0,0.0,0.0,0.0,0.0,0.0,0.0,0.847178,0.0,0.245298,0.231269,0.262235,0.29584,0.40057,0.0,0.0,0.245298,0.31028,0.245298,0.327064,0.219401,0.0,0.29584,0.31028,0.0,0.0,0.0,0.0,0.0,0.0,0.0,0.683026,0.799001,0.0,0.0,0.0,0.0,0.231269,0.237974,0.237974,0.31028,0.262235,0.0,0.272134,0.245298,0.214114,0.245298,0.0,0.0,0.0,0.0,0.0,0.0,0.0,0.0,0.0,0.0,0.0,0.0,0.797724,0.0,0.0,0.225101,0.196238,0.225101,0.237974,0.245298,0.31028,0.225101,0.192428,0.262235,0.253343,0.225101,0.346904,0.0,0.245298,0.0,0.29584,0.253343,0.245298,0.283246,0.253343,0.0,0.0,0.0,0.0,0.0,0.0,0.0,0.0,0.0,0.725389,0.0,0.0,0.0,0.0,0.283246,0.0,0.262235,0.31028,0.0,0.0,0.0,0.0,0.0,0.272134,0.245298,0.283246,0.0,0.0,0.0,0.0,0.0,0.0,0.245298,0.262235,0.0,0.0,0.0,0.0,0.0,0.0,0.0,0.0,0.0,0.0,0.0,0.0,0.346904,0.797724,0.0,0.0,0.0,0.31028,0.0,0.0,0.0,0.0,0.0,0.0,0.0,0.0,0.29584,0.31028,0.0,0.0,0.0,0.0,0.0,0.0,0.0,0.0,0.0,0.0,0.733799,0.0,0.0,0.0,0.0,0.0,0.18883,0.225101,0.346904,0.438802,0.0,0.0,0.0,0.0,0.0,0.0,0.0,0.0,0.0,0.0,0.0,0.0,0.0,0.0,0.0,0.797724,0.0,0.0,0.0,0.0,0.0,0.0,0.253343,0.0,0.661438,0.0,0.0,0.0,0.0,0.0,0.0,0.0,0.0,0.0,0.0,0.0,0.0,0.0,0.83666,1.0,0.0,0.0,0.0,0.0,0.0,0.0,0.0,0.0,0.0,0.0,0.0,0.237974,0.225101,0.0,0.0,0.0,0.0,0.0,0.0,0.0,0.0,0.83666
sedu_ama5_2025t3-D065_M-05,0.0,0.0,0.0,0.0,0.272162,0.0,0.207085,0.0,0.0,0.0,0.0,0.409781,0.0,0.0,0.0,0.0,0.0,0.0,1.0,0.0,0.0,0.233066,0.0,0.0,0.0,0.0,0.0,0.0,0.0,0.0,0.0,0.0,0.0,0.0,0.0,0.0,0.0,0.0,0.0,0.207085,0.0,0.504665,0.0,0.0,0.0,0.0,0.0,0.0,0.0,0.0,0.0,0.0,0.0,0.0,0.0,0.0,0.0,0.0,0.0,0.0,0.0,0.0,0.0,0.0,0.0,0.0,0.0,0.0,0.404632,0.0,0.0,0.0,0.0,0.0,0.0,0.0,0.0,0.0,0.0,0.0,0.0,0.0,0.0,0.0,0.0,0.0,0.0,0.0,0.0,0.0,0.0,0.0,0.0,0.201841,0.0,0.0,0.0,0.0,0.0,0.0,0.0,0.0,0.0,0.0,0.0,0.0,0.0,0.0,0.0,0.0,0.0,0.0,0.212759,0.233066,0.0,0.0,0.0,0.0,0.0,0.0,0.0,0.0,0.0,0.346779,0.0,0.0,0.0,0.0,0.0,0.0,0.0,0.0,0.0,0.0,0.0,0.0,0.0,0.0,0.0,0.0,0.272162,0.0,0.0,0.0,0.0,0.0,0.0,0.0,0.0,0.0,0.0,0.0,0.0,0.0,0.0,0.230027,0.0,0.0,0.0,0.0,0.0,0.0,0.0,0.0,0.0,0.0,0.0,0.0,0.233066,0.0,0.0,0.0,0.260576,0.0,0.0,0.285446,0.300887,0.0,0.0,0.0,0.0,0.0,0.0,0.0,0.0,0.0,0.0,0.0,0.0,0.0,0.0,0.0,0.0,0.346779,0.0,0.0,0.0,0.0,0.0,0.0,0.0,0.0,0.0,0.300887,0.225665,0.0,0.0,0.0,0.241246,0.0,0.0,0.0,0.0,0.0,0.0,0.0,0.0,0.0,0.31899,0.0,0.0,0.0,0.0,0.0,0.0,0.0,0.0,0.0,0.0,0.272162,0.341174,0.250353,0.0,0.0,0.0,0.0,0.0,0.0,0.0,0.0,0.0,0.0,0.0,0.346779,0.0,0.0,0.0,0.0,0.0,0.0,0.0,0.0,0.287534,0.0,0.0,0.0,0.0,0.0,0.0,0.0,0.0,0.0,0.0,0.0,0.359685,0.0,0.363705,0.434711,0.0,0.0,0.0,0.0,0.0,0.0,0.0,0.0,0.0,0.0,0.0,0.0,0.0,0.0,0.0,0.0,0.0,0.0,0.0,0.0,0.233066,0.363705
sedu_ama5_2025t3-D065_M-06,0.364276,0.0,0.284482,0.09549,0.135044,0.0,0.102753,0.396455,0.0,0.102753,0.0,0.430297,0.0,0.361316,0.0,0.0,0.0,0.0,0.0,0.0,0.608174,0.216569,0.100151,0.086196,0.299692,0.135044,0.0,0.141635,0.0,0.0,0.129294,0.30428,0.433575,0.0,0.0,0.0,0.0,0.0,0.0,0.0,0.0,0.0,0.0,0.40545,0.384643,0.105568,0.141635,0.0,0.108629,0.141635,0.0,0.0,0.105568,0.119703,0.335846,0.831484,0.0,0.0,0.0,0.0,0.0,0.0,0.0,0.0,0.0,0.496581,0.0,0.0,0.0,0.0,0.477091,0.337354,0.394636,0.111972,0.513523,0.119703,0.135044,0.18285,0.0,0.248317,0.111972,0.141635,0.111972,0.149296,0.335846,0.0,1.0,0.141635,0.0,0.0,0.0,0.0,0.0,0.0,0.0,0.0,0.0,0.0,0.0,0.375373,0.430044,0.105568,0.108629,0.108629,0.141635,0.119703,0.0,0.124222,0.111972,0.290076,0.396455,0.0,0.0,0.0,0.0,0.0,0.0,0.0,0.0,0.0,0.0,0.0,0.0,0.364141,0.344035,0.35113,0.102753,0.089578,0.102753,0.108629,0.111972,0.141635,0.34457,0.087838,0.119703,0.115644,0.102753,0.158353,0.0,0.396455,0.0,0.135044,0.500295,0.484408,0.129294,0.115644,0.0,0.0,0.0,0.0,0.0,0.0,0.0,0.0,0.0,0.331122,0.192339,0.325083,0.358682,0.263515,0.129294,0.0,0.119703,0.141635,0.0,0.0,0.0,0.0,0.0,0.124222,0.111972,0.129294,0.0,0.0,0.0,0.333323,0.0,0.0,0.111972,0.119703,0.0,0.0,0.0,0.391657,0.342494,0.364613,0.0,0.0,0.0,0.0,0.0,0.0,0.158353,0.364141,0.232633,0.566288,0.232633,0.141635,0.0,0.0,0.0,0.0,0.0,0.0,0.0,0.0,0.135044,0.141635,0.0,0.0,0.430318,0.0,0.0,0.0,0.0,0.0,0.0,0.0,0.726618,0.22417,0.232633,0.203431,0.0,0.174895,0.086196,0.102753,0.158353,0.200302,0.0,0.0,0.0,0.0,0.0,0.0,0.0,0.430097,0.0,0.0,0.0,0.237275,0.0,0.0,0.0,0.70724,0.0,0.325083,0.179917,0.0,0.432783,0.187554,0.115644,0.0,0.30193,0.0,0.171213,0.0,0.0,0.0,0.0,0.0,0.0,0.0,0.0,0.0,0.0,0.0,0.381914,0.456475,0.0,0.0,0.0,0.0,0.0,0.0,0.235566,0.422353,0.0,0.459737,0.22417,0.578049,0.546779,0.0,0.0,0.0,0.0,0.0,0.0,0.0,0.216569,0.381914
sedu_ama5_2025t3-D111_M-01,0.0,0.0,0.0,0.0,0.0,0.0,0.0,0.0,0.0,0.396604,0.0,0.0,0.0,0.28479,0.0,0.0,0.0,0.0,0.0,0.0,0.0,0.0,0.0,0.0,0.0,0.0,0.0,0.0,0.0,0.0,0.0,0.0,0.0,0.0,0.0,0.329321,0.303182,0.0,0.0,0.0,0.0,0.0,0.0,0.0,0.0,0.0,0.0,0.0,0.0,0.0,0.0,0.0,0.0,0.0,0.0,0.0,0.0,0.311507,0.311507,0.276766,0.0,0.0,0.0,0.0,0.0,0.0,0.0,0.0,0.0,0.0,0.0,0.0,0.0,0.0,0.0,0.0,0.0,0.0,0.0,0.0,0.0,0.0,0.0,0.0,0.0,0.0,0.0,0.0,0.0,0.376593,0.0,0.0,0.0,0.262563,0.0,0.0,0.0,0.0,0.0,0.0,0.0,0.0,0.0,0.0,0.0,0.0,0.0,0.0,0.0,0.0,0.0,0.0,0.0,0.0,0.28479,0.313823,0.376593,0.0,0.0,0.0,0.0,0.0,0.0,0.0,0.0,0.0,0.0,0.0,0.0,0.0,0.0,0.0,0.0,0.0,0.0,0.0,0.0,0.0,0.0,0.0,0.0,0.35404,0.350589,0.0,0.0,0.0,0.0,0.0,0.0,0.0,0.0,0.0,0.0,0.0,0.32567,0.0,0.0,0.0,0.0,0.0,0.0,0.0,0.0,0.0,0.0,0.0,0.0,0.0,0.0,0.0,0.0,0.0,0.0,0.0,0.0,0.0,0.0,0.0,0.0,0.0,0.0,0.0,0.0,0.0,0.0,0.0,0.293555,0.338968,0.0,0.0,0.0,0.293555,0.0,0.0,0.0,0.0,0.0,0.0,0.0,0.0,0.0,0.0,0.0,0.0,0.0,0.0,0.0,0.0,0.0,0.0,0.0,0.0,0.0,0.0,0.0,0.0,0.0,0.0,0.0,0.0,0.0,0.0,0.0,0.0,0.0,0.0,0.0,0.0,0.0,0.0,0.0,0.0,0.0,0.0,0.0,0.0,0.0,0.0,0.0,0.0,0.0,0.0,0.0,0.0,0.0,0.0,0.0,0.0,0.0,0.0,0.0,0.0,0.0,0.0,0.0,0.0,0.0,0.0,0.0,0.0,0.0,0.0,0.0,0.0,0.296302,0.0,0.0,0.0,0.0,0.0,0.0,0.0,0.0,0.256236,0.0,0.0,0.0,0.0,0.0,0.0,0.0,0.391406,0.362895,0.446363,0.0,0.0,0.0,0.0,1.0,0.0
sedu_ama5_2025t3-D111_M-02,0.0,0.0,0.0,0.0,0.0,0.0,0.0,0.0,0.0,0.0,0.0,0.0,0.0,0.649889,0.0,0.0,0.0,0.0,0.0,0.0,0.0,0.0,0.0,0.0,0.0,0.0,0.0,0.0,0.0,0.0,0.0,0.0,0.0,0.0,0.0,0.0,0.691859,0.0,0.0,0.0,0.0,0.0,0.0,0.0,0.0,0.0,0.0,0.0,0.0,0.0,0.0,0.0,0.0,0.0,0.0,0.0,0.0,0.614733,0.614733,0.0,0.0,0.0,0.0,0.0,0.0,0.0,0.0,0.0,0.0,0.0,0.0,0.0,0.0,0.0,0.0,0.0,0.0,0.0,0.0,0.0,0.0,0.0,0.0,0.0,0.0,0.0,0.0,0.0,0.0,0.743176,0.0,0.0,0.0,0.0,0.0,0.0,0.0,0.0,0.0,0.0,0.0,0.0,0.0,0.0,0.0,0.0,0.0,0.0,0.0,0.0,0.0,0.0,0.0,0.0,0.0,0.0,0.743176,0.0,0.0,0.0,0.0,0.773522,0.0,0.0,0.0,0.0,0.0,0.0,0.0,0.0,0.0,0.0,0.0,0.0,0.0,0.0,0.0,0.0,0.0,0.0,0.0,0.0,0.691859,0.0,0.0,0.0,0.0,0.0,0.0,0.558727,0.0,0.0,0.0,0.0,0.0,0.0,0.0,0.0,0.0,0.0,0.0,0.0,0.0,0.0,0.0,0.0,0.0,0.0,0.0,0.0,0.0,0.0,0.0,0.0,0.0,0.0,0.0,0.0,0.0,0.0,0.0,0.0,0.0,0.0,0.0,0.0,0.0,0.0,0.0,0.0,0.0,0.0,0.0,0.0,0.0,0.0,0.0,0.0,0.0,0.0,0.0,0.0,0.0,0.0,0.0,0.0,0.0,0.0,0.0,0.0,0.0,0.0,0.0,0.0,0.0,0.0,0.0,0.0,0.0,0.0,0.0,0.0,0.0,0.0,0.0,0.0,0.0,0.0,0.0,0.0,0.0,0.0,0.0,0.0,0.0,0.0,0.0,0.0,0.0,0.0,0.0,0.0,0.0,0.0,0.0,0.0,0.0,0.0,0.0,0.0,0.0,0.0,0.0,0.0,0.0,0.0,0.0,0.0,0.0,0.0,0.0,0.0,0.0,0.0,0.584728,0.0,0.0,0.0,0.0,0.0,0.0,0.0,0.0,0.0,0.0,0.0,0.0,0.0,1.0,0.0,0.0,0.0,0.0,0.0,0.0,0.0,0.0,0.0,0.0,0.0
sedu_ama5_2025t3-D111_M-03,0.0,0.0,0.0,0.0,0.0,0.0,0.0,0.0,0.0,0.0,0.0,0.0,0.0,0.727607,0.0,0.0,0.0,0.0,0.0,0.0,0.0,0.0,0.415036,0.648203,0.350769,0.0,0.0,0.0,0.0,0.0,0.0,0.363936,0.0,0.0,0.0,0.45017,0.325514,0.0,0.0,0.0,0.0,0.0,0.0,0.0,0.0,0.0,0.0,0.0,0.0,0.0,0.0,0.0,0.0,0.0,0.0,0.0,0.0,0.425818,0.425818,0.0,0.398672,0.0,0.0,0.0,0.0,1.0,0.0,0.0,0.0,0.0,0.0,0.0,0.0,0.0,0.0,0.404116,0.0,0.0,0.0,0.502375,0.0,0.0,0.0,0.0,0.0,0.0,0.0,0.0,0.242624,0.0,0.0,0.0,0.0,0.281904,0.0,0.0,0.0,0.0,0.0,0.0,0.0,0.0,0.0,0.0,0.0,0.0,0.0,0.0,0.0,0.0,0.0,0.0,0.0,0.0,0.0,0.0,0.0,0.349659,0.0,0.0,0.0,0.0,0.0,0.0,0.0,0.0,0.0,0.0,0.0,0.0,0.0,0.0,0.0,0.0,0.0,0.0,0.0,0.534595,0.436495,0.0,0.0,0.0,0.449082,0.434822,0.0,0.0,0.0,0.0,0.0,0.0,0.0,0.0,0.0,0.476504,0.0,0.0,0.0,0.0,0.315287,0.0,0.0,0.0,0.0,0.0,0.0,0.0,0.0,0.0,0.0,0.0,0.0,0.0,0.0,0.0,0.0,0.0,0.0,0.0,0.0,0.0,0.281904,0.436495,0.0,0.0,0.0,0.0,0.0,0.0,0.0,0.0,0.0,0.0,0.0,0.0,0.0,0.0,0.0,0.0,0.0,0.0,0.0,0.0,0.0,0.0,0.0,0.0,0.0,0.0,0.0,0.0,0.0,0.380119,0.0,0.0,0.349659,0.0,0.0,0.0,0.0,0.0,0.0,0.0,0.0,0.0,0.0,0.0,0.0,0.0,0.0,0.0,0.0,0.0,0.0,0.0,0.0,0.0,0.0,0.0,0.0,0.0,0.445729,0.0,0.0,0.0,0.490825,0.0,0.0,0.0,0.0,0.0,0.0,0.0,0.378016,0.0,0.0,0.0,0.0,0.0,0.0,0.0,0.0,0.0,0.0,0.0,0.0,0.0,0.0,0.0,0.0,0.0,0.0,0.0,0.0,0.0,0.0,0.0,0.0,0.0,0.0,0.0,0.0,0.0,0.0,0.0,0.0,0.0,0.0,0.0,0.0,0.0
sedu_ama5_2025t3-D111_M-04,0.0,0.0,0.0,0.0,0.0,0.0,0.0,0.0,0.0,0.0,0.0,0.0,0.0,0.840168,0.0,0.0,0.0,0.0,0.0,0.0,0.0,0.0,0.0,0.0,0.0,0.0,0.0,0.0,0.0,0.0,0.0,0.0,0.0,0.0,0.0,0.0,0.894427,0.0,0.0,0.0,0.0,0.0,0.0,0.0,0.0,0.0,0.0,0.0,0.0,0.0,0.0,0.0,0.0,0.0,0.0,0.0,0.0,0.794719,0.794719,0.0,0.0,0.0,0.0,0.0,0.0,0.0,0.0,0.0,0.0,0.0,0.0,0.832674,0.0,0.0,0.0,0.0,0.0,0.0,0.0,0.0,0.0,0.0,0.0,0.0,0.0,0.0,0.0,0.0,0.0,0.960769,0.0,0.0,0.0,0.0,0.0,0.0,0.0,0.0,0.0,0.0,0.0,0.0,0.0,0.0,0.0,0.0,0.0,0.0,0.0,0.926514,0.0,0.0,0.0,0.0,0.0,0.0,0.960769,0.0,0.0,0.0,0.0,1.0,0.0,0.0,0.0,0.0,0.0,0.0,0.0,0.0,0.0,0.0,0.0,0.0,0.0,0.0,0.0,0.0,0.0,0.0,0.0,0.0,0.894427,0.0,0.0,0.0,0.0,0.0,0.0,0.722315,0.0,0.0,0.0,0.0,0.0,0.0,0.0,0.0,0.0,0.0,0.0,0.0,0.0,0.0,0.0,0.0,0.0,0.0,0.0,0.0,0.0,0.0,0.0,0.0,0.0,0.0,0.0,0.0,0.0,0.0,0.0,0.0,0.0,0.0,0.0,0.0,0.0,0.0,0.0,0.0,0.0,0.0,0.0,0.0,0.0,0.0,0.0,0.0,0.0,0.0,0.0,0.0,0.0,0.0,0.0,0.0,0.0,0.0,0.0,0.0,0.0,0.0,0.0,0.0,0.0,0.0,0.0,0.0,0.0,0.0,0.0,0.0,0.0,0.0,0.0,0.0,0.0,0.0,0.0,0.0,0.0,0.0,0.0,0.0,0.0,0.0,0.0,0.0,0.0,0.0,0.0,0.0,0.0,0.0,0.0,0.0,0.0,0.0,0.0,0.0,0.0,0.0,0.0,0.0,0.0,0.0,0.0,0.0,0.0,0.0,0.0,0.0,0.0,0.0,0.755929,0.0,0.0,0.0,0.0,0.0,0.0,0.0,0.0,0.0,0.0,0.0,0.0,0.0,0.0,0.0,0.0,0.0,0.0,0.0,0.0,0.0,0.0,0.0,0.0,0.0
sedu_ama5_2025t3-D111_M-05,0.0,0.0,0.0,0.0,0.0,0.0,0.0,0.0,0.0,0.826147,0.0,0.0,0.755929,0.0,0.0,0.0,0.0,0.0,0.0,0.0,0.0,0.0,0.0,0.0,0.0,0.0,0.0,0.0,0.0,0.0,0.0,0.0,0.0,0.0,0.0,0.685994,0.0,0.0,0.0,0.0,0.0,0.0,0.0,0.0,0.0,0.0,0.0,0.0,0.0,0.0,0.0,0.0,0.0,0.0,0.0,0.0,0.0,0.648886,0.648886,0.0,0.0,0.0,0.0,0.0,0.0,0.0,0.0,0.0,0.0,0.0,0.0,0.0,0.0,0.0,0.0,0.0,0.0,0.0,0.0,0.0,0.0,0.0,0.0,0.0,0.0,0.0,0.0,0.0,0.0,0.0,0.0,0.0,0.0,0.0,0.0,0.0,0.0,0.0,0.0,0.0,0.0,0.0,0.0,0.0,0.0,0.0,0.0,0.0,0.0,0.0,0.0,0.0,0.0,0.0,0.0,0.0,0.784465,0.0,0.0,0.0,0.0,0.0,0.0,0.0,0.0,0.0,0.0,0.0,0.0,0.0,0.0,0.0,0.0,0.0,0.0,0.0,0.0,0.0,0.0,0.0,0.0,0.0,0.0,0.0,0.0,0.0,0.0,0.0,0.0,0.0,0.0,0.0,0.0,0.0,0.0,0.0,0.0,0.0,0.0,0.0,0.0,0.0,0.0,0.0,0.0,0.0,0.0,0.0,0.0,0.0,0.0,0.0,0.0,0.0,0.0,0.0,0.0,0.0,0.0,0.0,0.0,0.0,0.0,0.0,0.0,0.0,0.0,0.0,0.0,0.0,0.0,0.0,0.0,0.0,0.0,0.0,0.0,0.0,0.0,0.0,0.0,0.0,0.0,0.0,0.0,0.0,0.0,0.0,0.0,0.0,0.0,0.0,0.0,0.0,0.0,0.0,0.0,0.0,0.0,0.0,0.0,0.0,0.0,0.0,0.0,0.0,0.0,0.0,0.0,0.0,0.0,0.0,0.0,0.0,0.0,0.0,0.0,0.0,0.0,0.0,0.0,0.0,1.0,0.0,0.0,0.0,0.0,0.0,0.0,0.0,0.0,0.0,0.0,0.0,0.0,0.0,0.0,0.0,0.0,0.0,0.0,0.0,0.0,0.0,0.0,0.0,0.0,0.0,0.0,0.0,0.0,0.0,0.0,0.0,0.0,0.0,0.0,0.0,0.0,0.0,0.0,0.0,0.755929,0.929798,0.0,0.0,0.0,0.852803,0.929798,0.0
sedu_ama5_2025t3-D111_M-06,0.0,0.0,0.610927,0.0,0.0,0.0,0.0,0.0,0.310515,0.82717,0.0,0.0,0.310515,0.281788,0.0,0.0,0.0,0.0,0.0,0.0,0.0,0.0,0.0,0.0,0.461818,0.0,0.0,0.0,0.0,0.0,0.0,0.0,0.335395,0.0,0.0,0.281788,0.299986,0.0,0.0,0.0,0.0,0.0,0.0,0.0,0.0,0.0,0.0,0.0,0.0,0.0,0.0,0.0,0.0,0.0,0.0,0.0,0.0,0.764522,0.764522,0.273849,0.367407,0.0,0.0,0.0,0.0,0.387281,0.0,0.0,0.0,0.0,0.0,0.0,0.0,0.0,0.0,0.0,0.0,0.0,0.0,0.0,0.0,0.0,0.0,0.0,0.0,0.0,0.0,0.0,0.0,0.924262,0.410773,0.335395,0.0,0.259796,0.0,0.0,0.0,0.0,0.0,0.0,0.0,0.0,0.0,0.0,0.0,0.0,0.0,0.0,0.0,0.0,0.0,0.0,0.0,0.0,0.0,0.0,0.924262,0.322237,1.0,0.0,0.350309,0.0,0.0,0.0,0.0,0.0,0.0,0.0,0.0,0.0,0.0,0.0,0.0,0.0,0.0,0.0,0.0,0.0,0.0,0.0,0.0,0.0,0.560455,0.0,0.0,0.0,0.367407,0.0,0.0,0.0,0.387281,0.0,0.0,0.0,0.63511,0.0,0.0,0.0,0.0,0.0,0.0,0.0,0.0,0.0,0.0,0.0,0.0,0.0,0.0,0.0,0.0,0.0,0.0,0.0,0.0,0.0,0.0,0.0,0.0,0.310515,0.259796,0.0,0.0,0.0,0.0,0.0,0.0,0.661043,0.0,0.0,0.310515,0.29046,0.0,0.0,0.0,0.0,0.0,0.0,0.0,0.0,0.0,0.0,0.0,0.0,0.0,0.0,0.350309,0.0,0.0,0.0,0.0,0.0,0.0,0.0,0.322237,0.310515,0.0,0.0,0.0,0.0,0.0,0.0,0.0,0.0,0.440695,0.0,0.0,0.0,0.0,0.0,0.0,0.0,0.0,0.0,0.0,0.0,0.0,0.0,0.63511,0.242261,0.410773,0.0,0.0,0.0,0.0,0.0,0.0,0.0,0.0,0.0,0.0,0.266545,0.0,0.0,0.0,0.0,0.0,0.0,0.0,0.0,0.0,0.0,0.0,0.0,0.0,0.0,0.0,0.0,0.0,0.0,0.0,0.0,0.0,0.0,0.0,0.0,0.0,0.0,0.0,0.0,0.0,0.0,0.310515,0.630963,0.0,0.0,0.0,0.0,0.630963,0.0
sedu_ama5_2025t3-D112_M-01,0.0,0.0,0.0,0.0,0.0,0.0,0.0,0.582908,0.241797,0.602208,0.0,0.0,0.333547,0.302689,0.0,0.0,0.0,0.0,0.0,0.0,0.0,0.233598,0.0,0.448723,0.0,0.0,0.0,0.0,0.673084,0.0,0.0,0.0,0.0,0.0,0.0,0.302689,0.322237,0.0,0.0,0.0,0.0,0.0,0.0,0.213245,0.202302,0.0,0.0,0.0,0.0,0.0,0.0,0.0,0.0,0.0,0.0,0.0,0.22618,0.286315,0.286315,0.294161,0.973011,0.0,0.0,0.0,0.0,0.0,0.0,0.0,0.0,0.0,0.250925,0.177431,0.207557,0.0,0.0,0.0,0.0,0.0,0.0,0.0,0.582908,0.0,0.22618,0.0,0.0,0.0,0.703014,0.0,0.526088,0.597063,0.441241,0.888233,0.0,0.408957,0.0,0.0,0.0,0.602025,0.0,0.197426,0.22618,0.0,0.219427,0.219427,0.286098,0.241797,0.22618,0.250925,0.22618,0.0,0.582908,0.0,0.0,0.0,0.219427,0.241797,0.597063,0.597063,0.507249,0.0,0.0,0.360272,0.0,0.0,0.180944,0.184676,0.207557,0.180944,0.0,0.219427,0.0,0.0,0.0,0.634701,0.0,0.233598,0.207557,0.0,0.0,0.0,0.0,0.0,0.0,0.22618,0.0,0.472223,0.578353,0.824221,0.0,0.0,0.416006,0.0,0.0,0.0,0.0,0.0,0.0,0.0,0.188648,0.22618,0.0,0.0,0.0,0.0,0.0,0.0,0.0,0.0,0.0,0.250925,0.22618,0.261171,0.261171,0.0,0.0,0.0,0.0,0.301574,0.538185,0.333547,0.481367,0.360272,0.376292,0.0,0.302689,0.0,0.0,0.0,0.0,0.0,0.488797,0.457228,0.0,0.0,0.0,0.0,0.0,0.286098,0.0,0.0,0.0,0.0,0.0,0.0,0.22618,0.319867,0.0,0.0,0.241797,0.0,0.74665,0.376292,0.312005,0.471707,0.346138,0.822344,0.0,0.0,0.0,0.0,0.0,0.0,0.0,0.0,0.0,0.207557,0.0,0.0,0.0,0.272784,0.0,0.0,0.250925,0.0,0.376292,0.0,0.0,0.0,0.0,0.486179,0.0,0.0,0.0,0.0,0.0,0.170976,0.0,0.241797,0.0,0.0,0.602025,0.0,0.0,0.0,0.0,0.0,0.0,0.0,0.250925,0.0,0.0,0.493872,0.0,0.0,0.0,0.0,0.0,0.0,0.0,0.0,0.0,0.0,0.522116,0.469766,0.241797,0.197426,0.0,0.333547,0.0,0.219427,0.207557,0.0,0.0,1.0,0.0,0.0,0.360272,0.0,0.677763,0.0
sedu_ama5_2025t3-D112_M-02,0.0,0.0,0.0,0.0,0.0,0.0,0.0,0.468972,0.194535,0.4845,0.0,0.0,0.268352,0.939336,0.0,0.0,0.0,0.0,0.0,0.0,0.0,0.187939,0.0,0.361015,0.0,0.0,0.0,0.0,0.541523,0.0,0.0,0.414091,0.0,0.0,0.0,0.243525,1.0,0.0,0.0,0.0,0.0,0.0,0.0,0.171564,0.16276,0.0,0.0,0.0,0.0,0.0,0.0,0.0,0.0,0.0,0.0,0.0,0.181971,0.230352,0.230352,0.574767,0.771131,0.0,0.0,0.0,0.0,0.478151,0.0,0.0,0.0,0.0,0.201879,0.14275,0.166988,0.0,0.0,0.0,0.0,0.0,0.0,0.0,0.468972,0.0,0.181971,0.0,0.0,0.0,0.565602,0.0,0.416142,0.48036,0.354996,0.289853,0.0,0.641506,0.0,0.0,0.0,0.484353,0.0,0.158837,0.181971,0.0,0.176538,0.176538,0.230177,0.194535,0.181971,0.201879,0.181971,0.0,0.468972,0.0,0.0,0.0,0.524443,0.577909,0.48036,0.878206,0.0,0.0,0.0,0.289853,0.0,0.0,0.145577,0.148579,0.166988,0.145577,0.0,0.176538,0.0,0.0,0.0,0.510642,0.0,0.187939,0.166988,0.0,0.0,0.0,0.0,0.432504,0.0,0.181971,0.0,0.0,0.0,0.219465,0.0,0.0,0.334693,0.0,0.0,0.542172,0.397845,0.0,0.0,0.0,0.151774,0.181971,0.0,0.0,0.0,0.0,0.0,0.0,0.0,0.0,0.0,0.201879,0.181971,0.210122,0.210122,0.0,0.0,0.0,0.0,0.242628,0.432991,0.268352,0.708032,0.289853,0.302741,0.0,0.243525,0.0,0.358613,0.414091,0.0,0.0,0.0,0.358613,0.0,0.0,0.0,0.0,0.0,0.230177,0.0,0.0,0.0,0.0,0.0,0.0,0.181971,0.257346,0.0,0.0,0.194535,0.0,0.0,0.735245,0.25102,0.379506,0.676327,0.268352,0.0,0.0,0.0,0.0,0.0,0.0,0.0,0.0,0.0,0.166988,0.0,0.0,0.0,0.219465,0.0,0.0,0.201879,0.0,0.302741,0.0,0.0,0.0,0.0,0.39115,0.507155,0.0,0.0,0.0,0.0,0.137557,0.0,0.194535,0.0,0.0,0.484353,0.0,0.0,0.0,0.0,0.0,0.0,0.0,0.201879,0.0,0.0,0.39734,0.0,0.0,0.0,0.0,0.0,0.0,0.0,0.0,0.0,0.0,0.420063,0.690969,0.194535,0.158837,0.0,0.268352,0.0,0.176538,0.166988,0.478151,0.0,0.804539,0.0,0.0,0.289853,0.0,0.545287,0.0
sedu_ama5_2025t3-D112_M-03,0.0,0.0,0.0,0.0,0.0,0.0,0.0,0.0,0.181401,0.155714,0.0,0.0,0.362802,0.766965,0.0,0.0,0.0,0.0,0.0,0.0,0.0,0.0,0.0,0.0,0.293721,0.0,0.0,0.0,0.0,0.0,0.0,0.279918,0.195936,0.0,0.0,0.329238,0.816497,0.0,0.0,0.0,0.0,0.0,0.0,0.0,0.0,0.0,0.0,0.0,0.0,0.0,0.0,0.0,0.0,0.0,0.0,0.0,0.0,0.311428,0.311428,0.516804,1.0,0.0,0.0,0.0,0.0,0.549468,0.0,0.0,0.0,0.0,0.0,0.0,0.0,0.0,0.0,0.0,0.0,0.0,0.0,0.0,0.0,0.0,0.0,0.0,0.0,0.0,0.0,0.0,0.186612,0.376497,0.479942,0.391871,0.0,0.368595,0.0,0.0,0.0,0.0,0.0,0.0,0.0,0.0,0.0,0.0,0.0,0.0,0.0,0.0,0.0,0.33916,0.0,0.0,0.0,0.0,0.0,0.0,0.376497,0.645434,0.188249,0.0,0.204648,0.195936,0.0,0.0,0.0,0.0,0.0,0.0,0.0,0.0,0.0,0.0,0.0,0.0,0.0,0.0,0.0,0.0,0.0,0.0,0.0,0.0,0.0,0.0,0.241082,0.0,0.214637,0.0,0.0,0.174137,0.452494,0.0,0.0,0.366499,0.0,0.0,0.0,0.0,0.0,0.0,0.0,0.0,0.0,0.0,0.0,0.0,0.0,0.0,0.0,0.0,0.0,0.0,0.0,0.0,0.0,0.0,0.0,0.0,0.169685,0.362802,0.520366,0.195936,0.204648,0.231624,0.367168,0.21563,0.208783,0.241082,0.0,0.0,0.404599,0.378468,0.0,0.0,0.0,0.0,0.0,0.0,0.0,0.0,0.0,0.0,0.0,0.0,0.0,0.0,0.204648,0.0,0.0,0.0,0.340941,0.497013,0.169685,0.25654,0.645434,0.586,0.0,0.0,0.0,0.0,0.0,0.0,0.0,0.0,0.160721,0.0,0.0,0.0,0.0,0.0,0.0,0.0,0.0,0.0,0.204648,0.31565,0.223198,0.21563,0.0,0.141527,0.582799,0.0,0.0,0.0,0.0,0.0,0.0,0.0,0.0,0.0,0.0,0.155714,0.0,0.0,0.0,0.0,0.0,0.0,0.0,0.0,0.0,0.155714,0.0,0.264092,0.0,0.0,0.0,0.0,0.0,0.0,0.0,0.0,0.164619,0.148113,0.0,0.0,0.0,0.181401,0.0,0.0,0.0,0.0,0.181401,0.17525,0.0,0.0,0.195936,0.0,0.0,0.0
sedu_ama5_2025t3-D112_M-04,0.121077,0.0,0.0,0.106432,0.150518,0.0,0.114527,0.124803,0.0,0.114527,0.0,0.0,0.0,0.0,0.0,0.0,0.0,0.0,0.0,0.0,0.0,0.0,0.111627,0.096073,0.094342,0.150518,0.0,0.157865,0.0,0.0,0.14411,0.0,0.14411,0.0,0.587392,0.0,0.0,0.0,0.0,0.0,0.0,0.0,0.0,0.0,0.0,0.535321,0.718208,0.0,0.121077,0.157865,0.0,0.0,0.117665,0.13342,0.111627,0.138456,0.0,0.0,0.406516,0.0,0.390413,0.0,0.0,0.0,0.0,0.0,0.0,0.0,0.0,0.0,0.0,0.0,0.0,0.124803,0.572366,0.13342,0.150518,0.203802,0.0,0.0,0.124803,0.157865,0.124803,0.166404,0.111627,0.0,0.732174,0.157865,0.237597,0.0,1.0,0.356396,0.0,0.276063,0.0,0.0,0.0,0.0,0.0,0.0,0.0,0.117665,0.121077,0.121077,0.157865,0.13342,0.0,0.138456,0.124803,0.108937,0.124803,0.0,0.0,0.0,0.0,0.0,0.0,0.29301,0.635425,0.0,0.0,0.0,0.0,0.0,0.0,0.0,0.114527,0.099842,0.114527,0.121077,0.124803,0.157865,0.114527,0.097903,0.13342,0.128896,0.521043,0.176498,0.0,0.124803,0.0,0.150518,0.128896,0.388919,0.449085,0.720444,0.390413,0.372244,0.0,0.0,0.352155,0.4313,0.399306,0.0,0.0,0.099842,0.0,0.0,0.0,0.0,0.14411,0.0,0.13342,0.157865,0.0,0.0,0.0,0.0,0.0,0.138456,0.124803,0.14411,0.0,0.0,0.0,0.0,0.0,0.0,0.124803,0.13342,0.0,0.0,0.318536,0.29301,0.25623,0.272778,0.264116,0.0,0.0,0.0,0.329959,0.308648,0.176498,0.0,0.0,0.0,0.0,0.157865,0.0,0.0,0.0,0.0,0.0,0.0,0.0,0.0,0.150518,0.157865,0.0,0.0,0.50402,0.318536,0.264116,0.0,0.0,0.329959,0.0,0.0,0.0,0.0,0.0,0.0,0.0,0.0,0.096073,0.114527,0.176498,0.223254,0.0,0.0,0.0,0.0,0.0,0.352155,0.318536,0.0,0.0,0.0,0.0,0.0,0.0,0.0,0.626483,0.0,0.0,0.0,0.0,0.0,0.0,0.0,0.128896,0.0,0.0,0.0,0.0,0.0,0.0,0.0,0.0,0.0,0.0,0.0,0.0,0.0,0.0,0.0,0.0,0.0,0.0,0.0,0.0,0.0,0.0,0.0,0.0,0.0,0.0,0.0,0.0,0.121077,0.114527,0.0,0.0,0.0,0.0,0.0,0.0,0.318536,0.0,0.0
sedu_ama5_2025t3-D112_M-05,0.0,0.0,0.0,0.0,0.0,0.0,0.0,0.0,0.477979,0.237862,0.0,0.0,0.554202,0.50293,0.0,0.0,0.0,0.0,0.0,0.0,0.0,0.194066,0.0,0.0,0.0,0.0,0.0,0.0,0.0,0.0,0.0,0.0,0.299303,0.0,0.0,0.50293,0.53541,0.0,0.0,0.0,0.0,0.0,0.0,0.177158,0.168066,0.0,0.0,0.0,0.0,0.0,0.0,0.0,0.0,0.0,0.0,0.0,0.187904,0.475724,0.475724,0.48876,0.65574,0.0,0.0,0.0,0.0,0.345606,0.0,0.0,0.0,0.0,0.208461,0.147404,0.172433,0.0,0.0,0.0,0.0,0.0,0.0,0.0,0.0,0.0,0.187904,0.0,0.0,0.0,0.0,0.0,0.144649,0.783583,0.73314,0.598606,0.0,0.231839,0.0,0.0,0.0,0.0,0.0,0.164016,0.187904,0.0,0.182294,0.182294,0.237682,0.200878,0.187904,0.208461,0.187904,0.0,0.0,0.0,0.0,0.0,0.182294,0.200878,0.783583,0.783583,0.287561,0.0,0.312612,0.299303,0.0,0.0,0.150323,0.153423,0.172433,0.150323,0.0,0.182294,0.0,0.0,0.0,0.147404,0.0,0.194066,0.172433,0.0,0.0,0.0,0.0,0.0,0.0,0.187904,0.0,0.0,0.32787,0.226621,0.0,0.0,0.691211,0.0,0.0,0.0,0.0,0.0,0.0,0.0,0.156723,0.187904,0.0,0.0,0.0,0.0,0.0,0.0,0.0,0.0,0.0,0.208461,0.187904,0.216973,0.216973,0.0,0.0,0.0,0.0,0.250539,0.447108,0.554202,0.631745,0.299303,0.312612,0.0,0.251465,0.0,0.0,0.0,0.0,0.0,0.277101,0.259204,0.0,0.0,0.0,0.0,0.0,0.237682,0.0,0.0,0.0,0.0,0.0,0.0,0.187904,0.265736,0.312612,0.0,0.200878,0.0,0.0,0.312612,0.259204,0.39188,0.575122,0.554202,0.0,0.0,0.0,0.0,0.0,0.0,0.0,0.0,0.0,0.172433,0.0,0.0,0.0,0.226621,0.0,0.0,0.208461,0.0,0.312612,0.0,0.0,0.0,0.0,0.216191,0.36657,0.0,0.0,0.0,0.0,0.142042,0.0,0.200878,0.0,0.0,0.0,0.237862,0.0,0.0,0.0,0.0,0.0,0.0,0.208461,0.0,0.0,0.410295,0.0,0.0,0.0,0.0,0.0,0.0,0.0,0.0,0.0,0.0,0.433759,0.390268,0.200878,0.164016,0.0,0.277101,0.0,0.182294,0.172433,0.0,1.0,0.267705,0.0,0.0,0.299303,0.0,0.0,0.0
sedu_ama5_2025t3-D112_M-06,0.0,0.0,0.0,0.0,0.0,0.0,0.0,0.0,0.311258,0.267182,0.0,0.0,0.311258,0.685994,0.0,0.0,0.0,0.0,0.0,0.0,0.0,0.0,0.0,0.0,0.0,0.0,0.0,0.0,0.0,0.0,0.0,0.480299,0.336197,0.0,0.0,0.282462,0.730297,0.0,0.0,0.0,0.0,0.0,0.0,0.0,0.0,0.0,0.0,0.0,0.0,0.0,0.0,0.0,0.0,0.0,0.0,0.0,0.0,0.829149,0.267182,0.274504,0.894427,0.0,0.0,0.0,0.0,0.942809,0.0,0.0,0.0,0.0,0.0,0.0,0.0,0.0,0.628577,0.0,0.0,0.0,0.0,0.0,0.0,0.0,0.0,0.0,0.0,0.0,0.804079,0.0,0.3202,0.323008,0.411756,0.336197,0.0,0.632456,0.0,0.0,0.0,0.0,0.0,0.0,0.0,0.0,0.0,0.0,0.0,0.0,0.0,0.0,0.0,0.0,0.0,0.561069,0.0,0.0,0.0,0.0,0.323008,0.784465,0.323008,0.0,0.351147,0.0,0.0,0.0,0.0,0.0,0.0,0.0,0.0,0.0,0.0,0.0,0.0,0.480397,0.0,0.0,0.0,0.0,0.0,0.465213,0.0,0.0,0.0,0.0,0.0,0.0,0.368286,0.0,0.0,0.0,0.388207,0.0,0.0,0.628859,0.0,0.0,0.0,0.0,0.0,0.0,0.877069,0.0,0.0,0.0,0.0,0.0,0.0,0.0,0.0,0.0,0.0,0.0,0.0,0.497334,0.0,0.0,0.0,0.0,0.0,0.311258,0.632456,0.0,0.0,0.0,0.0,0.0,0.0,0.0,0.0,0.0,0.311258,0.291155,0.0,0.0,0.0,0.0,0.0,0.0,0.0,0.0,0.0,0.0,0.0,0.0,0.0,0.0,0.351147,0.0,0.0,0.0,0.0,0.501656,0.0,0.0,0.784465,0.311258,0.0,0.0,0.0,0.0,0.0,0.0,0.0,0.0,0.0,0.0,0.0,0.0,0.0,0.0,0.0,0.0,0.0,0.0,0.0,0.0,0.0,0.0,0.0,0.24284,1.0,0.0,0.0,0.0,0.0,0.0,0.0,0.0,0.0,0.0,0.0,0.267182,0.0,0.0,0.0,0.4161,0.561069,0.0,0.0,0.657911,0.561069,0.0,0.0,0.0,0.0,0.0,0.0,0.0,0.0,0.0,0.0,0.0,0.0,0.0,0.0,0.534537,0.620285,0.0,0.0,0.0,0.0,0.620285,0.311258,0.0,0.0,0.0,0.0,0.0,0.0,0.0
sedu_ama5_2025t3-D113_M-01,0.0,0.0,0.0,0.0,0.0,0.0,0.0,0.0,0.317042,0.157773,0.0,0.0,0.1838,0.405085,0.0,0.0,0.0,0.0,0.0,0.0,0.0,0.128724,0.0,0.0,0.0,0.0,0.0,0.0,0.0,0.0,0.0,0.28362,0.198527,0.0,0.0,0.166796,0.431245,0.0,0.0,0.0,0.0,0.0,0.0,0.117508,0.111478,0.0,0.0,0.0,0.0,0.0,0.0,0.0,0.0,0.0,0.0,0.0,0.124636,0.157773,0.157773,0.162097,0.846865,0.0,0.0,0.0,0.0,0.556736,0.0,0.0,0.0,0.0,0.138271,0.097773,0.114374,0.0,0.0,0.0,0.387394,0.0,0.0,0.0,0.36162,0.0,0.124636,0.0,0.0,0.0,0.0,0.0,0.47898,0.32901,0.243145,0.489459,0.0,1.0,0.0,0.0,0.0,0.0,0.0,0.108791,0.124636,0.0,0.120915,0.120915,0.157654,0.133242,0.124636,0.138271,0.124636,0.0,0.0,0.0,0.30284,0.0,0.120915,0.133242,0.32901,0.601503,0.826607,0.0,0.207355,0.0,0.0,0.0,0.099709,0.101765,0.114374,0.099709,0.0,0.120915,0.0,0.0,0.0,0.097773,0.0,0.128724,0.114374,0.0,0.0,0.0,0.0,0.0,0.0,0.124636,0.0,0.260217,0.942477,0.454185,0.0,0.0,0.229239,0.0,0.0,0.371346,0.356351,0.0,0.0,0.0,0.103954,0.124636,0.0,0.0,0.0,0.0,0.0,0.0,0.0,0.0,0.0,0.138271,0.124636,0.143917,0.143917,0.0,0.0,0.0,0.0,0.166182,0.124636,0.1838,0.484948,0.0,0.0,0.0,0.0,0.0,0.0,0.0,0.0,0.0,0.453151,0.423884,0.0,0.0,0.0,0.0,0.0,0.157654,0.0,0.0,0.0,0.0,0.0,0.0,0.124636,0.176262,0.207355,0.0,0.133242,0.0,0.41144,0.296232,0.0,0.0,0.463232,0.453151,0.0,0.0,0.0,0.0,0.0,0.0,0.0,0.0,0.0,0.114374,0.0,0.0,0.0,0.150317,0.0,0.0,0.138271,0.0,0.0,0.0,0.0,0.0,0.0,0.143399,0.590507,0.0,0.0,0.0,0.0,0.094216,0.0,0.133242,0.0,0.0,0.0,0.157773,0.0,0.0,0.0,0.0,0.0,0.0,0.138271,0.0,0.0,0.114374,0.0,0.0,0.0,0.0,0.0,0.0,0.0,0.0,0.0,0.0,0.120915,0.108791,0.51983,0.424439,0.0,0.0,0.0,0.120915,0.114374,0.0,0.1838,0.0,0.0,0.0,0.0,0.0,0.0,0.0
sedu_ama5_2025t3-D113_M-02,0.0,0.0,0.0,0.0,0.0,0.0,0.0,0.0,0.177728,0.152561,0.0,0.0,0.177728,0.391702,0.0,0.0,0.0,0.0,0.0,0.0,0.0,0.0,0.0,0.0,0.0,0.0,0.0,0.0,0.0,0.0,0.0,0.274251,0.191968,0.0,0.373817,0.161286,0.416999,0.0,0.0,0.0,0.0,0.0,0.0,0.0,0.0,0.0,0.0,0.0,0.0,0.0,0.0,0.0,0.0,0.0,0.0,0.0,0.0,0.152561,0.152561,0.565648,0.818889,0.0,0.0,0.0,0.0,0.538343,0.0,0.0,0.0,0.0,0.0,0.0,0.0,0.0,0.0,0.0,0.0,0.0,0.0,0.0,0.0,0.0,0.0,0.0,0.0,0.0,0.0,0.0,0.370381,0.184437,0.235112,0.473289,0.0,0.966964,0.0,0.0,0.0,0.0,0.0,0.0,0.0,0.0,0.0,0.0,0.0,0.0,0.0,0.0,0.0,0.0,0.0,0.0,0.0,0.0,0.0,0.0,0.184437,0.447929,0.877058,0.0,0.200504,0.0,0.0,0.0,0.0,0.0,0.0,0.0,0.0,0.0,0.0,0.0,0.0,0.0,0.0,0.0,0.0,0.0,0.0,0.0,0.0,0.0,0.0,0.0,0.0,0.251621,1.0,0.29383,0.0,0.0,0.221666,0.0,0.0,0.359078,0.0,0.0,0.0,0.0,0.0,0.0,0.0,0.0,0.0,0.0,0.0,0.0,0.0,0.0,0.0,0.0,0.0,0.0,0.0,0.0,0.0,0.0,0.0,0.0,0.0,0.177728,0.361132,0.0,0.0,0.0,0.0,0.0,0.0,0.0,0.0,0.0,0.43818,0.40988,0.0,0.0,0.0,0.0,0.0,0.0,0.0,0.0,0.0,0.0,0.0,0.0,0.0,0.0,0.200504,0.0,0.0,0.0,0.397847,0.286445,0.0,0.0,0.447929,0.43818,0.0,0.0,0.0,0.0,0.0,0.0,0.0,0.0,0.269179,0.320883,0.0,0.0,0.0,0.0,0.0,0.0,0.0,0.0,0.0,0.0,0.0,0.0,0.0,0.138662,0.570999,0.0,0.0,0.0,0.0,0.0,0.0,0.0,0.0,0.0,0.0,0.152561,0.0,0.0,0.0,0.0,0.0,0.0,0.0,0.0,0.0,0.0,0.0,0.0,0.0,0.0,0.0,0.0,0.0,0.0,0.0,0.0,0.0,0.0,0.0,0.0,0.0,0.0,0.0,0.0,0.0,0.0,0.177728,0.0,0.0,0.0,0.0,0.0,0.0,0.0
sedu_ama5_2025t3-D113_M-03,0.0,0.0,0.0,0.0,0.0,0.0,0.0,0.0,0.173185,0.148661,0.0,0.0,0.173185,0.157163,0.0,0.0,0.0,0.0,0.0,0.0,0.0,0.0,0.239371,0.206018,0.202306,0.0,0.0,0.0,0.0,0.0,0.0,0.0,0.187061,0.0,0.0,0.157163,0.167313,0.205864,0.0,0.0,0.0,0.0,0.0,0.0,0.0,0.0,0.0,0.0,0.0,0.0,0.0,0.0,0.0,0.0,0.0,0.0,0.0,0.148661,0.148661,0.152735,0.505208,0.0,0.0,0.0,0.0,0.216,0.0,0.0,0.286104,0.0,0.0,0.0,0.0,0.0,0.0,0.0,0.36502,0.0,0.0,0.0,0.0,0.0,0.0,0.0,0.0,0.0,0.0,0.0,0.182753,0.179722,0.510993,0.46119,0.0,0.735242,0.0,0.0,0.0,0.0,0.0,0.0,0.0,0.0,0.0,0.0,0.0,0.0,0.0,0.0,0.0,0.0,0.0,0.0,0.537669,0.0,0.0,0.0,0.179722,0.400856,1.0,0.0,0.435776,0.0,0.0,0.0,0.0,0.0,0.0,0.2141,0.0,0.0,0.422624,0.0,0.0,0.0,0.0,0.0,0.0,0.0,0.0,0.0,0.0,0.240397,0.205864,0.199327,0.230163,0.451052,0.888045,0.286318,0.0,0.0,0.216,0.0,0.0,0.0,0.33577,0.0,0.0,0.0,0.0,0.0,0.0,0.0,0.0,0.0,0.0,0.0,0.0,0.0,0.0,0.0,0.0,0.0,0.0,0.0,0.0,0.0,0.0,0.0,0.199327,0.386274,0.144897,0.0,0.0,0.0,0.0,0.0,0.199327,0.230163,0.0,0.0,0.426979,0.399402,0.0,0.0,0.296904,0.0,0.0,0.0,0.0,0.0,0.0,0.0,0.404612,0.0,0.0,0.0,0.195379,0.0,0.0,0.0,0.387677,0.240397,0.199327,0.0,0.179722,0.426979,0.0,0.0,0.0,0.0,0.0,0.0,0.0,0.0,0.153442,0.0,0.0,0.0,0.0,0.0,0.0,0.0,0.0,0.0,0.0,0.0,0.0,0.0,0.221133,0.135117,0.229102,0.0,0.0,0.0,0.0,0.0,0.0,0.0,0.0,0.0,0.0,0.148661,0.0,0.0,0.0,0.0,0.0,0.0,0.0,0.0,0.0,0.0,0.0,0.0,0.0,0.0,0.0,0.0,0.0,0.0,0.0,0.0,0.0,0.0,0.0,0.0,0.0,0.0,0.0,0.0,0.0,0.0,0.173185,0.205864,0.221133,0.0,0.0,0.0,0.0,0.0
sedu_ama5_2025t3-D113_M-04,0.0,0.0,0.0,0.0,0.0,0.0,0.0,0.0,0.292637,0.145628,0.0,0.0,0.169652,0.457396,0.0,0.0,0.0,0.0,0.0,0.0,0.0,0.118815,0.0,0.0,0.0,0.0,0.0,0.0,0.0,0.0,0.0,0.0,0.183245,0.0,0.0,0.153957,0.163899,0.0,0.0,0.0,0.0,0.0,0.0,0.108463,0.102897,0.0,0.0,0.0,0.0,0.0,0.0,0.0,0.0,0.0,0.0,0.0,0.115042,0.145628,0.145628,0.149619,0.494902,0.0,0.0,0.0,0.0,0.211593,0.0,0.0,0.0,0.0,0.127628,0.090246,0.10557,0.0,0.0,0.0,0.0,0.0,0.0,0.0,0.0,0.0,0.115042,0.0,0.0,0.0,0.0,0.0,0.267584,0.303684,0.224428,0.451782,0.0,1.0,0.0,0.0,0.0,0.0,0.0,0.100417,0.115042,0.0,0.111607,0.111607,0.145518,0.122985,0.115042,0.127628,0.115042,0.0,0.0,0.0,0.0,0.0,0.111607,0.122985,0.303684,0.303684,0.837203,0.0,0.191393,0.0,0.0,0.0,0.092034,0.093931,0.10557,0.092034,0.0,0.111607,0.0,0.0,0.0,0.090246,0.0,0.118815,0.10557,0.0,0.0,0.0,0.0,0.0,0.0,0.115042,0.0,0.240186,0.954558,0.419223,0.0,0.0,0.211593,0.0,0.0,0.0,0.0,0.0,0.0,0.0,0.095952,0.115042,0.0,0.0,0.0,0.0,0.0,0.0,0.0,0.0,0.0,0.127628,0.115042,0.132839,0.610887,0.0,0.0,0.0,0.0,0.153389,0.115042,0.169652,0.244838,0.0,0.0,0.0,0.0,0.0,0.0,0.0,0.0,0.0,0.418268,0.391254,0.0,0.0,0.0,0.0,0.0,0.145518,0.0,0.0,0.0,0.0,0.0,0.0,0.115042,0.162694,0.191393,0.0,0.122985,0.0,0.379768,0.0,0.0,0.0,0.176056,0.418268,0.0,0.417037,0.0,0.0,0.0,0.0,0.0,0.0,0.0,0.10557,0.0,0.0,0.0,0.138746,0.0,0.0,0.127628,0.0,0.0,0.0,0.0,0.0,0.0,0.132361,0.224428,0.0,0.0,0.0,0.0,0.086964,0.0,0.122985,0.0,0.0,0.0,0.145628,0.0,0.0,0.0,0.0,0.0,0.0,0.127628,0.0,0.0,0.10557,0.0,0.0,0.273015,0.0,0.0,0.0,0.0,0.0,0.0,0.0,0.111607,0.100417,0.122985,0.100417,0.0,0.0,0.0,0.111607,0.10557,0.0,0.169652,0.0,0.0,0.0,0.0,0.0,0.0,0.0
sedu_ama5_2025t3-D113_M-05,0.0,0.0,0.0,0.0,0.0,0.0,0.0,0.0,0.232284,0.116614,0.0,0.0,0.135851,0.451098,0.078737,0.096433,0.104159,0.100073,0.0,0.0,0.0,0.0,0.0,0.0,0.0,0.0,0.0,0.0,0.0,0.0,0.0,0.209631,0.146736,0.0,0.285737,0.123283,0.48023,0.29075,0.096433,0.082777,0.093163,0.0,0.0,0.0,0.0,0.0,0.0,0.0,0.0,0.0,0.0,0.093163,0.085046,0.0,0.239065,0.0,0.0,0.116614,0.116614,0.447597,0.823718,0.161363,0.120273,0.096433,0.080681,0.411497,0.082777,0.096433,0.0,0.0,0.0,0.0,0.0,0.0,0.274348,0.0,0.286333,0.0,0.090205,0.078737,0.0,0.114101,0.0,0.0,0.0,0.0,0.350947,0.0,0.283111,0.14098,0.405079,0.361771,0.085046,0.819807,0.078737,0.070762,0.082777,0.300533,0.0,0.0,0.0,0.0,0.0,0.0,0.0,0.0,0.0,0.0,0.0,0.0,0.0,0.0,0.223837,0.0,0.0,0.0,0.14098,0.73142,1.0,0.093163,0.153261,0.0,0.0,0.0,0.0,0.0,0.0,0.0,0.0,0.0,0.0,0.0,0.0,0.0,0.0,0.0,0.304222,0.0,0.0,0.0,0.0,0.0,0.0,0.440875,0.689625,0.647667,0.696609,0.224597,0.0,0.205647,0.502185,0.407532,0.377301,0.274471,0.575704,0.0,0.0,0.219968,0.276506,0.0,0.0,0.0,0.0,0.0,0.0,0.0,0.0,0.0,0.0,0.0,0.0,0.0,0.0,0.0,0.0,0.0,0.0,0.0,0.0,0.135851,0.276041,0.0,0.192192,0.66257,0.393799,0.616819,0.405919,0.284706,0.108791,0.104159,0.502089,0.559865,0.127569,0.0,0.0,0.0,0.0,0.0,0.0,0.0,0.0,0.0,0.0,0.0,0.0,0.0,0.475616,0.338089,0.0,0.0,0.559437,0.411144,0.249561,0.0,0.342387,0.598521,0.108791,0.120273,0.0,0.0,0.0,0.087511,0.0,0.075236,0.395558,0.245275,0.0,0.0,0.0,0.0,0.0,0.0,0.0,0.212476,0.192192,0.236391,0.167153,0.161486,0.100073,0.181226,0.436459,0.082777,0.127569,0.0,0.28272,0.068188,0.073652,0.0,0.0,0.080681,0.0,0.116614,0.0,0.0,0.073652,0.0,0.0,0.0,0.0,0.0,0.0,0.0,0.087511,0.197779,0.0,0.0,0.0,0.0,0.096433,0.0,0.0,0.096433,0.0,0.0,0.0,0.0,0.0,0.0,0.0,0.0,0.0,0.0,0.232284,0.0,0.212243,0.0,0.0,0.192192,0.0,0.0
sedu_ama5_2025t3-D113_M-06,0.0,0.0,0.0,0.0,0.0,0.0,0.0,0.0,0.229077,0.196638,0.0,0.0,0.229077,0.207884,0.0,0.0,0.0,0.0,0.0,0.0,0.0,0.0,0.0,0.0,0.0,0.0,0.0,0.0,0.0,0.0,0.0,0.0,0.247431,0.0,0.0,0.207884,0.221309,0.0,0.0,0.0,0.0,0.0,0.0,0.0,0.0,0.424924,0.570096,0.0,0.0,0.0,0.0,0.0,0.0,0.0,0.0,0.0,0.0,0.196638,0.584201,0.202027,0.271047,0.0,0.0,0.0,0.0,0.285709,0.0,0.0,0.0,0.0,0.0,0.0,0.0,0.0,0.0,0.0,0.482823,0.0,0.0,0.0,0.0,0.0,0.0,0.0,0.0,0.0,0.0,0.0,0.0,0.237724,0.30304,0.247431,0.0,0.191659,0.0,0.0,0.0,0.0,0.0,0.0,0.0,0.0,0.0,0.0,0.0,0.0,0.0,0.0,0.0,0.0,0.0,0.0,0.37744,0.0,0.0,0.0,0.237724,0.237724,0.681857,0.0,0.767791,0.0,0.0,0.0,0.0,0.0,0.0,0.0,0.0,0.0,0.0,0.0,0.0,0.0,0.0,0.0,0.413591,0.0,0.0,0.0,0.0,0.0,0.0,0.0,0.0,0.0,0.777437,0.0,0.0,0.0,0.285709,0.0,0.0,0.0,0.444133,0.0,0.0,0.0,0.466252,0.0,0.0,0.0,0.0,0.0,0.0,0.0,0.0,0.0,0.0,0.0,0.0,0.0,0.0,0.0,0.0,0.0,0.0,0.0,0.0,0.229077,0.191659,0.0,0.0,0.0,0.0,0.0,0.0,0.0,0.0,0.0,0.229077,0.214282,0.0,0.0,0.0,0.0,0.0,0.0,0.0,0.0,0.0,0.0,0.0,0.0,0.0,0.0,0.258434,0.0,0.0,0.0,0.0,0.0,0.0,0.0,0.237724,0.229077,0.0,0.0,0.0,0.0,0.0,0.0,0.0,0.0,0.0,0.0,0.0,0.0,0.0,0.0,0.0,0.0,0.0,0.0,0.0,0.0,0.0,0.0,0.0,0.178723,0.30304,0.0,0.0,0.0,0.476731,0.0,0.0,0.0,0.0,0.0,0.0,0.196638,0.0,0.0,0.0,0.0,0.0,0.0,0.0,0.0,0.0,0.0,0.0,0.0,0.0,0.0,0.0,0.0,0.0,0.0,1.0,0.0,0.0,0.0,0.0,0.0,0.0,0.0,0.0,0.0,0.0,0.0,0.229077,0.0,0.0,0.487672,0.487672,0.0,0.0,0.0
sedu_es_9ef-D01-01,0.412767,0.0,0.0,0.108202,0.15302,0.379726,0.116431,0.126878,0.0,0.36283,0.0,0.234372,0.0,0.0,0.0,0.0,0.0,0.0,0.0,0.0,0.412662,0.0,0.113483,0.097671,0.095911,0.15302,0.323832,0.160489,0.0,0.0,0.146506,0.344785,0.491291,0.0,0.0,0.0,0.0,0.0,0.0,0.0,0.0,0.0,0.0,0.275108,0.26099,0.119621,0.160489,0.0,0.38358,0.160489,0.0,0.0,0.119621,0.135638,0.380552,0.140758,0.0,0.0,0.0,0.0,0.396903,0.48032,0.0,0.0,0.0,0.0,0.0,0.0,0.287046,0.0,0.323718,0.228903,0.26777,0.126878,0.119621,0.135638,0.15302,0.20719,0.0,0.0,0.126878,0.160489,0.126878,0.16917,0.380552,0.0,0.15302,0.160489,0.241548,0.0,0.0,0.672367,0.253151,0.780271,0.0,0.210634,0.26777,0.0,0.0,0.2547,0.291796,0.119621,0.123089,0.123089,0.160489,0.135638,0.0,0.140758,0.126878,0.110748,0.126878,0.0,0.0,0.0,0.388086,0.42765,0.0,0.0,0.348107,0.277313,0.0,0.0,0.0,0.0,0.571047,0.582823,0.116431,0.439113,0.116431,0.123089,0.126878,0.160489,0.390439,0.099531,0.135638,0.131039,0.116431,0.179432,0.0,0.126878,0.0,0.15302,0.131039,0.126878,0.146506,0.455109,0.396903,0.378432,0.0,0.0,0.0,0.0,0.0,0.0,0.0,0.101502,0.2547,0.220577,0.0,0.298593,0.146506,0.0,0.422684,0.160489,0.0,0.0,0.323832,0.0,0.0,0.140758,0.126878,0.146506,0.0,0.0,0.0,0.377693,0.0,0.0,0.526907,0.563288,0.0,0.310045,0.0,0.0,0.0,0.0,0.0,0.0,0.0,0.0,0.335444,0.31378,0.179432,0.0,0.0,0.2438,0.297882,0.160489,0.0,0.0,0.0,0.0,0.0,0.0,0.0,0.0,0.15302,0.160489,0.0,0.0,1.0,0.0,0.268507,0.0,0.0,0.335444,0.0,0.0,0.0,0.763094,0.0,0.0,0.0,0.351984,0.097671,0.116431,0.179432,0.226966,0.0,0.0,0.0,0.0,0.0,0.0,0.0,0.0,0.0,0.0,0.0,0.333648,0.0,0.246399,0.0,0.0,0.0,0.858601,0.0,0.0,0.26707,0.0,0.131039,0.0,0.0,0.0,0.0,0.24016,0.0,0.0,0.468182,0.0,0.0,0.0,0.0,0.0,0.0,0.0,0.0,0.0,0.0,0.0,0.0,0.0,0.0,0.0,0.0,0.260633,0.0,0.0,0.0,0.412767,0.390439,0.0,0.0,0.277313,0.0,0.0,0.0,0.0,0.0,0.0
sedu_es_9ef-D01-02,0.0,0.0,0.0,0.0,0.0,0.340373,0.487979,0.0,0.353919,0.396988,0.416921,0.562446,0.205179,0.186197,0.0,0.0,0.0,0.0,0.0,0.361835,0.369895,0.143696,0.251567,0.216515,0.212613,0.302117,0.290271,0.0,0.0,0.0,0.0,0.0,0.221619,0.0,0.0,0.186197,0.198222,0.0,0.0,0.0,0.0,0.0,0.323635,0.618996,0.587231,0.0,0.672633,0.0,0.233494,0.0,0.0,0.0,0.0,0.0,0.0,0.0,0.139133,0.176125,0.176125,0.422174,0.242771,0.430541,0.0,0.0,0.0,0.255903,0.0,0.0,0.257298,0.0,1.0,0.659089,0.602486,0.281261,0.501351,0.0,0.0,0.0,0.0,0.0,0.0,0.0,0.420394,0.334003,0.0,0.0,0.0,0.0,0.107105,0.367279,0.271427,0.499532,0.226915,0.171665,0.0,0.188805,0.240019,0.0,0.0,0.34975,0.656544,0.265175,0.650865,0.134979,0.175991,0.14874,0.139133,0.154355,0.139133,0.383617,0.0,0.0,0.0,0.0,0.134979,0.14874,0.367279,0.367279,0.212924,0.248573,0.231473,0.0,0.0,0.0,0.827858,0.844929,0.38578,0.536717,0.0,0.378002,0.506358,0.316863,0.0,0.109145,0.0,0.143696,0.127678,0.0,0.0,0.0,0.0,0.0,0.0,0.394989,0.295437,0.264247,0.242771,0.167801,0.0,0.0,0.255903,0.0,0.0,0.0,0.0,0.0,0.228304,0.197717,0.116045,0.542816,0.0,0.0,0.257298,0.0,0.0,0.0,0.290271,0.0,0.0,0.154355,0.139133,0.160657,0.160657,0.273521,0.0,0.0,0.0,0.185511,0.139133,0.205179,0.29611,0.567168,0.0,0.0,0.0,0.0,0.0,0.0,0.0,0.0,0.205179,0.191928,0.0,0.0,0.0,0.0,0.26701,0.175991,0.0,0.0,0.0,0.0,0.0,0.0,0.139133,0.196764,0.231473,0.0,0.14874,0.0,0.0,0.0,0.24068,0.0,0.490832,0.205179,0.0,0.0,0.0,0.68401,0.283847,0.0,0.0,0.0,0.0,0.127678,0.0,0.0,0.0,0.167801,0.0,0.0,0.154355,0.0,0.0,0.0,0.0,0.0,0.0,0.160079,0.271427,0.220863,0.0,0.0,0.0,0.588843,0.0,0.14874,0.0,0.0,0.0,0.406001,0.0,0.0,0.0,0.439327,0.0,0.0,0.432262,0.0,0.0,0.127678,0.0,0.0,0.218656,0.0,0.0,0.0,0.0,0.0,0.0,0.0,0.134979,0.121446,0.14874,0.121446,0.0,0.0,0.0,0.134979,0.127678,0.0,0.205179,0.507291,0.283847,0.0,0.0,0.0,0.0,0.0
sedu_es_9ef-D01-03,0.0,0.0,0.0,0.0,0.0,0.0,0.0,0.0,0.0,0.0,1.0,0.845154,0.0,0.367393,0.0,0.0,0.0,0.0,0.0,0.0,0.51088,0.0,0.0,0.0,0.0,0.0,0.0,0.0,0.0,0.0,0.0,0.437286,0.0,0.398438,0.0,0.0,0.39112,0.0,0.0,0.0,0.0,0.0,0.0,0.340587,0.323109,0.0,0.0,0.0,0.0,0.0,0.0,0.0,0.0,0.0,0.0,0.0,0.4107,0.0,0.0,0.0,0.479022,0.0,0.0,0.0,0.0,0.504934,0.0,0.0,0.0,0.0,0.400767,0.283385,0.331503,0.0,0.572284,0.0,0.0,0.0,0.0,0.0,0.0,0.0,0.0,0.0,0.0,0.0,0.0,0.0,0.607681,0.0,0.0,0.0,0.0,0.33872,0.0,0.0,0.331503,0.0,0.0,0.315322,0.361247,0.0,0.0,0.0,0.0,0.0,0.69154,0.503893,0.454203,0.0,0.0,0.547789,0.0,0.0,0.398438,0.439057,0.0,0.42013,0.0,0.0,0.0,0.0,0.0,0.0,0.288997,0.294957,0.416805,0.0,0.0,0.0,0.0,0.0,0.0,0.0,0.0,0.0,0.0,0.0,0.0,0.0,0.0,0.495323,0.0,0.0,0.0,0.0,0.0,0.0,0.0,0.0,0.0,0.0,0.0,0.572541,0.0,0.0,0.315322,0.273077,0.0,0.557546,0.0,0.0,0.0,0.0,0.0,0.0,0.0,0.0,0.0,0.0,0.0,0.0,0.0,0.0,0.0,0.0,0.0,0.0,0.0,0.0,0.33872,0.0,0.0,0.0,0.0,0.0,0.0,0.0,0.0,0.0,0.0,0.0,0.0,0.0,0.0,0.0,0.0,0.0,0.0,0.68669,0.0,0.0,0.0,0.0,0.0,0.0,0.0,0.0,0.0,0.0,0.0,0.45673,0.0,0.0,0.42013,0.0,0.0,0.0,0.0,0.386189,0.0,0.0,0.529832,0.0,0.316157,0.79369,0.0,0.0,0.0,0.0,0.0,0.0,0.0,0.0,0.0,0.0,0.0,0.0,0.503893,0.0,0.535563,0.0,0.0,0.0,0.0,0.273077,0.0,0.0,0.0,0.0,0.0,0.0,0.0,0.0,0.0,0.0,0.0,0.0,0.0,0.0,0.0,0.0,0.0,0.0,0.0,0.0,0.0,0.0,0.0,0.0,0.0,0.0,0.0,0.0,0.0,0.0,0.0,0.0,0.0,0.0,0.0,0.0,0.0,0.0,0.0,0.0,0.0,0.0,0.0,0.0
sedu_es_9ef-D01-04,0.430832,0.0,0.0,0.0,0.0,0.0,0.0,0.0,0.23485,0.0,0.0,0.0,0.0,0.0,0.0,0.0,0.0,0.0,0.0,0.0,0.0,0.685542,0.0,0.0,0.0,0.0,0.0,0.0,0.0,0.0,0.0,0.0,0.0,0.0,0.0,0.0,0.0,0.0,0.0,0.0,0.0,0.0,0.0,0.625811,0.19649,0.0,0.0,0.0,0.0,0.0,0.0,0.0,0.0,0.0,0.0,0.0,0.219682,0.0,0.0,0.0,0.0,0.0,0.0,0.0,0.0,0.0,0.407526,0.0,0.0,0.0,0.243715,0.172333,0.201594,0.0,0.0,0.0,0.0,0.0,0.0,0.0,0.0,0.0,0.219682,0.0,0.0,0.0,0.0,0.0,0.169111,0.243715,0.0,0.0,0.0,0.0,0.387634,0.0,0.0,0.0,0.0,0.579389,0.219682,0.0,0.213123,0.213123,0.277878,0.23485,0.219682,0.243715,0.219682,0.0,0.0,0.0,0.0,0.0,0.213123,0.23485,0.243715,0.243715,0.0,0.0,0.0,0.0,0.0,0.0,0.175746,0.17937,0.201594,0.175746,0.0,0.213123,0.0,0.0,0.0,0.172333,0.0,0.226887,0.201594,0.0,0.0,0.0,0.0,0.0,0.0,0.219682,0.0,0.0,0.0,0.264946,0.0,0.0,0.0,0.0,0.0,0.0,0.0,0.0,0.0,0.0,0.553625,0.663773,0.0,0.0,0.0,0.0,0.0,0.0,0.0,0.0,0.0,0.243715,0.219682,0.253667,0.253667,0.0,1.0,0.0,0.0,0.292909,0.219682,0.0,0.19649,0.0,0.0,0.0,0.0,0.0,0.0,0.0,0.0,0.0,0.0,0.0,0.0,0.0,0.0,0.362599,0.0,0.277878,0.0,0.0,0.0,0.0,0.0,0.0,0.219682,0.310677,0.0,0.0,0.23485,0.0,0.0,0.0,0.0,0.0,0.0,0.0,0.0,0.0,0.0,0.0,0.0,0.0,0.0,0.0,0.0,0.201594,0.0,0.0,0.0,0.264946,0.0,0.0,0.243715,0.0,0.0,0.0,0.0,0.0,0.0,0.0,0.0,0.407526,0.0,0.0,0.378722,0.166064,0.0,0.23485,0.0,0.0,0.0,0.0,0.0,0.0,0.0,0.0,0.0,0.0,0.243715,0.0,0.0,0.201594,0.0,0.0,0.0,0.0,0.0,0.0,0.0,0.0,0.0,0.0,0.213123,0.191754,0.23485,0.191754,0.0,0.0,0.0,0.213123,0.201594,0.0,0.0,0.0,0.0,0.0,0.0,0.0,0.458655,0.0
sedu_es_9ef-D02-01,0.0,0.0,0.0,0.0,0.0,0.0,0.0,0.0,0.222331,0.553727,0.0,0.0,0.0,0.917592,0.0,0.0,0.0,0.45469,0.0,0.0,0.0,0.214792,0.0,0.0,0.0,0.0,0.0,0.0,0.0,0.0,0.0,0.0,0.0,0.0,0.0,0.0,0.976852,0.0,0.0,0.0,0.0,0.0,0.0,0.58249,0.186015,0.0,0.0,0.0,0.0,0.0,0.0,0.423294,0.0,0.0,0.0,0.0,0.207971,0.491849,0.491849,0.0,0.0,0.0,0.0,0.0,0.0,0.0,0.0,0.0,0.0,0.0,0.685414,1.0,0.190848,0.0,0.0,0.0,0.0,0.0,0.0,0.0,0.0,0.0,0.207971,0.0,0.0,0.0,0.0,0.0,0.160096,0.82534,0.0,0.0,0.0,0.0,0.0,0.0,0.0,0.0,0.0,0.539281,0.207971,0.0,0.201762,0.201762,0.263065,0.222331,0.207971,0.230724,0.207971,0.573416,0.0,0.0,0.0,0.0,0.201762,0.222331,0.82534,0.230724,0.0,0.0,0.0,0.618897,0.0,0.0,0.494259,0.169808,0.190848,0.166377,0.0,0.201762,0.0,0.0,0.0,0.163146,0.0,0.214792,0.190848,0.0,0.0,0.0,0.0,0.0,0.553558,0.207971,0.0,0.0,0.0,0.250823,0.0,0.447038,0.0,0.0,0.0,0.0,0.0,0.0,0.0,0.309819,0.17346,0.207971,0.0,0.0,0.0,0.0,0.0,0.0,0.0,0.0,0.0,0.230724,0.207971,0.240145,0.240145,0.0,0.0,0.0,0.0,0.277295,0.207971,0.0,0.186015,0.0,0.0,0.0,0.0,0.0,0.0,0.0,0.0,0.0,0.0,0.0,0.0,0.0,0.0,0.0,0.45469,0.263065,0.0,0.0,0.0,0.0,0.0,0.0,0.207971,0.294116,0.0,0.0,0.222331,0.0,0.0,0.0,0.0,0.0,0.0,0.0,0.0,0.0,0.0,0.0,0.0,0.0,0.0,0.0,0.0,0.190848,0.0,0.0,0.0,0.250823,0.0,0.0,0.230724,0.0,0.0,0.0,0.0,0.0,0.0,0.0,0.0,0.0,0.0,0.0,0.0,0.157212,0.334643,0.222331,0.366583,0.0,0.0,0.0,0.0,0.0,0.0,0.0,0.0,0.0,0.230724,0.0,0.0,0.190848,0.637317,0.0,0.467842,0.0,0.0,0.0,0.0,0.0,0.0,0.0,0.201762,0.181532,0.222331,0.181532,0.0,0.0,0.0,0.201762,0.190848,0.875908,0.0,0.623199,0.0,0.0,0.0,0.0,0.623199,0.0
sedu_es_9ef-D02-02,0.0,0.0,0.0,0.0,0.0,0.0,0.0,0.0,0.462591,0.230205,0.0,0.0,0.26818,0.938737,0.0,0.0,0.0,0.397592,0.0,0.0,0.0,0.187819,0.0,0.0,0.0,0.0,0.0,0.0,0.0,0.0,0.0,0.413826,0.289668,0.0,0.0,0.24337,0.999362,0.0,0.0,0.0,0.0,0.0,0.0,0.509342,0.162656,0.0,0.0,0.0,0.0,0.0,0.0,0.370138,0.0,0.0,0.0,0.0,0.181855,0.660289,0.660289,0.236513,0.770639,0.0,0.0,0.0,0.0,0.812325,0.0,0.0,0.0,0.0,0.599341,0.423798,0.166882,0.0,0.0,0.0,0.0,0.0,0.0,0.0,0.0,0.0,0.181855,0.0,0.0,0.0,0.0,0.0,0.415876,1.0,0.354769,0.289668,0.0,0.544924,0.0,0.0,0.0,0.0,0.0,0.471559,0.181855,0.0,0.176425,0.176425,0.23003,0.194411,0.181855,0.20175,0.181855,0.0,0.0,0.0,0.0,0.0,0.176425,0.194411,1.0,0.877645,0.278304,0.0,0.302548,0.0,0.0,0.0,0.432191,0.148484,0.166882,0.145484,0.0,0.176425,0.0,0.0,0.0,0.142659,0.0,0.187819,0.166882,0.0,0.0,0.0,0.0,0.0,0.484044,0.181855,0.0,0.0,0.317315,0.219325,0.0,0.0,0.33448,0.0,0.0,0.541826,0.0,0.0,0.0,0.270913,0.151677,0.181855,0.755684,0.0,0.0,0.0,0.0,0.0,0.0,0.0,0.0,0.20175,0.181855,0.209988,0.209988,0.0,0.82781,0.0,0.0,0.242473,0.181855,0.26818,0.70758,0.0,0.0,0.0,0.0,0.0,0.0,0.0,0.0,0.0,0.26818,0.25086,0.0,0.0,0.0,0.0,0.397592,0.23003,0.0,0.0,0.0,0.0,0.0,0.0,0.181855,0.257182,0.302548,0.0,0.194411,0.0,0.0,0.432228,0.0,0.0,0.675895,0.26818,0.0,0.0,0.0,0.0,0.0,0.0,0.0,0.0,0.0,0.166882,0.0,0.0,0.0,0.219325,0.0,0.0,0.20175,0.0,0.0,0.0,0.0,0.0,0.0,0.209231,0.861601,0.0,0.0,0.0,0.0,0.137469,0.292619,0.194411,0.320549,0.0,0.0,0.230205,0.0,0.0,0.0,0.0,0.0,0.0,0.20175,0.0,0.0,0.166882,0.0,0.0,0.0,0.0,0.0,0.0,0.0,0.0,0.0,0.0,0.176425,0.158736,0.194411,0.158736,0.0,0.0,0.0,0.176425,0.166882,0.0,0.26818,0.0,0.0,0.0,0.0,0.0,0.0,0.0
sedu_es_9ef-D02-03,0.0,0.0,0.0,0.0,0.0,0.0,0.0,0.0,0.227599,0.0,0.0,0.0,0.0,0.939336,0.0,0.472666,0.0,0.0,0.0,0.0,0.0,0.219882,0.0,0.0,0.0,0.0,0.0,0.0,0.0,0.0,0.0,0.484471,0.0,0.0,0.0,0.0,1.0,0.0,0.0,0.0,0.0,0.0,0.0,0.200724,0.190423,0.0,0.0,0.0,0.0,0.0,0.0,0.0,0.0,0.0,0.0,0.0,0.2129,0.503504,0.503504,0.0,0.530712,0.0,0.0,0.0,0.0,0.559419,0.0,0.0,0.0,0.456638,0.236191,0.694563,0.19537,0.0,0.0,0.0,0.0,0.0,0.0,0.0,0.442138,0.0,0.2129,0.0,0.0,0.0,0.0,0.0,0.486871,0.844898,0.0,0.0,0.0,0.37527,0.0,0.0,0.0,0.0,0.0,0.185834,0.2129,0.0,0.206543,0.206543,0.269299,0.227599,0.2129,0.236191,0.2129,0.972935,0.0,0.0,0.0,0.0,0.206543,0.227599,0.844898,0.701656,0.0,0.0,0.0,0.633563,0.490508,0.533239,0.17032,0.173832,0.19537,0.17032,0.0,0.206543,0.0,0.0,0.0,0.167012,0.0,0.219882,0.19537,0.0,0.0,0.0,0.0,0.0,0.566676,0.2129,0.0,0.0,0.0,0.256767,0.0,0.826401,0.0,0.0,0.0,0.634322,0.0,0.353711,0.0,0.0,0.177571,0.2129,0.0,0.0,0.0,0.0,0.0,0.0,0.0,0.0,0.0,0.236191,0.2129,0.245835,0.245835,0.0,0.0,0.0,0.0,0.283866,0.2129,0.0,0.565693,0.0,0.0,0.0,0.0,0.0,0.0,0.0,0.0,0.0,0.0,0.0,0.0,0.0,0.0,0.0,0.490508,0.269299,0.0,0.0,0.0,0.0,0.0,0.0,0.2129,0.301086,0.0,0.0,0.227599,0.0,0.0,0.506014,0.0,0.0,0.465465,0.0,0.0,0.0,0.0,0.0,0.0,0.0,0.0,0.0,0.0,0.19537,0.0,0.0,0.0,0.256767,0.0,0.0,0.236191,0.0,0.0,0.0,0.0,0.0,0.0,0.0,0.593354,0.0,0.0,0.0,0.0,0.160937,0.0,0.227599,0.0,0.395461,0.0,0.0,0.0,0.0,0.0,0.0,0.0,0.0,0.236191,0.0,0.0,0.19537,0.0,0.0,0.478928,0.0,0.0,0.0,0.0,0.0,0.790921,0.0,0.206543,0.185834,0.227599,0.185834,0.0,0.0,0.0,0.206543,0.19537,0.0,0.0,0.0,0.0,0.0,0.0,0.0,0.0,0.0
sedu_es_9ef-D02-04,0.0,0.0,0.0,0.0,0.0,0.0,0.0,0.0,0.234325,0.62421,0.0,0.0,0.234325,0.212647,0.0,0.0,0.0,0.0,0.0,0.0,0.0,0.0,0.0,0.0,0.0,0.0,0.0,0.0,0.0,0.0,0.0,0.0,0.2531,0.0,0.0,0.659907,0.22638,0.0,0.0,0.0,0.0,0.0,0.0,0.0,0.0,0.0,0.0,0.0,0.0,0.0,0.0,0.0,0.0,0.0,0.0,0.0,0.0,1.0,1.0,0.206655,0.277257,0.0,0.0,0.0,0.0,0.292255,0.0,0.0,0.0,0.0,0.0,0.0,0.0,0.0,0.0,0.0,0.0,0.0,0.0,0.0,0.0,0.0,0.0,0.0,0.0,0.0,0.0,0.0,0.0,0.697479,0.309983,0.2531,0.0,0.19605,0.0,0.0,0.0,0.0,0.0,0.0,0.0,0.0,0.0,0.0,0.0,0.0,0.0,0.0,0.0,0.0,0.0,0.0,0.0,0.0,0.0,0.0,0.697479,0.243171,0.243171,0.0,0.264354,0.0,0.0,0.0,0.0,0.0,0.0,0.0,0.0,0.0,0.0,0.0,0.0,0.0,0.0,0.0,0.0,0.0,0.0,0.0,0.0,0.0,0.422938,0.0,0.0,0.0,0.277257,0.0,0.0,0.0,0.292255,0.0,0.0,0.0,0.0,0.0,0.0,0.0,0.0,0.0,0.0,0.0,0.0,0.0,0.0,0.0,0.0,0.0,0.0,0.0,0.0,0.0,0.0,0.0,0.0,0.0,0.0,0.0,0.0,0.234325,0.19605,0.0,0.0,0.0,0.0,0.0,0.0,0.0,0.0,0.0,0.234325,0.219191,0.0,0.0,0.0,0.0,0.0,0.0,0.0,0.0,0.0,0.0,0.0,0.0,0.0,0.0,0.264354,0.0,0.0,0.0,0.0,0.0,0.0,0.0,0.243171,0.234325,0.0,0.0,0.0,0.0,0.0,0.0,0.0,0.0,0.0,0.0,0.0,0.0,0.0,0.0,0.0,0.0,0.0,0.0,0.0,0.0,0.0,0.0,0.0,0.182818,0.309983,0.0,0.0,0.0,0.0,0.0,0.0,0.0,0.0,0.0,0.0,0.201144,0.0,0.0,0.0,0.0,0.0,0.0,0.0,0.0,0.0,0.0,0.0,0.0,0.0,0.0,0.0,0.0,0.0,0.0,0.0,0.0,0.0,0.0,0.0,0.0,0.0,0.0,0.611306,0.0,0.0,0.0,0.234325,0.476146,0.0,0.0,0.0,0.0,0.476146,0.0
sedu_es_9ef-D03-01,0.0,0.0,0.0,0.0,0.0,0.0,0.0,0.0,0.0,0.474831,0.0,0.0,0.0,0.293657,0.0,0.0,0.0,0.0,0.0,0.0,0.0,0.0,0.0,0.35381,0.0,0.0,0.0,0.0,0.0,0.0,0.0,0.0,0.0,0.0,0.0,0.0,0.312622,0.0,0.0,0.0,0.0,0.0,0.0,0.0,0.0,0.0,0.0,0.0,0.0,0.0,0.0,0.0,0.0,0.0,0.0,0.0,0.0,0.0,0.0,0.285383,0.382882,0.0,0.0,0.0,0.0,0.0,0.0,0.0,0.0,0.0,0.0,0.0,0.0,0.0,0.0,0.0,0.0,0.0,0.0,0.0,0.0,0.0,0.0,0.0,0.0,0.0,0.554314,0.0,0.0,0.0,0.0,0.0,0.0,0.0,0.0,0.0,0.0,0.0,0.0,0.0,0.0,0.0,0.0,0.0,0.0,0.0,0.0,0.0,0.0,0.0,0.459613,0.0,0.0,0.0,0.0,0.0,0.0,0.0,0.0,0.0,0.0,0.0,0.0,0.0,0.0,0.0,0.0,0.0,0.0,0.0,0.0,0.0,0.0,0.0,0.0,0.0,0.0,0.0,0.0,0.0,0.0,0.0,0.0,0.0,0.349522,0.0,0.0,0.0,0.0,0.252465,0.0,0.0,0.0,0.0,0.0,0.0,0.0,0.0,0.0,0.0,0.0,0.0,0.0,0.0,0.0,0.0,0.0,0.0,0.0,0.0,0.0,0.0,0.0,0.0,0.0,0.0,0.0,0.0,0.0,0.0,0.0,0.0,0.0,0.33581,0.293657,0.312622,0.866025,1.0,0.0,0.0,0.323594,0.302695,0.0,0.0,0.0,0.0,0.0,0.0,0.0,0.0,0.0,0.0,0.0,0.0,0.0,0.0,0.0,0.0,0.0,0.0,0.494298,0.0,0.0,0.0,0.0,0.323594,0.0,0.0,0.0,0.0,0.0,0.0,0.0,0.0,0.233014,0.0,0.0,0.0,0.0,0.0,0.0,0.0,0.0,0.0,0.0,0.457631,0.323594,0.312622,0.0,0.383344,0.0,0.0,0.0,0.0,0.0,0.0,0.0,0.0,0.0,0.0,0.474686,0.0,0.0,0.0,0.0,0.0,0.0,0.0,0.0,0.0,0.0,0.0,0.0,0.382882,0.0,0.0,0.0,0.0,0.0,0.0,0.0,0.0,0.0,0.0,0.0,0.0,0.0,0.0,0.0,0.0,0.0,0.0,0.0,0.534405,0.0,0.0,0.0,0.0,0.534405,0.0
sedu_es_9ef-D03-02,0.0,0.0,0.0,0.0,0.0,0.0,0.0,0.0,0.0,0.672806,0.0,0.0,0.476578,0.848581,0.0,0.0,0.0,0.0,0.0,0.0,0.0,0.0,0.0,0.0,0.0,0.0,0.0,0.0,0.0,0.0,0.0,0.0,0.0,0.0,0.0,0.432487,0.903383,0.0,0.0,0.0,0.0,0.0,0.0,0.0,0.0,0.0,0.0,0.0,0.0,0.0,0.0,0.460418,0.420302,0.0,0.0,0.0,0.0,0.409092,0.409092,0.824672,0.54252,0.0,0.0,0.0,0.0,0.0,0.0,0.0,0.0,0.0,0.0,0.626163,0.0,0.0,0.0,0.0,0.0,0.0,0.445798,0.389124,0.0,0.0,0.0,0.0,0.0,0.0,0.0,0.0,0.0,0.0,0.61819,0.0,0.0,0.0,0.0,0.0,0.0,0.0,0.0,0.0,0.0,0.0,0.0,0.0,0.0,0.0,0.0,0.0,0.0,0.69673,0.0,0.0,0.0,0.0,0.0,0.0,0.0,0.484948,0.484948,0.0,0.0,0.0,0.0,0.0,0.0,0.0,0.0,0.0,0.0,0.0,0.0,0.0,0.0,0.0,0.0,0.0,0.0,0.0,0.0,0.0,0.0,0.0,0.0,0.437126,1.0,0.451462,0.0,0.0,0.0,0.729548,0.582835,0.713824,0.660873,0.0,0.0,0.0,0.0,0.0,0.0,0.0,0.0,0.0,0.0,0.0,0.0,0.0,0.0,0.0,0.0,0.0,0.0,0.0,0.0,0.0,0.0,0.0,0.0,0.0,0.0,0.0,0.0,0.0,0.527194,0.960769,0.840168,0.894427,0.866025,0.49525,0.0,0.514763,0.458513,0.874697,0.0,0.0,0.0,0.0,0.0,0.0,0.0,0.0,0.0,0.0,0.0,0.0,0.0,0.0,0.0,0.0,0.0,0.0,0.70039,0.527194,0.437126,0.0,0.0,0.458513,0.537652,0.594397,0.0,0.0,0.0,0.0,0.0,0.0,0.330167,0.0,0.0,0.0,0.0,0.0,0.0,0.0,0.0,0.582835,0.527194,0.648435,0.93509,0.903383,0.0,0.0,0.0,0.0,0.0,0.0,0.0,0.0,0.0,0.0,0.0,0.0,0.0,0.0,0.0,0.0,0.0,0.0,0.0,0.0,0.0,0.0,0.0,0.0,0.0,0.54252,0.0,0.0,0.0,0.0,0.0,0.0,0.0,0.0,0.0,0.0,0.0,0.0,0.0,0.0,0.0,0.0,0.0,0.0,0.0,0.757218,0.0,0.0,0.0,0.527194,0.757218,0.0
sedu_es_9ef-D03-03,0.0,0.0,0.0,0.0,0.0,0.0,0.0,0.0,0.375395,1.0,0.0,0.0,0.375395,0.340665,0.0,0.0,0.0,0.0,0.0,0.0,0.0,0.0,0.0,0.0,0.0,0.0,0.0,0.0,0.0,0.0,0.0,0.0,0.405473,0.0,0.0,0.340665,0.362666,0.0,0.0,0.0,0.0,0.0,0.0,0.0,0.0,0.0,0.0,0.0,0.0,0.0,0.0,0.0,0.0,0.0,0.0,0.0,0.0,0.322237,0.322237,0.331067,0.444173,0.0,0.0,0.0,0.0,0.468199,0.0,0.0,0.0,0.0,0.0,0.0,0.0,0.0,0.0,0.0,0.0,0.0,0.0,0.0,0.0,0.0,0.0,0.0,0.0,0.0,0.0,0.0,0.0,0.389566,0.496601,0.405473,0.0,0.314078,0.0,0.0,0.0,0.0,0.0,0.0,0.0,0.0,0.0,0.0,0.0,0.0,0.0,0.0,0.0,0.0,0.0,0.0,0.0,0.0,0.0,0.0,0.389566,0.389566,0.389566,0.0,0.423502,0.0,0.0,0.0,0.0,0.0,0.0,0.0,0.0,0.0,0.0,0.0,0.0,0.0,0.0,0.0,0.0,0.0,0.0,0.0,0.0,0.0,0.0,0.0,0.0,0.0,0.444173,0.0,0.0,0.0,0.468199,0.0,0.0,0.0,0.0,0.0,0.0,0.0,0.0,0.0,0.0,0.0,0.0,0.0,0.0,0.0,0.0,0.0,0.0,0.0,0.0,0.0,0.0,0.0,0.0,0.0,0.0,0.0,0.0,0.375395,0.314078,0.0,0.0,0.0,0.0,0.0,0.0,0.0,0.0,0.0,0.375395,0.35115,0.0,0.0,0.0,0.0,0.0,0.0,0.0,0.0,0.0,0.0,0.0,0.0,0.0,0.0,0.423502,0.0,0.0,0.0,0.0,0.0,0.0,0.0,0.389566,0.375395,0.0,0.0,0.0,0.0,0.0,0.0,0.0,0.0,0.0,0.0,0.0,0.0,0.0,0.0,0.0,0.0,0.0,0.0,0.0,0.0,0.0,0.0,0.0,0.292879,0.496601,0.0,0.0,0.0,0.781233,0.0,0.0,0.0,0.0,0.0,0.0,0.322237,0.0,0.0,0.0,0.0,0.0,0.0,0.0,0.0,0.0,0.0,0.0,0.0,0.0,0.0,0.0,0.0,0.0,0.0,0.0,0.0,0.0,0.0,0.0,0.0,0.0,0.0,0.0,0.0,0.0,0.0,0.375395,0.762797,0.0,0.0,0.0,0.0,0.762797,0.0
sedu_es_9ef-D03-04,0.0,0.0,0.0,0.0,0.0,0.0,0.0,0.0,0.428028,0.367417,0.0,0.0,0.428028,0.388429,0.0,0.0,0.0,0.0,0.0,0.0,0.0,0.0,0.591608,0.509175,0.5,0.0,0.0,0.0,0.0,0.0,0.0,0.0,0.462323,0.0,0.0,0.388429,0.413514,0.0,0.0,0.0,0.0,0.0,0.0,0.0,0.0,0.0,0.0,0.0,0.0,0.0,0.0,0.0,0.0,0.0,0.0,0.0,0.0,0.367417,0.367417,0.377485,0.506449,0.0,0.0,0.0,0.0,0.533844,0.0,0.0,0.707107,0.0,0.0,0.0,0.0,0.0,0.0,0.0,0.0,0.0,0.0,0.0,0.0,0.0,0.0,0.0,0.0,0.0,0.0,0.0,0.0,0.444185,0.566227,0.462323,0.0,0.358114,0.0,0.0,0.0,0.0,0.0,0.0,0.0,0.0,0.0,0.0,0.0,0.0,0.0,0.0,0.0,0.0,0.0,0.0,0.62361,0.0,0.0,0.0,0.444185,0.444185,0.444185,0.0,0.48288,0.0,0.0,0.0,0.0,0.0,0.0,0.52915,0.0,0.0,0.0,0.0,0.0,0.0,0.0,0.0,0.0,0.0,0.0,0.0,0.0,0.0,0.0,0.0,0.0,0.0,0.506449,0.0,0.0,0.0,0.533844,0.0,0.0,0.0,0.0,0.0,0.0,0.0,0.0,0.0,0.0,0.0,0.0,0.0,0.0,0.0,0.0,0.0,0.0,0.0,0.0,0.0,0.0,0.0,0.0,0.0,0.0,0.0,0.0,0.428028,0.358114,0.0,0.0,0.0,0.0,0.0,0.0,0.0,0.0,0.0,0.428028,0.400383,0.0,0.0,0.733799,0.0,0.0,0.0,0.0,0.0,0.0,0.0,1.0,0.0,0.0,0.0,0.48288,0.0,0.0,0.0,0.0,0.0,0.0,0.0,0.444185,0.428028,0.0,0.0,0.0,0.0,0.0,0.0,0.0,0.0,0.0,0.0,0.0,0.0,0.0,0.0,0.0,0.0,0.0,0.0,0.0,0.0,0.0,0.0,0.0,0.333943,0.566227,0.0,0.0,0.0,0.0,0.0,0.0,0.0,0.0,0.0,0.0,0.367417,0.0,0.0,0.0,0.0,0.0,0.0,0.0,0.0,0.0,0.0,0.0,0.0,0.0,0.0,0.0,0.0,0.0,0.0,0.0,0.0,0.0,0.0,0.0,0.0,0.0,0.0,0.0,0.0,0.0,0.0,0.428028,0.0,0.0,0.0,0.0,0.0,0.0,0.0
sedu_es_9ef-D04-01,0.0,0.0,0.477366,0.0,0.0,0.0,0.0,0.0,0.172229,0.0,0.0,0.0,0.0,0.0,0.43094,0.172229,0.186028,0.17873,0.0,0.0,0.0,0.0,0.0,0.0,0.360855,0.0,0.0,0.0,0.0,0.0,0.0,0.0,0.0,0.0,0.0,0.0,0.0,0.509895,0.172229,0.14784,0.166389,0.0,0.0,0.0,0.0,0.0,0.0,0.0,0.0,0.0,0.0,0.166389,0.151891,0.0,0.0,0.0,0.0,0.0,0.0,0.313577,0.0,0.288194,0.658272,0.527792,0.144097,0.0,0.14784,0.172229,0.0,0.0,0.0,0.0,0.0,0.0,0.0,0.0,0.51139,0.0,0.161105,0.140624,0.0,0.203784,0.351638,0.0,0.0,0.0,0.0,0.0,0.0,0.0,0.0,0.0,0.465469,0.458612,0.140624,0.126381,0.14784,0.0,0.0,0.0,0.0,0.0,0.0,0.0,0.0,0.0,0.0,0.0,0.0,0.306935,0.0,0.0,0.399772,0.0,0.0,0.0,0.0,0.0,1.0,0.509895,0.424092,0.0,0.0,0.0,0.0,0.0,0.0,0.0,0.0,0.574413,0.0,0.0,0.0,0.275848,0.0,0.0,0.0,0.0,0.0,0.0,0.0,0.0,0.0,0.161105,0.186028,0.166389,0.53635,0.0,0.0,0.411778,0.214807,0.263084,0.243568,0.0,0.64914,0.0,0.0,0.0,0.0,0.0,0.0,0.0,0.0,0.0,0.0,0.36317,0.0,0.0,0.0,0.0,0.0,0.0,0.0,0.0,0.0,0.0,0.0,0.0,0.0,0.0,0.0,0.0,0.0,0.17873,0.156295,0.166389,0.161105,0.186028,0.1943,0.186028,0.375917,0.512743,0.698203,0.0,0.0,0.0,0.0,0.0,0.0,0.0,0.0,0.0,0.0,0.0,0.0,0.0,0.0,0.0,0.0,0.0,0.0,0.0,0.161105,0.0,0.0,0.527792,0.1943,0.214807,0.0,0.0,0.0,0.156295,0.0,0.134371,0.380053,0.0,0.0,0.0,0.0,0.0,0.0,0.0,0.0,0.0,0.0,0.0,0.0,0.0,0.17873,0.134371,0.0,0.14784,0.227837,0.0,0.299878,0.121784,0.131542,0.0,0.0,0.144097,0.0,0.0,0.0,0.0,0.131542,0.0,0.0,0.0,0.0,0.0,0.0,0.0,0.156295,0.0,0.0,0.0,0.0,0.0,0.172229,0.0,0.0,0.172229,0.0,0.0,0.0,0.0,0.0,0.0,0.0,0.0,0.0,0.0,0.172229,0.36317,0.368985,0.0,0.0,0.0,0.0,0.0
sedu_es_9ef-D04-02,0.0,0.0,0.0,0.0,0.0,0.0,0.0,0.0,0.225549,0.573682,0.0,0.0,0.406364,0.368769,0.18416,0.225549,0.243621,0.234064,0.0,0.0,0.0,0.0,0.0,0.0,0.0,0.0,0.0,0.0,0.0,0.0,0.0,0.0,0.0,0.0,0.0,0.368769,0.392585,0.680045,0.225549,0.19361,0.217901,0.0,0.0,0.0,0.0,0.0,0.0,0.0,0.0,0.0,0.0,0.610486,0.557295,0.0,0.0,0.0,0.0,0.348821,0.348821,0.780256,0.0,0.377416,0.28131,0.225549,0.188708,0.0,0.19361,0.225549,0.0,0.0,0.0,0.0,0.0,0.0,0.0,0.0,0.0,0.0,0.591101,0.515955,0.0,0.266874,0.0,0.0,0.0,0.0,0.0,0.0,0.0,0.0,0.0,0.0,0.198916,0.188708,0.18416,0.165508,0.19361,0.0,0.0,0.0,0.0,0.0,0.0,0.0,0.0,0.0,0.0,0.0,0.0,0.0,0.0,0.0,0.0,0.0,0.0,0.0,0.0,0.496422,0.496422,0.217901,0.0,0.0,0.0,0.0,0.0,0.0,0.0,0.444237,0.0,0.752247,0.0,0.0,0.0,0.0,0.0,0.0,0.0,0.0,0.0,0.0,0.0,0.0,0.0,0.658451,0.760313,0.680045,0.7024,0.0,0.0,0.493012,0.28131,0.344532,0.318975,0.0,0.730485,0.0,0.0,0.0,0.0,0.0,0.0,0.0,0.0,0.0,0.0,0.0,0.0,0.0,0.0,0.0,0.0,0.0,0.0,0.0,0.0,0.0,0.0,0.0,0.0,0.0,0.0,0.0,0.0,0.730485,0.204683,0.680045,0.210982,0.243621,0.254454,0.682544,0.0,0.591101,0.298374,0.0,0.0,0.0,0.0,0.0,0.0,0.0,0.0,0.0,0.0,0.0,0.0,0.0,0.0,0.0,0.0,0.0,0.0,0.0,0.210982,0.0,0.0,0.225549,0.712894,0.788134,0.0,0.0,0.0,0.204683,0.0,0.175971,0.162414,0.0,0.0,0.0,0.0,0.0,0.0,0.0,0.0,0.0,0.0,0.839528,1.0,0.392585,0.234064,0.175971,0.0,0.19361,0.298374,0.0,0.0,0.159488,0.172266,0.0,0.0,0.188708,0.0,0.0,0.0,0.0,0.172266,0.0,0.0,0.0,0.0,0.0,0.0,0.0,0.204683,0.7024,0.0,0.0,0.0,0.0,0.225549,0.0,0.0,0.225549,0.0,0.0,0.0,0.0,0.0,0.0,0.0,0.0,0.0,0.0,0.225549,0.645657,0.496422,0.0,0.0,0.0,0.645657,0.0
sedu_es_9ef-D04-03,0.0,0.0,0.0,0.445971,0.0,0.304918,0.0,0.0,0.214296,0.183951,0.0,0.0,0.214296,0.19447,0.0,0.0,0.0,0.0,0.0,0.0,0.0,0.0,0.377108,0.324563,0.318714,0.0,0.260035,0.0,0.396606,0.0,0.248964,0.0,0.231466,0.0,0.0,0.19447,0.207029,0.0,0.0,0.343669,0.386787,0.0,0.0,0.493039,0.0,0.0,0.0,0.248964,0.209172,0.0,0.0,0.675494,0.616639,0.332017,0.0,0.0,0.0,0.183951,0.183951,0.188991,0.253558,0.0,0.0,0.0,0.0,0.267274,0.343669,0.400362,0.0,0.0,0.0,0.0,0.0,0.0,0.0,0.0,0.0,0.0,0.343471,0.299806,0.0,0.0,0.0,0.0,0.660585,0.0,0.0,0.0,0.0,0.222385,0.283487,0.48043,0.0,0.37214,0.326894,0.169138,0.197857,0.0,0.0,0.0,0.0,0.0,0.0,0.0,0.0,0.0,0.0,0.0,0.0,0.0,0.395086,0.0,0.292812,0.728802,0.0,0.0,0.222385,0.222385,0.222385,0.0,0.656,0.0,0.0,0.0,0.0,0.0,0.0,0.299604,0.0,0.0,0.0,0.0,0.285002,0.0,0.0,0.0,0.0,0.0,0.0,0.395086,0.374566,0.0,0.0,0.0,0.0,0.0,1.0,0.260035,0.192847,0.0,0.267274,0.0,0.0,0.0,0.0,0.0,0.0,0.0,0.179831,0.0,0.0,0.0,0.0,0.0,0.0,0.0,0.0,0.35862,0.320759,0.0,0.0,0.0,0.0,0.0,0.0,0.0,0.0,0.0,0.0,0.214296,0.179293,0.0,0.0,0.239197,0.209172,0.222681,0.21561,0.248964,0.0,0.0,0.214296,0.200455,0.0,0.0,0.0,0.176044,0.239197,0.0,0.0,0.0,0.0,0.0,0.0,0.0,0.0,0.0,0.241758,0.0,0.0,0.0,0.0,0.260035,0.21561,0.325971,0.222385,0.214296,0.0,0.0,0.239197,0.0,0.0,0.0,0.0,0.0,0.0,0.0,0.0,0.0,0.0,0.0,0.0,0.344551,0.0,0.0,0.0,0.566198,0.400362,0.0,0.239197,0.347022,0.283487,0.479889,0.0,0.0,0.0,0.0,0.176044,0.0,0.0,0.0,0.0,0.381807,0.0,0.0,0.0,0.0,0.0,0.0,0.0,0.0,0.0,0.0,0.0,0.473715,0.0,0.0,0.0,0.0,0.0,0.0,0.935476,0.0,0.0,0.0,0.0,0.0,0.0,0.0,0.559054,0.0,0.0,0.0,0.214296,0.0,0.0,0.0,0.0,0.0,0.0,0.0
sedu_es_9ef-D04-04,0.0,0.0,0.195163,0.0,0.0,0.0,0.135396,0.0,0.092688,0.0,0.0,0.0,0.0,0.0,0.07568,0.092688,0.100115,0.096187,0.0,0.0,0.0,0.0,0.131968,0.11358,0.259062,0.0,0.0,0.0,0.0,0.0,0.0,0.0,0.0,0.0,0.0,0.143139,0.152383,0.279461,0.092688,0.079563,0.089546,0.0,0.0,0.0,0.0,0.0,0.186631,0.0,0.0,0.0,0.0,0.089546,0.081744,0.0,0.229782,0.216514,0.0,0.135396,0.135396,0.312475,0.226413,0.155097,0.115603,0.092688,0.077549,0.0,0.079563,0.092688,0.0,0.0,0.0,0.0,0.0,0.0,0.0,0.0,0.0,0.0,0.086702,0.07568,0.0,0.10967,0.0,0.0,0.0,0.0,0.0,0.0,0.305568,0.163686,0.216614,0.206686,0.081744,0.412205,0.07568,0.068015,0.079563,0.0,0.163686,0.0,0.0,0.139106,0.143139,0.0,0.0,0.0,0.0,0.0,0.0,0.0,0.0,0.0,0.0,0.0,0.0,0.0,0.163686,0.537614,0.572505,0.089546,0.235375,0.0,0.0,0.235375,0.0,0.0,0.135396,0.118036,0.0,0.0,0.0,0.0,0.0,0.0,0.0,0.0,0.0,0.0,0.0,0.0,0.0,0.0,0.0,0.641706,0.911348,1.0,0.226413,0.478733,0.19494,0.072315,0.319829,0.391708,0.362652,0.0,0.300189,0.0,0.0,0.0,0.0,0.0,0.0,0.0,0.0,0.0,0.0,0.201563,0.0,0.0,0.201563,0.0,0.0,0.0,0.0,0.0,0.0,0.246863,0.0,0.0,0.0,0.0,0.0,0.0,0.184729,0.470116,0.23271,0.437654,0.239871,0.100115,0.104567,0.100115,0.191354,0.265697,0.122615,0.0,0.0,0.0,0.0,0.0,0.0,0.0,0.0,0.0,0.0,0.0,0.0,0.0,0.309838,0.324961,0.0,0.0,0.292298,0.184729,0.239871,0.0,0.0,0.284042,0.104567,0.115603,0.0,0.0,0.0,0.084113,0.0,0.072315,0.312037,0.0,0.0,0.0,0.0,0.0,0.0,0.0,0.0,0.204226,0.184729,0.0,0.0,0.0,0.096187,0.072315,0.0,0.079563,0.122615,0.0,0.0,0.065541,0.070792,0.0,0.0,0.077549,0.0,0.0,0.0,0.0,0.070792,0.0,0.0,0.0,0.0,0.0,0.0,0.0,0.084113,0.0,0.0,0.0,0.0,0.0,0.092688,0.0,0.0,0.092688,0.0,0.0,0.157732,0.0,0.0,0.0,0.0,0.0,0.0,0.0,0.092688,0.0,0.204002,0.0,0.0,0.184729,0.0,0.0
sedu_es_9ef-D05-01,0.0,0.0,0.0,0.0,0.0,0.407557,0.0,0.0,0.178099,0.264458,0.0,0.25155,0.0,0.757931,0.0,0.0,0.0,0.0,0.0,0.0,0.0,0.17206,0.0,0.303124,0.0,0.0,0.347566,0.0,0.0,0.0,0.0,0.379104,0.0,0.0,0.0,0.0,0.339081,0.0,0.0,0.0,0.0,0.0,0.0,0.157068,0.149008,0.0,0.0,0.0,0.279582,0.0,0.0,0.0,0.0,0.0,0.0,0.0,0.166596,0.0,0.0,0.565242,0.415287,0.515523,0.0,0.0,0.0,0.437751,0.0,0.0,0.308084,0.0,0.184822,0.130689,0.152879,0.0,0.0,0.420958,0.0,0.0,0.0,0.0,0.0,0.0,0.166596,0.0,0.0,0.0,0.0,0.0,0.380982,0.184822,0.0,0.332769,0.271705,1.0,0.0,0.226072,0.0,0.0,0.0,0.145417,0.166596,0.0,0.161622,0.161622,0.210729,0.178099,0.166596,0.184822,0.166596,0.0,0.0,0.0,0.0,0.0,0.161622,0.178099,0.184822,0.549053,0.0,0.645459,0.406168,0.0,0.0,0.0,0.133277,0.136025,0.152879,0.133277,0.0,0.161622,0.0,0.0,0.0,0.130689,0.0,0.17206,0.152879,0.556875,0.454687,0.0,0.0,0.0,0.0,0.166596,0.0,0.0,0.0,0.200922,0.0,0.280891,0.0,0.0,0.0,0.496363,0.373621,0.0,0.0,0.0,0.467378,0.166596,0.0,0.0,0.308084,0.0,0.0,0.0,0.347566,0.0,0.0,0.184822,0.166596,0.192369,0.192369,0.0,0.0,0.0,0.0,0.222128,0.166596,0.0,0.442661,0.787456,0.0,0.0,0.0,0.0,0.526236,0.0,0.0,0.0,0.36003,0.336777,0.0,0.0,0.0,0.0,0.319714,0.210729,0.0,0.0,0.0,0.0,0.0,0.0,0.166596,0.235602,0.0,0.0,0.178099,0.0,0.0,0.395961,0.624963,0.0,0.364231,0.36003,0.0,0.603925,0.0,0.0,0.0,0.0,0.0,0.0,0.0,0.152879,0.0,0.0,0.0,0.200922,0.0,0.0,0.184822,0.0,0.0,0.0,0.0,0.0,0.0,0.0,0.464305,0.264458,0.0,0.0,0.0,0.125935,0.0,0.178099,0.0,0.0,0.0,0.0,0.39377,0.347822,0.0,0.257762,0.0,0.0,0.184822,0.0,0.0,0.152879,0.326722,0.0,0.395362,0.0,0.0,0.0,0.0,0.0,0.0,0.0,0.161622,0.145417,0.178099,0.145417,0.0,0.0,0.0,0.161622,0.152879,0.0,0.0,0.841132,0.373621,0.0,0.0,0.0,0.0,0.0
sedu_es_9ef-D05-02,0.0,0.0,0.0,0.0,0.0,0.0,0.0,0.0,0.0,0.0,0.0,0.0,0.0,0.281591,0.0,0.0,0.0,0.0,0.0,0.0,0.0,0.0,0.0,0.0,0.0,0.0,0.0,0.0,0.0,0.0,0.0,0.335161,0.0,0.0,0.0,0.0,0.299777,0.0,0.0,0.0,0.0,0.0,0.0,0.0,0.0,0.0,0.0,0.0,0.0,0.0,0.0,0.0,0.0,0.0,0.0,0.0,0.0,0.0,0.0,0.0,0.743765,0.0,0.0,0.0,0.0,0.38701,0.0,0.0,0.0,0.0,0.0,0.0,0.0,0.0,0.0,0.0,0.0,0.0,0.0,0.0,0.0,0.0,0.0,0.0,0.0,0.0,0.0,0.0,0.452641,0.0,0.0,0.343801,0.0,1.0,0.0,0.0,0.0,0.0,0.0,0.0,0.0,0.0,0.0,0.0,0.0,0.0,0.0,0.0,0.0,0.0,0.0,0.0,0.0,0.0,0.0,0.0,0.0,0.322012,0.330313,0.0,0.0,0.0,0.0,0.0,0.0,0.0,0.0,0.303665,0.0,0.0,0.0,0.0,0.0,0.0,0.0,0.0,0.0,0.0,0.0,0.0,0.0,0.0,0.0,0.0,0.0,0.307505,0.856752,0.359088,0.0,0.0,0.0,0.0,0.0,0.438828,0.0,0.0,0.0,0.0,0.0,0.0,0.0,0.0,0.0,0.0,0.0,0.0,0.0,0.0,0.0,0.0,0.0,0.0,0.0,0.0,0.0,0.0,0.0,0.0,0.0,0.0,0.259614,0.0,0.0,0.0,0.0,0.0,0.0,0.0,0.0,0.0,0.318298,0.29774,0.0,0.0,0.0,0.0,0.0,0.0,0.0,0.0,0.0,0.0,0.0,0.0,0.0,0.0,0.0,0.0,0.0,0.0,0.486208,0.350064,0.0,0.0,0.322012,0.318298,0.0,0.0,0.0,0.0,0.0,0.0,0.0,0.0,0.0,0.0,0.0,0.0,0.0,0.0,0.0,0.0,0.0,0.0,0.0,0.573873,0.40579,0.0,0.0,0.0,0.410486,0.0,0.0,0.0,0.0,0.0,0.0,0.0,0.0,0.0,0.0,0.0,0.0,0.0,0.0,0.0,0.0,0.0,0.0,0.0,0.0,0.0,0.0,0.480137,0.0,0.0,0.0,0.0,0.0,0.0,0.0,0.0,0.0,0.0,0.0,0.0,0.0,0.0,0.0,0.0,0.0,0.0,0.0,0.0,0.0,0.0,0.0,0.0,0.0,0.0
sedu_es_9ef-D05-03,0.0,0.0,0.0,0.105931,0.0,0.0,0.0,0.0,0.201334,0.31367,0.0,0.0,0.268339,0.396171,0.317562,0.216375,0.233712,0.224543,0.0,0.0,0.0,0.0,0.0,0.095621,0.0,0.0,0.0,0.0,0.0,0.274598,0.0,0.0,0.127184,0.0,0.0,0.243514,0.421757,0.375744,0.216375,0.071748,0.080749,0.0,0.0,0.0,0.0,0.117111,0.0,0.0,0.0,0.0,0.0,0.226233,0.206521,0.232078,0.0,0.0,0.0,0.230341,0.230341,0.53719,0.139324,0.362065,0.485084,0.388932,0.181032,0.14686,0.185735,0.216375,0.0,0.0,0.0,0.0,0.0,0.0,0.0,0.0,0.0,0.0,0.219049,0.191201,0.0,0.256019,0.0,0.0,0.0,0.0,0.0,0.0,0.0,0.122195,0.155769,0.127184,0.528306,0.503361,0.17667,0.158776,0.071748,0.0,0.0,0.0,0.0,0.0,0.0,0.120506,0.0,0.0,0.217089,0.0,0.0,0.0,0.0,0.0,0.237793,0.0,0.152657,0.16822,0.122195,0.122195,0.122195,0.375744,0.369876,0.0,0.0,0.0,0.0,0.0,0.0,0.0,0.0,0.0,0.0,0.0,0.0,0.0,0.0,0.0,0.0,0.0,0.0,0.0,0.0,0.189778,0.0,0.078185,0.090281,0.080749,0.139324,0.0,0.0,0.317326,0.251107,0.127676,0.118205,0.0,1.0,0.0,0.0,0.0,0.0,0.0,0.0,0.0,0.0,0.0,0.0,0.0,0.0,0.0,0.0,0.0,0.0,0.0,0.0,0.0,0.0,0.0,0.0,0.0,0.0,0.11775,0.098517,0.0,0.0,0.086739,0.075851,0.080749,0.235541,0.522652,0.094295,0.396367,0.11775,0.48655,0.338842,0.0,0.0,0.0,0.0,0.0,0.0,0.0,0.0,0.0,0.0,0.0,0.0,0.0,0.13284,0.0,0.0,0.0,0.0,0.0,0.078185,0.0,0.122195,0.37389,0.264183,0.292065,0.0,0.0,0.0,0.075851,0.0,0.065211,0.447178,0.0,0.0,0.0,0.0,0.0,0.0,0.0,0.0,0.0,0.0,0.0,0.150589,0.145483,0.327578,0.321004,0.155769,0.185735,0.110571,0.0,0.0,0.059103,0.063838,0.0,0.0,0.181032,0.0,0.101076,0.0,0.202986,0.063838,0.0,0.0,0.0,0.0,0.0,0.0,0.0,0.075851,0.0,0.0,0.0,0.0,0.0,0.083584,0.0,0.0,0.083584,0.0,0.137351,0.0,0.0,0.0,0.0,0.0,0.0,0.0,0.209808,0.201334,0.239266,0.397113,0.0,0.0,0.0,0.239266,0.0
sedu_es_9ef-D05-04,0.0,0.0,0.0,0.0,0.0,0.0,0.0,0.0,0.672072,0.334451,0.0,0.0,0.389624,0.353578,0.0,0.0,0.0,0.0,0.0,0.0,0.0,0.944533,0.0,0.0,0.0,0.0,0.0,0.0,0.0,0.0,0.0,0.0,0.420842,0.0,0.0,0.353578,0.376412,0.0,0.0,0.0,0.0,0.0,0.0,0.249096,0.236313,0.0,0.0,0.0,0.0,0.0,0.0,0.0,0.0,0.0,0.0,0.0,0.264206,0.334451,0.334451,0.343616,0.461009,0.0,0.0,0.0,0.0,0.485946,0.0,0.0,0.0,0.79171,0.293111,0.207261,0.242452,0.0,0.0,0.0,0.0,0.0,0.0,0.829926,0.0,0.969643,0.264206,0.0,0.0,0.0,0.0,0.0,0.203386,0.697442,0.515424,0.420842,0.0,0.325983,0.0,0.0,0.0,0.0,0.0,0.230618,0.264206,0.0,0.256318,1.0,0.334198,0.282449,0.264206,0.293111,0.264206,0.0,0.0,0.0,0.0,0.0,0.256318,0.282449,0.697442,0.697442,0.404332,0.0,0.439555,0.0,0.0,0.0,0.211365,0.215724,0.242452,0.211365,0.0,0.256318,0.0,0.0,0.0,0.207261,0.0,0.272871,0.242452,0.0,0.0,0.0,0.0,0.0,0.0,0.264206,0.0,0.0,0.461009,0.318645,0.0,0.0,0.485946,0.0,0.0,0.0,0.0,0.0,0.0,0.0,0.220363,0.264206,0.0,0.0,0.0,0.0,0.0,0.0,0.0,0.0,0.0,0.293111,0.264206,0.305079,0.305079,0.0,0.0,0.0,0.0,0.352275,0.264206,0.389624,0.562296,0.0,0.0,0.0,0.0,0.0,0.0,0.0,0.0,0.0,0.389624,0.36446,0.0,0.0,0.0,0.530995,0.0,0.334198,0.0,0.0,0.0,0.0,0.0,0.0,0.264206,0.373644,0.439555,0.0,0.282449,0.0,0.0,0.0,0.0,0.0,0.404332,0.389624,0.0,0.0,0.0,0.0,0.0,0.0,0.0,0.0,0.0,0.242452,0.0,0.0,0.0,0.318645,0.0,0.0,0.293111,0.0,0.0,0.0,0.0,0.0,0.0,0.30398,0.515424,0.0,0.0,0.0,0.810845,0.199721,0.530995,0.282449,0.581676,0.0,0.0,0.334451,0.0,0.671662,0.530995,0.0,0.0,0.0,0.293111,0.0,0.0,0.242452,0.0,0.0,0.0,0.0,0.0,0.0,0.0,0.0,0.0,0.0,0.256318,0.230618,0.282449,0.230618,0.0,0.0,0.0,0.256318,0.242452,0.0,0.389624,0.0,0.0,0.0,0.0,0.0,0.0,0.0
sedu_es_9ef-D06-01,0.0,0.0,0.0,0.0,0.0,0.0,0.0,0.0,0.158831,0.395577,0.0,0.0,0.0,0.0,0.0,0.0,0.0,0.0,0.0,0.0,0.0,0.153445,0.0,0.294756,0.0,0.0,0.0,0.0,0.0,0.0,0.0,0.0,0.0,0.763348,0.0,0.0,0.0,0.0,0.0,0.0,0.0,0.0,0.0,0.140076,0.132888,0.0,0.0,0.0,0.0,0.0,0.0,0.0,0.0,0.0,0.0,0.0,0.935414,0.395577,0.0,0.0,0.379907,0.0,0.0,0.0,0.0,0.0,0.0,0.0,0.0,0.0,0.164827,0.11655,0.13634,0.0,0.0,0.0,0.0,0.0,0.0,0.0,0.0,0.0,0.148573,0.0,0.0,0.0,0.461794,0.0,0.951286,0.164827,0.363466,0.346806,0.0,0.746858,0.0,0.0,0.0,0.0,0.0,0.129685,0.148573,0.0,0.144137,0.144137,0.187932,0.158831,0.148573,0.164827,0.148573,0.0,0.382899,0.0,0.0,0.0,0.144137,1.0,0.164827,0.449953,0.618326,0.0,0.0,0.0,0.0,0.0,0.118858,0.121309,0.13634,0.118858,0.0,0.144137,0.0,0.0,0.0,0.45471,0.0,0.153445,0.13634,0.0,0.0,0.0,0.0,0.0,0.0,0.405582,0.296768,0.57563,0.379907,0.541413,0.0,0.0,0.342679,0.419694,0.388561,0.0,0.424789,0.0,0.0,0.0,0.123918,0.148573,0.0,0.0,0.0,0.0,0.0,0.0,0.0,0.0,0.0,0.164827,0.148573,0.171557,0.171557,0.0,0.0,0.0,0.0,0.198097,0.148573,0.0,0.132888,0.0,0.309964,0.285126,0.249335,0.265438,0.257009,0.0,0.0,0.0,0.32108,0.300343,0.0,0.0,0.0,0.0,0.0,0.187932,0.0,0.0,0.0,0.0,0.0,0.0,0.148573,0.210114,0.0,0.0,0.158831,0.0,0.490458,0.309964,0.257009,0.0,0.0,0.32108,0.0,0.0,0.0,0.0,0.0,0.0,0.0,0.0,0.0,0.13634,0.0,0.0,0.0,0.179186,0.0,0.0,0.164827,0.342679,0.309964,0.0,0.0,0.0,0.0,0.31936,0.0,0.0,0.0,0.0,0.455968,0.112311,0.0,0.158831,0.0,0.0,0.395457,0.0,0.0,0.0,0.0,0.0,0.0,0.0,0.164827,0.0,0.0,0.13634,0.0,0.0,0.0,0.0,0.0,0.0,0.0,0.0,0.0,0.0,0.144137,0.129685,0.158831,0.505954,0.0,0.0,0.0,0.144137,0.13634,0.0,0.0,0.445208,0.0,0.0,0.0,0.309964,0.445208,0.0
sedu_es_9ef-D06-02,0.0,0.0,0.0,0.0,0.0,0.0,0.0,0.260465,0.151419,0.0,0.693439,0.586063,0.0,0.270797,0.0,0.411681,0.0,0.0,0.0,0.0,0.0,0.415292,0.0,0.0,0.0,0.0,0.0,0.329465,0.300759,0.329465,0.0,0.322313,0.0,0.626282,0.0,0.0,0.288286,0.0,0.278449,0.0,0.397721,0.0,0.0,0.133539,0.126687,0.0,0.0,0.0,0.0,0.0,0.0,0.0,0.245569,0.0,0.0,0.0,0.787197,0.0,0.0,0.0,0.353077,0.0,0.0,0.0,0.0,0.372176,0.353385,0.0,0.0,0.0,0.157135,0.111111,0.129978,0.0,0.0,0.0,0.0,0.0,0.0,0.0,0.260465,0.0,0.14164,0.0,0.0,0.0,0.0,0.0,0.82086,0.157135,0.0,0.0,0.0,0.249663,0.336136,0.0,0.0,0.0,0.0,0.123633,0.14164,0.0,0.137411,0.137411,0.179162,0.151419,0.402105,0.157135,0.14164,0.0,0.0,0.0,0.0,0.0,0.137411,0.5631,0.157135,0.466804,0.0,0.0,0.0,0.0,0.0,0.0,0.113312,0.115648,0.129978,0.113312,0.0,0.137411,0.0,0.0,0.0,0.111111,0.0,0.146285,0.129978,0.0,0.300759,0.0,0.0,0.0,0.0,0.14164,0.0,0.0,0.0,0.170824,0.0,0.0,0.0,0.0,0.0,0.422007,0.0,0.0,0.0,0.0,0.118136,1.0,0.0,0.329465,0.0,0.0,0.0,0.0,0.0,0.0,0.0,0.157135,0.14164,0.163552,0.163552,0.0,0.0,0.0,0.0,0.188853,0.14164,0.0,0.376349,0.0,0.0,0.0,0.0,0.0,0.0,0.0,0.0,0.0,0.0,0.0,0.0,0.0,0.0,0.0,0.0,0.179162,0.0,0.0,0.0,0.0,0.0,0.0,0.14164,0.200309,0.0,0.0,0.151419,0.0,0.0,0.336645,0.0,0.0,0.309669,0.0,0.0,0.0,0.0,0.0,0.0,0.0,0.0,0.0,0.0,0.129978,0.0,0.0,0.0,0.710416,0.0,0.0,0.157135,0.0,0.0,0.0,0.0,0.0,0.0,0.0,0.394752,0.0,0.0,0.0,0.0,0.10707,0.0,0.151419,0.0,0.0,0.0,0.0,0.0,0.0,0.0,0.0,0.0,0.0,0.157135,0.0,0.0,0.129978,0.0,0.0,0.0,0.0,0.0,0.0,0.0,0.0,0.0,0.0,0.137411,0.123633,0.151419,0.123633,0.0,0.0,0.0,0.137411,0.129978,0.0,0.0,0.0,0.0,0.0,0.0,0.0,0.0,0.0
sedu_es_9ef-D06-03,0.0,0.0,0.300224,0.0,0.0,0.0,0.0,0.0,0.11062,0.0,0.188535,0.421398,0.0,0.197832,0.0,0.0,0.0,0.0,0.0,0.0,0.0,0.106869,0.0,0.0,0.226948,0.0,0.0,0.0,0.0,0.0,0.0,0.235467,0.0,1.0,0.195152,0.0,0.210608,0.0,0.0,0.0,0.31007,0.0,0.0,0.097557,0.092551,0.0,0.0,0.0,0.177097,0.0,0.429983,0.0,0.0,0.0,0.268528,0.0,0.834028,0.0,0.0,0.0,0.257941,0.0,0.0,0.0,0.0,0.271894,0.275504,0.0,0.0,0.0,0.114796,0.081173,0.094955,0.0,0.0,0.0,0.0,0.0,0.0,0.0,0.0,0.0,0.103475,0.0,0.0,0.0,0.0,0.0,0.799013,0.114796,0.25314,0.0,0.0,0.182392,0.262057,0.0,0.0,0.0,0.0,0.090321,0.103475,0.0,0.100386,0.100386,0.130887,0.305772,0.103475,0.114796,0.103475,0.0,0.0,0.0,0.0,0.0,0.100386,0.696461,0.114796,0.539604,0.531648,0.0,0.0,0.0,0.0,0.0,0.344263,0.084487,0.094955,0.307844,0.0,0.100386,0.0,0.0,0.0,0.224375,0.0,0.106869,0.094955,0.0,0.0,0.0,0.0,0.220161,0.0,0.282472,0.206688,0.184867,0.0,0.124796,0.163276,0.0,0.238662,0.292301,0.270618,0.308299,0.295849,0.0,0.0,0.247078,0.086304,0.103475,0.0,0.0,0.195152,0.230907,0.0,0.0,0.0,0.0,0.0,0.317314,0.286023,0.330271,0.119483,0.0,0.0,0.0,0.0,0.137967,0.103475,0.0,0.274943,0.0,0.215878,0.198579,0.173652,0.184867,0.178997,0.0,0.0,0.0,0.0,0.0,0.0,0.0,0.0,0.0,0.0,0.130887,0.0,0.0,0.0,0.0,0.0,0.0,0.103475,0.146336,0.362084,0.379757,0.11062,0.0,0.0,0.461816,0.178997,0.0,0.226229,0.0,0.0,0.0,0.0,0.0,0.0,0.0,0.0,0.234645,0.0,0.094955,0.0,0.0,0.0,0.124796,0.0,0.0,0.114796,0.238662,0.215878,0.0,0.0,0.0,0.0,0.402659,0.288387,0.0,0.0,0.0,0.0,0.290885,0.0,0.11062,0.0,0.0,0.0,0.0,0.0,0.0,0.0,0.0,0.0,0.0,0.426903,0.0,0.0,0.094955,0.0,0.0,0.0,0.0,0.0,0.0,0.0,0.0,0.0,0.0,0.100386,0.090321,0.11062,0.090321,0.0,0.0,0.0,0.100386,0.094955,0.243397,0.0,0.0,0.0,0.0,0.0,0.215878,0.0,0.0
sedu_es_9ef-D06-04,0.0,0.0,0.0,0.0,0.0,0.0,0.0,0.0,0.310217,0.826376,0.0,0.0,0.310217,0.281518,0.0,0.61142,0.0,0.0,0.0,0.0,0.0,0.0,0.0,0.0,0.0,0.0,0.0,0.0,0.0,0.0,0.0,0.0,0.335073,0.554854,0.0,0.281518,0.299698,0.0,0.0,0.0,0.590687,0.0,0.0,0.0,0.0,0.0,0.0,0.0,0.0,0.0,0.0,0.0,0.0,0.0,0.463129,0.0,0.571931,0.266289,0.266289,0.273586,0.367054,0.0,0.0,0.0,0.0,0.386909,1.0,0.0,0.0,0.0,0.0,0.0,0.0,0.0,0.0,0.0,0.0,0.0,0.0,0.0,0.0,0.0,0.0,0.0,0.0,0.0,0.0,0.0,0.440272,0.321928,0.410379,0.335073,0.0,0.259546,0.95119,0.0,0.0,0.0,0.0,0.0,0.517794,0.0,0.0,0.0,0.0,0.0,0.0,0.0,0.0,0.0,0.0,0.0,0.0,0.0,0.0,0.61142,0.321928,0.321928,0.321928,0.0,0.349972,0.0,0.0,0.0,0.0,0.0,0.0,0.0,0.0,0.0,0.0,0.0,0.0,0.0,0.0,0.0,0.0,0.0,0.0,0.0,0.0,0.0,0.0,0.0,0.0,0.0,0.367054,0.0,0.0,0.0,0.386909,0.0,0.0,0.0,0.0,0.0,0.0,0.0,0.0,0.0,0.0,0.0,0.0,0.0,0.0,0.0,0.0,0.0,0.0,0.0,0.0,0.0,0.0,0.0,0.957568,0.0,0.0,0.0,0.0,0.310217,0.259546,0.0,0.0,0.0,0.0,0.0,0.0,0.0,0.0,0.0,0.310217,0.290182,0.0,0.0,0.0,0.0,0.0,0.0,0.0,0.0,0.0,0.0,0.0,0.0,0.0,0.0,0.349972,0.0,0.0,0.0,0.0,0.0,0.0,0.0,0.321928,0.310217,0.0,0.0,0.0,0.0,0.0,0.0,0.451968,0.0,0.0,0.0,0.0,0.0,0.0,0.0,0.0,0.0,0.0,0.0,0.0,0.0,0.0,0.0,0.0,0.242028,0.410379,0.0,0.0,0.0,0.0,0.0,0.0,0.0,0.0,0.0,0.0,0.266289,0.0,0.0,0.0,0.0,0.0,0.0,0.0,0.0,0.0,0.0,0.0,0.0,0.0,0.0,0.654964,0.0,0.0,0.0,0.0,0.0,0.0,0.0,0.0,0.0,0.0,0.0,0.0,0.0,0.0,0.0,0.310217,0.630357,0.0,0.0,0.0,0.0,0.630357,0.0
sedu_es_9ef-D07-01,0.0,0.0,0.0,0.0,0.0,0.0,0.0,0.0,0.0,0.0,0.0,0.0,0.289268,0.262507,0.270641,0.0,0.0,0.0,0.0,0.0,0.0,0.0,0.312629,0.269068,0.26422,0.0,0.0,0.0,0.0,0.0,0.0,0.0,0.0,0.0,0.0,0.262507,0.27946,0.320226,0.0,0.0,0.0,0.0,0.0,0.0,0.0,0.0,0.0,0.0,0.0,0.0,0.0,0.27946,0.255111,0.0,0.0,0.0,0.0,0.248306,0.248306,0.547436,0.0,0.0,0.41341,0.331466,0.0,0.0,0.0,0.0,0.373663,0.0,0.0,0.0,0.0,0.0,0.0,0.0,0.476731,0.0,0.270586,0.236186,0.445014,0.0,0.0,0.0,0.0,0.0,0.0,0.0,0.0,0.0,0.0,0.0,0.292325,0.0,0.0,0.0,0.0,0.0,0.0,0.0,0.0,0.0,0.0,0.0,0.0,0.0,0.0,0.0,0.0,0.0,0.0,0.0,0.702218,0.0,0.0,0.0,0.0,0.0,0.438529,0.320226,0.0,0.0,0.0,0.0,0.0,0.0,0.0,0.595852,0.0,0.0,0.551964,0.0,0.0,0.0,0.0,0.0,0.0,0.0,0.0,0.0,0.0,0.0,0.0,0.0,0.0,0.0,1.0,0.0,0.0,0.48429,0.0,0.0,0.0,0.0,0.438529,0.0,0.0,0.0,0.0,0.0,0.0,0.0,0.0,0.0,0.0,0.0,0.0,0.0,0.0,0.0,0.0,0.0,0.0,0.0,0.0,0.0,0.0,0.0,0.0,0.0,0.0,0.0,0.0,0.0,0.0,0.0,0.0,0.0,0.0,0.312445,0.0,0.270586,0.438488,0.0,0.387768,0.0,0.0,0.0,0.0,0.0,0.0,0.0,0.528439,0.0,0.0,0.0,0.0,0.0,0.0,0.0,0.0,0.0,0.0,0.0,0.0,0.331466,0.326339,0.360781,0.0,0.0,0.0,0.0,0.0,0.0,0.238683,0.0,0.0,0.0,0.0,0.0,0.0,0.0,0.0,0.0,0.0,0.597614,0.711845,0.27946,0.0,0.0,0.0,0.0,0.0,0.0,0.0,0.0,0.0,0.0,0.0,0.0,0.0,0.0,0.0,0.0,0.0,0.0,0.0,0.0,0.0,0.0,0.0,0.0,0.0,0.5,0.0,0.0,0.0,0.0,0.0,0.0,0.0,0.0,0.0,0.0,0.47574,0.38844,0.0,0.0,0.0,0.0,0.0,0.0,0.0,0.0,0.343978,0.0,0.0,0.0,0.0,0.0
sedu_es_9ef-D07-02,0.0,0.0,0.0,0.0,0.0,0.0,0.0,0.0,0.0,0.0,0.0,0.0,0.0,0.0,0.0,0.0,0.0,0.0,0.0,0.0,0.0,0.0,0.0,0.0,0.0,0.0,0.0,0.0,0.0,0.0,0.0,0.0,0.0,0.0,0.0,0.0,0.0,0.0,0.0,0.0,0.0,0.0,0.0,0.0,0.0,0.0,0.0,0.0,0.0,0.0,0.0,0.0,0.0,0.0,0.0,0.0,0.0,0.0,0.0,0.0,0.589153,0.0,0.0,0.0,0.0,0.0,0.0,0.0,0.0,0.0,0.0,0.0,0.0,0.0,0.0,0.0,0.0,0.0,0.0,0.0,0.0,0.0,0.0,0.0,0.0,0.0,0.0,0.0,0.358547,0.0,0.0,0.537821,0.0,0.416594,0.0,0.0,0.0,0.0,0.0,0.0,0.0,0.0,0.0,0.0,0.0,0.0,0.0,0.0,0.0,0.0,0.0,0.0,0.0,0.494183,0.0,0.0,0.0,0.0,0.516722,0.0,0.0,0.0,0.0,0.0,0.0,0.0,0.0,0.0,0.0,0.0,0.0,0.0,0.0,0.0,0.0,0.0,0.0,0.0,0.0,0.0,0.577082,0.0,0.0,0.0,0.0,0.481042,0.589153,0.561736,0.0,0.0,0.0,0.0,0.0,0.0,0.694958,0.382793,0.0,0.0,0.0,0.0,0.0,0.0,0.0,0.0,0.676689,0.494183,0.577082,0.552514,0.494183,0.0,0.0,0.0,0.0,0.0,0.0,0.0,0.0,0.0,0.0,0.0,0.0,0.0,0.0,0.0,0.0,0.0,0.0,0.723335,0.0,0.0,0.497925,0.465767,0.676689,0.0,0.0,0.0,0.0,0.0,0.0,0.0,0.0,0.0,0.0,0.0,0.0,0.0,0.0,0.0,0.0,0.0,0.760594,0.0,0.0,0.0,0.0,0.497925,0.0,0.0,0.0,0.0,0.0,0.0,0.0,0.0,0.996832,0.613455,0.0,0.0,0.0,0.0,0.723411,0.0,0.0,0.0,0.0,0.0,0.0,0.0,0.694958,0.557565,0.0,0.0,0.0,0.0,0.0,0.0,0.0,0.0,0.0,0.0,0.0,0.0,0.0,0.0,0.0,0.0,0.0,0.0,0.0,0.0,0.0,0.0,0.0,0.0,0.0,0.0,0.0,0.0,0.0,0.605249,0.0,0.0,0.0,0.0,0.0,0.0,0.0,0.0,0.0,0.0,0.0,0.0,0.0,0.0,0.0,0.0,0.0,1.0,0.0,0.0
sedu_es_9ef-D07-03,0.0,0.0,0.0,0.0,0.0,0.0,0.0,0.0,0.0,0.412,0.0,0.0,0.0,0.550645,0.0,0.0,0.0,0.0,0.0,0.0,0.0,0.0,0.0,0.0,0.0,0.0,0.0,0.0,0.0,0.0,0.0,0.352127,0.0,0.0,0.0,0.0,0.586207,0.0,0.0,0.0,0.0,0.0,0.0,0.0,0.0,0.0,0.0,0.0,0.0,0.0,0.0,0.0,0.0,0.0,0.0,0.0,0.0,0.0,0.0,0.247621,0.717954,0.0,0.0,0.0,0.0,0.406601,0.0,0.0,0.0,0.0,0.0,0.0,0.0,0.0,0.0,0.0,0.0,0.0,0.0,0.0,0.0,0.0,0.0,0.0,0.0,0.0,0.0,0.0,0.234751,0.0,0.0,0.0,0.0,0.272756,0.0,0.0,0.0,0.0,0.0,0.0,0.0,0.0,0.0,0.0,0.0,0.0,0.0,0.0,0.0,0.0,0.0,0.0,0.0,0.331897,0.0,0.0,0.0,0.338313,0.0,0.0,0.0,0.0,0.0,0.0,0.0,0.0,0.0,0.319037,0.0,0.0,0.0,0.0,0.0,0.0,0.0,0.0,0.0,0.0,0.0,0.0,0.387572,0.0,0.0,0.0,0.303272,0.0,0.504442,0.0,0.0,0.219058,0.0,0.0,0.0,0.461042,0.0,0.257086,0.0,0.0,0.0,0.0,0.0,0.0,0.0,0.0,0.454469,0.331897,0.387572,0.371072,0.331897,0.0,0.0,0.0,0.0,0.0,0.0,0.0,0.0,0.0,0.0,0.0,0.272756,0.0,0.0,0.291375,0.2548,0.271255,0.262641,0.303272,0.0,0.0,0.280776,0.262641,0.454469,0.0,0.0,0.0,0.0,0.0,0.0,0.0,0.0,0.0,0.0,0.0,0.0,0.0,0.0,0.0,0.0,0.0,0.428892,0.367785,0.0,0.0,0.338313,0.280776,0.0,0.0,0.0,0.0,0.0,0.0,0.0,0.0,0.202182,0.0,0.0,0.0,0.0,0.0,0.485848,0.0,0.0,0.0,0.0,1.0,0.707107,0.271255,0.0,0.0,0.431266,0.0,0.0,0.0,0.0,0.0,0.0,0.0,0.0,0.0,0.0,0.0,0.0,0.0,0.0,0.0,0.0,0.0,0.0,0.0,0.0,0.0,0.0,0.83666,0.0,0.0,0.0,0.0,0.0,0.406489,0.0,0.0,0.0,0.0,0.0,0.0,0.0,0.0,0.0,0.0,0.0,0.0,0.0,0.463691,0.0,0.0,0.0,0.0,0.463691,0.0
sedu_es_9ef-D07-04,0.0,0.0,0.0,0.0,0.0,0.0,0.0,0.0,0.0,0.0,0.0,0.0,0.0,0.0,0.0,0.0,0.0,0.0,0.477549,0.0,0.0,0.0,0.0,0.0,0.0,0.0,0.0,0.0,0.0,0.0,0.0,0.0,0.0,0.0,0.0,0.0,0.0,0.0,0.0,0.0,0.0,0.503381,0.0,0.0,0.0,0.0,0.0,0.0,0.0,0.0,0.0,0.0,0.0,0.0,0.0,0.0,0.0,0.0,0.0,0.0,0.0,0.0,0.0,0.0,0.0,0.0,0.0,0.0,0.403603,0.0,0.0,0.0,0.0,0.0,0.456778,0.0,0.476731,0.0,0.0,0.0,0.0,0.0,0.377536,0.0,0.0,0.0,0.584312,0.0,0.0,0.0,0.0,0.0,0.0,0.0,0.0,0.296163,0.0,0.389917,0.0,0.0,0.0,0.0,0.0,0.0,0.0,0.0,0.0,0.0,0.0,0.0,0.0,0.0,0.372678,0.328975,0.0,0.0,0.0,0.0,0.438529,0.0,0.0,0.0,0.0,0.0,0.0,0.0,0.0,0.316228,0.0,0.0,0.0,0.0,0.0,0.0,0.0,0.0,0.0,0.0,0.0,0.0,0.38416,0.0,0.0,0.0,0.0,0.0,1.0,0.0,0.0,0.0,0.0,0.0,0.0,0.0,0.438529,0.254823,0.0,0.0,0.0,0.0,0.0,0.0,0.0,0.0,0.450467,0.328975,0.38416,0.367805,0.328975,0.0,0.0,0.0,0.0,0.0,0.0,0.0,0.0,0.0,0.0,0.0,0.0,0.0,0.0,0.0,0.0,0.0,0.0,0.0,0.0,0.0,0.0,0.0,0.450467,0.0,0.0,0.0,0.0,0.0,0.0,0.0,0.0,0.0,0.0,0.0,0.0,0.0,0.0,0.0,0.0,0.0,0.0,0.0,0.0,0.0,0.0,0.0,0.0,0.0,0.0,0.0,0.0,0.0,0.0,0.0,0.0,0.0,0.0,0.0,0.0,0.0,0.48157,0.0,0.0,0.0,0.0,0.597614,0.422577,0.0,0.0,0.0,0.0,0.0,0.0,0.0,0.0,0.0,0.0,0.0,0.0,0.0,0.0,0.0,0.0,0.0,0.0,0.0,0.0,0.0,0.0,0.0,0.0,0.0,0.0,0.5,0.0,0.0,0.0,0.0,0.0,0.40291,0.0,0.0,0.0,0.0,0.0,0.0,0.0,0.0,0.0,0.0,0.0,0.0,0.0,0.0,0.0,0.0,0.0,0.0,0.0,0.0
sedu_es_9ef-D08-01,0.0,0.0,0.0,0.0,0.0,0.0,0.161268,0.0,0.187197,0.102607,0.0,0.0,0.0,0.170491,0.055246,0.067663,0.073084,0.070217,0.0,0.0,0.0,0.0,0.0,0.0,0.0,0.211948,0.0,0.0,0.0,0.0,0.129111,0.129111,0.129111,0.0,0.0,0.0,0.0,0.178676,0.067663,0.058081,0.065368,0.0,0.0,0.0,0.148997,0.0,0.0,0.0,0.0,0.0,0.0,0.065368,0.059673,0.0,0.100009,0.0,0.0,0.0,0.0,0.0,0.0,0.113221,0.306501,0.067663,0.056611,0.0,0.058081,0.067663,0.0,0.0,0.0,0.160168,0.0,0.0,0.0,0.0,0.0,0.0,0.063293,0.055246,0.0,0.08006,0.0,0.149085,0.100009,0.0,0.0,0.0,0.0,0.0,0.313281,0.0,0.059673,0.213796,0.055246,0.049651,0.058081,0.0,0.0,0.0,0.0,0.0,0.0,0.0,0.0,0.0,0.0,0.0,0.0,0.178219,0.0,0.0,0.0,0.0,0.0,0.0,0.0,0.245758,0.245758,0.065368,0.132315,0.0,0.0,0.0,0.0,0.0,0.0,0.0,0.0,0.0,0.0,0.0,0.0,0.0,0.0,0.0,0.0,0.0,0.0,0.0,0.0,0.132315,0.113307,0.39663,0.328877,0.294156,0.0,0.0,0.0,0.05279,0.233475,0.285947,0.264736,0.0,0.070217,0.0,0.0,0.0,0.13894,0.0,0.0,0.0,0.0,0.0,0.0,0.0,0.0,0.0,0.0,0.0,0.0,0.0,0.0,0.0,0.141434,0.141434,0.0,0.0,0.109709,0.117284,0.18262,0.0,0.134852,0.379071,0.529567,0.352896,1.0,0.328877,0.076334,0.073084,0.0,0.063293,0.089509,0.0,0.0,0.0,0.0,0.0,0.0,0.0,0.0,0.0,0.0,0.0,0.0,0.0,0.134852,0.141434,0.0,0.0,0.0,0.402019,0.39663,0.0,0.0,0.067663,0.076334,0.318708,0.0,0.0,0.0,0.061403,0.0,0.05279,0.133177,0.0,0.0,0.0,0.0,0.0,0.0,0.0,0.0,0.149085,0.134852,0.0,0.0,0.0,0.315975,0.05279,0.0,0.058081,0.089509,0.0,0.0,0.17377,0.051678,0.0,0.0,0.205607,0.0,0.0,0.166583,0.0,0.051678,0.0,0.0,0.416109,0.0,0.0,0.0,0.0,0.061403,0.0,0.153397,0.0,0.0,0.0,0.067663,0.0,0.0,0.067663,0.170491,0.0,0.0,0.0,0.0,0.0,0.0,0.0,0.0,0.0,0.067663,0.324178,0.245758,0.0,0.0,0.134852,0.181501,0.0
sedu_es_9ef-D08-02,0.227183,0.0,0.234174,0.0,0.0,0.0,0.0,0.0,0.404637,0.347338,0.0,0.0,0.409103,0.603992,0.0,0.0,0.0,0.259793,0.0,0.0,0.0,0.0,0.0,0.0,0.177019,0.0,0.0,0.0,0.0,0.0,0.243156,0.243156,0.437058,0.227183,0.0,0.371255,0.642999,0.0,0.0,0.214893,0.0,0.0,0.0,0.0,0.0,0.0,0.0,0.0,0.0,0.0,0.0,0.2218,0.202475,0.0,0.188348,0.0,0.0,0.351172,0.351172,1.0,0.212409,0.0,0.0,0.0,0.0,0.223899,0.0,0.0,0.0,0.0,0.0,0.0,0.0,0.0,0.362532,0.0,0.0,0.0,0.214757,0.187455,0.0,0.0,0.0,0.680293,0.456354,0.0,0.463753,0.0,0.0,0.186295,0.535285,0.193902,0.0,0.364769,0.0,0.183701,0.214893,0.0,0.0,0.0,0.0,0.0,0.0,0.0,0.0,0.0,0.0,0.0,0.0,0.261547,0.0,0.0,0.0,0.0,0.232737,0.506807,0.186295,0.419912,0.419912,0.0,0.202524,0.0,0.0,0.0,0.0,0.0,0.0,0.0,0.0,0.0,0.0,0.0,0.0,0.0,0.0,0.0,0.0,0.0,0.0,0.0,0.0,0.289331,0.0,0.421159,0.243156,0.217485,0.212409,0.0,0.209452,0.429037,0.504671,0.343874,0.318366,0.0,0.266145,0.0,0.0,0.0,0.0,0.438079,0.0,0.0,0.0,0.0,0.0,0.0,0.0,0.0,0.0,0.0,0.0,0.0,0.0,0.0,0.266364,0.266364,0.0,0.0,0.0,0.179518,0.150196,0.0,0.615348,0.233617,0.204292,0.217485,0.661059,0.520169,0.0,0.24798,0.179518,0.622581,0.0,0.0,0.259793,0.0,0.0,0.0,0.0,0.0,0.0,0.0,0.0,0.0,0.0,0.0,0.738917,0.562574,0.0,0.0,0.0,0.507936,0.859238,0.0,0.186295,0.179518,0.259006,0.286342,0.0,0.0,0.0,0.227183,0.0,0.0,0.0,0.0,0.0,0.0,0.0,0.0,0.0,0.0,0.0,0.680293,0.253968,0.0,0.229585,0.2218,0.233617,0.140058,0.23748,0.0,0.0,0.0,0.0,0.0,0.0,0.0,0.0,0.0,0.0,0.154098,0.0,0.0,0.0,0.0,0.0,0.0,0.0,0.0,0.0,0.0,0.0,0.0,0.0,0.0,0.0,0.0,0.0,0.0,0.0,0.0,0.0,0.209402,0.0,0.0,0.0,0.0,0.0,0.0,0.0,0.319867,0.179518,0.0,0.233617,0.0,0.0,0.253968,0.0,0.0
sedu_es_9ef-D08-03,0.0,0.0,0.0,0.0,0.0,0.0,0.0,0.0,0.344155,0.188641,0.0,0.0,0.0,0.0,0.101569,0.124396,0.134363,0.129092,0.0,0.0,0.0,0.0,0.0,0.0,0.0,0.0,0.0,0.0,0.0,0.0,0.237367,0.237367,0.237367,0.0,0.0,0.0,0.0,0.32849,0.124396,0.106781,0.120178,0.0,0.0,0.0,0.0,0.0,0.0,0.0,0.0,0.0,0.0,0.120178,0.109707,0.0,0.183864,0.0,0.0,0.0,0.0,0.0,0.0,0.208154,0.155149,0.124396,0.104077,0.0,0.106781,0.124396,0.0,0.0,0.0,0.0,0.0,0.0,0.0,0.0,0.0,0.0,0.116362,0.101569,0.0,0.147187,0.0,0.664098,0.44549,0.0,0.0,0.0,0.0,0.0,0.575958,0.0,0.109707,0.104077,0.101569,0.091282,0.106781,0.0,0.0,0.0,0.0,0.0,0.0,0.0,0.0,0.0,0.0,0.0,0.0,0.255321,0.0,0.0,0.0,0.0,0.0,0.0,0.0,0.451818,0.451818,0.120178,0.243256,0.0,0.0,0.0,0.0,0.0,0.0,0.0,0.0,0.0,0.0,0.0,0.0,0.0,0.0,0.0,0.0,0.0,0.0,0.0,0.0,0.243256,0.208312,0.729191,0.60463,0.540798,0.0,0.0,0.0,0.34102,0.429237,0.525706,0.486709,0.0,0.129092,0.0,0.0,0.0,0.0,0.0,0.0,0.0,0.0,0.0,0.0,0.0,0.0,0.0,0.0,0.0,0.0,0.0,0.0,0.0,0.260023,0.260023,0.0,0.0,0.201697,0.215624,0.0,0.0,0.600699,0.357147,0.312316,0.332486,0.729191,0.60463,0.140337,0.134363,0.0,0.116362,0.16456,0.0,0.0,0.0,0.0,0.0,0.0,0.0,0.0,0.0,0.0,0.0,0.0,0.0,0.247922,0.260023,0.0,0.0,0.0,0.739101,1.0,0.0,0.0,0.124396,0.140337,0.155149,0.474435,0.0,0.0,0.37561,0.0,0.322922,0.244842,0.0,0.0,0.0,0.0,0.0,0.0,0.0,0.0,0.664098,0.57453,0.0,0.0,0.0,0.58091,0.097052,0.0,0.106781,0.16456,0.0,0.0,0.292673,0.316123,0.0,0.0,0.104077,0.0,0.0,0.0,0.0,0.316123,0.0,0.0,0.0,0.0,0.0,0.0,0.0,0.112887,0.0,0.0,0.0,0.0,0.0,0.124396,0.0,0.0,0.413902,0.0,0.0,0.0,0.0,0.0,0.0,0.0,0.0,0.0,0.0,0.124396,0.208312,0.451818,0.0,0.0,0.247922,0.0,0.0
sedu_es_9ef-D08-04,0.0,0.0,0.0,0.0,0.0,0.0,0.0,0.0,0.297496,0.163065,0.0,0.0,0.0,0.196394,0.087798,0.10753,0.116146,0.11159,0.0,0.0,0.0,0.0,0.209379,0.180205,0.176958,0.0,0.0,0.0,0.0,0.0,0.205186,0.438942,0.205186,0.0,0.0,0.0,0.209078,0.283954,0.10753,0.092304,0.103884,0.0,0.0,0.0,0.0,0.280997,0.376997,0.0,0.0,0.0,0.0,0.103884,0.094833,0.0,0.158936,0.293699,0.0,0.0,0.0,0.0,0.256067,0.179933,0.134114,0.10753,0.089966,0.269918,0.092304,0.10753,0.250256,0.0,0.0,0.0,0.0,0.0,0.0,0.0,0.0,0.0,0.100586,0.087798,0.0,0.127232,0.0,0.236928,0.158936,0.0,0.0,0.0,0.155837,0.0,0.497871,0.0,0.094833,0.271033,0.087798,0.078906,0.092304,0.0,0.0,0.0,0.0,0.0,0.0,0.0,0.0,0.0,0.0,0.0,0.0,0.0,0.0,0.0,0.220705,0.0,0.0,0.0,0.0,0.615147,0.390562,0.103884,0.210276,0.0,0.0,0.0,0.0,0.0,0.0,0.187274,0.0,0.0,0.0,0.0,0.0,0.0,0.0,0.0,0.273502,0.0,0.0,0.0,0.0,0.210276,0.18007,0.630329,0.522656,0.467478,0.0,0.0,0.0,0.083894,0.371042,0.454432,0.420722,0.306058,0.11159,0.0,0.0,0.0,0.0,0.0,0.0,0.0,0.0,0.0,0.0,0.0,0.0,0.0,0.0,0.0,0.0,0.0,0.0,0.0,0.22477,0.22477,0.0,0.0,0.174352,0.18639,0.181066,0.0,0.21431,0.896124,0.783638,0.834246,0.895066,0.522656,0.121311,0.116146,0.0,0.100586,0.142249,0.0,0.259703,0.0,0.0,0.0,0.0,0.0,0.0,0.0,0.353915,0.0,0.0,0.0,0.21431,0.22477,0.0,0.0,0.0,0.883045,1.0,0.0,0.224585,0.10753,0.121311,0.134114,0.293699,0.0,0.0,0.097582,0.0,0.083894,0.211647,0.339233,0.0,0.0,0.0,0.0,0.0,0.0,0.0,0.236928,0.21431,0.0,0.0,0.0,0.502152,0.083894,0.286291,0.092304,0.142249,0.0,0.0,0.076036,0.082128,0.0,0.0,0.326754,0.0,0.0,0.0,0.0,0.082128,0.0,0.0,0.0,0.0,0.0,0.0,0.0,0.097582,0.0,0.0,0.0,0.0,0.0,0.10753,0.0,0.0,0.10753,0.0,0.0,0.0,0.0,0.0,0.0,0.0,0.0,0.0,0.0,0.10753,0.18007,0.390562,0.0,0.0,0.21431,0.0,0.0
sedu_es_9ef-D09-01,0.306133,0.0,0.0,0.0,0.0,0.0,0.271023,0.0,0.175363,0.0,0.342479,0.289448,0.0,0.313619,0.0,0.0,0.0,0.0,0.0,0.0,0.436103,0.169417,0.0,0.0,0.0,0.356194,0.0,0.0,0.0,0.0,0.0,0.737652,0.364371,0.321703,0.3545,0.0,0.333873,0.0,0.0,0.0,0.0,0.0,0.0,0.445392,0.422535,0.0,0.373579,0.0,0.0,0.0,0.0,0.0,0.0,0.0,0.282241,0.0,0.495642,0.0,0.0,0.0,0.408909,0.0,0.0,0.0,0.0,0.431028,0.0,0.0,0.55393,0.0,0.524091,0.370588,0.737813,0.0,0.27845,0.0,0.0,0.0,0.0,0.0,0.0,0.0,0.164037,0.393787,0.282241,0.0,0.0,0.0,0.630399,0.181983,0.0,0.0,0.0,0.289142,0.0,0.0,0.282981,0.535147,0.0,0.412352,0.472409,0.0,0.445662,0.15914,0.207493,0.175363,0.164037,0.181983,0.164037,0.0,0.0,0.0,0.0,0.0,0.569271,0.627306,0.181983,0.54062,0.0,0.0,0.0,0.0,0.0,0.0,1.0,0.749867,0.150531,0.367502,0.0,0.445662,0.29534,0.373579,0.289573,0.128681,0.0,0.169417,0.150531,0.0,0.0,0.0,0.0,0.0,0.0,0.164037,0.0,0.0,0.0,0.197836,0.296596,0.0,0.0,0.0,0.0,0.488739,0.0,0.0,0.558617,0.483776,0.413394,0.479592,0.0,0.0,0.0,0.0,0.0,0.0,0.0,0.0,0.0,0.181983,0.164037,0.189414,0.189414,0.0,0.0,0.399149,0.0,0.218716,0.586791,0.451943,0.435862,0.34103,0.0,0.0,0.0,0.0,0.0,0.0,0.0,0.0,0.0,0.0,0.0,0.0,0.0,0.25765,0.0,0.207493,0.0,0.0,0.0,0.0,0.0,0.0,0.164037,0.231984,0.0,0.0,0.175363,0.0,0.515299,0.389879,0.0,0.0,0.686287,0.0,0.0,0.0,0.0,0.806443,0.0,0.0,0.0,0.0,0.0,0.150531,0.0,0.0,0.0,0.197836,0.0,0.0,0.181983,0.0,0.0,0.0,0.0,0.0,0.0,0.352601,0.457174,0.541716,0.0,0.0,0.0,0.694242,0.0,0.175363,0.282241,0.0,0.0,0.271023,0.0,0.0,0.0,0.26416,0.0,0.0,0.509634,0.0,0.0,0.150531,0.0,0.0,0.257794,0.0,0.0,0.0,0.0,0.0,0.0,0.0,0.15914,0.143183,0.175363,0.418622,0.0,0.0,0.0,0.465273,0.440104,0.0,0.0,0.305026,0.0,0.0,0.0,0.0,0.0,0.0
sedu_es_9ef-D09-02,0.0,0.0,0.0,0.0,0.0,0.0,0.0,0.0,0.328855,0.320477,0.21931,0.490185,0.0,0.0,0.163445,0.0,0.0,0.0,0.0,0.0,0.0,0.124314,0.167481,0.144145,0.141547,0.0,0.0,0.0,0.0,0.0,0.0,0.0,0.0,0.54481,0.227008,0.0,0.0,0.0,0.0,0.171832,0.193391,0.0,0.0,0.113482,0.107659,0.176541,0.0,0.0,0.387665,0.0,0.0,0.0,0.0,0.0,0.167481,0.0,0.332713,0.0,0.0,0.0,0.0,0.0,0.0,0.0,0.0,0.0,0.0,0.0,0.0,0.0,0.133534,0.094423,0.110456,0.18725,0.0,0.0,0.0,0.0,0.0,0.0,0.0,0.0,0.120366,0.0,0.0,0.0,0.0,0.0,0.256122,0.133534,0.0,0.0,0.0,0.0,0.0,0.0,0.0,0.0,0.0,0.105064,0.120366,0.176541,0.298431,0.116772,0.389107,0.555863,0.120366,0.133534,0.120366,0.0,0.0,0.0,0.0,0.0,0.533507,0.587896,0.133534,0.133534,0.0,0.0,0.0,0.0,0.0,0.0,0.096293,0.098279,0.282288,0.096293,0.0,0.537002,0.0,0.0,0.171832,0.261001,0.0,0.124314,0.110456,0.0,0.0,0.0,0.0,1.0,0.0,0.328582,0.0,0.0,0.543356,0.145167,0.376162,0.0,0.0,0.0,0.0,0.0,0.0,0.0,0.0,0.0,0.100392,0.120366,0.0,0.0,0.427186,0.505453,0.0,0.0,0.0,0.216217,0.0,0.576846,0.519962,0.600401,0.138987,0.0,0.0,0.0,0.0,0.160488,0.549927,0.459219,0.107659,0.0,0.0,0.0,0.0,0.0,0.0,0.0,0.0,0.0,0.0,0.0,0.0,0.0,0.0,0.0,0.0,0.152253,0.0,0.0,0.0,0.0,0.0,0.572747,0.549927,0.170224,0.0,0.0,0.587896,0.0,0.0,0.0,0.0,0.0,0.0,0.0,0.0,0.0,0.0,0.0,0.0,0.0,0.0,0.0,0.0,0.110456,0.0,0.0,0.0,0.145167,0.0,0.0,0.133534,0.0,0.0,0.0,0.0,0.0,0.0,0.826666,0.0,0.0,0.0,0.0,0.0,0.090988,0.0,0.128677,0.0,0.0,0.0,0.0,0.0,0.0,0.0,0.0,0.0,0.0,0.133534,0.0,0.0,0.504647,0.0,0.0,0.0,0.236854,0.0,0.0,0.0,0.0,0.0,0.0,0.533507,0.480015,0.587896,0.105064,0.0,0.0,0.0,0.533507,0.504647,0.283128,0.0,0.575729,0.0,0.0,0.0,0.0,0.360685,0.0
sedu_es_9ef-D09-03,0.0,0.0,0.0,0.0,0.0,0.0,0.0,0.0,0.0,0.0,0.276169,0.233405,0.0,0.0,0.0,0.0,0.0,0.0,0.0,0.0,0.0,0.0,0.0,0.0,0.0,0.0,0.0,0.0,0.0,0.0,0.0,0.0,0.0,0.259415,0.868988,0.0,0.0,0.0,0.0,0.0,0.0,0.0,0.0,0.0,0.0,0.0,0.0,0.0,0.259415,0.0,0.0,0.0,0.0,0.0,0.0,0.0,0.267399,0.0,0.0,0.0,0.0,0.0,0.0,0.0,0.0,0.0,0.0,0.0,0.0,0.0,0.605138,0.0,0.0,0.0,0.0,0.0,0.0,0.0,0.0,0.0,0.0,0.0,0.0,0.0,0.0,0.0,0.0,0.0,0.205844,0.0,0.0,0.0,0.0,0.0,0.0,0.0,0.0,0.0,0.0,0.0,0.0,0.0,0.0,0.0,0.0,0.285862,0.0,0.0,0.0,0.0,0.0,0.0,0.0,0.0,0.903745,0.995878,0.0,0.0,0.0,0.0,0.0,0.0,0.0,0.0,0.0,0.0,0.0,0.0,0.0,0.0,0.0,0.0,0.0,0.209765,0.0,0.0,0.0,0.0,0.0,0.0,0.0,0.97488,0.0,0.262198,0.0,0.0,0.684226,0.0,0.473686,0.0,0.0,0.0,0.0,0.0,0.0,0.0,0.0,0.0,0.0,0.0,0.0,0.0,0.285862,0.338236,0.0,0.0,0.0,0.0,0.0,0.296653,0.267399,0.308766,0.0,0.0,0.0,0.0,0.0,0.0,0.931559,0.995878,0.0,0.0,0.0,0.0,0.0,0.0,0.0,0.0,0.0,0.0,0.0,0.0,0.0,0.0,0.0,0.0,0.0,0.0,0.0,0.0,0.0,0.0,0.0,0.721238,0.540928,0.0,0.0,0.0,0.578277,0.0,0.0,0.0,0.0,0.0,0.0,0.0,0.0,0.0,0.0,0.0,0.0,0.0,0.0,0.0,0.0,0.0,0.0,0.0,0.0,0.0,0.0,0.0,0.0,0.0,0.0,0.0,0.0,0.0,0.0,1.0,0.0,0.0,0.0,0.0,0.0,0.0,0.0,0.0,0.0,0.0,0.0,0.0,0.0,0.0,0.0,0.0,0.0,0.0,0.0,0.0,0.0,0.49639,0.0,0.0,0.0,0.0,0.0,0.0,0.0,0.0,0.0,0.0,0.524778,0.472161,0.578277,0.0,0.0,0.0,0.0,0.524778,0.49639,0.356532,0.0,0.270797,0.0,0.0,0.0,0.0,0.0,0.0
sedu_es_9ef-D09-04,0.0,0.0,0.0,0.0,0.0,0.0,0.0,0.0,0.348642,0.928736,0.0,0.0,0.348642,0.316388,0.0,0.0,0.0,0.0,0.0,0.0,0.461211,0.0,0.0,0.0,0.0,0.0,0.0,0.0,0.0,0.0,0.0,0.0,0.376577,0.0,0.0,0.316388,0.336821,0.0,0.0,0.0,0.0,0.0,0.0,0.307474,0.291695,0.0,0.0,0.0,0.0,0.0,0.0,0.0,0.0,0.0,0.0,0.0,0.0,0.299273,0.299273,0.307474,0.412519,0.0,0.0,0.0,0.0,0.434834,0.0,0.0,0.0,0.0,0.361803,0.255834,0.299273,0.0,0.0,0.0,0.0,0.0,0.0,0.0,0.0,0.0,0.0,0.0,0.0,0.0,0.0,0.0,0.0,0.361803,0.461211,0.376577,0.0,0.291695,0.0,0.255834,0.299273,0.0,0.0,0.284665,0.326125,0.0,0.0,0.0,0.0,0.0,0.850793,0.0,0.0,0.0,0.0,0.0,0.0,0.0,0.591097,0.651358,0.361803,0.361803,0.361803,0.0,0.393322,0.0,0.0,0.0,0.2609,0.26628,0.0,0.0,0.0,0.0,0.0,0.0,0.0,0.0,0.0,0.0,0.0,0.0,0.0,0.0,0.0,0.0,0.0,0.0,0.0,0.0,0.412519,0.0,0.0,0.0,0.434834,0.0,0.0,0.0,0.0,0.0,0.284665,0.246527,0.272007,0.326125,0.0,0.0,0.0,0.0,0.0,0.0,0.0,0.0,0.0,0.0,0.0,0.0,0.0,0.0,0.0,0.0,0.0,0.0,0.609289,1.0,0.291695,0.0,0.0,0.0,0.0,0.0,0.0,0.0,0.0,0.0,0.348642,0.326125,0.0,0.0,0.0,0.26628,0.361803,0.0,0.0,0.0,0.0,0.0,0.0,0.0,0.0,0.0,0.393322,0.0,0.0,0.0,0.0,0.0,0.0,0.0,0.361803,0.348642,0.0,0.0,0.0,0.348642,0.0,0.0,0.0,0.272007,0.0,0.0,0.0,0.0,0.0,0.393322,0.0,0.0,0.0,0.0,0.0,0.0,0.0,0.0,0.0,0.780189,0.461211,0.0,0.0,0.0,0.27812,0.246527,0.26628,0.348642,0.291695,0.0,0.0,0.299273,0.0,0.0,0.26628,0.0,0.393322,0.0,0.361803,0.0,0.0,0.0,0.0,0.0,0.0,0.0,0.0,0.0,0.0,0.0,0.0,0.0,0.0,0.0,0.0,0.284665,0.0,0.348642,0.348642,0.0,0.0,0.0,0.348642,0.708437,0.361803,0.0,0.0,0.0,0.708437,0.0
sedu_es_9ef-D10-01,0.237723,0.0,0.245039,0.0,0.0,0.0,0.0,0.0,0.133341,0.0,0.0,0.0,0.240236,0.797529,0.333639,0.133341,0.144025,0.410221,0.0,0.0,0.0,0.0,0.0,0.0,0.185232,0.0,0.0,0.0,0.0,0.0,0.0,0.289865,0.0,0.237723,0.0,0.218011,0.491353,0.394766,0.133341,0.339322,0.12882,0.0,0.0,0.432187,0.0,0.0,0.0,0.0,0.0,0.0,0.0,0.36091,0.329464,0.0,0.0,0.0,0.0,0.206217,0.206217,0.454643,0.317531,0.223123,0.509641,0.408622,0.111561,0.334707,0.11446,0.133341,0.0,0.0,0.0,0.31564,0.0,0.0,0.0,0.0,0.0,0.0,0.34945,0.305025,0.0,0.157772,0.0,0.0,0.0,0.0,0.0,0.0,0.193243,0.0,0.0,0.0,0.360371,0.645851,0.108873,0.29007,0.339322,0.0,0.0,0.0,0.0,0.0,0.0,0.0,0.0,0.0,0.0,0.0,0.0,0.351212,0.0,0.0,0.0,0.0,0.0,0.261957,0.0,0.278493,0.0,0.394766,0.0,0.0,0.0,0.0,0.0,0.0,0.0,0.0,0.0,0.0,0.0,0.0,0.0,0.0,0.0,0.0,0.0,0.0,0.0,0.0,0.0,0.0,0.0,0.124729,0.144025,0.12882,0.0,0.0,0.219169,0.506232,0.166306,0.203682,0.188573,0.379522,0.138375,0.0,0.0,0.346521,0.0,0.0,0.0,0.0,0.0,0.0,0.0,0.0,0.0,0.0,0.0,0.0,0.0,0.0,0.0,0.0,0.0,0.0,0.0,0.0,0.0,0.0,0.224528,0.0,0.0,0.138375,0.121005,0.12882,0.124729,0.144025,0.150429,0.40351,0.0,0.34945,0.540556,0.0,0.271846,0.0,0.0,0.0,0.0,0.0,0.0,0.0,0.0,0.0,0.0,0.0,0.295528,0.309952,0.0,0.0,0.0,0.302754,0.124729,0.0,0.278493,0.408622,0.421452,0.927697,0.0,0.0,0.0,0.358728,0.0,0.104031,1.0,0.0,0.0,0.0,0.0,0.0,0.0,0.0,0.0,0.0,0.0,0.0,0.240236,0.23209,0.138375,0.104031,0.35501,0.11446,0.176394,0.0,0.0,0.094287,0.101841,0.0,0.0,0.111561,0.0,0.0,0.0,0.0,0.101841,0.0,0.0,0.0,0.0,0.0,0.0,0.0,0.121005,0.0,0.302296,0.0,0.0,0.0,0.133341,0.0,0.0,0.133341,0.0,0.0,0.0,0.0,0.0,0.0,0.0,0.0,0.0,0.0,0.133341,0.0,0.285672,0.0,0.0,0.0,0.0,0.0
sedu_es_9ef-D10-02,0.0,0.0,0.0,0.0,0.0,0.930204,0.0,0.0,0.214257,0.324912,0.0,0.309053,0.0,0.391321,0.536102,0.214257,0.231424,0.222345,0.0,0.0,0.0,0.0,0.0,0.0,0.0,0.0,0.79328,0.0,0.0,0.0,0.35067,0.465765,0.0,0.0,0.0,0.0,0.416593,0.634324,0.214257,0.183917,0.206992,0.0,0.0,0.0,0.0,0.0,0.0,0.35067,0.638114,0.0,0.0,0.206992,0.188957,0.0,0.0,0.0,0.0,0.0,0.0,0.390099,0.51022,0.99189,0.818909,0.656588,0.179261,0.537819,0.183917,0.214257,0.378511,0.0,0.0,0.0,0.0,0.0,0.0,0.0,0.0,0.0,0.200419,0.17494,0.0,0.253513,0.0,0.0,0.0,0.0,0.0,0.0,0.31051,0.0,0.0,0.759508,0.912871,0.811668,0.17494,0.673206,0.462602,0.667734,0.0,0.0,0.0,0.0,0.0,0.0,0.0,0.0,0.0,0.0,0.0,0.0,0.0,0.0,0.439761,0.481734,0.0,0.0,0.0,0.447492,0.0,1.0,0.0,0.0,0.0,0.0,0.0,0.0,0.0,0.0,0.0,0.0,0.0,0.0,0.0,0.0,0.0,0.0,0.0,0.0,0.0,0.0,0.0,0.0,0.0,0.200419,0.231424,0.206992,0.38414,0.366263,0.271628,0.512263,0.267226,0.327283,0.303006,0.609829,0.222345,0.0,0.0,0.488732,0.253294,0.0,0.0,0.0,0.378511,0.0,0.0,0.0,0.427017,0.0,0.0,0.0,0.0,0.0,0.0,0.0,0.0,0.0,0.621915,0.0,0.0,0.0,0.36078,0.408838,0.0,0.559258,0.489057,0.520641,0.504109,0.582094,0.241715,0.231424,0.0,0.200419,0.868584,0.0,0.0,0.247961,0.729712,0.0,0.0,0.0,0.0,0.0,0.0,0.0,0.0,0.0,0.0,0.0,0.498642,0.761688,0.0,0.852738,0.858173,0.459135,0.447492,0.656588,0.241715,0.267226,0.336913,0.0,0.0,0.194435,0.0,0.167161,0.472797,0.0,0.0,0.0,0.0,0.0,0.0,0.517465,0.0,0.0,0.0,0.0,0.0,0.0,0.559258,0.420456,0.570443,0.508829,0.283436,0.0,0.0,0.151503,0.411603,0.0,0.0,0.179261,0.0,0.278684,0.0,0.0,0.544486,0.316685,0.0,0.0,0.0,0.0,0.0,0.0,0.194435,0.0,0.0,0.0,0.0,0.0,0.214257,0.0,0.0,0.214257,0.0,0.407139,0.0,0.0,0.0,0.0,0.0,0.0,0.0,0.0,0.214257,0.365676,0.459028,0.0,0.0,0.0,0.0,0.0
sedu_es_9ef-D10-03,0.0,0.0,0.0,0.0,0.0,0.0,0.0,0.0,0.0,0.888523,0.0,0.0,0.0,0.638023,0.0,0.0,0.0,0.0,0.0,0.0,0.0,0.0,0.0,0.0,0.0,0.0,0.0,0.0,0.0,0.0,0.0,0.7594,0.0,0.0,0.762476,0.0,0.679228,0.0,0.0,0.0,0.0,0.0,0.0,0.672441,0.637933,0.0,0.0,0.0,0.0,0.0,0.0,0.0,0.0,0.0,0.0,0.0,0.0,0.0,0.0,0.0,0.831881,0.0,0.0,0.0,0.0,0.876879,0.0,0.0,0.0,0.0,0.791259,0.559504,0.654506,0.0,0.0,0.0,0.0,0.0,0.0,0.0,0.0,0.0,0.0,0.0,0.0,0.0,0.0,0.0,0.506266,0.0,0.0,0.0,0.0,0.588228,0.0,0.0,0.0,0.0,0.0,0.622559,0.0,0.0,0.0,0.0,0.0,0.0,0.0,0.0,0.0,0.0,0.0,0.0,0.0,0.0,0.0,0.0,0.0,0.729607,0.0,0.0,0.0,0.0,0.0,0.0,0.570585,0.582351,0.0,0.0,0.0,0.0,0.0,0.0,0.0,0.0,0.0,0.0,0.0,0.0,0.0,0.0,0.0,0.0,0.0,0.0,0.0,0.0,0.0,0.0,0.866025,0.0,0.0,0.0,0.0,0.994287,0.0,0.0,0.0,0.0,0.0,0.0,0.0,0.0,0.0,0.0,0.0,0.0,0.0,0.0,0.0,0.0,0.0,0.0,0.0,0.0,0.0,0.0,0.0,0.0,0.0,0.0,0.588228,0.0,0.0,0.0,0.0,0.0,0.0,0.0,0.0,0.0,0.0,0.0,0.0,0.0,0.0,0.0,0.0,0.0,0.0,0.0,0.0,0.0,0.0,0.0,0.0,0.0,0.0,0.0,0.0,0.0,0.0,0.793167,0.0,0.0,0.729607,0.0,0.0,0.0,0.0,0.0,0.0,0.0,0.0,0.0,0.0,0.0,0.0,0.0,0.0,0.0,0.0,0.0,0.0,0.0,0.0,0.0,0.0,0.0,0.0,0.807573,0.930071,0.888523,0.0,0.0,0.0,0.539152,0.0,0.0,0.0,0.0,0.0,0.0,0.0,0.0,0.0,0.0,0.0,0.0,0.0,0.0,0.0,0.0,0.0,0.0,0.0,0.0,0.0,0.0,0.0,0.0,0.0,0.0,0.0,0.0,0.0,0.0,0.0,0.0,0.0,0.0,0.0,0.0,0.0,1.0,0.0,0.0,0.0,0.0,1.0,0.0
sedu_es_9ef-D10-04,0.0,0.0,0.0,0.0,0.0,0.0,0.0,0.0,0.168944,0.429706,0.0,0.0,0.0,1.0,0.422721,0.168944,0.18248,0.175321,0.0,0.0,0.0,0.0,0.0,0.0,0.0,0.0,0.0,0.0,0.0,0.0,0.0,0.367259,0.0,0.0,0.0,0.0,0.611399,0.50017,0.168944,0.14502,0.163215,0.0,0.0,0.0,0.0,0.0,0.0,0.0,0.0,0.0,0.0,0.163215,0.148994,0.0,0.0,0.0,0.367789,0.0,0.350059,0.565858,0.748807,0.282697,0.645717,0.517725,0.141348,0.424074,0.14502,0.168944,0.0,0.0,0.0,0.0,0.0,0.0,0.0,0.0,0.0,0.0,0.158032,0.137942,0.0,0.199897,0.0,0.0,0.0,0.0,0.0,0.0,0.24484,0.4232,0.0,0.0,0.456591,0.818294,0.137942,0.123971,0.14502,0.0,0.0,0.321033,0.0,0.0,0.0,0.0,0.0,0.0,0.0,0.0,0.0,0.0,0.0,0.0,0.0,0.0,0.0,0.0,0.4232,0.352851,0.0,0.50017,0.0,0.0,0.0,0.0,0.0,0.0,0.0,0.294231,0.0,0.0,0.0,0.0,0.0,0.0,0.0,0.0,0.0,0.0,0.424686,0.0,0.0,0.0,0.773829,0.158032,0.498785,0.163215,0.0,0.0,0.0,0.632396,0.21071,0.258066,0.238922,0.480855,0.175321,0.0,0.0,0.0,0.0,0.0,0.0,0.0,0.0,0.0,0.0,0.0,0.0,0.0,0.0,0.0,0.0,0.0,0.0,0.0,0.0,0.0,0.0,0.0,0.0,0.0,0.284478,0.0,0.0,0.479217,0.419063,0.446127,0.431961,0.498785,0.190594,0.18248,0.292842,0.431961,0.684886,0.0,0.0,0.0,0.0,0.0,0.0,0.0,0.0,0.0,0.0,0.0,0.0,0.0,0.0,0.0,0.0,0.0,0.447323,0.38359,0.158032,0.0,0.352851,0.810567,0.190594,0.795766,0.408025,0.0,0.0,0.153314,0.0,0.131808,0.583675,0.0,0.0,0.0,0.0,0.0,0.0,0.0,0.408025,0.0,0.0,0.414141,0.292842,0.282912,0.175321,0.131808,0.449799,0.14502,0.762968,0.0,0.0,0.119461,0.129033,0.0,0.0,0.141348,0.0,0.0,0.0,0.0,0.129033,0.0,0.0,0.0,0.0,0.0,0.0,0.0,0.153314,0.346495,0.715981,0.0,0.0,0.0,0.168944,0.0,0.0,0.168944,0.0,0.0,0.0,0.0,0.0,0.393183,0.0,0.0,0.0,0.0,0.57675,0.483618,0.361947,0.0,0.0,0.0,0.483618,0.0
sedu_es_9ef-D11-01,0.621061,0.0,0.0,0.0,0.0,0.0,0.0,0.0,0.0,0.0,0.0,0.0,0.0,0.0,0.0,0.0,0.0,0.0,0.0,0.0,0.0,0.0,0.57259,0.0,0.0,0.0,0.0,0.0,0.0,0.0,0.739211,0.0,0.0,0.0,0.0,0.0,0.0,0.0,0.0,0.0,0.0,0.0,0.0,0.0,0.0,0.603563,0.0,0.0,0.0,0.0,0.0,0.0,0.0,0.0,0.0,0.0,0.0,0.0,0.0,0.0,0.0,0.0,0.0,0.0,0.0,0.0,0.0,0.0,0.0,0.0,0.0,0.0,0.0,0.640175,0.0,0.0,0.0,0.0,0.0,0.0,0.0,0.0,0.0,0.0,0.0,0.0,0.0,0.0,0.0,0.0,0.0,0.0,0.0,0.0,0.0,0.0,0.0,0.0,0.0,0.0,0.0,0.603563,0.0,0.0,0.0,0.0,0.0,0.0,0.0,0.0,0.0,0.0,0.0,0.0,0.0,0.0,0.0,0.0,0.0,0.0,0.0,0.0,0.0,0.0,0.0,0.0,0.0,0.0,0.0,0.0,0.0,0.0,0.0,0.0,0.0,0.0,0.0,0.0,0.0,0.0,0.0,0.0,0.0,0.0,0.0,0.0,0.0,0.0,0.0,0.0,0.0,0.0,0.0,0.0,0.0,0.0,0.0,0.0,0.0,0.0,0.0,0.0,0.0,0.0,0.0,0.0,0.0,0.0,0.0,0.0,0.0,0.0,0.0,0.0,0.0,0.0,0.0,0.0,0.0,0.0,0.0,0.816497,0.0,0.0,0.0,0.0,0.0,0.0,0.0,0.0,0.0,0.0,1.0,0.0,0.0,0.0,0.0,0.0,0.0,0.0,0.0,0.0,0.0,0.0,0.0,0.0,0.0,0.0,0.0,0.0,0.0,0.0,0.0,0.0,0.0,0.755929,0.0,0.0,0.0,0.0,0.0,0.0,0.0,0.0,0.580888,0.692464,0.0,0.0,0.0,0.0,0.0,0.0,0.0,0.0,0.852803,0.0,0.0,0.0,0.0,0.629376,0.0,0.0,0.0,0.0,0.0,0.0,0.0,0.0,0.0,0.0,0.0,0.0,0.0,0.0,0.0,0.0,0.0,0.0,0.0,0.0,0.0,0.0,0.0,0.0,0.0,0.0,0.0,0.0,0.0,0.0,0.0,0.0,0.0,0.0,0.0,0.0,0.0,0.0,0.0,0.0,0.0,0.0,0.0,0.0,0.0,0.0,0.0,0.0,0.0,0.0
sedu_es_9ef-D11-02,0.0,0.0,0.0,0.0,0.0,0.0,0.0,0.0,0.0,0.0,0.0,0.0,0.0,0.0,0.0,0.0,0.65829,0.632464,0.0,0.0,0.0,0.0,0.0,0.0,0.0,0.0,0.0,0.0,0.0,0.0,0.0,0.0,0.0,0.0,0.0,0.0,0.0,0.0,0.0,0.523156,0.0,0.0,0.0,0.0,0.0,0.0,0.0,0.0,0.0,0.0,0.0,0.0,0.0,0.0,0.0,0.0,0.0,0.0,0.0,0.0,0.0,0.0,0.0,0.0,0.0,0.0,0.0,0.0,0.0,0.0,0.0,0.486888,0.0,0.0,0.0,0.0,0.0,0.0,0.0,0.0,0.0,0.0,0.0,0.0,0.0,0.0,0.0,0.0,0.0,0.0,0.0,0.0,0.0,0.0,0.0,0.0,0.0,0.0,0.0,0.0,0.0,0.0,0.0,0.0,0.0,0.0,0.0,0.0,0.0,0.541759,0.0,0.0,0.0,0.0,0.0,0.0,0.0,0.0,0.0,0.0,0.0,0.0,0.0,0.0,0.0,0.0,0.0,0.0,0.0,0.0,0.0,0.0,0.0,0.0,0.0,0.0,0.0,0.0,0.0,0.0,0.0,0.0,0.0,0.0,0.0,0.0,0.0,0.0,0.509909,0.0,0.0,0.0,0.0,0.0,0.0,0.0,0.0,0.0,0.0,0.0,0.0,0.0,0.0,0.0,0.0,0.0,0.0,0.0,0.0,0.0,0.0,0.0,0.0,0.0,0.0,0.0,0.0,0.0,0.0,0.0,0.0,0.0,0.0,0.0,0.0,0.0,0.0,0.0,0.0,0.0,0.0,0.0,1.0,0.0,0.0,0.0,0.0,0.0,0.0,0.0,0.0,0.0,0.0,0.0,0.0,0.0,0.0,0.0,0.0,0.0,0.0,0.0,0.0,0.0,0.0,0.0,0.0,0.0,0.0,0.0,0.0,0.0,0.0,0.0,0.0,0.0,0.0,0.0,0.0,0.0,0.0,0.0,0.0,0.0,0.0,0.0,0.0,0.0,0.0,0.475493,0.0,0.523156,0.0,0.0,0.0,0.0,0.0,0.0,0.0,0.0,0.0,0.0,0.0,0.0,0.0,0.0,0.0,0.0,0.0,0.0,0.0,0.0,0.0,0.0,0.617213,0.0,0.0,0.0,0.0,0.0,0.0,0.0,0.0,0.0,0.0,0.0,0.0,0.0,0.0,0.0,0.0,0.0,0.0,0.0,0.0,0.0,0.0,0.0,0.0,0.0
sedu_es_9ef-D11-03,0.0,0.0,0.0,0.0,0.0,0.0,0.0,0.0,0.0,0.0,0.0,0.0,0.0,0.0,0.0,0.0,0.0,0.0,0.0,0.0,0.0,0.0,0.400501,0.344696,0.338485,0.0,0.0,0.0,0.0,0.0,0.0,0.0,0.0,0.0,0.0,0.0,0.0,0.0,0.0,0.0,0.0,0.0,0.0,0.0,0.0,0.0,0.0,0.0,0.0,0.0,0.0,0.0,0.0,0.0,0.0,0.0,0.0,0.0,0.0,0.0,0.0,0.0,0.0,0.0,0.0,0.0,0.0,0.0,0.47869,0.0,0.0,0.0,0.0,0.0,0.0,0.0,0.0,0.0,0.0,0.0,0.0,0.0,0.0,0.0,0.0,0.0,0.0,0.0,0.0,0.0,0.0,0.0,0.0,0.0,0.0,0.0,0.0,0.0,0.0,0.0,0.0,0.0,0.0,0.0,0.0,0.0,0.0,0.0,0.0,0.0,0.0,0.0,0.422165,0.0,0.0,0.0,0.0,0.0,0.0,0.0,0.0,0.0,0.0,0.0,0.0,0.0,0.0,0.358219,0.0,0.0,0.0,0.0,0.0,0.0,0.0,0.0,0.0,0.0,0.0,0.0,0.0,0.0,0.0,0.0,0.0,0.0,0.0,0.0,0.0,0.0,0.0,0.0,0.0,0.0,0.0,0.0,0.0,0.0,0.0,0.0,0.0,0.0,0.0,0.0,0.0,0.0,0.0,0.0,0.0,0.0,0.0,0.0,0.0,0.0,0.0,0.0,0.0,0.0,0.0,0.0,0.0,0.0,0.0,0.0,0.0,0.0,0.0,0.0,0.0,0.0,0.0,0.0,1.0,0.0,0.49676,0.0,0.0,0.0,0.0,0.0,0.0,0.0,0.67697,0.0,0.0,0.0,0.0,0.0,0.0,0.0,0.0,0.0,0.0,0.0,0.0,0.0,0.0,0.0,0.0,0.0,0.0,0.0,0.0,0.0,0.0,0.0,0.0,0.0,0.0,0.0,0.0,0.0,0.0,0.0,0.0,0.0,0.0,0.0,0.0,0.0,0.0,0.0,0.0,0.0,0.0,0.0,0.0,0.0,0.0,0.0,0.0,0.0,0.0,0.0,0.0,0.0,0.0,0.0,0.0,0.0,0.0,0.0,0.0,0.0,0.0,0.0,0.0,0.0,0.0,0.0,0.0,0.0,0.0,0.0,0.0,0.0,0.0,0.0,0.0,0.0,0.0,0.0,0.0,0.0,0.0,0.0,0.0,0.0,0.0,0.0
sedu_es_9ef-D11-04,0.0,0.0,0.564705,0.0,0.0,0.0,0.0,0.0,0.0,0.0,0.0,0.0,0.0,0.0,0.0,0.0,0.0,0.0,0.0,0.0,0.0,0.0,0.0,0.0,0.426877,0.0,0.0,0.0,0.0,0.0,0.0,0.0,0.0,0.0,0.0,0.0,0.0,0.0,0.0,0.4603,0.518051,0.0,0.0,0.0,0.0,0.0,0.0,0.0,0.0,0.0,0.0,0.0,0.0,0.0,0.0,0.0,0.0,0.0,0.0,0.0,0.0,0.0,0.0,0.0,0.0,0.0,0.4603,0.536233,0.0,0.0,0.0,0.549455,0.0,0.0,0.0,0.0,0.0,0.0,0.0,0.0,0.0,0.0,0.0,0.0,0.0,0.0,0.0,0.0,0.0,0.0,0.476142,0.0,0.0,0.0,0.437833,0.0,0.0,0.0,0.0,0.0,0.0,0.0,0.0,0.0,0.0,0.0,0.0,0.0,0.0,0.0,0.0,0.0,0.0,0.0,0.0,0.0,0.0,0.373517,1.0,0.0,0.0,0.0,0.0,0.0,0.0,0.0,0.0,0.0,0.0,0.0,0.0,0.0,0.0,0.0,0.0,0.0,0.0,0.0,0.0,0.0,0.0,0.0,0.0,0.336683,0.388768,0.347725,0.0,0.0,0.0,0.0,0.448911,0.549801,0.509017,0.0,0.0,0.0,0.0,0.0,0.0,0.0,0.0,0.0,0.0,0.0,0.0,0.0,0.0,0.0,0.0,0.0,0.0,0.0,0.0,0.0,0.0,0.0,0.0,0.0,0.0,0.0,0.0,0.0,0.406055,0.373517,0.326631,0.347725,0.336683,0.0,0.0,0.0,0.0,0.0,0.0,0.0,0.0,0.0,0.0,0.0,0.0,0.0,0.0,0.0,0.0,0.0,0.0,0.0,0.0,0.0,0.0,0.0,0.0,0.406055,0.780223,0.0,0.0,0.0,0.0,0.0,0.0,0.0,0.0,0.430296,0.0,0.369937,0.0,0.0,0.0,0.0,0.0,0.0,0.0,0.0,0.0,0.448911,0.940984,0.0,0.0,0.0,0.0,0.0,0.0,0.0,0.0,0.0,0.0,0.335284,0.362148,0.0,0.0,0.0,0.0,0.0,0.0,0.0,0.362148,0.0,0.0,0.0,0.0,0.0,0.0,0.0,0.0,0.0,0.0,0.0,0.0,0.0,0.0,0.0,0.0,0.474163,0.0,0.0,0.0,0.0,0.0,0.0,0.0,0.0,0.0,0.0,0.0,0.0,0.0,0.0,0.0,0.406055,0.0,0.0
sedu_es_9ef-D12-01,0.0,0.0,0.0,0.0,0.0,0.0,0.0,0.0,0.189555,0.0,0.0,0.0,0.0,0.346205,0.154771,0.189555,0.204743,0.196711,0.0,0.0,0.0,0.0,0.0,0.329481,0.432385,0.0,0.0,0.0,0.0,0.0,0.0,0.412066,0.0,0.0,0.0,0.0,0.368563,0.183128,0.189555,0.162713,0.183128,0.0,0.0,0.0,0.0,0.0,0.0,0.0,0.0,0.0,0.0,0.183128,0.167172,0.0,0.0,0.0,0.0,0.0,0.0,0.0,0.451396,0.317187,0.236417,0.189555,0.158593,0.475813,0.162713,0.189555,0.0,0.0,0.0,0.0,0.0,0.0,0.0,0.45756,0.0,0.0,0.177313,0.154771,0.0,0.224285,0.0,0.0,0.0,0.0,0.0,0.0,0.274711,0.0,0.0,0.0,0.167172,0.477779,0.154771,0.139096,0.162713,0.0,0.0,0.0,0.0,0.0,0.0,0.0,0.0,0.0,0.0,0.0,0.0,0.499276,0.0,0.0,0.0,0.0,0.0,0.0,0.0,0.3959,0.0,0.183128,0.0,0.0,0.0,0.0,0.0,0.0,0.0,0.0,0.0,0.0,0.0,0.0,0.0,0.0,0.0,0.0,0.0,0.605295,0.494221,0.0,0.0,0.0,0.0,0.177313,0.204743,0.183128,0.0,0.0,0.0,0.147889,0.236417,0.289551,0.268072,0.539521,0.196711,0.0,0.0,0.0,0.356983,0.0,0.66048,0.0,0.0,0.0,0.0,0.0,0.0,0.0,0.0,0.0,0.0,0.0,0.0,0.0,0.0,0.0,0.0,0.0,0.0,0.0,0.319185,0.494221,0.0,0.196711,0.172019,0.183128,0.177313,0.204743,0.213847,0.204743,0.0,0.177313,0.250758,0.0,0.0,0.46703,0.0,0.0,0.0,0.0,0.0,0.0,0.0,0.0,0.0,0.0,0.0,0.0,0.0,0.0,0.0,0.430389,0.177313,0.0,0.3959,0.189555,0.213847,0.236417,0.0,0.0,0.0,0.172019,0.0,0.147889,0.136496,0.0,0.0,0.0,0.0,0.0,0.0,0.0,0.0,0.0,0.0,0.0,0.0,0.0,0.196711,0.147889,0.504676,0.162713,0.250758,0.0,0.0,0.134036,0.144775,0.0,0.0,0.158593,0.0,0.0,1.0,0.0,0.144775,0.0,0.0,0.0,0.0,0.0,0.0,0.0,0.172019,0.0,0.0,0.0,0.0,0.0,0.189555,0.0,0.0,0.189555,0.0,0.0,0.0,0.0,0.0,0.0,0.0,0.0,0.0,0.762656,0.189555,0.0,0.0,0.0,0.0,0.0,0.0,0.0
sedu_es_9ef-D12-02,0.0,0.0,0.0,0.0,0.0,0.0,0.0,0.0,0.0,0.0,0.0,0.0,0.0,0.0,0.263211,0.0,0.0,0.0,0.0,0.0,0.0,0.0,0.0,0.0,0.0,0.0,0.0,0.0,0.0,0.0,0.0,0.0,0.0,0.0,0.0,0.0,0.0,0.311436,0.0,0.0,0.0,0.0,0.0,0.0,0.0,0.0,0.0,0.0,0.0,0.0,0.0,0.0,0.0,0.0,0.0,0.0,0.0,0.0,0.0,0.284301,0.0,0.0,0.402062,0.322367,0.0,0.0,0.0,0.0,0.0,0.0,0.0,0.0,0.0,0.0,0.0,0.0,0.0,0.0,0.0,0.0,0.0,0.0,0.0,0.0,0.0,0.0,0.0,0.0,0.0,0.0,0.0,0.0,0.284301,0.0,0.0,0.0,0.0,0.0,0.0,0.0,0.0,0.0,0.0,0.0,0.0,0.0,0.0,0.0,0.0,0.0,0.0,0.0,0.0,0.0,0.0,0.0,0.0,0.0,0.0,0.311436,0.0,0.0,0.0,0.0,0.0,0.0,0.0,0.0,0.0,0.0,0.0,0.0,0.0,0.0,0.0,0.0,0.0,0.0,0.0,0.0,0.0,0.0,0.0,0.0,0.0,0.0,0.0,0.0,0.0,0.251507,0.0,0.0,0.0,0.0,0.0,0.0,0.0,0.0,0.0,0.0,0.0,0.0,0.0,0.0,0.0,0.0,0.0,0.0,0.0,0.0,0.0,0.0,0.0,0.0,0.0,0.0,0.0,0.0,0.0,0.0,0.0,0.468301,0.0,0.0,0.0,0.0,0.0,0.0,0.0,0.0,0.0,0.0,1.0,0.0,0.0,0.0,0.0,0.0,0.0,0.0,0.0,0.0,0.0,0.0,0.0,0.0,0.0,0.0,0.0,0.0,0.0,0.0,0.0,0.0,0.0,0.755929,0.0,0.0,0.0,0.0,0.0,0.0,0.0,0.0,0.23213,0.0,0.0,0.0,0.0,0.0,0.0,0.0,0.0,0.0,0.489124,0.0,0.0,0.0,0.0,0.0,0.0,0.0,0.0,0.0,0.0,0.0,0.0,0.0,0.0,0.0,0.0,0.0,0.0,0.0,0.0,0.0,0.0,0.0,0.0,0.0,0.0,0.0,0.0,0.0,0.0,0.0,0.0,0.0,0.0,0.0,0.0,0.0,0.0,0.0,0.0,0.0,0.0,0.0,0.0,0.0,0.0,0.0,0.0,0.0,0.334536,0.0,0.0,0.0,0.0,0.0
sedu_es_9ef-D12-03,0.0,0.0,0.54334,0.0,0.0,0.0,0.0,0.0,0.27921,0.239672,0.0,0.0,0.0,0.686896,0.0,0.415975,1.0,0.431678,0.0,0.0,0.0,0.0,0.288618,0.248403,0.604442,0.389173,0.0,0.408168,0.0,0.0,0.301581,0.645154,0.301581,0.0,0.0,0.0,0.307301,0.0,0.0,0.437649,0.0,0.0,0.0,0.0,0.288618,0.0,0.0,0.0,0.0,0.0,0.627395,0.0,0.0,0.0,0.233604,0.0,0.0,0.0,0.0,0.0,0.376366,0.0,0.0,0.0,0.0,0.396724,0.0,0.0,0.0,0.0,0.0,0.0,0.0,0.0,0.449641,0.0,0.0,0.0,0.0,0.0,0.0,0.0,0.0,0.348236,0.233604,0.0,0.575183,0.0,0.229049,0.0,0.0,0.0,0.0,0.633287,0.0,0.305242,0.357071,0.0,0.0,0.0,0.0,0.0,0.0,0.0,0.0,0.0,0.322685,0.0,0.0,0.416287,0.0,0.0,0.0,0.0,0.0,0.0,0.0,0.330094,0.0,0.0,0.0,0.0,0.0,0.0,0.0,0.0,0.0,0.0,0.0,0.0,0.0,0.0,0.0,0.0,0.0,0.0,0.0,0.0,0.372605,0.0,0.0,0.0,0.0,0.261177,0.0,0.0,0.0,0.0,0.0,0.0,0.0,0.0,0.0,0.449843,0.0,0.0,0.0,0.0,0.0,0.0,0.550696,0.0,0.0,0.0,0.0,0.0,0.0,0.0,0.333268,0.0,0.0,0.0,0.0,0.0,0.330366,0.330366,0.0,0.0,0.0,0.0,0.266131,0.0,0.0,0.0,0.0,0.333268,0.261177,0.301581,0.0,0.0,0.0,0.0,0.0,0.0,0.0,0.0,0.0,0.0,0.0,0.0,0.0,0.0,0.0,0.0,0.0,0.0,0.314991,0.330366,0.0,0.0,0.0,0.673842,0.804517,0.0,0.330094,0.0,0.0,0.547324,0.0,0.0,0.0,0.0,0.0,0.0,0.0,0.0,0.0,0.0,0.0,0.0,0.0,0.0,0.0,0.0,0.0,0.0,0.0,0.0,0.28975,0.0,0.42079,0.0,0.0,0.0,0.0,0.0,0.0,0.0,0.0,0.0,0.0,0.0,0.0,0.0,0.0,0.0,0.0,0.0,0.0,0.0,0.0,0.0,0.0,0.0,0.358307,0.0,0.0,0.0,0.0,0.0,0.0,0.0,0.0,0.0,0.0,0.0,0.0,0.0,0.0,0.0,0.0,0.635889,0.0,0.0,0.28975,0.0,0.0,0.0,0.0,0.0
sedu_es_9ef-D12-04,0.0,0.0,0.0,0.0,0.0,0.0,0.0,0.0,0.088264,0.224499,0.0,0.0,0.0,0.544814,0.072068,0.088264,0.095336,0.091596,0.0,0.0,0.0,0.0,0.0,0.0,0.0,0.0,0.0,0.0,0.0,0.0,0.0,0.191874,0.0,0.0,0.0,0.0,0.343235,0.085271,0.088264,0.075766,0.085271,0.221557,0.0,0.0,0.0,0.0,0.0,0.0,0.0,0.0,0.0,0.085271,0.077842,0.0,0.0,0.0,0.0,0.0,0.0,0.156664,0.425793,0.147695,0.110085,0.088264,0.073847,0.221557,0.075766,0.088264,0.177641,0.0,0.0,0.0,0.0,0.0,0.0,0.0,0.0,0.0,0.082564,0.072068,0.0,0.104436,0.0,0.0,0.0,0.0,0.0,0.0,0.25913,0.0,0.0,0.19682,0.273519,1.0,0.072068,0.064768,0.075766,0.0,0.0,0.0,0.0,0.0,0.0,0.0,0.210187,0.177641,0.0,0.0,0.0,0.0,0.166168,0.200406,0.0,0.0,0.161206,0.177641,0.0,0.184347,0.189099,0.085271,0.250311,0.0,0.0,0.0,0.0,0.0,0.0,0.0,0.0,0.0,0.0,0.0,0.152486,0.130353,0.177641,0.171617,0.0,0.0,0.0,0.0,0.0,0.200406,0.0,0.082564,0.095336,0.261313,0.215606,0.205572,0.0,0.068863,0.110085,0.134826,0.124825,0.251222,0.760521,0.0,0.0,0.0,0.0,0.0,0.0,0.0,0.0,0.0,0.0,0.0,0.0,0.0,0.0,0.0,0.0,0.0,0.0,0.0,0.0,0.210187,0.0,0.0,0.0,0.0,0.148625,0.0,0.0,0.091596,0.080099,0.085271,0.248732,0.551921,0.099576,0.095336,0.359861,0.585351,0.116763,0.0,0.0,0.0,0.0,0.0,0.0,0.0,0.0,0.0,0.0,0.0,0.0,0.0,0.0,0.0,0.0,0.0,0.278346,0.200406,0.082564,0.0,0.184347,0.270485,0.099576,0.415747,0.0,0.0,0.0,0.080099,0.0,0.068863,0.240031,0.0,0.0,0.0,0.0,0.0,0.0,0.0,0.0,0.0,0.0,0.0,0.0,0.0,0.345922,0.241969,0.234997,0.075766,0.116763,0.0,0.0,0.062412,0.067413,0.0,0.0,0.073847,0.0,0.0,0.0,0.214353,0.067413,0.0,0.0,0.0,0.0,0.0,0.0,0.0,0.080099,0.0,0.200103,0.0,0.0,0.0,0.088264,0.0,0.0,0.088264,0.0,0.145043,0.0,0.0,0.0,0.0,0.0,0.0,0.0,0.221557,0.088264,0.252665,0.230252,0.0,0.0,0.0,0.252665,0.0
sedu_es_9ef-D13-01,0.0,0.0,0.0,0.0,0.302606,0.216454,0.370703,0.0,0.0,0.0,0.0,0.0,0.0,0.0,0.0,0.0,0.0,0.0,0.0,0.0,0.0,0.259136,0.0,0.0,0.0,0.0,0.184593,0.0,0.0,0.0,0.0,0.0,0.0,0.0,0.0,0.0,0.0,0.0,0.0,0.230249,0.0,0.0,0.0,0.0,0.0,0.0,0.0,0.176734,0.0,0.193603,0.176734,0.158076,0.0,0.0,0.0,0.0,0.0,0.0,0.0,0.0,0.0,0.0,0.0,0.0,0.0,0.0,0.0,0.0,0.0,0.0,0.0,0.0,0.0,0.0,0.144303,0.163624,0.184593,0.24994,0.153056,0.133599,0.0,0.0,0.0,0.0,0.0,0.176734,0.0,0.0,0.0,0.0,0.0,0.0,0.0,0.486676,0.0,0.0,0.0,0.0,0.0,0.0,0.0,0.0,0.0,0.0,0.0,0.0,0.153056,0.169801,0.153056,0.0,0.0,0.0,0.236558,0.259136,0.0,0.0,0.0,0.0,0.0,0.302829,0.353628,0.0,0.0,0.184593,0.0,0.0,0.0,0.0,0.140454,0.0,0.0,0.0,0.140454,0.120067,0.163624,0.158076,0.140454,0.0,0.176734,0.0,0.302606,0.0,0.0,0.0,0.0,0.0,0.0,0.0,0.0,0.244556,0.0,0.0,0.0,0.0,0.32529,0.122445,0.0,0.0,0.0,0.0,0.0,0.193603,0.0,0.0,0.0,0.0,0.0,0.0,0.259136,0.0,0.0,0.0,0.289723,0.0,0.0,0.317376,0.334544,0.0,0.0,0.0,0.0,0.455359,0.0,0.0,0.0,0.0,0.153056,0.0,0.0,0.176734,0.477082,0.446269,0.557699,0.184593,0.169801,0.0,0.0,0.193603,0.0,0.0,0.432909,0.0,0.231399,0.334544,0.250908,0.0,0.0,0.0,0.268232,0.0,0.0,0.0,0.293213,0.0,0.0,0.898663,0.184593,0.204075,0.169801,0.0,0.0,0.0,0.0,0.0,0.0,0.0,0.216454,0.0,0.176734,0.302606,0.379337,0.278357,0.0,0.0,0.475607,0.0,0.0,0.0,0.0,0.127658,0.0,0.0,0.216454,0.184593,0.0,0.0,0.0,0.0,0.0,0.0,0.158076,0.0,0.0,1.0,0.0,0.136898,0.0,0.0,0.0,0.0,0.0,0.0,0.432945,0.0,0.133599,0.0,0.193603,0.231399,0.0,0.0,0.0,0.163624,0.0,0.0,0.0,0.0,0.0,0.0,0.0,0.0,0.0,0.0,0.163624,0.0,0.32529,0.0,0.0,0.0,0.259136,0.193603
sedu_es_9ef-D13-02,0.197564,0.235148,0.203644,0.173668,0.0,0.258978,0.0,0.0,0.26693,0.302055,0.0,0.159845,0.156114,1.0,0.090481,0.110816,0.119695,0.346446,0.0,0.0,0.0,0.0,0.0,0.156765,0.153941,0.0,0.220858,0.0,0.0,0.0,0.0,0.240898,0.168622,0.0,0.0,0.141671,0.767323,0.107058,0.110816,0.095124,0.107058,0.0,0.0,0.196692,0.0,0.0,0.0,0.0,0.177658,0.0,0.235148,0.322524,0.09773,0.0,0.0,0.0,0.241245,0.134007,0.398128,0.49908,0.675885,0.513015,0.138212,0.110816,0.092715,0.472873,0.095124,0.110816,0.195769,0.0,0.231447,0.425977,0.0,0.0,0.0,0.0,0.0,0.0,0.103659,0.34171,0.0,0.131119,0.0,0.0,0.0,0.0,0.0,0.0,0.160599,0.162007,0.206519,0.380077,0.270383,0.667361,0.090481,0.224972,0.095124,0.0,0.0,0.392678,0.0,0.0,0.0,0.0,0.0,0.0,0.0,0.0,0.0,0.291881,0.0,0.0,0.191998,0.210323,0.0,0.0,0.162007,0.393454,0.162007,0.296189,0.523243,0.0,0.0,0.0,0.166899,0.0,0.0,0.192996,0.0,0.0,0.0,0.0,0.0,0.0,0.525396,0.0,0.0,0.287997,0.278566,0.0,0.245604,0.0,0.45948,0.103659,0.32717,0.107058,0.184717,0.0,0.0,0.23632,0.33292,0.169274,0.156717,0.315409,0.114999,0.0,0.0,0.157705,0.0,0.380965,0.0,0.0,0.195769,0.0,0.0,0.0,0.220858,0.0,0.0,0.0,0.0,0.0,0.0,0.0,0.0,0.0,0.0,0.0,0.0,0.156114,0.317213,0.211455,0.0,0.314335,0.274878,0.29263,0.283338,0.32717,0.125017,0.119695,0.348199,0.429369,0.685362,0.0,0.0,0.0,0.434607,0.0,0.0,0.0,0.0,0.0,0.0,0.0,0.0,0.0,0.17612,0.0,0.0,0.0,0.293414,0.25161,0.286784,0.0,0.393454,0.459015,0.125017,0.905729,0.690281,0.0,0.0,0.100564,0.0,0.086457,0.439677,0.0,0.0,0.0,0.0,0.0,0.0,0.0,0.267638,0.0,0.0,0.271649,0.192085,0.185572,0.114999,0.208256,0.501558,0.263171,0.146596,0.0,0.0,0.078359,0.254978,0.0,0.186599,0.092715,0.0,0.134007,0.380965,0.0,0.084637,0.163792,0.0,0.0,0.0,0.0,0.0,0.0,0.100564,0.227278,0.251229,0.0,0.0,0.0,0.110816,0.0,0.0,0.110816,0.0,0.0,0.0,0.0,0.0,0.257902,0.0,0.0,0.0,0.0,0.26693,0.189131,0.0,0.332345,0.332345,0.0,0.0,0.0
sedu_es_9ef-D13-03,0.0,0.0,0.0,0.0,0.0,0.266526,0.0,0.0,0.268752,0.0,0.265192,0.224129,0.239555,0.703082,0.332693,0.132963,0.143617,0.137982,0.0,0.0,0.0,0.131185,0.0,0.0,0.303296,0.0,0.227295,0.0,0.0,0.0,0.217618,0.289043,0.0,0.249105,0.0,0.217393,0.748488,0.393647,0.561888,0.114135,0.128455,0.0,0.0,0.119755,0.113609,0.0,0.0,0.217618,0.182836,0.0,0.0,0.359887,0.32853,0.0,0.0,0.0,0.673251,0.205633,0.205633,0.689357,0.316631,0.22249,0.508196,0.407464,0.470109,0.333758,0.114135,0.132963,0.0,0.265192,0.648026,0.099642,0.116561,0.0,0.0,0.0,0.0,0.0,0.348459,0.30416,0.0,0.157324,0.127019,0.0,0.0,0.0,0.0,0.0,0.488138,0.140915,0.0,0.217618,0.359349,0.727595,0.108564,0.245411,0.28708,0.0,0.0,0.363533,0.127019,0.0,0.123227,0.123227,0.160668,0.135789,0.127019,0.140915,0.127019,0.350216,0.0,0.0,0.0,0.0,0.366071,0.403391,0.140915,0.418619,0.0,0.393647,0.0,0.0,0.284862,0.0,0.101615,0.103711,0.116561,0.333183,0.0,0.123227,0.0,0.0,0.0,0.099642,0.0,0.131185,0.116561,0.0,0.33424,0.0,0.0,0.301896,0.298953,0.251395,0.143617,0.128455,0.238388,0.380485,0.168566,0.504797,0.165834,0.203105,0.188038,0.378446,0.415686,0.205417,0.0,0.0,0.26313,0.127019,0.0,0.0,0.0,0.0,0.0,0.0,0.0,0.0,0.0,0.140915,0.127019,0.146669,0.146669,0.0,0.0,0.0,0.0,0.169359,0.127019,0.0,0.337501,0.0,0.0,0.347063,0.303498,0.323098,0.563157,0.650278,0.150003,0.402366,0.428925,1.0,0.539024,0.309678,0.0,0.153879,0.209081,0.160668,0.0,0.0,0.0,0.0,0.0,0.0,0.127019,0.179632,0.0,0.0,0.135789,0.0,0.0,0.52919,0.312838,0.284929,0.277704,0.896128,0.420257,0.464612,0.81507,0.0,0.0,0.120662,0.0,0.103737,0.293407,0.116561,0.0,0.0,0.0,0.153191,0.0,0.0,0.462042,0.0,0.0,0.0,0.239555,0.231432,0.347063,0.260925,0.354004,0.114135,0.175894,0.0,0.0,0.190037,0.255431,0.135789,0.0,0.111245,0.0,0.172945,0.0,0.0,0.101552,0.0,0.0,0.0,0.140915,0.0,0.0,0.116561,0.120662,0.0,0.0,0.0,0.324793,0.0,0.132963,0.0,0.0,0.132963,0.123227,0.329367,0.135789,0.110871,0.0,0.309446,0.0,0.123227,0.116561,0.333758,0.132963,0.0,0.284862,0.0,0.0,0.0,0.0,0.324793
sedu_es_9ef-D13-04,0.0,0.0,0.0,0.0,0.0,0.0,0.0,0.0,0.124342,0.0,0.0,0.0,0.0,0.222372,0.0,0.0,0.0,0.0,0.0,0.0,0.0,0.120126,0.0,0.0,0.277727,0.0,0.0,0.0,0.0,0.0,0.0,0.0,0.0,0.0,0.0,0.0,0.236733,0.326599,0.392765,0.0,0.0,0.0,0.0,0.109659,0.104032,0.0,0.0,0.0,0.0,0.0,0.0,0.0,0.0,0.0,0.0,0.0,0.116311,0.0,0.0,0.216107,0.297412,0.0,0.0,0.338062,0.328611,0.0,0.0,0.0,0.0,0.0,0.129036,0.091242,0.106734,0.0,0.0,0.0,0.0,0.0,0.0,0.0,0.0,0.0,0.116311,0.0,0.0,0.0,0.0,0.0,0.270535,0.129036,0.0,0.271499,0.0,1.0,0.0,0.0,0.0,0.0,0.0,0.101525,0.116311,0.0,0.112838,0.112838,0.147123,0.124342,0.116311,0.129036,0.116311,0.320691,0.0,0.0,0.0,0.0,0.33521,0.369384,0.129036,0.129036,0.260848,0.242836,0.283571,0.0,0.0,0.0,0.093049,0.094968,0.106734,0.093049,0.0,0.112838,0.0,0.0,0.0,0.091242,0.0,0.120126,0.106734,0.0,0.0,0.0,0.0,0.276445,0.0,0.116311,0.0,0.242836,0.297412,0.423848,0.0,0.409929,0.0,0.418638,0.0,0.0,0.51514,0.0,0.0,0.0,0.09701,0.116311,0.0,0.0,0.0,0.0,0.0,0.0,0.0,0.0,0.0,0.129036,0.116311,0.134304,0.134304,0.0,0.529452,0.0,0.0,0.155081,0.116311,0.0,0.104032,0.0,0.0,0.0,0.0,0.0,0.229216,0.264676,0.0,0.365149,0.502718,0.699466,0.0,0.0,0.0,0.0,0.0,0.147123,0.0,0.0,0.0,0.0,0.0,0.0,0.116311,0.164489,0.0,0.0,0.124342,0.0,0.383957,0.0,0.235125,0.0,0.0,0.502718,0.381385,0.0,0.0,0.0,0.0,0.0,0.0,0.0,0.197348,0.341989,0.362551,0.458595,0.0,0.140276,0.0,0.0,0.129036,0.0,0.0,0.0,0.0,0.0,0.0,0.0,0.0,0.0,0.0,0.0,0.0,0.087923,0.0,0.124342,0.0,0.0,0.0,0.0,0.0,0.242836,0.0,0.0,0.0,0.0,0.129036,0.0,0.0,0.341989,0.476813,0.0,0.223771,0.0,0.0,0.0,0.0,0.0,0.748758,0.0,0.112838,0.301601,0.124342,0.101525,0.0,0.0,0.0,0.112838,0.106734,0.305621,0.0,0.0,0.260848,0.0,0.0,0.0,0.0,0.0
sedu_es_9ef-D14-01,0.0,0.0,0.0,0.0,0.0,0.0,0.0,0.0,0.0,0.0,0.0,0.0,0.0,0.282617,0.19423,0.0,0.0,0.0,0.0,0.0,0.0,0.0,0.0,0.0,0.0,0.0,0.0,0.0,0.0,0.267096,0.0,0.0,0.0,0.0,0.0,0.0,0.0,0.0,0.237883,0.0,0.0,0.0,0.0,0.0,0.0,0.0,0.0,0.0,0.0,0.0,0.0,0.0,0.0,0.225737,0.0,0.0,0.0,0.0,0.232405,0.0,0.0,0.0,0.296692,0.0,0.199027,0.0,0.0,0.0,0.0,0.0,0.0,0.0,0.0,0.0,0.0,0.0,0.0,0.0,0.0,0.0,0.0,0.0,0.0,0.0,0.0,0.0,0.294487,0.0,0.0,0.280964,0.0,0.0,0.209793,0.26056,0.0,0.0,0.0,0.0,0.0,0.0,0.0,0.0,0.0,0.204853,0.0,0.0,0.211158,0.0,0.0,0.0,0.244176,0.0,0.0,0.0,0.0,0.0,0.280964,0.0,0.0,0.229817,0.0,0.272701,0.0,0.0,0.0,0.0,0.0,0.0,0.0,0.0,0.0,0.0,0.193772,0.165646,0.225737,0.218083,0.0,0.0,0.0,0.0,0.0,0.0,0.261563,0.0,0.0,0.0,0.0,0.0,0.0,0.38257,0.0,0.0,0.0,0.0,0.0,0.0,0.0,0.0,0.0,0.0,0.0,0.0,0.0,0.0,0.298623,0.218083,0.254666,0.243824,0.218083,0.0,0.0,0.0,0.0,0.412217,0.0,0.0,0.0,0.0,0.0,0.0,0.0,0.0,0.0,0.270889,0.236886,0.252184,0.0,0.0,0.0,0.272701,0.0,0.0,0.0,0.0,0.0,0.0,0.0,0.0,0.0,0.0,0.0,0.0,0.0,0.0,0.0,0.0,0.0,0.0,0.261035,0.0,0.0,0.0,0.0,0.0,0.0,0.0,0.553195,1.0,0.427777,0.0,0.0,0.0,0.0,0.0,0.187967,0.0,0.0,0.0,0.0,0.0,0.0,0.0,0.0,0.0,0.0,0.0,0.0,0.0,0.0,0.0,0.0,0.204197,0.692149,0.0,0.0,0.0,0.0,0.0,0.0,0.0,0.0,0.0,0.0,0.473728,0.0,0.0,0.0,0.0,0.0,0.0,0.0,0.0,0.0,0.0,0.681484,0.0,0.0,0.0,0.0,0.0,0.0,0.0,0.0,0.0,0.0,0.336573,0.0,0.0,0.412217,0.0,0.0,0.0,0.523215,0.0,0.0,0.0,0.0,0.0,0.0,0.308861
sedu_es_9ef-D14-02,0.13084,0.0,0.280465,0.0,0.0,0.0,0.0,0.145598,0.07339,0.0,0.0,0.0,0.303023,0.438951,0.187011,0.07339,0.07927,0.225781,0.0,0.0,0.0,0.0,0.0,0.13909,0.212011,0.0,0.0,0.0,0.0,0.0,0.0,0.159538,0.0,0.13084,0.0,0.274989,0.270435,0.070901,0.22904,0.186759,0.070901,0.0,0.0,0.0,0.0,0.0,0.0,0.0,0.0,0.0,0.291331,0.198641,0.181333,0.0,0.0,0.161526,0.0,0.260113,0.260113,0.253881,0.174766,0.122804,0.285663,0.07339,0.191629,0.184219,0.062997,0.07339,0.0,0.0,0.279902,0.173725,0.0,0.0,0.0,0.0,0.0,0.0,0.192333,0.29497,0.0,0.086836,0.0,0.0,0.0,0.0,0.39351,0.0,0.21844,0.0,0.0,0.0,0.201995,0.355469,0.059922,0.333376,0.389982,0.0,0.0,0.0,0.0,0.0,0.0,0.0,0.0,0.0,0.0,0.0,0.0,0.193303,0.326281,0.0,0.0,0.0,0.0,0.144178,0.177247,0.15328,0.0,0.392419,0.0,0.0,0.0,0.0,0.0,0.0,0.0,0.0,0.0,0.0,0.0,0.0,0.0,0.0,0.0,0.0,0.0,0.0,0.0,0.145598,0.0,0.0,0.0,0.214248,0.247392,0.221274,0.0,0.175598,0.250855,0.281854,0.091533,0.112104,0.354319,0.208885,0.07616,0.0,0.0,0.0,0.0,0.0,0.0,0.0,0.0,0.0,0.0,0.0,0.0,0.0,0.0,0.0,0.0,0.0,0.0,0.0,0.0,0.0,0.0,0.0,0.165711,0.177152,0.123578,0.0,0.175598,0.27661,0.241888,0.25751,0.249333,0.07927,0.082795,0.222087,0.0,0.192333,0.097085,0.0,0.149621,0.0,0.0,0.0,0.0,0.0,0.0,0.0,0.0,0.0,0.0,0.0,0.162655,0.170594,0.0,0.0,0.0,0.166632,0.06865,0.0,0.337119,0.07339,0.674647,1.0,0.0,0.0,0.0,0.19744,0.0,0.057258,0.052847,0.0,0.0,0.0,0.0,0.0,0.0,0.0,0.0,0.194131,0.0,0.220123,0.287874,0.278113,0.07616,0.329395,0.195394,0.399829,0.323032,0.175598,0.0,0.051894,0.056052,0.0,0.0,0.569302,0.186609,0.152066,0.0,0.150373,0.056052,0.0,0.0,0.0,0.0,0.0,0.0,0.0,0.0666,0.0,0.16638,0.0,0.0,0.0,0.07339,0.0,0.0,0.07339,0.0,0.0,0.0,0.0,0.0,0.0,0.0,0.0,0.0,0.0,0.244189,0.0,0.0,0.0,0.0,0.192688,0.0,0.0
sedu_es_9ef-D14-03,0.0,0.0,0.0,0.0,0.0,0.0,0.0,0.0,0.102409,0.0,0.0,0.0,0.184507,0.42548,0.256242,0.102409,0.110615,0.106275,0.0,0.0,0.0,0.0,0.0,0.0,0.0,0.0,0.0,0.0,0.0,0.0,0.291133,0.0,0.0,0.0,0.0,0.167437,0.17825,0.30319,0.102409,0.087908,0.098937,0.0,0.0,0.0,0.0,0.237709,0.0,0.0,0.0,0.0,0.0,0.277187,0.253036,0.0,0.0,0.0,0.0,0.15838,0.15838,0.540727,0.0,0.171363,0.391416,0.313831,0.085682,0.0,0.087908,0.102409,0.599898,0.0,0.0,0.0,0.0,0.0,0.0,0.0,0.0,0.0,0.268385,0.234266,0.0,0.121172,0.0,0.0,0.0,0.0,0.0,0.0,0.1564,0.279711,0.0,0.0,0.276773,0.323585,0.083617,0.075148,0.087908,0.319159,0.0,0.0,0.0,0.0,0.0,0.0,0.0,0.0,0.0,0.0,0.0,0.0,0.0,0.0,0.0,0.0,0.0,0.0,0.0,0.0,0.0,0.30319,0.0,0.248989,0.0,0.0,0.0,0.0,0.0,0.0,0.0,0.0,0.0,0.0,0.0,0.0,0.0,0.0,0.0,0.0,0.0,0.0,0.0,0.0,0.0,0.298965,0.345215,0.30877,0.0,0.245032,0.181721,0.568646,0.127727,0.156433,0.144828,0.0,0.106275,0.0,0.0,0.0,0.0,0.0,0.0,0.0,0.0,0.0,0.0,0.0,0.0,0.0,0.0,0.0,0.0,0.0,0.0,0.0,0.0,0.0,0.0,0.0,0.0,0.0,0.0,0.0,0.245032,0.385986,0.337535,0.359334,0.347923,0.110615,0.115533,0.558893,0.330361,0.57741,0.41516,0.0,0.0,0.0,0.0,0.0,0.0,0.0,0.0,0.0,0.0,0.0,0.0,0.0,0.0,0.0,0.0,0.0,0.0,0.0,0.095795,0.0,0.0,0.313831,0.583745,1.0,0.0,0.0,0.0,0.092935,0.0,0.079899,0.497004,0.0,0.0,0.0,0.0,0.0,0.0,0.0,0.0,0.270893,0.304078,0.0,0.401705,0.388084,0.106275,0.079899,0.0,0.087908,0.440422,0.0,0.0,0.072414,0.078216,0.0,0.0,0.311192,0.0,0.0,0.0,0.222702,0.078216,0.0,0.0,0.0,0.0,0.0,0.0,0.0,0.092935,0.0,0.420388,0.0,0.0,0.0,0.102409,0.0,0.0,0.102409,0.0,0.0,0.0,0.307307,0.0,0.0,0.376373,0.0,0.0,0.0,0.332928,0.0,0.219403,0.0,0.0,0.0,0.0,0.0
sedu_es_9ef-D14-04,0.306327,0.364602,0.315754,0.269276,0.0,0.0,0.0,0.0,0.0,0.0,0.0,0.0,0.0,0.0,0.0,0.0,0.0,0.0,0.0,0.0,0.0,0.0,0.0,0.243068,0.238688,0.0,0.0,0.0,0.0,0.0,0.0,0.0,0.0,0.0,0.0,0.0,0.0,0.0,0.0,0.0,0.0,0.0,0.0,0.0,0.0,0.0,0.0,0.0,0.0,0.0,0.364602,0.0,0.0,0.0,0.0,0.0,0.0,0.0,0.0,0.297696,0.0,0.0,0.0,0.0,0.0,0.0,0.0,0.0,0.0,0.535485,0.0,0.0,0.0,0.0,0.0,0.0,0.0,0.0,0.0,0.0,0.0,0.0,0.0,0.0,0.0,0.0,0.0,0.0,0.0,0.0,0.0,0.0,0.0,0.0,0.0,0.210759,0.0,0.0,0.0,0.0,0.0,0.0,0.0,0.503001,0.0,0.0,0.0,0.0,0.0,0.0,0.0,0.0,1.0,0.603587,0.0,0.0,0.0,0.0,0.0,0.277477,0.0,0.310229,0.0,0.0,0.0,0.0,0.0,0.0,0.0,0.0,0.0,0.0,0.0,0.0,0.337556,0.0,0.0,0.446544,0.0,0.0,0.380814,0.0,0.32611,0.0,0.0,0.0,0.0,0.0,0.0,0.224083,0.358221,0.0,0.0,0.0,0.298058,0.0,0.0,0.0,0.0,0.0,0.0,0.0,0.0,0.0,0.0,0.0,0.0,0.0,0.277477,0.0,0.0,0.0,0.310229,0.0,0.0,0.0,0.358221,0.0,0.0,0.0,0.0,0.0,0.0,0.0,0.0,0.0,0.0,0.0,0.324023,0.0,0.0,0.0,0.0,0.0,0.0,0.0,0.0,0.0,0.0,0.0,0.0,0.0,0.0,0.0,0.0,0.0,0.0,0.0,0.287216,0.43873,0.0,0.0,0.0,0.0,0.0,0.0,0.0,0.0,0.0,0.0,0.0,0.0,0.0,0.0,0.0,0.0,0.0,0.0,0.0,0.0,0.406185,0.298058,0.52834,0.0,0.0,0.0,0.0,0.0,0.0,0.0,0.0,0.246545,0.0,0.0,0.0,0.0,0.0,0.287216,0.0,0.240302,0.0,0.0,0.0,0.0,0.0,0.0,0.0,0.0,0.0,0.379951,0.324023,0.0,0.0,0.0,0.0,0.0,0.0,0.0,0.0,0.942239,0.0,0.0,0.0,0.0,0.0,0.0,0.0,0.0,0.631479,0.0,0.0,0.0,0.0,0.0,0.0,0.0,0.0,0.0,0.0,0.0
sedu_es_9ef-D15-01,0.22698,0.27016,0.233966,0.421204,0.0,0.0,0.238537,0.25994,0.0,0.0,0.0,0.0,0.0,0.0,0.0,0.0,0.0,0.0,0.0,0.0,0.0,0.0,0.0,0.421399,0.176861,0.313499,0.0,0.0,0.300152,0.328801,0.0,0.0,0.0,0.0,0.0,0.0,0.0,0.0,0.410707,0.0,0.0,0.0,0.0,0.0,0.0,0.0,0.0,0.0,0.0,0.0,0.27016,0.0,0.0,0.0,0.0,0.0,0.0,0.0,0.0,0.220585,0.0,0.0,0.0,0.0,0.343622,0.0,0.0,0.0,0.0,0.0,0.0,0.0,0.0,0.0,0.0,0.0,0.0,0.0,0.0,0.0,0.25994,0.0,0.0,0.0,0.0,0.0,0.378032,0.0,0.0,0.0,0.0,0.0,0.0,0.0,0.0,0.0,0.274724,0.0,0.0,0.0,0.0,0.0,0.0,0.0,0.0,0.0,0.0,0.0,0.0,0.0,0.313447,0.0,0.553284,0.241639,0.290434,0.0,0.0,0.288377,0.0,0.0,0.0,0.0,0.0,0.0,0.0,0.0,0.0,0.0,0.0,0.0,0.0,0.0,0.0,0.0,0.25012,0.0,0.0,0.330877,0.0,0.0,0.282173,0.0,0.241639,0.0,0.0,0.0,0.0,0.0,0.0,0.0,0.0,0.0,0.0,0.0,0.0,0.350151,0.0,0.0,0.249694,0.437689,0.0,0.0,0.0,0.0,0.0,0.0,0.0,0.0,0.0,0.0,0.0,0.0,0.0,0.0,0.0,0.0,0.0,0.0,0.0,0.0,0.0,0.0,0.0,0.0,0.0,0.0,0.0,0.0,0.0,0.0,0.0,0.0,0.0,0.0,0.0,0.244437,0.0,0.0,0.0,0.0,0.0,0.0,0.0,0.0,0.0,0.0,0.0,0.0,0.0,0.0,0.0,0.0,0.0,0.0,0.0,0.0,0.0,0.0,0.485572,0.0,0.0,0.0,0.0,0.0,0.0,0.0,0.0,0.0,0.0,0.0,0.0,0.0,0.391486,0.0,0.0,0.0,0.0,0.0,0.0,0.261433,0.0,0.0,0.0,0.0,0.373262,0.226305,0.244437,0.0,0.0,0.0,0.323727,0.0,0.0,0.0,0.0,0.0,0.0,0.0,0.0,0.0,0.0,0.0,0.0,0.0,0.226894,0.0,0.0,0.0,0.0,1.0,0.0,0.0,0.0,0.226894,0.0,0.0,0.0,0.0,0.0,0.0,0.0,0.0,0.0,0.0,0.0,0.0,0.0,0.0,0.0,0.0
sedu_es_9ef-D15-02,0.0,0.0,0.0,0.0,0.314991,0.0,0.239672,0.0,0.0,0.0,0.0,0.0,0.0,0.0,0.266412,0.415975,1.0,0.431678,0.0,0.0,0.0,0.269742,0.0,0.0,0.360515,0.0,0.0,0.0,0.0,0.0,0.0,0.0,0.0,0.0,0.0,0.0,0.0,0.315223,0.0,0.677321,0.0,0.0,0.0,0.0,0.0,0.0,0.0,0.0,0.0,0.0,0.0,0.0,0.0,0.0,0.0,0.0,0.0,0.0,0.0,0.287758,0.0,0.0,0.954275,0.326287,0.0,0.0,0.0,0.0,0.0,0.0,0.0,0.374124,0.0,0.0,0.0,0.0,0.0,0.0,0.0,0.0,0.0,0.0,0.0,0.0,0.0,0.0,0.0,0.0,0.0,0.0,0.0,0.0,0.287758,0.233604,0.0,0.305242,0.357071,0.0,0.0,0.0,0.0,0.0,0.0,0.0,0.0,0.0,0.0,0.0,0.0,0.832574,0.0,0.0,0.758506,0.269742,0.0,0.0,0.0,0.0,0.0,0.315223,0.0,0.0,0.0,0.0,0.0,0.0,0.0,0.0,0.0,0.0,0.0,0.0,0.0,0.0,0.0,0.0,0.0,0.0,0.0,0.0,0.890174,0.0,0.0,0.0,0.0,0.0,0.0,0.0,0.0,0.254566,0.0,0.0,0.0,0.0,0.0,0.0,0.0,0.0,0.0,0.0,0.0,0.0,0.0,0.0,0.0,0.0,0.0,0.0,0.269742,0.0,0.0,0.0,0.301581,0.0,0.0,0.330366,0.348236,0.0,0.0,0.0,0.0,0.0,0.0,0.0,0.0,0.0,0.0,0.0,0.495073,0.0,0.0,0.0,0.431637,0.0,0.0,0.0,0.0,0.0,0.0,0.0,0.0,0.0,0.0,0.348236,0.261177,0.0,0.0,0.0,0.27921,0.0,0.0,0.0,0.0,0.0,0.0,0.326287,0.0,0.0,0.0,0.0,0.0,0.0,0.0,0.0,0.234953,0.0,0.0,0.0,0.0,0.314991,0.394862,0.28975,0.0,0.0,0.0,0.0,0.0,0.0,0.0,0.0,0.0,0.0,0.0,0.0,0.463362,0.0,0.0,0.0,0.0,0.0,0.0,0.0,0.887409,0.423955,0.0,0.485978,0.0,0.0,0.0,0.0,0.0,0.0,0.0,0.0,0.0,0.0,0.0,0.0,0.0,0.0,0.0,0.0,0.0,0.0,0.0,0.0,0.0,0.0,0.0,0.0,0.0,0.0,0.0,0.0,0.338604,0.0,0.0,0.0,0.269742,0.0
sedu_es_9ef-D15-03,0.0,0.0,0.558757,0.0,0.0,0.0,0.0,0.558757,0.0,0.0,0.0,0.0,0.0,0.0,0.0,0.0,0.0,0.0,0.0,0.0,0.0,0.0,0.0,0.0,0.422381,0.0,0.0,0.0,0.0,0.0,0.0,0.0,0.0,0.0,0.0,0.0,0.0,0.0,0.0,0.0,0.0,0.0,0.0,0.0,0.0,0.0,0.0,0.0,0.0,0.0,0.0,0.0,0.0,0.0,0.0,0.619885,0.0,0.0,0.0,0.0,0.0,0.0,0.0,0.0,0.0,0.0,0.0,0.0,0.908557,0.0,0.0,0.0,0.0,0.0,0.0,0.0,0.0,0.0,0.0,0.487723,0.0,0.0,0.0,0.0,0.0,0.0,0.673887,0.0,0.0,0.0,0.0,0.0,0.0,0.0,0.0,0.0,0.0,0.877749,0.0,0.0,0.0,0.0,0.0,0.0,0.0,0.0,0.0,0.0,0.0,0.0,0.558757,0.0,0.0,0.0,0.0,0.0,0.0,0.0,0.0,0.0,0.0,0.0,0.0,0.0,0.0,0.0,0.0,0.0,0.0,0.0,0.0,0.0,0.0,0.0,0.0,0.0,0.0,0.0,0.0,0.558757,0.0,0.0,0.0,0.0,0.0,0.0,0.0,0.0,0.0,0.0,0.0,0.0,0.0,0.0,0.0,0.0,0.0,0.0,0.0,0.0,0.0,0.0,0.0,0.0,0.0,0.0,0.0,0.0,0.0,0.0,0.0,0.0,0.0,0.0,0.0,0.0,0.0,0.0,0.0,0.0,0.0,0.0,0.0,0.0,0.0,0.0,0.0,0.0,0.0,0.0,0.0,0.0,0.0,0.0,0.0,0.0,0.0,0.0,0.0,0.0,0.0,0.0,0.0,0.0,0.0,0.0,0.0,0.0,0.0,0.0,0.0,0.0,0.0,0.0,0.0,0.0,0.0,0.0,0.0,0.0,0.0,0.0,0.0,0.0,0.0,0.0,0.0,0.0,0.0,0.0,0.0,0.0,0.0,0.0,0.0,0.844761,0.0,0.0,0.0,0.466036,0.0,0.0,0.0,0.673887,0.0,0.0,0.0,0.0,0.0,0.0,0.0,0.0,0.0,0.0,0.0,0.0,0.0,0.0,0.0,0.0,0.0,0.0,0.0,0.0,0.0,0.0,0.0,0.0,0.0,0.0,0.0,0.0,0.0,0.0,0.0,0.0,0.0,0.0,0.0,0.0,0.0,0.0,0.0,0.0,0.0,0.0,0.0,0.0,1.0,0.0
sedu_es_9ef-D15-04,0.299572,0.0,0.308792,0.0,0.0,0.0,0.0,0.0,0.0,0.0,0.0,0.40653,0.0,0.0,0.0,0.0,0.0,0.342574,0.499789,0.0,0.0,0.0,0.0,0.0,0.233425,0.0,0.0,0.0,0.0,0.0,0.0,0.308861,0.308861,0.751405,0.0,0.0,0.0,0.0,0.0,0.283367,0.0,0.526824,0.0,0.0,0.0,0.0,0.0,0.0,0.0,0.0,0.0,0.0,0.0,0.0,0.239243,0.0,0.0,0.0,0.0,0.0,0.0,0.0,0.0,0.0,0.0,0.0,0.0,0.0,0.422399,0.0,0.0,0.0,0.0,0.0,0.0,0.0,0.0,0.0,0.0,0.0,0.267481,0.0,0.395118,0.0,0.239243,0.0,0.0,0.33834,0.0,0.0,0.0,0.0,0.0,0.0,0.0,0.552192,0.283367,0.408076,0.0,0.0,0.0,0.0,0.0,0.0,0.0,0.0,0.0,0.0,0.0,0.233477,0.0,0.0,0.0,0.0,0.0,0.330112,0.0,0.0,0.0,0.0,0.0,0.0,0.0,0.322595,0.405639,0.0,0.0,0.0,0.0,0.259495,0.267481,0.33834,0.0,0.0,0.0,0.0,0.0,0.0,0.0,0.267481,0.0,0.0,0.0,0.0,0.0,0.0,0.0,0.0,0.692761,0.0,0.0,0.0,0.404394,0.0,0.0,0.0,0.0,0.383293,0.0,0.577669,0.0,0.0,0.0,0.0,0.0,0.0,0.0,0.0,0.0,0.0,0.0,0.0,0.0,0.0,0.0,0.0,0.0,0.0,0.0,0.0,0.0,0.0,0.0,0.0,0.0,0.0,0.0,0.0,0.0,0.0,0.28595,0.267481,0.0,0.0,0.342574,0.0,0.0,0.0,0.0,0.0,0.0,0.0,0.0,0.0,0.0,0.0,0.372417,0.390594,0.0,0.0,0.0,0.0,0.0,0.0,0.0,0.28595,0.0,0.0,0.640866,0.28595,0.0,0.299572,0.0,0.0,0.0,0.0,0.0,0.0,0.308861,0.0,0.0,0.0,0.0,0.0,0.0,0.0,0.0,0.0,0.0,1.0,0.0,0.427391,0.0,0.0,0.0,0.202197,0.0,0.0,0.0,0.0,0.0,0.0,0.0,0.0,0.0,0.0,0.0,0.0,0.0,0.0,0.0,0.0,0.0,0.0,0.0,0.0,0.0,0.0,0.0,0.33834,0.0,0.0,0.0,0.0,0.0,0.0,0.0,0.0,0.0,0.0,0.0,0.0,0.0,0.0,0.0,0.0,0.0,0.0,0.0,0.0
sedu_es_9ef-D16-01,0.103437,0.0,0.0,0.431069,0.609624,0.0,0.097842,0.106621,0.329158,0.607984,0.237661,0.20086,0.0,0.0,0.0,0.0,0.0,0.0,0.0,0.0,0.0,0.134716,0.095365,0.082077,0.080598,0.12859,0.0,0.134866,0.0,0.0,0.123115,0.0,0.123115,0.223244,0.246002,0.0,0.0,0.0,0.0,0.0,0.0,0.0,0.0,0.122978,0.116667,0.267835,0.134866,0.460555,0.713625,0.134866,0.0,0.0,0.100523,0.113982,0.25409,0.118285,0.360552,0.0,0.0,0.0,0.0,0.0,0.0,0.0,0.0,0.0,0.0,0.0,0.0,0.0,0.665468,0.102324,0.119698,0.106621,0.100523,0.113982,0.12859,0.174111,0.0,0.0,0.106621,0.639379,0.237059,0.378776,0.25409,0.0,0.12859,0.134866,0.277553,0.144708,0.0,0.0,0.0,0.0,0.0,0.0,0.0,0.0,0.0,0.113856,0.307899,0.100523,0.616924,0.616924,0.299858,0.92582,0.599845,0.262993,0.237059,0.093066,0.106621,0.0,0.0,0.0,0.126543,0.139444,0.144708,0.144708,0.0,0.0,0.0,0.0,0.457097,0.0,0.10435,0.251398,0.583552,0.189647,0.097842,0.229981,0.106621,0.134866,0.097842,0.679366,0.113982,0.244833,0.21754,0.150785,0.0,0.106621,0.0,0.406118,0.110118,0.237059,0.123115,0.110118,0.0,0.157314,0.20582,0.0,0.0,0.0,0.0,0.0,0.457097,0.085297,0.154901,0.134148,0.108793,0.130438,0.123115,0.0,0.786376,0.930453,0.0,0.0,0.0,0.0,0.0,0.960769,0.866025,1.0,0.150617,0.0,0.224472,0.224472,0.0,0.173917,0.237059,0.113982,0.116667,0.0,0.0,0.0,0.0,0.0,0.0,0.0,0.0,0.0,0.0,0.0,0.150785,0.0,0.0,0.0,0.0,0.299858,0.0,0.0,0.0,0.0,0.268296,0.295189,0.130438,0.184467,0.342616,0.359338,0.139444,0.0,0.0,0.0,0.0,0.0,0.0,0.0,0.0,0.0,0.0,0.0,0.0,0.0,0.0,0.0,0.680447,0.930845,0.150785,0.190729,0.0,0.37134,0.0,0.0,0.144708,0.0,0.0,0.0,0.0,0.0,0.0,0.692234,0.0,0.0,0.0,0.0,0.0,0.098602,0.0,0.139444,0.0,0.0,0.110118,0.0,0.0,0.0,0.0,0.0,0.0,0.0,0.144708,0.0,0.0,0.119698,0.0,0.0,0.0,0.0,0.0,0.0,0.0,0.0,0.0,0.0,0.126543,0.113856,0.139444,0.113856,0.0,0.0,0.0,0.229981,0.21754,0.306819,0.0,0.390865,0.0,0.0,0.0,0.0,0.802798,0.0
sedu_es_9ef-D16-02,0.0,0.0,0.0,0.228806,0.323581,0.0,0.0,0.0,0.168989,0.0,0.0,0.0,0.0,0.0,0.0,0.435515,1.0,0.960769,0.0,0.0,0.359602,0.163259,0.0,0.0,0.0,0.0,0.0,0.0,0.0,0.0,0.0,0.304153,0.304153,0.0,0.0,0.0,0.0,0.0,0.0,0.420876,0.0,0.0,0.0,0.388769,0.368818,0.0,0.0,0.309805,0.260288,0.0,0.0,0.0,0.0,0.0,0.235596,0.0,0.158075,0.0,0.394389,0.0,0.0,0.0,0.0,0.0,0.0,0.0,0.0,0.0,0.0,0.0,0.457463,0.323475,0.3784,0.0,0.470762,0.0,0.0,0.0,0.0,0.0,0.263404,0.339375,0.158075,0.0,0.235596,0.0,0.0,0.333183,0.121686,0.175368,0.0,0.0,0.0,0.0,0.0,0.656724,0.768233,0.0,0.0,0.35993,0.412351,0.0,0.413643,0.413643,0.19995,0.455813,0.158075,0.175368,0.158075,0.451869,0.0,0.0,0.0,0.0,0.153355,0.168989,0.175368,0.175368,0.0,0.44387,0.518328,0.0,0.0,0.317677,0.329881,0.336683,0.391267,0.12646,0.0,0.408894,0.263404,0.333183,0.0,0.334475,0.0,0.163259,0.145059,0.0,0.0,0.263404,0.0,0.0,0.0,0.158075,0.0,0.0,0.0,0.190645,0.0,0.358457,0.0,0.0,0.398229,0.0,0.0,0.0,0.221951,0.192215,0.343925,0.726938,0.0,0.0,0.286824,0.339375,0.0,0.0,0.0,0.0,0.0,0.473019,0.426374,0.492334,0.182529,0.0,0.0,0.0,0.0,0.210766,0.158075,0.0,0.141386,0.0,0.0,0.0,0.0,0.0,0.0,0.0,0.0,0.0,0.281591,0.263404,0.0,0.0,0.0,0.207616,0.0,0.19995,0.0,0.0,0.0,0.0,0.0,0.357732,0.158075,0.223551,0.0,0.0,0.168989,0.0,0.0,0.0,0.0,0.0,0.0,0.281591,0.0,0.0,0.0,0.281591,0.0,0.0,0.435841,0.0,0.206537,0.391267,0.0,0.0,0.304153,0.190645,0.0,0.0,0.175368,0.0,0.0,0.0,0.0,0.0,0.0,0.443471,0.0,0.0,0.0,0.0,0.0,0.510823,0.207616,0.168989,0.227432,0.0,0.0,0.0,0.0,0.0,0.0,0.0,0.0,0.0,0.175368,0.0,0.0,0.145059,0.0,0.0,0.0,0.0,0.0,0.0,0.0,0.333183,0.0,0.0,0.153355,0.137979,0.440822,0.35993,0.0,0.271833,0.0,0.40004,0.3784,0.0,0.0,0.0,0.0,0.496262,0.496262,0.0,0.277098,0.0
sedu_es_9ef-D16-03,0.106317,0.0,0.388989,0.44307,0.626596,0.0,0.100566,0.109589,0.392707,0.437663,0.0,0.339538,0.197711,0.17942,0.0,0.0,0.0,0.0,0.0,0.0,0.0,0.0,0.371291,0.319556,0.607846,0.13217,0.0,0.138621,0.0,0.0,0.126543,0.0,0.340095,0.377375,0.0,0.17942,0.191007,0.0,0.0,0.0,0.0,0.0,0.0,0.0,0.0,0.275292,0.138621,0.473377,0.504034,0.138621,0.0,0.0,0.391375,0.443777,0.261164,0.121578,0.0,0.169714,0.169714,0.174365,0.233935,0.0,0.0,0.0,0.0,0.246589,0.0,0.0,0.0,0.0,0.0,0.0,0.0,0.109589,0.103322,0.117156,0.13217,0.178958,0.0,0.0,0.109589,0.657179,0.109589,0.389321,0.534436,0.0,0.13217,0.138621,0.0,0.205175,0.261547,0.213553,0.0,0.165417,0.0,0.0,0.0,0.0,0.0,0.0,0.182402,0.103322,0.504034,0.504034,0.138621,0.555418,0.271024,0.121578,0.415115,0.095657,0.109589,0.0,0.0,0.0,0.0,0.0,0.205175,0.205175,0.63672,0.0,0.223048,0.0,0.0,0.0,0.0,0.14893,0.476768,0.332092,0.100566,0.106317,0.109589,0.138621,0.349274,0.407565,0.117156,0.113183,0.100566,0.154983,0.0,0.109589,0.0,0.13217,0.113183,0.109589,0.126543,0.113183,0.233935,0.0,0.0,0.0,0.246589,0.0,0.0,0.0,0.0,0.087671,0.159213,0.137883,0.0,0.0,0.126543,0.0,0.845154,1.0,0.383285,0.279912,0.326867,0.312951,0.279912,0.576384,0.519546,0.59992,0.0,0.0,0.230722,0.230722,0.0,0.0,0.380613,0.604603,0.165417,0.0,0.0,0.0,0.0,0.0,0.0,0.0,0.0,0.0,0.197711,0.184942,0.154983,0.0,0.0,0.0,0.0,0.481441,0.0,0.0,0.0,0.0,0.275765,0.303407,0.0,0.0,0.575202,0.369342,0.0,0.0,0.0,0.0,0.0,0.0,0.205175,0.197711,0.0,0.0,0.0,0.0,0.0,0.0,0.0,0.0,0.399947,0.476768,0.154983,0.196039,0.0,0.219985,0.0,0.0,0.0,0.0,0.0,0.0,0.0,0.0,0.0,0.668486,0.261547,0.0,0.0,0.0,0.0,0.0,0.0,0.0,0.0,0.0,0.113183,0.169714,0.0,0.0,0.0,0.0,0.0,0.0,0.0,0.0,0.0,0.0,0.0,0.0,0.0,0.0,0.0,0.0,0.0,0.0,0.0,0.0,0.0,0.0,0.0,0.0,0.0,0.0,0.0,0.106317,0.100566,0.0,0.197711,0.0,0.0,0.0,0.0,0.0,0.423401,0.0
sedu_es_9ef-D16-04,0.106317,0.0,0.388989,0.44307,0.626596,0.0,0.100566,0.109589,0.392707,0.437663,0.0,0.339538,0.197711,0.17942,0.0,0.0,0.0,0.0,0.0,0.0,0.0,0.0,0.09802,0.084362,0.37689,0.13217,0.0,0.138621,0.0,0.0,0.126543,0.0,0.340095,0.377375,0.0,0.17942,0.191007,0.0,0.0,0.0,0.0,0.0,0.0,0.0,0.0,0.275292,0.138621,0.473377,0.504034,0.138621,0.0,0.0,0.103322,0.117156,0.261164,0.121578,0.0,0.169714,0.169714,0.174365,0.233935,0.0,0.0,0.0,0.0,0.246589,0.0,0.0,0.0,0.0,0.0,0.0,0.0,0.109589,0.103322,0.117156,0.13217,0.178958,0.0,0.0,0.109589,0.657179,0.109589,0.389321,0.261164,0.0,0.13217,0.138621,0.0,0.205175,0.261547,0.213553,0.0,0.165417,0.0,0.0,0.0,0.0,0.0,0.0,0.182402,0.103322,0.504034,0.504034,0.138621,0.555418,0.271024,0.121578,0.109589,0.095657,0.109589,0.0,0.0,0.0,0.0,0.0,0.205175,0.205175,0.63672,0.0,0.223048,0.0,0.0,0.0,0.0,0.14893,0.476768,0.087671,0.100566,0.106317,0.109589,0.138621,0.349274,0.407565,0.117156,0.113183,0.100566,0.154983,0.0,0.109589,0.0,0.13217,0.113183,0.109589,0.126543,0.113183,0.233935,0.0,0.0,0.0,0.246589,0.0,0.0,0.0,0.0,0.087671,0.159213,0.137883,0.0,0.0,0.126543,0.0,0.845154,1.0,0.383285,0.279912,0.326867,0.312951,0.279912,0.576384,0.519546,0.59992,0.0,0.0,0.230722,0.230722,0.0,0.0,0.380613,0.604603,0.165417,0.0,0.0,0.0,0.0,0.0,0.0,0.0,0.0,0.0,0.197711,0.184942,0.154983,0.0,0.0,0.0,0.0,0.481441,0.0,0.0,0.0,0.0,0.275765,0.303407,0.0,0.0,0.575202,0.369342,0.0,0.0,0.0,0.0,0.0,0.0,0.205175,0.197711,0.0,0.0,0.0,0.0,0.0,0.0,0.0,0.0,0.399947,0.476768,0.154983,0.196039,0.0,0.219985,0.0,0.0,0.0,0.0,0.0,0.0,0.0,0.0,0.0,0.668486,0.261547,0.0,0.0,0.0,0.0,0.0,0.0,0.0,0.0,0.0,0.113183,0.169714,0.0,0.0,0.0,0.0,0.0,0.0,0.0,0.0,0.0,0.0,0.0,0.0,0.0,0.0,0.0,0.0,0.0,0.0,0.0,0.0,0.0,0.0,0.0,0.0,0.0,0.0,0.0,0.106317,0.100566,0.0,0.197711,0.0,0.0,0.0,0.0,0.0,0.423401,0.0
sedu_es_9ef-D17-01,0.130096,0.0,0.0,0.351824,0.497554,0.0,0.427392,0.1341,0.175382,0.559857,0.298912,0.252627,0.0,0.0,0.0,0.0,0.0,0.0,0.0,0.0,0.0,0.169435,0.416571,0.358527,0.352066,0.16173,0.0,0.169624,0.0,0.0,0.154845,0.0,0.154845,0.280779,0.309404,0.0,0.0,0.0,0.0,0.0,0.0,0.0,0.0,0.154673,0.146735,0.12643,0.58912,0.321526,0.681011,0.169624,0.0,0.0,0.12643,0.143359,0.119942,0.14877,0.453476,0.0,0.0,0.0,0.0,0.0,0.0,0.0,0.0,0.0,0.0,0.0,0.0,0.0,0.182003,0.128695,0.150547,0.46574,0.439104,0.143359,0.16173,0.218984,0.0,0.0,0.1341,0.521839,0.629795,0.1788,0.119942,0.0,0.16173,0.169624,0.349086,0.182003,0.0,0.0,0.0,0.0,0.0,0.0,0.0,0.0,0.0,0.143199,0.164055,0.439104,0.881127,0.559389,0.377139,0.92582,0.164055,0.330773,0.298155,0.117052,0.1341,0.0,0.0,0.0,0.159157,0.175382,0.182003,0.182003,0.0,0.0,0.0,0.0,0.0,0.0,0.131244,0.13395,0.833463,0.503836,0.123058,0.289253,0.1341,0.169624,0.123058,0.679366,0.143359,0.307933,0.273606,0.189646,0.0,0.1341,0.0,0.510785,0.138498,0.298155,0.154845,0.138498,0.0,0.197858,0.258866,0.0,0.0,0.0,0.0,0.0,0.0,0.10728,0.0,0.0,0.136831,0.164055,0.154845,0.0,0.750438,0.88793,0.0,0.0,0.0,0.0,0.0,0.960769,0.866025,1.0,0.189435,0.0,0.0,0.0,0.0,0.21874,0.298155,0.143359,0.146735,0.0,0.0,0.0,0.0,0.0,0.0,0.0,0.0,0.0,0.0,0.0,0.189646,0.0,0.0,0.0,0.0,0.377139,0.0,0.0,0.0,0.0,0.0,0.371266,0.164055,0.232009,0.16173,0.169624,0.175382,0.0,0.0,0.0,0.0,0.0,0.0,0.0,0.0,0.0,0.0,0.0,0.0,0.0,0.0,0.0,0.317581,0.529129,0.189646,0.239885,0.0,0.197858,0.0,0.0,0.182003,0.0,0.0,0.0,0.0,0.0,0.0,0.473637,0.0,0.0,0.0,0.0,0.0,0.124014,0.0,0.175382,0.0,0.0,0.138498,0.0,0.0,0.0,0.0,0.0,0.0,0.0,0.182003,0.0,0.0,0.150547,0.0,0.0,0.0,0.0,0.0,0.0,0.0,0.0,0.0,0.0,0.159157,0.143199,0.175382,0.143199,0.0,0.0,0.0,0.289253,0.273606,0.385894,0.0,0.491601,0.0,0.0,0.0,0.0,0.779183,0.0
sedu_es_9ef-D17-02,0.087166,0.0,0.242275,0.36326,0.513727,0.0,0.082451,0.089849,0.392443,0.512345,0.242629,0.483436,0.0,0.0,0.093949,0.115063,0.124283,0.119407,0.0,0.0,0.0,0.113524,0.080363,0.069166,0.251062,0.108362,0.0,0.113651,0.0,0.0,0.103749,0.0,0.103749,0.537309,0.0,0.0,0.0,0.111162,0.115063,0.09877,0.111162,0.0,0.0,0.476577,0.098315,0.225703,0.113651,0.388108,0.413242,0.113651,0.0,0.111162,0.186187,0.096053,0.214121,0.368458,0.344844,0.0,0.0,0.0,0.0,0.192538,0.143509,0.115063,0.096269,0.0,0.09877,0.115063,0.0,0.0,0.121945,0.086228,0.100869,0.089849,0.08471,0.096053,0.108362,0.146723,0.107632,0.093949,0.089849,0.674947,0.199768,0.319193,0.481421,0.0,0.108362,0.113651,0.265461,0.121945,0.0,0.0,0.101476,0.312966,0.093949,0.084433,0.09877,0.0,0.0,0.095946,0.259465,0.08471,0.51988,0.51988,0.252689,0.57288,0.109919,0.221623,0.199768,0.078427,0.388699,0.0,0.0,0.308651,0.334547,0.368653,0.121945,0.121945,0.0,0.111162,0.292194,0.0,0.0,0.292194,0.087936,0.211852,0.491757,0.159815,0.082451,0.193804,0.089849,0.113651,0.082451,0.420379,0.096053,0.20632,0.18332,0.127066,0.0,0.388699,0.0,0.391691,0.092796,0.3074,0.228031,0.203957,0.0,0.132568,0.0,0.089771,0.143509,0.175762,0.162724,0.0,0.119407,0.071879,0.130534,0.113046,0.091679,0.109919,0.103749,0.0,0.455371,0.538802,0.0,0.25022,0.0,0.0,0.25022,0.594505,0.53588,0.618781,0.126924,0.0,0.189162,0.495618,0.0,0.146559,0.199768,0.096053,0.098315,0.0,0.0,0.119407,0.104418,0.111162,0.107632,0.124283,0.129809,0.124283,0.0,0.107632,0.27928,0.0,0.0,0.0,0.0,0.252689,0.0,0.0,0.0,0.0,0.226092,0.248754,0.109919,0.15545,0.288721,0.302813,0.117509,0.0,0.0,0.0,0.107632,0.0,0.0,0.115063,0.129809,0.143509,0.0,0.0,0.0,0.104418,0.0,0.089771,0.83711,1.0,0.127066,0.160727,0.0,0.312927,0.0,0.0,0.121945,0.0,0.0,0.0,0.0,0.0,0.119407,0.777375,0.0,0.09877,0.152214,0.0,0.0,0.164453,0.087881,0.117509,0.0,0.096269,0.092796,0.0,0.0,0.0,0.087881,0.0,0.0,0.0,0.121945,0.0,0.0,0.100869,0.104418,0.0,0.0,0.0,0.0,0.0,0.115063,0.0,0.0,0.115063,0.106638,0.095946,0.117509,0.095946,0.0,0.0,0.0,0.193804,0.18332,0.0,0.115063,0.32938,0.0,0.0,0.0,0.0,0.676514,0.0
sedu_es_9ef-D17-03,0.128846,0.0,0.471418,0.536958,0.759374,0.0,0.121876,0.132812,0.236316,0.757331,0.0,0.411487,0.0,0.0,0.0,0.0,0.0,0.0,0.0,0.0,0.0,0.0,0.11879,0.102238,0.456754,0.160177,0.0,0.167995,0.0,0.0,0.153358,0.0,0.153358,0.457342,0.0,0.0,0.0,0.0,0.0,0.0,0.0,0.0,0.0,0.0,0.0,0.333627,0.167995,0.573688,0.61084,0.167995,0.0,0.0,0.125216,0.141982,0.316506,0.147341,0.0,0.0,0.0,0.0,0.0,0.0,0.0,0.0,0.0,0.0,0.0,0.0,0.0,0.0,0.0,0.0,0.0,0.132812,0.125216,0.141982,0.160177,0.21688,0.0,0.0,0.132812,0.796438,0.132812,0.47182,0.316506,0.0,0.160177,0.167995,0.0,0.0,0.0,0.0,0.0,0.0,0.0,0.0,0.0,0.0,0.0,0.0,0.221053,0.125216,0.61084,0.61084,0.167995,0.673113,0.0,0.147341,0.132812,0.115927,0.132812,0.0,0.0,0.0,0.0,0.0,0.0,0.0,0.522991,0.0,0.0,0.0,0.0,0.0,0.0,0.180489,0.577797,0.106249,0.121876,0.128846,0.132812,0.167995,0.121876,0.49393,0.141982,0.137167,0.121876,0.187824,0.0,0.132812,0.0,0.160177,0.137167,0.132812,0.153358,0.137167,0.0,0.0,0.0,0.0,0.0,0.0,0.0,0.0,0.0,0.106249,0.192951,0.1671,0.0,0.0,0.153358,0.0,0.673113,0.796438,0.0,0.0,0.0,0.0,0.0,0.698522,0.62964,0.727045,0.0,0.0,0.279613,0.279613,0.0,0.0,0.132812,0.141982,0.0,0.0,0.0,0.0,0.0,0.0,0.0,0.0,0.0,0.0,0.0,0.0,0.187824,0.0,0.0,0.0,0.0,0.167995,0.0,0.0,0.0,0.0,0.334201,0.3677,0.0,0.0,0.426777,0.447607,0.0,0.0,0.0,0.0,0.0,0.0,0.0,0.0,0.0,0.0,0.0,0.0,0.0,0.0,0.0,0.0,0.484697,0.577797,0.187824,0.23758,0.0,0.2666,0.0,0.0,0.0,0.0,0.0,0.0,0.0,0.0,0.0,0.623202,0.0,0.0,0.0,0.0,0.0,0.0,0.0,0.0,0.0,0.0,0.137167,0.0,0.0,0.0,0.0,0.0,0.0,0.0,0.0,0.0,0.0,0.0,0.0,0.0,0.0,0.0,0.0,0.0,0.0,0.0,0.0,0.0,0.0,0.0,0.0,0.0,0.0,0.0,0.0,0.128846,0.121876,0.0,0.0,0.486878,0.0,0.0,0.0,0.0,1.0,0.0
sedu_es_9ef-D17-04,0.559898,0.0,0.405026,0.451529,0.638558,0.0,0.157933,0.172103,0.0,0.718519,0.0,0.0,0.0,0.0,0.0,0.0,0.0,0.449336,0.0,0.0,0.0,0.0,0.153934,0.132485,0.436269,0.207564,0.0,0.217695,0.0,0.0,0.198728,0.0,0.198728,0.392933,0.0,0.0,0.0,0.0,0.0,0.371677,0.0,0.0,0.0,0.0,0.0,0.16226,0.217695,0.412646,0.513656,0.217695,0.0,0.0,0.16226,0.183986,0.153934,0.190931,0.0,0.0,0.0,0.0,0.0,0.0,0.0,0.0,0.0,0.0,0.0,0.0,0.0,0.0,0.0,0.0,0.0,0.172103,0.16226,0.183986,0.207564,0.281043,0.0,0.0,0.172103,0.669726,0.172103,0.229471,0.153934,0.0,0.207564,0.217695,0.0,0.0,0.0,0.0,0.0,0.0,0.0,0.317729,0.371677,0.0,0.0,0.0,0.0,0.16226,0.513656,0.513656,0.217695,0.566022,0.0,0.190931,0.172103,0.150224,0.172103,0.0,0.0,0.0,0.0,0.432991,0.0,0.0,0.0,0.0,0.0,0.0,0.0,0.0,0.0,0.0,0.48587,0.137683,0.157933,0.166965,0.172103,0.217695,0.157933,0.415346,0.183986,0.177747,0.157933,0.243391,0.0,0.172103,0.0,0.207564,0.177747,0.172103,0.198728,0.177747,0.0,0.0,0.362266,0.0,0.0,0.0,0.0,0.0,0.0,0.137683,0.0,0.0,0.0,0.0,0.198728,0.0,0.566022,0.669726,0.0,0.0,0.0,0.0,0.0,0.587388,0.529465,0.611373,0.0,0.0,0.0,0.0,0.0,0.0,0.172103,0.183986,0.0,0.0,0.0,0.0,0.0,0.0,0.0,0.0,0.0,0.0,0.0,0.0,0.243391,0.0,0.449336,0.0,0.0,0.217695,0.0,0.0,0.0,0.0,0.0,0.476482,0.0,0.0,0.696044,0.730017,0.0,0.0,0.0,0.0,0.0,0.0,0.0,0.0,0.0,0.0,0.0,0.0,0.0,0.392933,0.0,0.0,0.407582,0.48587,0.243391,0.307867,0.0,0.0,0.0,0.0,0.0,0.0,0.0,0.0,0.0,0.0,0.0,0.29806,0.0,0.0,0.0,0.0,0.0,0.0,0.0,0.0,0.0,0.0,0.177747,0.0,0.0,0.0,0.0,0.0,0.0,0.0,0.0,0.0,0.0,0.0,0.0,0.0,0.0,0.0,0.0,0.0,0.0,0.0,0.0,0.0,0.0,0.0,0.0,0.0,0.0,0.0,0.0,0.166965,0.157933,0.0,0.0,0.630919,0.0,0.0,0.0,0.0,1.0,0.0
sedu_es_9ef-D18-01,0.0,0.0,0.0,0.409452,0.0,0.0,0.0,0.0,0.0,0.821731,0.0,0.0,0.0,0.0,0.0,0.0,0.0,0.0,0.0,0.0,0.690308,0.0,0.0,0.3696,0.0,0.0,0.0,0.0,0.0,0.0,0.0,0.0,0.0,0.0,0.0,0.0,0.0,0.0,0.0,0.0,0.0,0.0,0.607315,0.0,0.0,0.0,0.0,0.0,0.0,0.0,0.0,0.0,0.0,0.0,0.429437,0.53265,0.0,0.0,0.0,0.0,0.0,0.858873,0.0,0.0,0.0,0.0,0.0,0.0,0.0,0.495871,0.0,0.376641,0.0,0.0,0.0,0.513275,0.0,0.0,0.0,0.0,0.0,0.0,0.0,0.0,0.429437,0.0,0.0,0.0,0.0,0.0,0.0,0.0,0.0,0.0,0.0,0.0,0.0,0.0,0.53265,0.0,0.0,0.0,0.473547,0.465789,0.0,0.0,0.0,0.0,0.0,0.0,0.0,0.0,0.0,0.0,0.0,0.0,0.0,0.0,0.0,0.0,0.0,0.0,0.53265,0.579052,0.0,0.39202,0.0,0.0,0.0,0.0,0.488121,0.0,0.440593,0.382914,0.513275,0.0,0.0,0.0,0.0,0.0,0.0,0.0,0.0,0.0,0.0,0.0,0.0,0.0,0.0,0.0,0.0,0.0,0.0,0.0,0.0,0.774597,0.0,0.0,0.0,0.0,0.0,0.0,0.0,0.0,0.678999,0.495871,0.579052,0.5544,1.0,0.0,0.0,0.0,0.563634,0.0,0.61743,0.61743,0.650828,0.0,0.0,0.0,0.0,0.0,0.0,0.0,0.0,0.0,0.0,0.0,0.0,0.0,0.521824,0.0,0.0,0.0,0.0,0.0,0.0,0.0,0.0,0.0,0.0,0.0,0.73797,0.0,0.0,0.0,0.0,0.0,0.521824,0.0,0.0,0.0,0.0,0.0,0.0,0.521824,0.0,0.0,0.0,0.0,0.0,0.0,0.0,0.0,0.375756,0.0,0.0,0.0,0.0,0.0,0.0,0.0,0.541522,0.0,0.0,0.0,0.0,0.0,0.0,0.0,0.0,0.447931,0.690308,0.0,0.0,0.368985,0.39202,0.0,0.0,0.0,0.0,0.0,0.0,0.0,0.39202,0.0,0.0,0.0,0.0,0.0,0.0,0.0,0.473547,0.0,0.0,0.0,0.0,0.0,0.521824,0.0,0.0,0.0,0.0,0.0,0.521824,0.0,0.0,0.0,0.0,0.473547,0.447931,0.0,0.0,0.924828,0.0,0.0,0.0,0.0,0.924828,0.0
sedu_es_9ef-D18-02,0.0,0.0,0.0,0.0,0.0,0.0,0.0,0.0,0.0,0.0,0.0,0.0,0.0,0.0,0.0,0.0,0.0,0.0,0.0,0.0,0.0,0.0,0.591608,0.509175,0.5,0.0,0.0,0.0,0.0,0.0,0.0,0.0,0.0,0.0,0.0,0.0,0.0,0.0,0.0,0.0,0.0,0.0,0.0,0.0,0.0,0.0,0.0,0.0,0.0,0.0,0.0,0.0,0.0,0.0,0.0,0.0,0.0,0.0,0.0,0.0,0.0,0.0,0.0,0.0,0.0,0.0,0.0,0.0,0.707107,0.0,0.0,0.0,0.0,0.0,0.0,0.0,0.0,0.0,0.0,0.0,0.0,0.0,0.0,0.0,0.0,0.0,0.0,0.0,0.0,0.0,0.0,0.0,0.0,0.0,0.0,0.0,0.0,0.0,0.0,0.0,0.0,0.0,0.0,0.0,0.0,0.0,0.0,0.0,0.0,0.0,0.0,0.0,0.62361,0.0,0.0,0.0,0.0,0.0,0.0,0.0,0.0,0.0,0.0,0.0,0.0,0.0,0.0,0.52915,0.0,0.0,0.0,0.0,0.0,0.0,0.0,0.0,0.0,0.0,0.0,0.0,0.0,0.0,0.0,0.0,0.0,0.0,0.0,0.0,0.0,0.0,0.0,0.0,0.0,0.0,0.0,0.0,0.0,0.0,0.0,0.0,0.0,0.0,0.0,0.0,0.0,0.0,0.0,0.0,0.0,0.0,0.0,0.0,0.0,0.0,0.0,0.0,0.0,0.0,0.0,0.0,0.0,0.0,0.0,0.0,0.0,0.0,0.0,0.0,0.0,0.0,0.0,0.0,0.0,0.0,0.733799,0.0,0.0,0.0,0.0,0.0,0.0,0.0,1.0,0.0,0.0,0.0,0.0,0.0,0.0,0.0,0.0,0.0,0.0,0.0,0.0,0.0,0.0,0.0,0.0,0.0,0.0,0.0,0.0,0.0,0.0,0.0,0.0,0.0,0.0,0.0,0.0,0.0,0.0,0.0,0.0,0.0,0.0,0.0,0.0,0.0,0.0,0.0,0.0,0.0,0.0,0.0,0.0,0.0,0.0,0.0,0.0,0.0,0.0,0.0,0.0,0.0,0.0,0.0,0.0,0.0,0.0,0.0,0.0,0.0,0.0,0.0,0.0,0.0,0.0,0.0,0.0,0.0,0.0,0.0,0.0,0.0,0.0,0.0,0.0,0.0,0.0,0.0,0.0,0.0,0.0,0.0,0.0,0.0,0.0,0.0
sedu_es_9ef-D18-03,0.0,0.0,0.0,0.409452,0.0,0.0,0.0,0.0,0.0,0.0,0.0,0.0,0.0,0.0,0.0,0.0,0.0,0.0,0.0,0.0,0.690308,0.0,0.0,0.3696,0.0,0.0,0.0,0.0,0.0,0.0,0.0,0.0,0.0,0.0,0.0,0.0,0.0,0.0,0.0,0.0,0.0,0.0,0.607315,0.0,0.0,0.0,0.0,0.0,0.0,0.0,0.0,0.0,0.0,0.0,0.429437,0.53265,0.0,0.0,0.0,0.0,0.0,0.858873,0.0,0.0,0.0,0.0,0.0,0.0,0.0,0.495871,0.0,0.376641,0.0,0.0,0.0,0.513275,0.0,0.0,0.0,0.0,0.0,0.0,0.0,0.0,0.429437,0.0,0.0,0.0,0.0,0.0,0.0,0.0,0.0,0.0,0.0,0.0,0.0,0.0,0.53265,0.0,0.0,0.0,0.473547,0.465789,0.0,0.0,0.0,0.0,0.0,0.0,0.0,0.0,0.0,0.0,0.0,0.0,0.0,0.0,0.0,0.0,0.0,0.0,0.53265,0.579052,0.0,0.39202,0.0,0.0,0.0,0.0,0.488121,0.0,0.440593,0.382914,0.513275,0.0,0.0,0.0,0.0,0.0,0.0,0.0,0.0,0.0,0.0,0.0,0.0,0.0,0.0,0.0,0.0,0.0,0.0,0.0,0.0,0.774597,0.0,0.0,0.0,0.0,0.0,0.0,0.0,0.0,0.678999,0.495871,0.579052,0.5544,1.0,0.0,0.0,0.0,0.563634,0.0,0.61743,0.61743,0.650828,0.0,0.0,0.0,0.0,0.0,0.0,0.0,0.0,0.0,0.0,0.0,0.0,0.0,0.521824,0.0,0.0,0.0,0.0,0.0,0.0,0.0,0.0,0.0,0.0,0.0,0.73797,0.0,0.0,0.0,0.0,0.0,0.521824,0.0,0.0,0.0,0.0,0.0,0.0,0.521824,0.0,0.0,0.0,0.0,0.0,0.0,0.0,0.0,0.375756,0.0,0.0,0.0,0.0,0.0,0.0,0.0,0.541522,0.0,0.0,0.0,0.0,0.0,0.0,0.0,0.0,0.447931,0.690308,0.0,0.94718,0.368985,0.39202,0.0,0.0,0.0,0.0,0.0,0.0,0.0,0.39202,0.0,0.0,0.0,0.0,0.0,0.0,0.0,0.473547,0.0,0.0,0.0,0.0,0.0,0.521824,0.0,0.0,0.0,0.0,0.0,0.521824,0.0,0.0,0.0,0.0,0.473547,0.447931,0.0,0.0,0.0,0.0,0.0,0.0,0.0,0.0,0.0
sedu_es_9ef-D18-04,0.0,0.0,0.0,0.0,0.0,0.0,0.0,0.0,0.0,0.0,0.0,0.0,0.0,0.0,0.0,0.0,0.0,0.0,0.0,0.0,0.347443,0.0,0.0,0.0,0.0,0.0,0.0,0.0,0.0,0.0,0.0,0.0,0.0,0.0,0.0,0.0,0.0,0.0,0.0,0.0,0.0,0.0,0.0,0.0,0.0,0.0,0.0,0.0,0.0,0.0,0.0,0.0,0.0,0.0,0.403119,0.0,0.0,0.0,0.0,0.0,0.0,0.0,0.0,0.0,0.0,0.0,0.0,0.0,0.0,0.0,0.0,0.0,0.0,0.0,0.0,0.0,0.0,0.0,0.0,0.0,0.0,0.0,0.0,0.0,0.0,0.0,0.0,0.0,0.0,0.0,0.0,0.0,0.0,0.0,0.0,0.0,0.0,0.0,0.0,0.0,0.0,0.0,0.238344,0.0,0.0,0.0,0.0,0.0,0.0,0.0,0.0,0.0,0.0,0.0,0.0,0.0,0.0,0.0,0.0,0.0,0.0,0.0,0.0,0.0,0.0,0.0,0.0,0.0,0.0,0.0,0.24568,0.0,0.0,0.192727,0.0,0.0,0.0,0.0,0.0,0.0,0.0,0.0,0.0,0.0,0.0,0.0,0.0,0.0,0.0,0.0,0.0,0.0,0.0,0.0,0.0,0.196544,0.0,0.0,0.0,0.0,0.0,0.0,0.0,0.0,0.0,0.0,0.0,0.0,0.253737,0.0,0.0,0.0,0.283686,0.0,0.310763,0.310763,0.327573,0.0,0.0,0.0,0.0,0.0,0.0,0.0,0.0,0.0,0.0,0.0,0.0,0.0,0.262642,0.0,0.0,0.0,0.0,0.0,0.0,0.0,0.0,0.0,0.0,0.0,0.371433,0.0,0.0,0.0,0.543565,0.570096,0.262642,0.0,0.0,0.0,0.0,0.0,0.0,0.262642,0.0,0.0,0.0,0.0,0.0,0.0,0.0,0.0,0.189124,0.0,0.0,0.0,0.0,0.0,0.0,0.0,0.272557,0.0,0.0,0.0,0.0,0.0,0.0,0.0,0.0,0.225451,0.347443,0.0,0.0,0.185716,0.0,0.0,0.0,0.0,0.0,0.0,0.0,0.0,0.0,0.0,0.0,0.0,0.0,0.0,0.0,0.0,0.238344,0.0,0.0,0.0,0.0,0.0,0.262642,0.0,1.0,0.0,0.0,0.0,0.262642,0.0,0.0,0.0,0.0,0.238344,0.225451,0.0,0.0,0.0,0.0,0.0,0.0,0.0,0.0,0.0
sedu_es_9ef-D19-01,0.349212,0.0,0.0,0.0,0.0,0.463079,0.0,0.0,0.0,0.0,0.324437,0.674763,0.0,0.0,0.0,0.0,0.0,0.0,0.0,0.0,0.0,0.371765,0.0,0.0,0.425181,0.0,0.394915,0.0,0.0,0.0,0.0,0.0,0.0,0.749957,0.335824,0.0,0.0,0.0,0.0,0.0,0.0,0.0,0.0,0.339373,0.0,0.0,0.0,0.0,0.304756,0.0,0.0,0.0,0.0,0.0,0.0,0.0,0.314135,0.0,0.0,0.0,0.0,0.0,0.0,0.0,0.0,0.0,0.330322,0.490589,0.685043,0.0,0.0,0.441231,0.300485,0.0,0.0,0.0,0.0,0.0,0.0,0.0,0.0,0.0,0.0,0.0,0.0,0.0,0.0,0.612372,0.241821,0.0,0.0,0.0,0.0,0.0,0.714763,0.502684,0.0,0.5,0.0,0.314199,0.0,0.0,0.0,0.0,0.0,0.335824,0.0,0.0,0.0,0.981913,0.0,0.583874,0.456435,0.5,0.0,0.0,0.0,0.363269,0.0,0.0,0.0,0.559017,0.0,0.0,0.0,0.0,0.0,0.0,0.0,0.0,0.0,0.0,0.0,0.503298,0.0,0.0,0.421119,0.0,0.0,0.484123,0.583874,0.378861,0.0,0.327446,0.378103,0.338185,0.0,0.0,0.691427,0.0,0.0,0.0,0.0,0.968797,0.0,0.0,0.0,0.0,0.573336,0.35996,0.739931,0.0,0.685879,0.397353,0.0,0.0,0.0,0.0,0.0,0.711771,0.314135,0.362732,0.0,0.0,0.0,0.0,0.0,0.0,0.0,0.0,0.0,0.0,0.553459,0.509108,0.0,0.0,0.484123,0.0,0.0,0.0,0.0,0.0,0.0,0.0,0.0,0.561265,0.0,0.0,0.0,0.0,0.0,0.0,0.0,0.0,0.327446,0.0,0.0,0.0,0.0,0.0,0.0,0.0,0.0,0.0,0.0,0.0,0.0,0.0,0.0,0.0,0.0,0.31767,0.0,0.0,0.0,0.0,0.0,0.0,0.559017,0.0,0.0,0.0,0.0,0.0,0.0,0.0,0.490589,0.473954,0.0,0.262007,0.0,0.330322,0.0,0.0,0.306975,0.0,0.0,0.0,0.0,0.0,0.0,0.0,0.562461,1.0,0.0,0.0,0.0,0.0,0.0,0.0,0.0,0.0,0.0,0.0,0.0,0.0,0.0,0.0,0.0,0.0,0.0,0.0,0.0,0.0,0.0,0.0,0.854399,0.0,0.0,0.31767,0.300485,0.418846,0.0,0.0,0.0,0.0,0.0,0.0,0.952672,0.0
sedu_es_9ef-D19-02,0.321043,0.382117,0.330923,0.282212,0.0,0.0,0.0,0.0,0.0,0.0,0.0,0.0,0.0,0.0,0.0,0.0,0.0,0.0,0.0,0.0,0.0,0.0,0.679484,0.839552,0.824423,0.443416,0.0,0.465059,0.0,0.591608,0.0,0.0,0.0,0.0,0.0,0.0,0.0,0.0,0.0,0.0,0.0,0.0,0.0,0.0,0.328846,0.0,0.0,0.0,0.0,0.0,0.382117,0.0,0.0,0.5,0.446425,0.0,0.0,0.0,0.0,0.311997,0.0,0.0,0.0,0.0,0.0,0.0,0.0,0.0,1.0,0.0,0.0,0.485639,0.0,0.0,0.0,0.0,0.0,0.0,0.0,0.0,0.0,0.0,0.0,0.0,0.0,0.0,0.0,0.0,0.0,0.0,0.0,0.627452,0.0,0.41833,0.0,0.0,0.0,0.56121,0.0,0.0,0.0,0.0,0.0,0.0,0.0,0.0,0.835368,0.0,0.0,0.0,0.0,0.0,0.681602,0.341776,0.0,0.0,0.0,0.0,0.0,0.0,0.0,0.0,0.0,0.0,0.0,0.0,0.0,0.31362,0.0,0.0,0.0,0.0,0.0,0.0,0.353772,0.0,0.0,0.467996,0.424539,0.0,0.399108,0.655352,0.341776,0.0,0.0,0.0,0.0,0.0,0.0,0.316245,0.0,0.619174,0.0,0.0,0.0,0.0,0.0,0.0,0.0,0.0,0.0,0.0,0.0,0.0,0.0,0.0,0.0,0.0,0.379719,0.0,0.0,0.0,0.0,0.0,0.0,0.0,0.0,0.0,0.0,0.0,0.0,0.0,0.0,0.0,0.0,0.379719,0.0,0.0,0.0,0.0,0.0,0.0,0.0,0.0,0.434913,0.0,0.0,0.0,0.0,0.0,0.0,0.0,0.592686,0.0,0.0,0.0,0.601959,0.63134,0.0,0.0,0.0,0.0,0.0,0.0,0.0,0.0,0.0,0.0,0.0,0.0,0.0,0.0,0.0,0.0,0.291881,0.347946,0.53622,0.678271,0.0,0.0,0.0,0.0,0.0,0.0,0.0,0.0,0.0,0.0,0.0,0.0,0.0,0.0,0.0,0.0,0.0,0.0,0.0,0.0,0.0,0.0,0.0,0.0,0.0,0.0,0.0,0.0,0.0,0.0,0.0,0.0,0.0,0.347946,0.367844,0.0,0.330962,0.0,0.0,0.0,0.0,0.0,0.0,0.0,0.0,0.0,0.0,0.0,0.0,0.0,0.0,0.0,0.0,0.0,0.0,0.0,0.0,0.0,0.0,0.0,0.0,0.0
sedu_es_9ef-D19-03,0.0,0.0,0.0,0.0,0.454076,0.0,0.3455,0.0,0.0,0.0,0.0,0.0,0.0,0.0,0.0,0.0,0.0,0.868941,0.0,0.0,0.0,0.388847,0.859688,0.739901,0.726569,0.561013,0.0,0.588395,0.647695,0.0,0.0,0.0,0.0,0.0,0.0,0.0,0.0,0.0,0.0,0.3455,0.0,0.0,0.0,0.0,0.416058,0.0,0.0,0.0,0.0,0.0,0.0,0.579316,0.528841,0.0,0.0,0.0,0.0,0.0,0.0,0.0,0.0,0.0,0.0,0.0,0.0,0.0,0.0,0.0,0.530239,0.0,0.0,0.539319,0.0,0.0,0.0,0.0,0.0,0.0,0.56092,0.489611,0.0,0.0,0.0,0.0,0.529274,0.0,0.0,0.0,0.0,0.0,0.0,0.0,0.0,0.336752,0.0,0.0,0.0,0.0,0.0,0.0,0.0,0.0,0.0,0.0,0.0,0.0,0.465167,0.0,0.0,0.600099,0.591746,0.0,0.822594,1.0,0.0,0.0,0.0,0.0,0.0,0.0,0.0,0.0,0.0,0.0,0.0,0.0,0.0,0.396794,0.0,0.0,0.0,0.0,0.0,0.0,0.0,0.0,0.0,0.0,0.537129,0.591746,0.454076,0.0,0.0,0.0,0.0,0.0,0.0,0.0,0.0,0.400116,0.0,0.783383,0.0,0.0,0.0,0.626602,0.0,0.0,0.0,0.0,0.0,0.0,0.0,0.0,0.0,0.0,0.0,0.0,0.86927,0.0,0.0,0.0,0.434744,0.0,0.0,0.476239,0.502,0.0,0.0,0.0,0.0,0.0,0.0,0.0,0.0,0.480423,0.0,0.0,0.0,0.0,0.0,0.0,0.0,0.0,0.550255,0.0,0.0,0.0,0.0,0.0,0.0,0.0,0.749871,0.502,0.3765,0.0,0.0,0.0,0.402495,0.0,0.0,0.0,0.0,0.0,0.0,0.0,0.0,0.0,0.0,0.0,0.0,0.0,0.683679,0.0,0.36929,0.440223,0.678429,0.858153,0.0,0.454076,0.569214,0.417689,0.0,0.0,0.0,0.0,0.0,0.0,0.0,0.0,0.0,0.0,0.0,0.0,0.66796,0.0,0.0,0.0,0.0,0.0,0.0,0.0,0.0,0.0,0.0,0.614918,0.0,0.0,0.762712,0.0,0.0,0.440223,0.465399,0.0,0.418736,0.0,0.0,0.0,0.0,0.0,0.0,0.0,0.0,0.0,0.0,0.0,0.0,0.0,0.0,0.0,0.0,0.0,0.837332,0.0,0.0,0.0,0.0,0.0,0.388847,0.0
sedu_es_9ef-D19-04,0.0,0.0,0.0,0.0,0.0,0.0,0.0,0.0,0.0,0.0,0.0,0.0,0.0,0.0,0.0,0.0,0.0,0.0,0.0,0.0,0.0,0.0,0.0,0.0,0.0,0.0,0.0,0.0,0.0,0.0,0.0,0.0,0.0,0.0,0.0,0.0,0.0,0.0,0.0,0.0,0.0,0.0,0.0,0.0,0.0,0.0,0.0,0.0,0.0,0.0,0.0,0.0,0.0,0.0,0.0,0.0,0.0,0.0,0.0,0.0,0.0,0.0,0.0,0.0,0.0,0.0,0.0,0.0,0.0,0.0,0.0,0.860704,0.0,0.0,0.0,0.0,0.0,0.0,0.0,0.0,0.0,0.0,0.0,0.0,0.0,0.0,0.0,0.0,0.0,0.0,0.0,0.0,0.0,0.0,0.0,0.0,0.0,0.0,0.0,0.0,0.0,0.0,0.0,0.0,0.0,0.0,0.0,0.0,0.0,0.957703,0.0,0.0,0.0,0.0,0.0,0.0,0.0,0.0,0.0,0.0,0.0,0.0,0.0,0.0,0.0,0.0,0.0,0.0,0.0,0.0,0.0,0.0,0.0,0.0,0.0,0.0,0.0,0.0,0.0,0.0,0.0,0.0,0.0,0.0,0.0,0.0,0.0,0.0,0.0,0.0,0.0,0.0,0.0,0.0,0.0,1.0,0.0,0.0,0.0,0.0,0.0,0.0,0.0,0.0,0.0,0.0,0.0,0.0,0.0,0.0,0.0,0.0,0.0,0.0,0.0,0.0,0.0,0.0,0.0,0.0,0.0,0.0,0.0,0.0,0.0,0.0,0.0,0.0,0.0,0.0,0.0,0.0,0.0,0.0,0.0,0.0,0.0,0.0,0.0,0.0,0.0,0.0,0.0,0.0,0.0,0.0,0.0,0.0,0.0,0.0,0.0,0.0,0.0,0.0,0.0,0.0,0.0,0.0,0.0,0.0,0.0,0.0,0.0,0.0,0.0,0.0,0.0,0.0,0.0,0.0,0.0,0.0,0.0,0.0,0.0,0.0,0.0,0.0,0.0,0.0,0.0,0.0,0.0,0.0,0.0,0.0,0.0,0.0,0.0,0.0,0.0,0.0,0.0,0.0,0.0,0.0,0.0,0.0,0.0,0.0,0.0,0.0,0.0,0.0,0.0,0.0,0.0,0.0,0.0,0.0,0.0,0.0,0.0,0.0,0.0,0.0,0.0,0.0,0.0,0.0,0.0,0.0,0.0,0.0,0.0,0.0,0.0,0.0,0.0,0.0
sedu_es_9ef-D20-01,0.0,0.0,0.0,0.106465,0.0,0.0,0.0,0.124841,0.0,0.0,0.0,0.0,0.0,0.0,0.0,0.194966,0.210588,0.202326,0.0,0.0,0.0,0.128936,0.0,0.096103,0.0,0.0,0.0,0.0,0.144154,0.0,0.0,0.0,0.0,0.121114,0.0,0.0,0.0,0.0,0.0,0.0,0.128936,0.0,0.0,0.0,0.0,0.117702,0.0,0.0,0.0,0.0,0.0,0.128936,0.117702,0.0,0.0,0.0,0.0,0.0,0.0,0.0,0.0,0.0,0.0,0.133461,0.111662,0.0,0.114562,0.0,0.0,0.0,0.0,0.0,0.0,0.0,0.0,0.0,0.0,0.0,0.0,0.0,0.124841,0.0,0.0,0.0,0.0,0.0,0.0,0.0,0.0,0.0,0.0,0.0,0.0,0.0,0.108971,0.756917,1.0,0.0,0.0,0.0,0.0,0.0,0.0,0.0,0.0,0.0,0.0,0.0,0.0,0.0,0.0,0.0,0.134871,0.0,0.0,0.0,0.0,0.0,0.0,0.198707,0.0,0.0,0.0,0.0,0.0,0.0,0.0,0.0,0.0,0.0,0.0,0.0,0.0,0.0,0.0,0.0,0.0,0.0,0.0,0.0,0.0,0.0,0.0,0.0,0.0,0.0,0.0,0.0,0.0,0.16047,0.0,0.0,0.0,0.0,0.0,0.0,0.0,0.0,0.104125,0.0,0.0,0.0,0.0,0.0,0.0,0.0,0.0,0.0,0.0,0.0,0.0,0.0,0.0,0.0,0.0,0.0,0.190737,0.0,0.0,0.0,0.0,0.0,0.0,0.0,0.0,0.0,0.0,0.0,0.0,0.0,0.0,0.0,0.0,0.0,0.0,0.0,0.0,0.0,0.0,0.0,0.0,0.0,0.0,0.0,0.0,0.0,0.0,0.0,0.15293,0.233604,0.0,0.0,0.0,0.0,0.0,0.0,0.0,0.0,0.0,0.0,0.0,0.0,0.0,0.0,0.0,0.0,0.0,0.0,0.0,0.0,0.0,0.158703,0.0,0.0,0.0,0.0,0.0,0.0,0.0,0.0,0.0,0.0,0.0,0.0,0.0,0.0,0.0,0.15293,0.0,0.0,0.0,0.0,0.0,0.0,0.0,0.0,0.0,0.0,0.0,0.202307,0.172528,0.0,0.0,0.0,0.0,0.0,0.0,0.0,0.0,0.0,0.223323,0.0,0.0,0.0,0.0,0.0,0.0,0.0,0.0,0.0,0.0,0.0,0.0,0.0,0.158703,0.0,0.0,0.0,0.147744,0.0
sedu_es_9ef-D20-02,0.0,0.0,0.0,0.0,0.0,0.0,0.0,0.0,0.0,0.0,0.432607,0.899735,0.0,0.0,0.0,0.0,0.0,0.0,0.0,0.0,0.0,0.0,0.453877,0.390635,0.950535,0.612007,0.0,0.641878,0.0,0.0,0.0,0.0,0.0,1.0,0.447791,0.0,0.0,0.0,0.0,0.0,0.0,0.0,0.0,0.0,0.453877,0.0,0.0,0.0,0.406364,0.0,0.0,0.0,0.0,0.0,0.0,0.0,0.41887,0.0,0.0,0.0,0.0,0.0,0.0,0.0,0.0,0.0,0.0,0.654155,0.0,0.0,0.0,0.0,0.0,0.0,0.0,0.0,0.0,0.0,0.0,0.0,0.0,0.0,0.0,0.0,0.0,0.0,0.0,0.0,0.322446,0.0,0.0,0.0,0.0,0.0,0.534115,0.0,0.0,0.0,0.0,0.0,0.0,0.0,0.0,0.0,0.0,0.447791,0.507449,0.0,0.0,0.654646,0.0,0.0,0.0,0.0,0.828936,0.0,0.0,0.0,0.0,0.0,0.0,0.0,0.0,0.0,0.0,0.0,0.0,0.0,0.0,0.0,0.0,0.0,0.0,0.328589,0.0,0.0,0.0,0.0,0.585952,0.0,0.0,0.505177,0.0,0.0,0.0,0.0,0.0,0.0,0.921954,0.0,0.0,0.0,0.0,0.0,0.0,0.683558,0.0,0.0,0.0,0.0,0.0,0.0,0.447791,0.529834,0.0,0.0,0.0,0.0,0.524091,0.464695,0.41887,0.48367,0.0,0.0,0.0,0.0,0.0,0.0,0.0,0.0,0.0,0.0,0.0,0.0,0.0,0.524091,0.0,0.0,0.0,0.0,0.0,0.0,0.0,0.0,0.0,0.0,0.0,0.0,0.0,0.0,0.0,0.0,0.0,0.0,0.0,0.0,0.0,0.0,0.0,0.0,0.0,0.0,0.0,0.0,0.0,0.0,0.0,0.0,0.0,0.0,0.0,0.0,0.0,0.0,0.0,0.0,0.0,0.0,0.0,0.0,0.0,0.0,0.0,0.0,0.0,0.0,0.0,0.0,0.0,0.349362,0.0,0.0,0.0,0.0,0.0,0.0,0.0,0.0,0.0,0.0,0.0,0.0,0.0,0.0,0.0,0.0,0.0,0.0,0.0,0.0,0.0,0.0,0.0,0.0,0.0,0.0,0.0,0.0,0.0,0.0,0.0,0.0,0.0,0.0,0.0,0.0,0.0,0.0,0.0,0.0,0.0,0.558494,0.0,0.0,0.0,0.0,0.0,0.0,0.0,0.0
sedu_es_9ef-D20-03,0.0,0.0,0.0,0.0,0.0,0.0,0.0,0.0,0.0,0.0,0.0,0.0,0.0,0.0,0.0,0.0,0.577022,0.0,0.0,0.0,0.0,0.0,0.374634,0.687076,0.316624,0.0,0.0,0.0,0.0,0.0,0.0,0.0,0.0,0.0,0.0,0.0,0.0,0.0,0.0,0.0,0.0,0.0,0.0,0.0,0.0,0.0,0.0,0.0,0.0,0.0,0.0,0.0,0.0,0.0,0.0,0.0,0.0,0.0,0.0,0.0,0.0,0.0,0.0,0.0,0.0,0.0,0.0,0.0,0.447774,0.0,0.0,0.0,0.0,0.0,0.0,0.0,0.0,0.0,0.0,0.0,0.0,0.0,0.0,0.0,0.0,0.0,0.571284,0.0,0.0,0.0,0.0,0.0,0.0,0.0,0.0,0.0,0.0,0.0,0.0,0.0,0.0,0.0,0.0,0.0,0.0,0.0,0.0,0.0,0.0,0.0,0.473684,0.0,0.394899,0.0,0.0,0.0,0.0,0.0,0.0,0.0,0.0,0.0,0.0,0.0,0.0,0.0,0.0,0.335083,0.0,0.0,0.0,0.0,0.0,0.0,0.0,0.0,0.0,0.0,0.0,0.0,0.0,0.0,0.0,0.0,0.0,0.0,0.0,0.0,0.0,0.337888,0.0,0.661548,0.0,0.0,0.0,0.0,0.0,0.0,0.0,0.0,0.0,0.0,0.0,0.0,0.0,0.0,0.0,0.0,0.0,0.0,0.0,0.0,0.0,0.0,0.0,0.0,0.0,0.0,0.0,0.0,0.0,0.0,0.0,0.0,0.0,0.0,0.0,0.0,0.0,0.0,0.0,0.0,0.0,0.0,0.464677,0.0,0.0,0.0,0.0,0.0,0.0,0.816032,0.633248,0.0,0.0,0.0,0.0,0.0,0.0,0.0,0.0,0.0,0.0,0.0,0.0,0.0,0.0,0.0,0.0,0.0,0.0,0.0,0.0,0.0,0.311857,0.830328,0.572917,0.724689,0.0,0.0,1.0,0.0,0.0,0.0,0.0,0.0,0.0,0.0,0.0,0.39508,0.0,0.0,0.0,0.0,0.0,0.0,0.0,0.0,0.0,0.0,0.489218,0.0,0.580577,0.0,0.0,0.0,0.0,0.0,0.0,0.0,0.0,0.830328,0.393018,0.0,0.353612,0.0,0.0,0.0,0.0,0.0,0.0,0.0,0.0,0.0,0.0,0.0,0.881917,0.0,0.0,0.0,0.0,0.0,0.0,0.0,0.0,0.0,0.0,0.0,0.599617,0.0
sedu_es_9ef-D20-04,0.0,0.0,0.0,0.0,0.0,0.0,0.0,0.0,0.0,0.0,0.0,0.0,0.0,0.0,0.0,0.65339,0.705742,0.678055,0.0,0.0,0.0,0.0,0.0,0.0,0.0,0.0,0.0,0.0,0.0,0.0,0.0,0.252689,0.252689,0.0,0.0,0.0,0.0,0.0,0.0,0.888523,1.0,0.0,0.0,0.0,0.0,0.0,0.0,0.0,0.0,0.0,0.0,0.0,0.0,0.0,0.195732,0.0,0.0,0.0,0.0,0.0,0.0,0.0,0.363646,0.0,0.0,0.0,0.888523,0.65339,0.0,0.0,0.0,0.0,0.0,0.0,0.44558,0.0,0.0,0.0,0.0,0.0,0.218835,0.0,0.0,0.0,0.195732,0.0,0.0,0.276807,0.0,0.0,0.0,0.0,0.0,0.0,0.845154,0.714231,0.638245,0.0,0.0,0.0,0.0,0.0,0.0,0.0,0.0,0.0,0.0,0.0,0.0,0.191015,0.0,0.0,0.202664,0.222007,0.0,0.0,0.0,0.0,0.0,0.872452,0.0,0.248211,0.0,0.263925,0.0,0.0,0.0,0.0,0.0,0.212301,0.218835,0.276807,0.0,0.0,0.0,0.0,0.0,0.0,0.0,0.218835,0.0,0.0,0.0,0.0,0.0,0.0,0.0,0.0,0.0,0.704568,0.28661,0.0,0.330848,0.0,0.238474,0.0,0.0,0.0,0.0,0.472609,0.0,0.0,0.0,0.0,0.0,0.0,0.0,0.0,0.222007,0.0,0.0,0.0,0.248211,0.0,0.0,0.0,0.28661,0.0,0.0,0.0,0.0,0.0,0.0,0.0,0.0,0.0,0.0,0.0,0.259248,0.0,0.233945,0.218835,0.0,0.0,0.0,0.0,0.0,0.0,0.0,0.0,0.0,0.0,0.0,0.0,0.0,0.0,0.0,0.0,0.229799,0.351024,0.0,0.0,0.0,0.0,0.0,0.233945,0.0,0.0,0.0,0.233945,0.0,0.0,0.0,0.0,0.0,0.0,0.0,0.0,0.252689,0.0,0.324985,0.238474,0.0,0.0,0.0,0.0,0.0,0.0,0.0,0.182521,0.0,0.197258,0.0,0.0,0.0,0.165424,0.0,0.229799,0.0,0.192264,0.0,0.0,0.0,0.0,0.0,0.0,0.0,0.0,0.0,0.303996,0.259248,0.0,0.0,0.0,0.0,0.0,0.0,0.0,0.0,0.548709,0.0,0.0,0.0,0.0,0.0,0.0,0.0,0.0,0.0,0.0,0.0,0.0,0.0,0.0,0.0,0.0,0.0,0.0,0.0,0.0
sedu_es_9ef-D21-01,0.429881,0.51166,0.443111,0.377886,0.0,0.0,0.0,0.0,0.24625,0.0,0.0,0.0,0.0,0.0,0.0,0.0,0.0,0.0,0.920356,0.0,0.0,0.2379,0.0,0.341107,0.33496,0.0,0.0,0.0,0.0,0.0,0.0,0.0,0.0,0.0,0.0,0.0,0.0,0.0,0.0,0.0,0.0,0.0,0.0,0.217172,0.206027,0.0,0.0,0.0,0.0,0.0,0.51166,0.0,0.0,0.0,0.0,0.0,0.230346,0.0,0.0,0.417769,0.0,0.0,0.0,0.0,0.0,0.0,0.0,0.0,0.0,0.0,0.255546,0.180698,0.21138,0.0,0.0,0.0,0.0,0.0,0.0,0.0,0.0,0.0,0.230346,0.0,0.0,0.0,0.0,0.0,0.17732,0.255546,0.0,0.0,0.0,0.0,0.0,0.0,0.0,0.0,0.0,0.201062,0.230346,0.0,0.223468,0.223468,0.291367,0.24625,0.230346,0.255546,0.230346,0.0,0.0,0.0,0.417769,0.457643,0.223468,0.24625,0.255546,0.255546,0.0,0.0,0.0,0.0,0.0,0.0,0.184277,0.188076,0.21138,0.184277,0.0,0.223468,0.0,0.0,0.451769,0.566893,1.0,0.746349,0.21138,0.626653,0.0,0.0,0.534412,0.0,0.457643,0.230346,0.0,0.0,0.0,0.277807,0.0,0.0,0.0,0.0,0.0,0.0,0.0,0.663156,0.0,0.0,0.192122,0.230346,0.0,0.0,0.0,0.0,0.696222,0.508449,0.59374,0.568463,0.508449,0.255546,0.230346,0.26598,0.26598,0.0,0.0,0.0,0.0,0.307128,0.230346,0.0,0.206027,0.0,0.0,0.0,0.0,0.0,0.0,0.0,0.0,0.0,0.0,0.0,0.0,0.0,0.0,0.0,0.0,0.291367,0.0,0.0,0.0,0.803928,0.0,0.0,0.230346,0.325758,0.0,0.0,0.24625,0.0,0.0,0.0,0.0,0.0,0.0,0.0,0.0,0.0,0.0,0.0,0.0,0.0,0.0,0.0,0.0,0.21138,0.0,0.0,0.0,0.277807,0.0,0.0,0.255546,0.0,0.0,0.0,0.0,0.0,0.0,0.0,0.0,0.0,0.0,0.0,0.0,0.174125,0.0,0.24625,0.0,0.0,0.0,0.0,0.0,0.0,0.0,0.0,0.0,0.0,0.255546,0.0,0.0,0.21138,0.0,0.0,0.635106,0.0,0.0,0.0,0.0,0.0,0.0,0.0,0.223468,0.201062,0.24625,0.201062,0.0,0.0,0.0,0.223468,0.21138,0.0,0.0,0.0,0.0,0.0,0.0,0.0,0.0,0.0
sedu_es_9ef-D21-02,0.313156,0.37273,0.322793,0.275279,0.0,0.0,0.0,0.0,0.179386,0.0,0.0,0.0,0.0,0.0,0.0,0.46231,0.499352,0.479762,0.0,0.0,0.0,0.173303,0.0,0.248486,0.244009,0.0,0.0,0.0,0.0,0.0,0.0,0.0,0.0,0.0,0.0,0.0,0.0,0.0,0.0,0.0,0.0,0.0,0.0,0.158203,0.150085,0.0,0.0,0.0,0.0,0.0,0.37273,0.0,0.0,0.0,0.0,0.0,0.1678,0.0,0.0,0.304333,0.0,0.0,0.0,0.0,0.0,0.0,0.0,0.0,0.0,0.0,0.186157,0.131633,0.153984,0.0,0.0,0.0,0.0,0.0,0.0,0.0,0.0,0.0,0.1678,0.0,0.0,0.0,0.0,0.0,0.129173,0.186157,0.0,0.0,0.0,0.0,0.0,0.339243,0.396845,0.0,0.0,0.146468,0.1678,0.0,0.16279,0.16279,0.212252,0.179386,0.1678,0.186157,0.1678,0.0,0.0,0.0,0.304333,0.693286,0.16279,0.179386,0.186157,0.186157,0.0,0.0,0.0,0.0,0.0,0.0,0.13424,0.137008,0.153984,0.13424,0.0,0.16279,0.0,0.0,0.3291,0.412965,0.728471,0.543693,0.153984,0.456499,0.0,0.0,0.809584,0.0,0.33338,0.1678,0.0,0.0,0.0,0.202375,0.0,0.0,0.0,0.0,0.0,0.0,0.0,0.761872,0.0,0.0,0.139955,0.1678,0.0,0.0,0.0,0.0,1.0,0.730297,0.852803,0.816497,0.730297,0.186157,0.1678,0.193759,0.193759,0.0,0.0,0.0,0.0,0.223733,0.1678,0.0,0.150085,0.0,0.0,0.0,0.0,0.0,0.0,0.0,0.0,0.0,0.0,0.0,0.492822,0.0,0.0,0.0,0.0,0.212252,0.0,0.0,0.0,0.585638,0.0,0.0,0.1678,0.237305,0.0,0.0,0.179386,0.0,0.0,0.0,0.0,0.0,0.0,0.0,0.0,0.0,0.0,0.0,0.0,0.0,0.0,0.0,0.0,0.153984,0.0,0.0,0.0,0.202375,0.526849,0.0,0.186157,0.0,0.0,0.0,0.0,0.0,0.0,0.0,0.0,0.0,0.0,0.0,0.0,0.126845,0.0,0.179386,0.0,0.0,0.0,0.0,0.0,0.0,0.0,0.0,0.0,0.0,0.186157,0.0,0.0,0.153984,0.0,0.0,0.0,0.0,0.0,0.0,0.0,0.440794,0.0,0.0,0.16279,0.146468,0.179386,0.146468,0.0,0.0,0.0,0.16279,0.153984,0.0,0.0,0.0,0.0,0.0,0.0,0.0,0.0,0.0
sedu_es_9ef-D21-03,0.0,0.0,0.0,0.0,0.0,0.0,0.0,0.0,0.0,0.0,0.0,0.0,0.0,0.0,0.503718,0.765589,0.82693,0.794489,0.0,0.0,0.0,0.0,0.0,0.0,0.0,0.0,0.0,0.0,0.0,0.0,0.0,0.0,0.0,0.0,0.0,0.0,0.0,0.0,0.616927,0.0,0.0,0.0,0.0,0.0,0.0,0.0,0.0,0.0,0.0,0.0,0.0,0.0,0.619236,0.0,0.0,0.728653,0.0,0.0,0.0,0.0,0.0,0.0,0.769443,0.0,0.516158,0.0,0.0,0.0,0.0,0.0,0.0,0.0,0.0,0.0,0.0,0.0,0.0,0.0,0.0,0.0,0.0,0.0,0.0,0.0,0.587459,0.0,0.0,0.0,0.0,0.0,0.0,0.0,0.544078,0.0,0.0,0.561788,0.657177,0.0,0.0,0.0,0.656799,0.0,0.0,0.0,0.0,0.0,0.0,0.0,0.656799,0.0,0.0,0.0,0.0,0.0,0.0,0.0,0.0,0.0,0.0,0.596008,0.0,0.0,0.0,0.0,0.0,0.0,0.0,0.525439,0.693293,0.0,0.0,0.0,0.0,0.0,0.0,0.0,0.0,0.0,0.0,0.0,0.0,0.0,0.0,0.0,0.0,0.0,0.0,0.0,0.0,0.48132,0.0,0.0,0.0,0.0,0.0,0.0,0.0,0.0,0.0,1.0,0.0,0.0,0.0,0.0,0.0,0.0,0.0,0.0,0.0,0.0,0.0,0.0,0.758406,0.0,0.0,0.0,0.0,0.0,0.0,0.0,0.0,0.0,0.0,0.0,0.0,0.0,0.0,0.0,0.0,0.0,0.0,0.0,0.0,0.0,0.0,0.0,0.0,0.0,0.0,0.0,0.0,0.0,0.0,0.0,0.0,0.0,0.0,0.0,0.0,0.0,0.0,0.0,0.0,0.0,0.0,0.0,0.695987,0.769443,0.0,0.0,0.0,0.0,0.0,0.0,0.0,0.0,0.0,0.0,0.0,0.0,0.0,0.0,0.83815,0.0,0.0,0.0,0.0,0.0,0.0,0.0,0.0,0.529567,0.0,0.0,0.0,0.0,0.0,0.0,0.0,0.0,0.780276,0.0,0.0,0.596008,0.0,0.0,0.0,0.0,0.0,0.0,0.0,0.0,0.0,0.0,0.0,0.0,0.0,0.0,0.0,0.0,0.0,0.0,0.0,0.0,0.0,0.0,0.0,0.0,0.0,0.0,0.0,0.0,0.807662,0.0,0.0,0.0,0.0,0.0,0.0,0.0
sedu_es_9ef-D21-04,0.0,0.0,0.0,0.0,0.436173,0.0,0.331878,0.0,0.308311,0.821298,0.0,0.0,0.308311,0.279787,0.0,0.0,0.0,0.0,0.0,0.0,0.0,0.373517,0.0,0.0,0.0,0.0,0.0,0.0,0.570603,0.0,0.0,0.0,0.333014,0.0,0.0,0.279787,0.297857,0.0,0.0,0.331878,0.0,0.0,0.0,0.0,0.0,0.0,0.0,0.0,0.0,0.0,0.0,0.510363,0.465896,0.0,0.0,0.0,0.0,0.264652,0.264652,0.271905,0.364798,0.0,0.0,0.0,0.0,0.384531,0.0,0.0,0.0,0.0,0.0,0.0,0.0,0.0,0.0,0.0,0.0,0.0,0.494157,0.431335,0.0,0.0,0.0,0.0,0.950394,0.0,0.0,0.0,0.0,0.319949,0.407857,0.333014,0.0,0.581426,0.0,0.0,0.0,0.0,0.0,0.0,0.0,0.709343,0.0,0.0,0.0,0.0,0.0,0.0,0.0,0.0,0.568416,0.0,0.340972,0.960574,0.0,0.0,0.319949,0.319949,0.319949,0.0,0.943797,0.0,0.0,0.0,0.0,0.0,0.0,0.0,0.0,0.0,0.0,0.0,0.0,0.0,0.0,0.0,0.0,0.0,0.0,0.568416,0.436173,0.0,0.0,0.0,0.0,0.0,0.364798,0.0,0.0,0.0,0.384531,0.0,0.0,0.0,0.0,0.0,0.0,0.0,0.0,0.0,0.0,0.0,0.0,0.0,0.0,0.0,0.0,0.0,0.373517,0.0,0.0,0.0,0.417604,0.0,0.0,0.457462,0.482208,0.0,0.0,0.308311,0.257951,0.0,0.0,0.0,0.0,0.0,0.0,0.0,0.0,0.0,0.308311,0.288398,0.0,0.0,0.0,0.0,0.0,0.0,0.0,0.0,0.0,0.0,0.0,0.482208,0.361656,0.0,0.347821,0.0,0.386626,0.0,0.0,0.0,0.0,0.0,0.319949,0.308311,0.0,0.0,0.834681,0.0,0.0,0.0,0.0,0.0,0.0,0.0,0.0,0.0,0.0,0.436173,0.546772,0.401221,0.0,0.0,0.0,0.0,0.0,0.0,0.0,0.240541,0.407857,0.690424,0.0,0.0,0.0,0.0,0.0,0.0,0.0,0.0,0.0,0.264652,0.0,0.0,0.0,0.0,0.0,0.0,0.0,0.0,0.0,0.0,0.0,0.0,0.0,0.0,0.0,0.0,0.0,0.0,0.0,0.0,0.0,0.0,0.0,0.0,0.0,0.0,0.0,0.0,0.0,0.0,0.308311,0.626483,0.0,0.0,0.0,0.0,1.0,0.0
sedu_es_9ef-D22-01,0.0,0.0,0.0,0.0,0.0,0.0,0.0,0.0,0.426208,0.365855,0.0,0.0,0.426208,0.939336,0.0,0.0,0.0,0.0,0.0,0.0,0.0,0.0,0.0,0.0,0.690107,0.0,0.0,0.0,0.0,0.0,0.0,0.0,0.460357,0.0,0.0,0.386777,1.0,0.0,0.0,0.0,0.0,0.0,0.0,0.0,0.0,0.0,0.0,0.0,0.0,0.0,0.0,0.0,0.0,0.0,0.0,0.0,0.0,0.365855,0.365855,0.912871,0.504296,0.0,0.0,0.0,0.0,0.531575,0.0,0.0,0.0,0.0,0.0,0.0,0.0,0.0,0.0,0.0,0.0,0.0,0.0,0.0,0.0,0.0,0.0,0.0,0.0,0.0,0.0,0.0,0.0,0.442297,0.56382,0.460357,0.0,0.866025,0.0,0.0,0.0,0.0,0.0,0.0,0.0,0.0,0.0,0.0,0.0,0.0,0.0,0.0,0.0,0.796867,0.0,0.0,0.0,0.0,0.552559,0.608891,0.442297,0.442297,0.442297,0.0,0.480827,0.0,0.0,0.0,0.0,0.0,0.0,0.0,0.0,0.0,0.0,0.0,0.0,0.0,0.0,0.0,0.0,0.0,0.0,0.0,0.0,0.686921,0.0,0.0,0.0,0.0,0.504296,0.0,0.0,0.0,0.531575,0.0,0.0,0.0,0.631876,0.0,0.0,0.0,0.0,0.0,0.0,0.0,0.0,0.0,0.0,0.0,0.0,0.0,0.0,0.0,0.0,0.0,0.0,0.0,0.0,0.0,0.0,0.0,0.0,0.426208,0.356591,0.0,0.0,0.0,0.0,0.0,0.569565,0.657677,0.0,0.0,0.426208,0.968246,0.0,0.0,0.0,0.0,0.0,0.0,0.0,0.0,0.0,0.0,0.0,0.0,0.0,0.0,0.480827,0.0,0.0,0.0,0.0,0.0,0.0,0.0,0.442297,0.426208,0.0,0.0,0.0,0.0,0.0,0.0,0.0,0.0,0.0,0.0,0.0,0.0,0.0,0.0,0.0,0.0,0.0,0.0,0.0,0.0,0.0,0.0,0.0,0.332523,0.56382,0.0,0.0,0.0,0.0,0.0,0.0,0.0,0.0,0.0,0.0,0.365855,0.0,0.0,0.0,0.0,0.0,0.0,0.0,0.0,0.0,0.0,0.0,0.0,0.0,0.0,0.0,0.0,0.0,0.0,0.0,0.0,0.0,0.497157,0.0,0.0,0.0,0.0,0.0,0.0,0.0,0.75942,0.426208,0.0,0.0,0.0,0.0,0.0,0.0,0.0
sedu_es_9ef-D22-02,0.0,0.0,0.0,0.0,0.0,0.0,0.0,0.0,0.184016,0.0,0.0,0.0,0.0,0.0,0.0,0.0,0.0,0.0,0.0,0.0,0.0,0.177776,0.0,0.0,0.0,0.0,0.0,0.0,0.469793,0.429085,0.0,0.0,0.0,0.0,0.0,0.0,0.0,0.0,0.0,0.0,0.0,0.0,0.0,0.162287,0.153959,0.0,0.0,0.0,0.0,0.0,0.0,0.420196,0.383585,0.362643,0.0,0.0,0.172131,0.0,0.0,0.0,0.0,0.0,0.0,0.0,0.0,0.0,0.0,0.0,0.0,0.0,0.190962,0.135031,0.157958,0.0,0.0,0.0,0.0,0.0,0.406853,0.35513,0.0,0.0,0.172131,0.0,0.3639,0.0,0.0,0.0,0.132507,0.190962,0.0,0.0,0.0,0.0,0.0,0.0,0.0,0.0,0.0,0.150248,0.172131,0.0,0.166992,0.496085,0.217731,0.184016,0.511353,0.190962,0.172131,0.0,0.0,0.0,0.0,0.0,0.166992,0.184016,0.190962,0.190962,0.0,0.0,0.490683,0.0,0.0,0.0,0.137705,0.140545,0.157958,0.137705,0.0,0.166992,0.0,0.0,0.648886,0.689731,0.755929,0.908073,0.157958,0.0,0.0,0.0,0.0,0.0,0.0,0.172131,0.0,0.0,0.0,0.207598,0.0,0.0,0.0,0.0,0.0,0.0,0.0,0.0,0.0,0.0,0.143567,0.172131,0.0,0.0,0.0,0.0,1.0,0.730297,0.852803,0.816497,0.730297,0.190962,0.172131,0.19876,0.19876,0.0,0.0,0.0,0.0,0.229508,0.172131,0.0,0.153959,0.0,0.56442,0.0,0.0,0.0,0.0,0.0,0.0,0.0,0.0,0.0,0.0,0.0,0.0,0.0,0.0,0.217731,0.0,0.0,0.0,0.600754,0.0,0.0,0.172131,0.24343,0.0,0.0,0.184016,0.0,0.0,0.0,0.0,0.0,0.0,0.0,0.0,0.0,0.0,0.0,0.0,0.0,0.0,0.0,0.0,0.157958,0.0,0.0,0.0,0.207598,0.0,0.0,0.190962,0.62399,0.0,0.0,0.500305,0.48334,0.0,0.0,0.0,0.0,0.0,0.0,0.0,0.130119,0.0,0.184016,0.0,0.0,0.0,0.0,0.0,0.0,0.0,0.0,0.0,0.0,0.190962,0.0,0.0,0.157958,0.600953,0.0,0.0,0.0,0.0,0.0,0.0,0.0,0.0,0.0,0.166992,0.150248,0.184016,0.150248,0.0,0.0,0.0,0.166992,0.157958,0.0,0.0,0.0,0.0,0.0,0.0,0.0,0.0,0.0
sedu_es_9ef-D22-03,0.0,0.0,0.0,0.0,0.0,0.0,0.0,0.0,0.0,0.0,0.0,0.0,0.0,0.0,0.536274,0.0,0.0,0.0,0.0,0.0,0.0,0.0,0.0,0.0,0.0,0.0,0.0,0.0,0.0,0.0,0.0,0.0,0.0,0.0,0.0,0.0,0.0,0.0,0.656799,0.0,0.0,0.0,0.0,0.0,0.0,0.0,0.0,0.0,0.0,0.0,0.0,0.0,0.0,0.0,0.0,0.0,0.0,0.0,0.0,0.0,0.0,0.0,0.0,0.0,0.549517,0.0,0.0,1.0,0.0,0.0,0.0,0.0,0.0,0.0,0.0,0.0,0.0,0.0,0.0,0.0,0.0,0.0,0.0,0.0,0.0,0.0,0.0,0.0,0.0,0.0,0.0,0.0,0.579242,0.0,0.0,0.0,0.0,0.0,0.0,0.0,0.0,0.0,0.0,0.0,0.0,0.0,0.0,0.0,0.0,0.0,0.0,0.0,0.0,0.0,0.0,0.0,0.0,0.0,0.0,0.634528,0.0,0.0,0.0,0.0,0.0,0.0,0.0,0.0,0.0,0.0,0.0,0.0,0.0,0.0,0.0,0.0,0.0,0.0,0.0,0.0,0.0,0.0,0.0,0.0,0.0,0.0,0.0,0.0,0.0,0.512428,0.0,0.0,0.0,0.0,0.0,0.0,0.0,0.0,0.0,0.0,0.0,0.0,0.0,0.0,0.0,0.0,0.0,0.0,0.0,0.0,0.0,0.0,0.0,0.0,0.0,0.0,0.0,0.0,0.0,0.0,0.0,0.0,0.0,0.0,0.0,0.0,0.0,0.0,0.0,0.0,0.0,0.0,0.0,0.0,0.0,0.0,0.0,0.0,0.0,0.0,0.0,0.0,0.0,0.0,0.0,0.0,0.0,0.0,0.0,0.0,0.0,0.0,0.0,0.0,0.0,0.0,0.0,0.0,0.0,0.0,0.0,0.0,0.0,0.0,0.0,0.0,0.0,0.0,0.0,0.0,0.0,0.0,0.0,0.0,0.0,0.0,0.0,0.0,0.0,0.0,0.0,0.0,0.0,0.0,0.0,0.0,0.0,0.0,0.0,0.0,0.0,0.0,0.0,0.634528,0.0,0.0,0.0,0.0,0.0,0.0,0.0,0.0,0.0,0.0,0.0,0.0,0.0,0.0,0.0,0.0,0.0,0.0,0.0,0.0,0.0,0.0,0.0,0.0,0.0,0.0,0.0,0.0,0.0,0.0,0.0,0.0,0.0,0.0,0.0,0.0
sedu_es_9ef-D22-04,0.204948,0.243937,1.0,0.180159,0.0,0.0,0.0,0.228065,0.0,0.0,0.0,0.0,0.0,0.0,0.0,0.0,0.0,0.0,0.0,0.0,0.0,0.0,0.0,0.162624,0.755929,0.0,0.0,0.0,0.299725,0.0,0.0,0.0,0.0,0.0,0.0,0.0,0.0,0.0,0.0,0.0,0.0,0.0,0.0,0.0,0.0,0.0,0.0,0.0,0.0,0.0,0.243937,0.268082,0.244724,0.0,0.0,0.521548,0.0,0.0,0.0,0.199173,0.0,0.0,0.0,0.0,0.0,0.0,0.0,0.0,0.370841,0.0,0.0,0.0,0.0,0.0,0.0,0.0,0.0,0.0,0.259569,0.425642,0.0,0.0,0.0,0.0,0.232166,0.0,0.275057,0.0,0.0,0.0,0.0,0.0,0.0,0.216498,0.0,0.0,0.0,0.358266,0.0,0.0,0.0,0.0,0.0,0.0,0.0,0.0,0.0,0.0,0.0,0.0,0.228065,0.0,0.499579,0.218184,0.0,0.0,0.0,0.0,0.353486,0.0,0.604978,0.0,0.0,0.291926,0.0,0.0,0.0,0.0,0.0,0.0,0.0,0.0,0.215383,0.18412,0.476755,0.242406,0.0,0.29876,0.0,0.228065,0.254783,0.0,0.218184,0.0,0.0,0.0,0.0,0.0,0.0,0.0,0.0,0.0,0.0,0.0,0.0,0.0,0.0,0.0,0.0,0.0,0.0,0.0,0.0,0.0,0.331927,0.492396,0.283069,0.271018,0.492396,0.0,0.0,0.0,0.0,0.0,0.0,0.306174,0.0,0.0,0.0,0.0,0.0,0.0,0.0,0.0,0.0,0.0,0.0,0.0,0.0,0.0,0.0,0.0,0.0,0.0,0.0,0.0,0.0,0.0,0.0,0.0,0.0,0.383277,0.0,0.0,0.0,0.0,0.0,0.0,0.0,0.0,0.0,0.0,0.0,0.0,0.0,0.0,0.0,0.0,0.0,0.0,0.438439,0.0,0.0,0.0,0.0,0.0,0.0,0.0,0.0,0.0,0.0,0.0,0.353486,0.0,0.0,0.344802,0.0,0.0,0.0,0.190219,0.0,0.0,0.0,0.275057,0.337031,0.0,0.0,0.0,0.0,0.0,0.0,0.0,0.0,0.0,0.0,0.0,0.0,0.0,0.0,0.0,0.0,0.0,0.0,0.0,0.0,0.0,0.0,0.0,0.0,0.403036,0.0,0.0,0.0,0.0,0.0,0.0,0.0,0.0,0.0,0.0,0.0,0.0,0.0,0.0,0.0,0.0,0.0,0.0,0.0,0.0
sedu_es_9ef-D23-01,0.155543,0.0,0.407344,0.13673,0.193366,0.0,0.147129,0.567674,0.0,0.147129,0.0,0.0,0.0,0.0,0.0,0.0,0.0,0.0,0.0,0.0,0.0,0.0,0.143404,0.123422,0.429121,0.193366,0.0,0.202804,0.0,0.0,0.185134,0.0,0.185134,0.0,0.0,0.0,0.0,0.0,0.0,0.0,0.0,0.0,0.0,0.0,0.0,0.151161,0.202804,0.0,0.155543,0.202804,0.0,0.0,0.151161,0.171401,0.143404,0.629778,0.0,0.0,0.0,0.0,0.0,0.0,0.0,0.0,0.0,0.0,0.0,0.0,0.0,0.0,0.0,0.0,0.0,0.16033,0.151161,0.171401,0.193366,0.261819,0.0,0.355559,0.16033,0.202804,0.16033,0.213774,0.143404,0.0,0.684641,0.202804,0.0,0.0,0.0,0.0,0.0,0.0,0.0,0.0,0.0,0.0,0.0,0.0,0.0,0.151161,0.155543,0.155543,0.202804,0.171401,0.0,0.177871,0.16033,0.139948,0.567674,0.521405,0.502783,0.550771,0.0,0.0,0.0,0.0,0.0,0.0,0.0,0.0,0.0,0.0,0.0,0.0,0.147129,0.128264,0.147129,0.155543,0.16033,0.202804,0.147129,0.125774,0.171401,0.165589,0.147129,0.226742,0.0,1.0,0.643163,0.193366,0.165589,0.16033,0.185134,0.165589,0.0,0.0,0.0,0.0,0.0,0.0,0.0,0.0,0.0,0.692959,0.0,0.0,0.0,0.0,0.185134,0.0,0.171401,0.202804,0.0,0.0,0.0,0.0,0.0,0.177871,0.16033,0.185134,0.0,0.462176,0.0,0.0,0.0,0.0,0.16033,0.171401,0.0,0.0,0.0,0.0,0.0,0.0,0.0,0.0,0.0,0.0,0.0,0.0,0.226742,0.0,0.0,0.0,0.0,0.202804,0.0,0.0,0.0,0.0,0.0,0.0,0.0,0.0,0.193366,0.202804,0.0,0.0,0.0,0.0,0.0,0.0,0.0,0.0,0.0,0.0,0.0,0.0,0.0,0.0,0.0,0.0,0.123422,0.794878,0.226742,0.286808,0.0,0.0,0.0,0.0,0.0,0.0,0.0,0.615846,0.0,0.0,0.0,0.339748,0.0,0.0,0.0,0.491275,0.601966,0.0,0.0,0.0,0.0,0.0,0.165589,0.0,0.0,0.550771,0.576339,0.386684,0.521405,0.0,0.0,0.611401,0.521405,0.0,0.0,0.0,0.0,0.0,0.0,0.0,0.0,0.0,0.0,0.0,0.0,0.0,0.0,0.0,0.576435,0.0,0.0,0.155543,0.147129,0.576435,0.0,0.0,0.0,0.0,0.0,0.0,0.0,0.0
sedu_es_9ef-D23-02,0.0,0.0,0.0,0.0,0.0,0.0,0.0,0.0,0.0,0.504189,0.0,0.0,0.0,0.0,0.0,0.0,0.0,0.0,0.0,0.0,0.0,0.0,0.0,0.0,0.0,0.0,0.0,0.0,0.0,0.0,0.0,0.0,0.0,0.0,0.0,0.0,0.0,0.0,0.0,0.0,0.0,0.497581,0.0,0.0,0.0,0.0,0.0,0.0,0.0,0.0,0.0,0.0,0.0,0.0,0.0,0.0,0.0,0.0,0.0,0.0,0.0,0.0,0.0,0.0,0.0,0.0,0.0,0.0,0.398953,0.0,0.0,0.0,0.0,0.0,0.0,0.0,0.0,0.0,0.0,0.0,0.0,0.527953,0.0,0.0,0.0,0.0,0.0,0.0,0.0,0.0,0.0,0.0,0.0,0.0,0.0,0.0,0.0,0.0,0.463045,0.0,0.0,0.0,0.0,0.404921,1.0,0.398953,0.0,0.0,0.0,0.0,0.373186,0.450079,0.0,0.0,0.0,0.0,0.0,0.0,0.0,0.0,0.0,0.0,0.0,0.0,0.0,0.0,0.0,0.0,0.0,0.0,0.0,0.0,0.725476,0.620174,0.845154,0.816497,0.0,0.0,0.0,0.0,0.0,0.0,0.0,0.0,0.0,0.0,0.0,0.0,0.0,0.0,0.0,0.0,0.0,0.0,0.0,0.0,0.0,0.0,0.0,0.0,0.0,0.0,0.0,0.0,0.0,0.0,0.0,0.481953,0.0,0.0,0.0,0.0,0.0,0.0,0.0,0.472047,0.0,0.0,0.0,0.0,0.0,0.0,0.0,0.0,0.0,0.0,0.0,0.0,0.0,0.0,0.398953,0.373186,0.0,0.0,0.0,0.0,0.0,0.0,0.0,0.0,0.0,0.0,0.0,0.0,0.0,0.0,0.0,0.0,0.0,0.0,0.0,0.0,0.0,0.0,0.0,0.0,0.0,0.0,0.0,0.0,0.0,0.0,0.0,0.0,0.0,0.0,0.0,0.0,0.0,0.0,0.0,0.0,0.0,0.0,0.0,0.0,0.0,0.0,0.0,0.0,0.0,0.0,0.0,0.0,0.0,0.0,0.0,0.0,0.0,0.0,0.0,0.0,0.0,0.0,0.0,0.0,0.0,0.0,0.0,0.0,0.0,0.0,0.0,0.0,0.0,0.0,0.0,0.0,0.0,0.0,0.0,0.0,0.0,0.0,0.0,0.0,0.0,0.0,0.0,0.0,0.0,0.0,0.0,0.567446,0.0,0.0,0.0,0.0,0.567446,0.0
sedu_es_9ef-D23-03,0.0,0.0,0.0,0.0,0.0,0.0,0.0,0.0,0.0,0.0,0.0,0.0,0.0,0.0,0.0,0.0,0.0,0.0,0.0,0.0,0.0,0.0,0.0,0.0,0.0,0.0,0.0,0.0,0.0,0.0,0.0,0.0,0.0,0.0,0.0,0.0,0.0,0.0,0.0,0.0,0.0,0.497581,0.0,0.0,0.0,0.0,0.0,0.0,0.0,0.0,0.0,0.0,0.0,0.0,0.0,0.0,0.0,0.0,0.0,0.0,0.0,0.0,0.0,0.0,0.0,0.0,0.0,0.0,0.398953,0.0,0.0,0.0,0.0,0.0,0.0,0.0,0.0,0.0,0.0,0.0,0.0,0.527953,0.0,0.0,0.0,0.0,0.0,0.0,0.0,0.0,0.0,0.0,0.0,0.0,0.0,0.0,0.0,0.0,0.463045,0.0,0.0,0.0,0.0,0.404921,1.0,0.398953,0.0,0.0,0.0,0.0,0.373186,0.450079,0.0,0.0,0.0,0.0,0.0,0.0,0.0,0.0,0.0,0.0,0.0,0.0,0.0,0.0,0.0,0.0,0.0,0.0,0.0,0.0,0.725476,0.620174,0.845154,0.816497,0.0,0.0,0.0,0.0,0.0,0.0,0.0,0.0,0.0,0.0,0.0,0.0,0.0,0.0,0.0,0.0,0.0,0.0,0.0,0.0,0.0,0.0,0.0,0.0,0.0,0.0,0.0,0.0,0.0,0.0,0.0,0.481953,0.0,0.0,0.0,0.0,0.0,0.0,0.0,0.472047,0.0,0.0,0.0,0.0,0.0,0.0,0.0,0.0,0.0,0.0,0.0,0.0,0.0,0.0,0.398953,0.373186,0.0,0.0,0.0,0.0,0.0,0.0,0.0,0.0,0.0,0.0,0.0,0.0,0.0,0.0,0.0,0.0,0.0,0.0,0.0,0.0,0.0,0.0,0.0,0.0,0.0,0.0,0.0,0.0,0.0,0.0,0.0,0.0,0.0,0.0,0.0,0.0,0.0,0.0,0.0,0.0,0.0,0.0,0.0,0.0,0.0,0.0,0.0,0.0,0.0,0.0,0.0,0.0,0.0,0.0,0.0,0.0,0.0,0.0,0.0,0.0,0.0,0.0,0.0,0.0,0.0,0.0,0.0,0.0,0.0,0.0,0.0,0.0,0.0,0.0,0.0,0.0,0.0,0.0,0.0,0.0,0.0,0.0,0.0,0.0,0.0,0.0,0.0,0.0,0.0,0.0,0.0,0.0,0.0,0.0,0.0,0.0,0.0,0.0
sedu_es_9ef-D23-04,0.313189,0.37277,0.322828,0.275309,0.0,0.0,0.0,0.0,0.0,0.446818,0.0,0.0,0.0,0.0,0.0,0.0,0.0,0.0,0.0,0.0,0.0,0.0,0.0,0.248513,0.244035,0.0,0.0,0.0,0.458022,0.0,0.0,0.0,0.0,0.0,0.645625,0.0,0.0,0.0,0.0,0.0,0.0,0.0,0.0,0.0,0.0,0.0,0.0,0.0,0.0,0.0,0.37277,0.409667,0.373973,0.0,0.0,0.0,0.0,0.0,0.0,0.304365,0.429118,0.0,0.0,0.0,0.0,0.0,0.0,0.0,0.0,0.0,0.0,0.0,0.0,0.0,0.0,0.0,0.0,0.0,0.396658,0.346232,0.0,0.0,0.0,0.0,0.354782,0.0,0.0,0.0,0.261153,0.0,0.0,0.391729,0.0,0.303432,0.0,0.473759,0.0,0.0,0.0,0.0,0.0,0.0,0.0,0.0,0.0,0.0,0.0,0.0,0.0,0.0,0.432498,0.0,0.304365,0.69336,0.0,0.0,0.0,0.0,0.376361,0.0,1.0,0.0,0.0,0.0,0.345998,0.0,0.0,0.0,0.0,0.0,0.0,0.0,0.0,0.0,0.345118,0.0,0.0,0.456548,0.0,0.0,0.80967,0.0,0.333415,0.0,0.0,0.350373,0.429118,0.409148,0.0,0.0,0.0,0.0,0.0,0.0,0.0,0.278812,0.0,0.326938,0.0,0.0,0.0,0.0,0.0,0.0,0.492875,0.359945,0.420325,0.402431,0.359945,0.0,0.0,0.0,0.0,0.0,0.0,0.0,0.0,0.0,0.0,0.0,0.0,0.0,0.0,0.0,0.0,0.0,0.0,0.0,0.0,0.0,0.362671,0.339247,0.492875,0.0,0.0,0.0,0.0,0.0,0.0,0.0,0.0,0.0,0.0,0.0,0.0,0.0,0.0,0.0,0.0,0.0,0.553988,0.0,0.0,0.0,0.0,0.362671,0.0,0.0,0.0,0.0,0.0,0.0,0.0,0.360728,0.0,0.0,0.0,0.0,0.0,0.0,0.526906,0.0,0.0,0.0,0.0,0.0,0.0,0.0,0.0,0.0,0.0,0.0,0.0,0.0,0.515031,0.0,0.0,0.0,0.0,0.0,0.0,0.0,0.0,0.0,0.0,0.0,0.0,0.0,0.0,0.0,0.0,0.0,0.0,0.0,0.0,0.0,0.0,0.0,0.0,0.440841,0.0,0.0,0.0,0.0,0.0,0.0,0.0,0.0,0.0,0.0,0.0,0.0,0.0,0.502877,0.0,0.0,0.0,0.0,0.502877,0.0
sedu_es_9ef-D24-01,0.0,0.0,0.0,0.0,0.0,0.0,0.0,0.0,0.0,0.0,0.0,0.0,0.0,0.0,0.0,0.0,0.0,0.0,0.0,0.0,0.0,0.0,0.0,0.0,0.0,0.0,0.0,0.0,0.0,0.0,0.0,0.0,0.0,0.0,0.0,0.0,0.0,0.0,0.786676,0.0,0.0,0.0,0.0,0.0,0.0,0.0,0.0,0.0,0.0,0.87223,0.0,0.0,0.0,0.0,0.0,0.0,0.0,0.0,0.0,0.0,0.0,0.0,0.0,0.0,0.658181,0.0,0.0,0.0,0.0,0.0,0.0,0.540934,0.0,0.0,0.0,0.0,0.0,0.0,0.0,0.0,0.0,0.0,0.0,0.0,0.0,0.0,0.0,0.0,0.0,0.0,0.0,0.0,0.0,0.0,0.0,0.0,0.0,0.0,0.0,0.0,0.0,0.0,0.0,0.0,0.0,0.0,0.0,0.0,0.0,0.0,0.0,0.0,0.0,0.0,0.0,0.0,0.0,0.0,0.0,0.0,0.0,0.0,0.0,0.0,0.0,0.0,0.0,0.0,0.0,0.0,0.0,0.0,0.0,0.0,0.0,0.0,0.0,0.0,0.0,0.0,0.0,0.0,0.0,0.0,0.0,0.0,0.0,0.0,0.0,0.466252,0.0,0.912871,0.0,0.0,0.0,0.0,0.0,0.0,0.0,0.0,0.0,0.0,0.0,0.0,0.0,0.0,0.0,0.0,0.0,0.0,0.0,0.0,0.0,0.0,0.0,0.0,0.0,0.0,0.0,0.0,0.0,0.0,0.0,0.0,0.0,0.0,0.0,0.0,0.0,0.0,0.0,0.0,0.0,0.0,0.764996,0.0,0.0,0.0,0.0,0.0,0.0,0.0,0.0,0.0,0.0,0.0,0.0,0.0,0.0,0.0,0.0,0.0,0.0,0.0,0.0,0.0,0.88749,0.0,0.0,0.0,0.0,0.0,0.0,0.0,0.430331,0.512989,0.790569,1.0,0.0,0.0,0.0,0.0,0.0,0.0,0.0,0.0,0.0,0.0,0.0,0.0,0.0,0.0,0.0,0.0,0.0,0.0,0.0,0.0,0.0,0.0,0.0,0.0,0.0,0.0,0.0,0.0,0.0,0.0,0.0,0.0,0.0,0.512989,0.542326,0.0,0.48795,0.0,0.0,0.0,0.737169,0.0,0.0,0.0,0.0,0.0,0.0,0.0,0.0,0.0,0.0,0.0,0.0,0.0,0.0,0.0,0.0,0.0,0.0,0.0,0.0,0.0
sedu_es_9ef-D24-02,0.134766,0.0,0.0,0.118466,0.167536,0.0,0.725476,0.138913,0.0,0.127476,0.0,0.0,0.0,0.0,0.0,0.0,0.0,0.0,0.0,0.0,0.0,0.0,0.360713,0.310452,0.304858,0.634613,0.0,0.175713,0.0,0.0,0.160403,0.0,0.160403,0.0,0.0,0.0,0.0,0.0,0.0,0.0,0.0,0.0,0.0,0.0,0.0,0.130969,1.0,0.0,0.134766,0.175713,0.0,0.0,0.130969,0.431134,0.124248,0.154111,0.0,0.0,0.0,0.0,0.0,0.0,0.0,0.0,0.0,0.0,0.0,0.0,0.0,0.0,0.0,0.0,0.0,0.403289,0.745356,0.148505,0.167536,0.226845,0.0,0.0,0.138913,0.175713,0.403289,0.185218,0.124248,0.0,0.167536,0.175713,0.0,0.0,0.0,0.0,0.0,0.0,0.0,0.0,0.0,0.0,0.0,0.0,0.0,0.380225,0.766965,0.134766,0.510125,0.431134,0.264376,0.447409,0.403289,0.121254,0.138913,0.0,0.0,0.0,0.0,0.0,0.0,0.0,0.0,0.0,0.0,0.0,0.0,0.0,0.0,0.0,0.370084,0.632456,0.127476,0.134766,0.138913,0.175713,0.127476,0.316366,0.148505,0.143469,0.370084,0.196453,0.0,0.138913,0.0,0.167536,0.143469,0.138913,0.160403,0.143469,0.0,0.0,0.0,0.0,0.0,0.0,0.0,0.0,0.0,0.322631,0.0,0.0,0.0,0.0,0.160403,0.0,0.148505,0.175713,0.0,0.0,0.0,0.0,0.0,0.447409,0.403289,0.465678,0.0,0.0,0.0,0.0,0.0,0.0,0.138913,0.148505,0.0,0.0,0.0,0.0,0.0,0.0,0.0,0.0,0.0,0.0,0.41402,0.38728,0.196453,0.0,0.0,0.0,0.0,0.175713,0.0,0.0,0.0,0.0,0.0,0.0,0.0,0.0,0.167536,0.175713,0.0,0.0,0.0,0.0,0.0,0.0,0.0,0.0,0.0,0.0,0.0,0.0,0.0,0.0,0.0,0.0,0.106936,0.370084,0.196453,0.248496,0.0,0.0,0.0,0.0,0.0,0.0,0.0,0.0,0.0,0.0,0.0,0.0,0.0,0.0,0.0,0.0,0.0,0.0,0.0,0.0,0.0,0.0,0.143469,0.0,0.0,0.0,0.0,0.0,0.0,0.0,0.0,0.0,0.0,0.0,0.0,0.0,0.0,0.0,0.0,0.0,0.0,0.0,0.0,0.0,0.0,0.0,0.0,0.0,0.0,0.0,0.0,0.134766,0.127476,0.0,0.0,0.0,0.0,0.0,0.0,0.0,0.0,0.0
sedu_es_9ef-D24-03,0.107686,0.0,0.0,0.094662,0.133872,0.0,0.579701,0.111,0.0,0.101861,0.0,0.0,0.0,0.0,0.0,0.0,0.0,0.0,0.0,0.0,0.0,0.0,0.288232,0.248071,0.243601,0.507095,0.0,0.140406,0.0,0.0,0.128172,0.0,0.128172,0.0,0.0,0.0,0.0,0.0,0.0,0.0,0.0,0.0,0.0,0.0,0.0,0.104652,0.799062,0.0,0.107686,0.140406,0.0,0.0,0.104652,0.344503,0.099282,0.123144,0.0,0.0,0.0,0.0,0.0,0.0,0.0,0.0,0.0,0.0,0.0,0.0,0.0,0.0,0.0,0.0,0.0,0.322253,1.0,0.118665,0.133872,0.181263,0.0,0.0,0.111,0.140406,0.322253,0.148001,0.099282,0.0,0.133872,0.140406,0.0,0.0,0.0,0.0,0.0,0.0,0.0,0.0,0.0,0.0,0.0,0.0,0.0,0.303823,0.612853,0.107686,0.407622,0.344503,0.211253,0.357508,0.322253,0.096889,0.111,0.0,0.0,0.0,0.0,0.0,0.0,0.0,0.0,0.0,0.0,0.0,0.0,0.0,0.0,0.0,0.29572,0.505371,0.101861,0.107686,0.111,0.140406,0.101861,0.252796,0.118665,0.114641,0.29572,0.156978,0.0,0.111,0.0,0.133872,0.114641,0.111,0.128172,0.114641,0.0,0.0,0.0,0.0,0.0,0.0,0.0,0.0,0.0,0.257803,0.0,0.0,0.0,0.0,0.128172,0.0,0.118665,0.140406,0.0,0.0,0.0,0.0,0.0,0.357508,0.322253,0.372106,0.0,0.0,0.0,0.0,0.0,0.0,0.111,0.118665,0.0,0.0,0.0,0.0,0.0,0.0,0.0,0.0,0.0,0.0,0.330828,0.309461,0.156978,0.0,0.0,0.0,0.0,0.140406,0.0,0.0,0.0,0.0,0.0,0.0,0.0,0.0,0.133872,0.140406,0.0,0.0,0.0,0.0,0.0,0.0,0.0,0.0,0.0,0.0,0.0,0.0,0.0,0.0,0.374415,0.0,0.085448,0.29572,0.156978,0.198564,0.0,0.0,0.0,0.0,0.0,0.0,0.0,0.0,0.0,0.0,0.0,0.0,0.0,0.0,0.0,0.0,0.0,0.0,0.0,0.0,0.0,0.0,0.114641,0.0,0.0,0.0,0.0,0.0,0.0,0.0,0.0,0.0,0.0,0.0,0.0,0.0,0.0,0.0,0.0,0.0,0.0,0.0,0.0,0.0,0.0,0.0,0.0,0.0,0.0,0.0,0.0,0.107686,0.101861,0.0,0.0,0.0,0.0,0.0,0.0,0.0,0.0,0.0
sedu_es_9ef-D24-04,0.0,0.0,0.0,0.0,0.0,0.0,0.0,0.0,0.0,0.0,0.0,0.0,0.0,0.0,0.0,0.0,0.0,0.0,0.0,0.0,0.0,0.0,0.0,0.0,0.0,0.0,0.0,0.0,0.0,0.0,0.0,0.0,0.0,0.0,0.0,0.0,0.0,0.0,0.786676,0.0,0.0,0.0,0.0,0.0,0.0,0.0,0.0,0.0,0.0,0.87223,0.0,0.0,0.0,0.0,0.0,0.0,0.0,0.0,0.0,0.0,0.0,0.0,0.0,0.0,0.658181,0.0,0.0,0.0,0.0,0.0,0.0,0.540934,0.0,0.0,0.0,0.0,0.0,0.0,0.0,0.0,0.0,0.0,0.0,0.0,0.0,0.0,0.0,0.0,0.0,0.0,0.0,0.0,0.0,0.0,0.0,0.0,0.0,0.0,0.0,0.0,0.0,0.0,0.0,0.0,0.0,0.0,0.0,0.0,0.0,0.0,0.0,0.0,0.0,0.0,0.0,0.0,0.0,0.0,0.0,0.0,0.0,0.0,0.0,0.0,0.0,0.0,0.0,0.0,0.0,0.0,0.0,0.0,0.0,0.0,0.0,0.0,0.0,0.0,0.0,0.0,0.0,0.0,0.0,0.0,0.0,0.0,0.0,0.0,0.0,0.466252,0.0,0.912871,0.0,0.0,0.0,0.0,0.0,0.0,0.0,0.0,0.0,0.0,0.0,0.0,0.0,0.0,0.0,0.0,0.0,0.0,0.0,0.0,0.0,0.0,0.0,0.0,0.0,0.0,0.0,0.0,0.0,0.0,0.0,0.0,0.0,0.0,0.0,0.0,0.0,0.0,0.0,0.0,0.0,0.0,0.764996,0.0,0.0,0.0,0.0,0.0,0.0,0.0,0.0,0.0,0.0,0.0,0.0,0.0,0.0,0.0,0.0,0.0,0.0,0.0,0.0,0.0,0.88749,0.0,0.0,0.0,0.0,0.0,0.0,0.0,0.430331,0.512989,0.790569,1.0,0.0,0.0,0.0,0.0,0.0,0.0,0.0,0.0,0.0,0.0,0.0,0.0,0.0,0.0,0.0,0.0,0.0,0.0,0.0,0.0,0.0,0.0,0.0,0.0,0.0,0.0,0.0,0.0,0.0,0.0,0.0,0.0,0.0,0.512989,0.542326,0.0,0.48795,0.0,0.0,0.0,0.737169,0.0,0.0,0.0,0.0,0.0,0.0,0.0,0.0,0.0,0.0,0.0,0.0,0.0,0.0,0.0,0.0,0.0,0.0,0.0,0.0,0.0
sedu_es_9ef-D25-01,0.0,0.0,0.0,0.409452,0.0,0.0,0.0,0.0,0.0,0.821731,0.0,0.0,0.0,0.0,0.0,0.0,0.0,0.0,0.0,0.0,0.690308,0.0,0.0,0.3696,0.0,0.0,0.0,0.0,0.0,0.0,0.0,0.0,0.0,0.0,0.0,0.0,0.0,0.0,0.0,0.0,0.0,0.0,0.607315,0.0,0.0,0.0,0.0,0.0,0.0,0.0,0.0,0.0,0.0,0.0,0.429437,0.53265,0.0,0.0,0.0,0.0,0.0,0.858873,0.0,0.0,0.0,0.0,0.0,0.0,0.0,0.495871,0.0,0.376641,0.0,0.0,0.0,0.513275,0.0,0.0,0.0,0.0,0.0,0.0,0.0,0.0,0.429437,0.0,0.0,0.0,0.0,0.0,0.0,0.0,0.0,0.0,0.0,0.0,0.0,0.0,0.53265,0.0,0.0,0.0,0.473547,0.465789,0.0,0.0,0.0,0.0,0.0,0.0,0.0,0.0,0.0,0.0,0.0,0.0,0.0,0.0,0.0,0.0,0.0,0.0,0.53265,0.579052,0.0,0.39202,0.0,0.0,0.0,0.0,0.488121,0.0,0.440593,0.382914,0.513275,0.0,0.0,0.0,0.0,0.0,0.0,0.0,0.0,0.0,0.0,0.0,0.0,0.0,0.0,0.0,0.0,0.0,0.0,0.0,0.0,0.774597,0.0,0.0,0.0,0.0,0.0,0.0,0.0,0.0,0.678999,0.495871,0.579052,0.5544,1.0,0.0,0.0,0.0,0.563634,0.0,0.61743,0.61743,0.650828,0.0,0.0,0.0,0.0,0.0,0.0,0.0,0.0,0.0,0.0,0.0,0.0,0.0,0.521824,0.0,0.0,0.0,0.0,0.0,0.0,0.0,0.0,0.0,0.0,0.0,0.73797,0.0,0.0,0.0,0.0,0.0,0.521824,0.0,0.0,0.0,0.0,0.0,0.0,0.521824,0.0,0.0,0.0,0.0,0.0,0.0,0.0,0.0,0.375756,0.0,0.0,0.0,0.0,0.0,0.0,0.0,0.541522,0.0,0.0,0.0,0.0,0.0,0.0,0.0,0.0,0.447931,0.690308,0.0,0.0,0.368985,0.39202,0.0,0.0,0.0,0.0,0.0,0.0,0.0,0.39202,0.0,0.0,0.0,0.0,0.0,0.0,0.0,0.473547,0.0,0.0,0.0,0.0,0.0,0.521824,0.0,0.0,0.0,0.0,0.0,0.521824,0.0,0.0,0.0,0.0,0.473547,0.447931,0.0,0.0,0.924828,0.0,0.0,0.0,0.0,0.924828,0.0
sedu_es_9ef-D25-02,0.0,0.0,0.0,0.0,0.0,0.0,0.0,0.0,0.0,0.0,0.0,0.0,0.0,0.0,0.0,0.0,0.0,0.0,0.0,0.0,0.0,0.0,0.591608,0.509175,0.5,0.0,0.0,0.0,0.0,0.0,0.0,0.0,0.0,0.0,0.0,0.0,0.0,0.0,0.0,0.0,0.0,0.0,0.0,0.0,0.0,0.0,0.0,0.0,0.0,0.0,0.0,0.0,0.0,0.0,0.0,0.0,0.0,0.0,0.0,0.0,0.0,0.0,0.0,0.0,0.0,0.0,0.0,0.0,0.707107,0.0,0.0,0.0,0.0,0.0,0.0,0.0,0.0,0.0,0.0,0.0,0.0,0.0,0.0,0.0,0.0,0.0,0.0,0.0,0.0,0.0,0.0,0.0,0.0,0.0,0.0,0.0,0.0,0.0,0.0,0.0,0.0,0.0,0.0,0.0,0.0,0.0,0.0,0.0,0.0,0.0,0.0,0.0,0.62361,0.0,0.0,0.0,0.0,0.0,0.0,0.0,0.0,0.0,0.0,0.0,0.0,0.0,0.0,0.52915,0.0,0.0,0.0,0.0,0.0,0.0,0.0,0.0,0.0,0.0,0.0,0.0,0.0,0.0,0.0,0.0,0.0,0.0,0.0,0.0,0.0,0.0,0.0,0.0,0.0,0.0,0.0,0.0,0.0,0.0,0.0,0.0,0.0,0.0,0.0,0.0,0.0,0.0,0.0,0.0,0.0,0.0,0.0,0.0,0.0,0.0,0.0,0.0,0.0,0.0,0.0,0.0,0.0,0.0,0.0,0.0,0.0,0.0,0.0,0.0,0.0,0.0,0.0,0.0,0.0,0.0,0.733799,0.0,0.0,0.0,0.0,0.0,0.0,0.0,1.0,0.0,0.0,0.0,0.0,0.0,0.0,0.0,0.0,0.0,0.0,0.0,0.0,0.0,0.0,0.0,0.0,0.0,0.0,0.0,0.0,0.0,0.0,0.0,0.0,0.0,0.0,0.0,0.0,0.0,0.0,0.0,0.0,0.0,0.0,0.0,0.0,0.0,0.0,0.0,0.0,0.0,0.0,0.0,0.0,0.0,0.0,0.0,0.0,0.0,0.0,0.0,0.0,0.0,0.0,0.0,0.0,0.0,0.0,0.0,0.0,0.0,0.0,0.0,0.0,0.0,0.0,0.0,0.0,0.0,0.0,0.0,0.0,0.0,0.0,0.0,0.0,0.0,0.0,0.0,0.0,0.0,0.0,0.0,0.0,0.0,0.0,0.0
sedu_es_9ef-D25-03,0.0,0.0,0.0,0.202466,0.0,0.0,0.0,0.0,0.0,0.0,0.0,0.0,0.0,0.0,0.0,0.0,0.0,0.0,0.0,0.0,0.341344,0.0,0.0,0.18276,0.0,0.0,0.0,0.0,0.0,0.0,0.0,0.0,0.0,0.0,0.0,0.0,0.0,0.0,0.0,0.0,0.0,0.0,0.300305,0.0,0.0,0.0,0.0,0.0,0.0,0.0,0.0,0.0,0.0,0.0,0.212348,0.263385,0.0,0.0,0.0,0.0,0.0,0.424696,0.0,0.0,0.0,0.0,0.0,0.0,0.0,0.245198,0.0,0.186242,0.0,0.0,0.0,0.253804,0.0,0.0,0.0,0.0,0.0,0.0,0.0,0.0,0.212348,0.0,0.0,0.0,0.0,0.0,0.0,0.0,0.0,0.0,0.0,0.0,0.0,0.0,0.263385,0.0,0.0,0.0,0.23416,0.230324,0.0,0.0,0.0,0.0,0.0,0.0,0.0,0.405681,0.0,0.0,0.0,0.0,0.0,0.0,0.0,0.0,0.0,0.0,0.263385,0.28633,0.0,0.193846,0.0,0.0,0.0,0.0,0.241366,0.0,0.217864,0.189343,0.253804,0.0,0.0,0.0,0.0,0.336373,0.0,0.0,0.0,0.0,0.0,0.0,0.0,0.0,0.0,0.0,0.0,0.0,0.0,0.0,0.0,0.383023,0.0,0.0,0.458067,0.0,0.0,0.0,0.0,0.0,0.335752,0.245198,0.28633,0.27414,0.49448,0.0,0.0,0.0,0.278706,0.359598,1.0,0.305307,0.321822,0.0,0.0,0.0,0.0,0.0,0.0,0.0,0.0,0.0,0.0,0.0,0.0,0.0,0.258032,0.0,0.0,0.0,0.0,0.0,0.0,0.0,0.0,0.0,0.0,0.0,0.364912,0.0,0.0,0.0,0.0,0.0,0.258032,0.0,0.0,0.0,0.0,0.0,0.0,0.258032,0.0,0.0,0.0,0.0,0.0,0.0,0.0,0.0,0.185804,0.0,0.0,0.0,0.0,0.0,0.0,0.0,0.267772,0.0,0.0,0.0,0.0,0.0,0.0,0.0,0.0,0.221493,0.341344,0.0,0.936724,0.182456,0.193846,0.0,0.0,0.0,0.0,0.0,0.0,0.0,0.193846,0.300861,0.405681,0.0,0.0,0.475703,0.405681,0.0,0.23416,0.0,0.0,0.0,0.0,0.0,0.258032,0.0,0.982444,0.0,0.0,0.0,0.258032,0.0,0.448497,0.0,0.0,0.23416,0.221493,0.448497,0.0,0.0,0.0,0.0,0.0,0.0,0.0,0.0
sedu_es_9ef-D25-04,0.463583,0.0,0.47785,0.0,0.0,0.0,0.0,0.0,0.0,0.0,0.0,0.0,0.0,0.0,0.0,0.0,0.0,0.530127,0.0,0.0,0.0,0.0,0.0,0.0,0.361221,0.0,0.0,0.0,0.0,0.0,0.0,0.0,0.0,0.463583,0.0,0.0,0.0,0.0,0.0,0.438506,0.0,0.0,0.0,0.0,0.0,0.0,0.0,0.0,0.0,0.0,0.0,0.0,0.0,0.0,0.0,0.0,0.0,0.0,0.0,0.0,0.0,0.0,0.0,0.0,0.0,0.0,0.0,0.0,0.0,0.0,0.0,0.0,0.0,0.0,0.0,0.499215,0.56319,0.762563,0.0,0.0,0.0,0.0,0.0,0.0,0.0,0.539214,0.0,0.590679,0.0,0.0,0.0,0.0,0.0,0.0,0.0,0.374857,0.438506,0.0,0.0,0.0,0.0,0.0,0.0,0.0,0.0,0.0,0.0,0.0,0.0,0.0,0.0,0.56319,0.0,0.0,0.0,0.510843,0.0,0.0,0.0,0.0,0.0,0.0,0.0,0.0,0.0,0.0,0.587473,0.0,0.428523,0.0,0.0,0.0,0.0,0.0,0.0,0.0,0.428523,0.0,0.0,0.0,0.0,0.0,0.0,0.0,0.0,0.0,0.0,0.772091,1.0,0.0,0.0,0.0,0.0,0.0,0.0,0.0,0.0,0.0,0.0,0.0,0.0,0.0,0.499215,0.590679,0.0,0.0,0.0,0.0,0.0,0.51806,0.466973,0.539214,0.0,0.0,0.0,0.0,0.0,0.853578,0.0,0.0,0.0,0.0,0.0,0.0,0.0,0.0,0.0,0.0,0.0,0.0,0.0,0.0,0.0,0.0,0.530127,0.0,0.0,0.0,0.0,0.0,0.0,0.0,0.705996,0.0,0.0,0.0,0.576309,0.604438,0.0,0.0,0.0,0.0,0.0,0.0,0.0,0.0,0.0,0.0,0.0,0.0,0.0,0.463583,0.0,0.0,0.0,0.0,0.0,0.835346,0.0,0.0,0.0,0.0,0.0,0.0,0.772091,0.0,0.0,0.0,0.0,0.0,0.0,0.0,0.0,0.0,0.0,0.0,0.0,0.0,0.0,0.0,0.0,0.0,0.0,0.0,0.0,0.0,0.0,0.0,0.0,0.0,0.0,0.0,0.0,0.0,0.0,0.0,0.0,0.0,0.0,0.0,0.0,0.0,0.0,0.0,0.0,0.0,0.0,0.0,0.0,0.0,0.0,0.0,0.0,0.0,0.0,0.0,0.0,0.0,0.0,0.0
sedu_es_9ef-D26-01,0.0,0.0,0.0,0.0,0.0,0.0,0.0,0.0,0.0,0.0,0.0,0.0,0.0,0.0,0.0,0.0,0.0,0.0,0.0,0.0,0.0,0.0,0.0,0.329959,0.433013,0.0,0.0,0.0,0.0,0.0,0.0,0.0,0.0,0.0,0.0,0.0,0.0,0.50921,0.0,0.0,0.0,0.0,0.0,0.0,0.0,0.0,0.0,0.0,0.0,0.0,0.0,0.0,0.0,0.0,0.0,0.0,0.0,0.0,0.0,0.0,0.0,0.0,0.0,0.527083,0.0,0.0,0.0,0.0,0.0,0.0,0.0,0.449359,0.0,0.0,0.0,0.458224,0.0,0.0,0.0,0.0,0.0,0.0,0.0,0.0,0.0,0.0,0.0,0.0,0.0,0.0,0.0,0.0,0.0,0.0,0.0,0.0,0.0,0.0,0.0,0.0,0.0,0.0,0.0,0.0,0.0,0.0,0.0,0.0,0.0,1.0,0.0,0.0,0.0,0.0,0.0,0.0,0.0,0.0,0.0,0.0,0.0,0.0,0.0,0.0,0.0,0.0,0.0,0.0,0.0,0.0,0.0,0.0,0.0,0.0,0.0,0.0,0.0,0.606173,0.494938,0.0,0.0,0.0,0.0,0.0,0.0,0.0,0.0,0.0,0.0,0.0,0.0,0.0,0.0,0.0,0.0,0.0,0.0,0.0,0.357501,0.0,0.0,0.0,0.0,0.0,0.0,0.0,0.0,0.0,0.0,0.0,0.0,0.0,0.0,0.697662,0.0,0.0,0.0,0.0,0.0,0.0,0.0,0.494938,0.0,0.0,0.0,0.0,0.0,0.0,0.0,0.569314,0.0,0.0,0.0,0.0,0.0,0.0,0.0,0.0,0.0,0.0,0.0,0.0,0.0,0.0,0.0,0.0,0.0,0.0,0.0,0.0,0.0,0.0,0.0,0.0,0.0,0.0,0.59463,0.0,0.0,0.0,0.0,0.0,0.0,0.0,0.0,0.0,0.0,0.0,0.0,0.0,0.0,0.0,0.0,0.0,0.0,0.0,0.0,0.0,0.0,0.0,0.0,0.0,0.0,0.0,0.0,0.0,0.0,0.0,0.0,0.0,0.0,0.0,0.428629,0.0,0.0,0.0,0.0,0.0,0.0,0.0,0.0,0.0,0.0,0.0,0.0,0.0,0.0,0.0,0.0,0.0,0.0,0.0,0.0,0.0,0.0,0.0,0.0,0.0,0.0,0.0,0.0,0.0,0.0,0.0,0.0,0.0,0.0,0.0,0.0,0.0
sedu_es_9ef-D26-02,0.0,0.0,0.0,0.0,0.0,0.188792,0.122504,0.232641,0.0,0.0,0.24027,0.432393,0.0,0.24187,0.0,0.0,0.303371,0.0,0.0,0.0,0.0,0.24027,0.0,0.0,0.0,0.0,0.161002,0.29427,0.268631,0.29427,0.0,0.0,0.0,0.541997,0.0,0.0,0.25749,0.0,0.248704,0.0,0.0,0.0,0.0,0.429231,0.0,0.0,0.0,0.154148,0.0,0.16886,0.154148,0.137874,0.219336,0.0,0.0,0.0,0.558678,0.0,0.0,0.235055,0.0,0.0,0.0,0.0,0.0,0.0,0.0,0.0,0.0,0.0,0.0,0.0,0.0,0.0,0.125861,0.142713,0.554218,0.217998,0.133496,0.116525,0.232641,0.0,0.0,0.0,0.0,0.457519,0.3477,0.0,0.430071,0.0,0.0,0.0,0.0,0.222993,0.0,0.0,0.0,0.0,0.0,0.0,0.0,0.0,0.0,0.0,0.0,0.0,0.366137,0.1481,0.133496,0.0,0.288298,0.0,0.307391,0.0,0.62955,0.615076,0.0,0.0,0.361706,0.0,0.0,0.0,0.0,0.161002,0.0,0.0,0.0,0.0,0.122504,0.0,0.0,0.0,0.122504,0.104723,0.142713,0.137874,0.122504,0.0,0.422778,0.0,0.0,0.300683,0.0,0.0,0.0,0.0,0.412408,0.0,0.0,0.0,0.0,0.0,0.0,0.0,1.0,0.106797,0.0,0.0,0.0,0.0,0.0,0.46313,0.0,0.0,0.461086,0.33673,0.393216,0.376475,0.33673,0.0,0.0,0.0,0.0,0.0,0.0,0.0,0.0,0.0,0.0,0.0,0.0,0.0,0.0,0.319838,0.27969,0.297753,0.382809,0.287882,0.0,0.154148,0.142713,0.382809,0.0,0.161002,0.1481,0.214516,0.0,0.16886,0.0,0.0,0.377583,0.0,0.201827,0.0,0.0,0.0,0.0,0.0,0.308203,0.0,0.0,0.0,0.0,0.0,0.0,0.142713,0.161002,0.177995,0.1481,0.0,0.0,0.0,0.0,0.0,0.774645,0.241095,0.188792,0.0,0.154148,0.0,0.0,0.0,0.0,0.0,0.0,0.397206,0.0,0.0,0.0,0.111343,0.0,0.366709,0.188792,0.161002,0.0,0.0,0.0,0.0,0.0,0.0,0.137874,0.0,0.262727,0.608073,0.0,0.119402,0.0,0.0,0.0,0.371552,0.316861,0.0,0.12951,0.0,0.116525,0.0,0.16886,0.201827,0.280867,0.0,0.0,0.142713,0.0,0.217619,0.0,0.0,0.0,0.0,0.0,0.0,0.0,0.332418,0.142713,0.0,0.0,0.0,0.0,0.0,0.0,0.533531
sedu_es_9ef-D26-03,0.0,0.0,0.0,0.344844,0.0,0.0,0.0,0.0,0.0,0.0,0.0,0.0,0.0,0.0,0.352959,0.432285,0.466921,0.448603,0.0,0.0,0.0,0.0,0.0,0.311281,0.0,0.0,0.0,0.0,0.0,0.0,0.0,0.0,0.0,0.0,0.0,0.0,0.0,0.417627,0.432285,0.0,0.0,0.0,0.0,0.0,0.0,0.38124,0.0,0.0,0.0,0.0,0.0,0.0,0.0,0.0,0.0,0.0,0.0,0.0,0.0,0.0,0.0,0.723351,0.539154,0.432285,0.361676,0.0,0.371071,0.432285,0.877749,0.0,0.0,0.0,0.0,0.0,0.0,0.0,0.0,0.0,0.0,0.0,0.0,0.511487,0.0,0.0,0.0,0.0,0.0,0.0,0.0,0.0,0.0,0.0,0.38124,0.0,0.352959,0.317211,0.0,0.847986,0.0,0.0,0.0,0.0,0.0,0.392292,0.0,0.0,0.0,0.0,0.0,0.0,0.0,0.0,0.711034,0.0,0.0,0.0,0.0,0.0,0.0,0.417627,0.0,0.0,0.0,0.0,0.0,0.0,0.0,0.0,0.0,0.0,0.0,0.0,0.0,0.0,0.0,0.0,0.0,0.0,0.0,0.0,0.0,0.0,0.0,0.0,0.0,0.0,0.0,0.0,0.0,0.0,0.0,0.0,0.0,0.0,0.0,0.0,0.0,0.0,0.0,0.0,0.0,0.0,0.0,0.0,0.0,0.0,0.0,0.0,0.0,0.0,0.0,0.0,0.0,0.0,0.0,0.0,0.0,0.0,0.0,0.0,0.0,0.0,0.0,0.0,0.0,0.0,0.0,0.0,0.0,0.466921,0.0,0.0,0.0,0.0,0.0,0.0,0.0,0.0,0.0,0.0,0.0,0.0,0.0,0.0,0.0,0.0,0.0,0.0,0.0,0.0,0.0,0.0,0.0,0.0,0.0,0.0,0.0,0.0,0.0,0.0,0.0,0.0,0.0,0.0,0.311281,0.0,0.0,0.0,0.0,0.0,0.0,0.0,0.836672,0.0,0.0,0.0,0.0,0.0,0.0,0.0,0.0,0.371071,0.0,0.0,0.0,0.0,0.0,0.0,0.0,0.361676,0.0,0.0,0.0,0.0,0.0,0.0,0.0,0.0,0.0,0.0,0.0,0.0,0.0,0.0,0.0,0.0,0.0,0.0,0.0,0.953953,0.0,0.0,0.0,0.0,0.0,0.0,0.0,0.0,0.0,0.0,0.0,0.0,1.0,0.0,0.0,0.0,0.0,0.0,0.0,0.0
sedu_es_9ef-D26-04,0.0,0.0,0.0,0.0,0.0,0.475078,0.308271,0.0,0.0,0.847609,0.0,0.0,0.0,0.0,1.0,0.0,0.0,0.0,0.0,0.0,0.0,0.0,0.0,0.0,0.760153,0.0,0.405148,0.0,0.0,0.0,0.0,0.0,0.0,0.0,0.0,0.0,0.0,0.0,0.0,0.0,0.0,0.0,0.0,0.0,0.0,0.0,0.0,0.3879,0.0,0.424923,0.3879,0.346948,0.0,0.0,0.0,0.0,0.0,0.0,0.0,0.0,0.0,0.0,0.0,0.0,0.0,0.0,0.0,0.0,0.0,0.0,0.0,0.0,0.0,0.0,0.316719,0.359125,0.405148,0.548573,0.335931,0.293224,0.0,0.0,0.0,0.0,0.0,0.3879,0.0,0.0,0.0,0.0,0.0,0.0,0.0,0.0,0.0,0.0,0.0,0.0,0.0,0.0,0.0,0.0,0.0,0.0,0.0,0.0,0.335931,0.372682,0.335931,0.877749,0.0,0.0,0.0,0.0,0.0,0.0,0.0,0.0,0.0,0.0,0.0,0.0,0.0,0.405148,0.0,0.0,0.0,0.0,0.308271,0.0,0.0,0.0,0.308271,0.263526,0.359125,0.346948,0.308271,0.0,0.3879,0.0,0.0,0.0,0.0,0.0,0.0,0.0,0.0,0.0,0.0,0.0,0.0,0.0,0.0,0.0,0.0,0.268745,0.0,0.0,0.0,0.0,0.0,0.424923,0.0,0.0,0.0,0.0,0.0,0.0,0.0,0.0,0.0,0.0,0.0,0.0,0.0,0.0,0.0,0.0,0.0,0.0,0.0,0.0,0.0,0.0,0.0,0.0,0.335931,0.0,0.0,0.3879,0.359125,0.335931,0.0,0.405148,0.372682,0.0,0.0,0.424923,0.0,0.0,0.950156,0.0,0.50788,0.0,0.0,0.0,0.0,0.0,0.0,0.0,0.0,0.0,0.0,0.0,0.0,0.359125,0.405148,0.447908,0.372682,0.0,0.0,0.0,0.0,0.0,0.0,0.0,0.475078,0.0,0.3879,0.0,0.0,0.0,0.0,0.0,0.0,0.0,0.0,0.0,0.0,0.280186,0.0,0.0,0.475078,0.405148,0.0,0.0,0.0,0.0,0.0,0.0,0.346948,0.0,0.0,0.346948,0.0,0.300466,0.0,0.0,0.0,0.0,0.0,0.0,0.325901,0.0,0.293224,0.0,0.424923,0.50788,0.0,0.0,0.0,0.359125,0.0,0.0,0.0,0.0,0.0,0.0,0.0,0.0,0.0,0.0,0.359125,0.953953,0.0,0.0,0.0,0.0,0.953953,0.424923
sedu_es_9ef-D27-01,0.0,0.360083,0.0,0.14699,0.207875,0.0,0.0,0.0,0.184262,0.495481,0.0,0.0,0.0,0.0,0.0,0.0,0.0,0.0,0.0,0.0,0.283364,0.0,0.258228,0.222248,0.218243,0.0,0.0,0.0,0.0,0.0,0.0,0.0,0.0,0.0,0.0,0.0,0.0,0.0,0.0,0.0,0.0,0.0,0.0,0.0,0.0,0.162504,0.0,0.199025,0.167215,0.0,0.360083,0.0,0.0,0.0,0.154164,0.0,0.0,0.0,0.0,0.0,0.0,0.0,0.0,0.0,0.0,0.0,0.0,0.0,0.308642,0.0,0.0,0.0,0.0,0.0,0.0,0.0,0.0,0.0,0.0,0.0,0.0,0.218021,0.0,0.229815,0.154164,0.0,0.0,0.0,0.0,0.0,0.0,0.0,0.0,0.0,0.0,0.0,0.0,0.0,0.0,0.0,0.172361,0.0,0.361601,0.167215,0.0,0.184262,0.0,0.0,0.0,0.0,0.0,0.0,0.272197,0.0,0.0,0.0,0.0,0.0,0.0,0.0,0.0,0.0,0.0,0.0,0.0,0.140732,0.158169,0.230967,0.286165,0.0,0.200369,0.0,0.0,0.292393,0.0,0.0,0.0,0.44101,0.0,0.0,0.0,0.0,0.0,0.0,0.0,0.0,0.0,0.0,0.0,0.0,0.0,0.0,0.0,0.0,0.0,0.160295,0.150449,0.130293,0.0,0.0,0.0,0.0,0.184262,0.218021,0.0,0.0,0.0,0.0,0.20694,0.191217,0.172361,0.199025,0.231366,0.0,0.47147,0.47147,0.267158,0.0,0.0,0.0,0.0,0.0,0.0,0.0,0.0,0.0,0.0,0.0,0.376094,0.0,0.214203,0.0,0.0,0.0,0.320293,0.0,0.0,0.0,0.0,0.0,0.0,0.0,1.0,0.0,0.0,0.0,0.207875,0.218021,0.214203,0.0,0.0,0.0,0.0,0.0,0.0,0.214203,0.0,0.0,0.0,0.0,0.0,0.0,0.0,0.0,0.286927,0.158169,0.0,0.0,0.0,0.207875,0.0,0.0,0.222289,0.0,0.0,0.0,0.0,0.0,0.0,0.0,0.0,0.183871,0.283364,0.0,0.0,0.151464,0.0,0.0,0.0,0.0,0.0,0.0,0.0,0.0,0.0,0.0,0.0,0.0,0.0,0.0,0.0,0.0,0.496916,0.0,0.0,0.0,0.0,0.0,0.214203,0.0,0.0,0.0,0.0,0.0,0.214203,0.0,0.0,0.0,0.0,0.194386,0.183871,0.0,0.0,0.379632,0.0,0.0,0.0,0.0,0.557646,0.0
sedu_es_9ef-D27-02,0.599405,0.713435,0.0,0.333009,0.0,0.0,0.0,0.0,0.0,0.668319,0.0,0.0,0.0,0.0,0.0,0.0,0.0,0.0,0.0,0.0,0.0,0.0,0.552624,0.300598,0.0,0.0,0.0,0.0,0.0,0.0,0.713435,0.0,0.0,0.0,0.0,0.0,0.0,0.0,0.0,0.0,0.0,0.0,0.493933,0.0,0.0,0.582517,0.0,0.0,0.0,0.0,0.713435,0.0,0.0,0.0,0.349263,0.433208,0.0,0.0,0.0,0.0,0.0,0.698527,0.0,0.0,0.0,0.0,0.0,0.0,0.0,0.403295,0.0,0.306324,0.0,0.617853,0.0,0.921902,0.569099,0.770563,0.0,0.0,0.0,0.0,0.903312,0.0,0.349263,0.544871,0.0,0.596876,0.0,0.0,0.0,0.0,0.0,0.0,0.0,0.0,0.0,0.0,0.433208,0.0,0.0,0.582517,0.0,0.378829,0.0,0.0,0.0,0.0,0.0,0.0,0.0,0.569099,0.0,0.0,0.0,0.0,0.0,0.0,0.0,0.0,0.0,0.0,0.433208,0.470947,0.0,0.318832,0.0,0.0,1.0,0.0,0.0,0.0,0.358337,0.0,0.417449,0.0,0.433019,0.873776,0.0,0.0,0.0,0.0,0.0,0.0,0.0,0.0,0.0,0.0,0.0,0.0,0.0,0.0,0.0,0.0,0.0,0.312391,0.0,0.0,0.0,0.0,0.0,0.0,0.504452,0.596876,0.552234,0.403295,0.470947,0.450897,0.403295,0.523495,0.471872,0.544871,0.0,0.0,0.0,0.0,0.0,0.0,0.0,0.0,0.0,0.0,0.0,0.0,0.0,0.0,0.0,0.0,0.745159,0.0,0.0,0.0,0.0,0.0,0.0,0.0,0.0,0.0,0.0,0.0,0.0,0.0,0.713403,0.0,0.0,0.0,0.0,0.0,0.0,0.0,0.0,0.0,0.0,0.0,0.0,0.0,0.0,0.0,0.0,0.0,0.0,0.0,0.0,0.0,0.0,0.0,0.0,0.84411,0.0,0.0,0.0,0.0,0.0,0.0,0.0,0.0,0.0,0.0,0.0,0.0,0.0,0.0,0.0,0.0,0.0,0.0,0.318832,0.0,0.0,0.0,0.0,0.0,0.0,0.0,0.318832,0.0,0.0,0.0,0.0,0.0,0.0,0.0,0.599405,0.0,0.0,0.0,0.0,0.0,0.0,0.0,0.0,0.0,0.0,0.0,0.0,0.0,0.0,0.0,0.0,0.0,0.0,0.0,0.0,0.752168,0.0,0.0,0.0,0.0,0.752168,0.0
sedu_es_9ef-D27-03,0.100465,0.360083,0.0,0.235303,0.332769,0.0,0.09503,0.103557,0.184262,0.590511,0.0,0.0,0.0,0.0,0.0,0.0,0.0,0.0,0.0,0.0,0.283364,0.0,0.350852,0.301966,0.296524,0.124894,0.0,0.13099,0.0,0.0,0.119577,0.0,0.119577,0.0,0.0,0.0,0.0,0.0,0.0,0.0,0.0,0.0,0.0,0.429842,0.0,0.260138,0.13099,0.199025,0.26768,0.13099,0.360083,0.0,0.097634,0.110707,0.246788,0.114886,0.0,0.0,0.0,0.0,0.0,0.0,0.0,0.0,0.0,0.0,0.0,0.0,0.308642,0.0,0.0,0.0,0.0,0.103557,0.097634,0.110707,0.124894,0.169107,0.0,0.0,0.103557,0.349011,0.103557,0.36789,0.246788,0.0,0.124894,0.13099,0.0,0.0,0.0,0.0,0.0,0.0,0.0,0.0,0.0,0.0,0.0,0.0,0.172361,0.097634,0.462066,0.26768,0.13099,0.294969,0.256105,0.114886,0.103557,0.090392,0.103557,0.0,0.272197,0.0,0.0,0.0,0.0,0.0,0.0,0.0,0.0,0.0,0.0,0.0,0.0,0.140732,0.2532,0.313812,0.381195,0.100465,0.303925,0.13099,0.330048,0.37363,0.110707,0.106953,0.09503,0.587461,0.0,0.103557,0.0,0.124894,0.106953,0.103557,0.119577,0.106953,0.0,0.0,0.0,0.0,0.0,0.0,0.0,0.0,0.0,0.24314,0.150449,0.130293,0.0,0.0,0.119577,0.0,0.568756,0.672961,0.362187,0.264504,0.308874,0.295724,0.471444,0.306103,0.275918,0.318602,0.231366,0.0,0.47147,0.47147,0.267158,0.0,0.359661,0.384494,0.0,0.0,0.0,0.0,0.0,0.0,0.0,0.0,0.376094,0.0,0.214203,0.0,0.146451,0.0,0.320293,0.0,0.0,0.45494,0.0,0.0,0.0,0.0,1.0,0.0,0.0,0.0,0.332769,0.349011,0.214203,0.0,0.0,0.0,0.0,0.0,0.0,0.214203,0.0,0.0,0.0,0.0,0.0,0.0,0.0,0.0,0.366645,0.2532,0.146451,0.185248,0.0,0.207875,0.0,0.0,0.222289,0.0,0.0,0.0,0.0,0.0,0.0,0.0,0.0,0.183871,0.283364,0.0,0.0,0.151464,0.0,0.0,0.0,0.0,0.106953,0.0,0.0,0.0,0.0,0.0,0.0,0.0,0.0,0.0,0.0,0.0,0.496916,0.0,0.0,0.0,0.0,0.0,0.214203,0.0,0.0,0.0,0.0,0.0,0.214203,0.0,0.0,0.0,0.0,0.294851,0.278901,0.0,0.0,0.379632,0.0,0.0,0.0,0.0,0.557646,0.0
sedu_es_9ef-D27-04,0.0,0.441511,0.0,0.206084,0.0,0.0,0.0,0.0,0.0,0.0,0.0,0.0,0.0,0.0,0.0,0.0,0.0,0.0,0.0,0.0,0.0,0.0,0.0,0.186026,0.0,0.0,0.0,0.0,0.0,0.0,0.0,0.0,0.0,0.0,0.0,0.0,0.0,0.0,0.0,0.0,0.0,0.0,0.305672,0.0,0.0,0.0,0.0,0.0,0.0,0.0,0.441511,0.0,0.0,0.0,0.216143,0.268092,0.0,0.0,0.0,0.0,0.0,0.432285,0.0,0.0,0.0,0.0,0.0,0.0,0.0,0.24958,0.0,0.18957,0.0,0.0,0.0,0.570521,0.352188,0.476865,0.0,0.0,0.0,0.0,0.0,0.0,0.216143,0.337195,0.0,0.369378,0.0,0.0,0.0,0.0,0.0,0.0,0.0,0.0,0.0,0.0,0.268092,0.0,0.0,0.0,0.0,0.23444,0.0,0.0,0.0,0.0,0.0,0.0,0.0,0.352188,0.0,0.0,0.0,0.0,0.0,0.0,0.0,0.0,0.0,0.0,0.268092,0.291447,0.0,0.19731,0.0,0.0,0.618853,0.0,0.0,0.0,0.221758,0.0,0.25834,0.0,0.267975,0.540739,0.0,0.0,0.0,0.0,0.0,0.0,0.0,0.0,0.0,0.0,0.0,0.0,0.0,0.0,0.0,0.0,0.0,0.193324,0.0,0.0,0.0,0.0,0.0,0.0,0.312182,0.369378,0.341751,0.24958,0.291447,0.279039,0.24958,0.323966,0.292019,0.337195,0.0,0.0,0.0,0.0,0.0,0.0,0.0,0.0,0.0,0.0,0.0,0.0,0.0,0.0,0.0,0.0,0.461143,0.0,0.0,0.0,0.0,0.0,0.0,0.0,0.0,0.0,0.0,0.0,0.0,0.0,0.441491,0.0,0.0,0.0,0.0,0.0,0.0,0.0,0.0,0.0,0.0,0.0,0.0,0.0,0.0,0.0,0.0,0.0,0.0,0.0,0.0,0.0,0.0,0.0,0.0,0.52238,0.0,0.0,0.0,0.0,0.0,0.0,0.0,0.0,0.0,0.0,0.0,0.0,0.0,0.0,0.0,0.0,0.0,0.0,0.19731,0.0,0.0,0.0,0.0,0.0,0.0,0.0,0.19731,0.0,0.0,0.0,0.0,0.0,0.0,0.0,0.370944,0.0,0.0,0.0,0.0,0.0,0.0,0.0,1.0,0.0,0.0,0.0,0.0,0.0,0.0,0.0,0.0,0.0,0.0,0.0,0.0,0.0,0.0,0.0,0.0,0.0,0.0,0.0
sedu_es_9ef-D28-01,0.0,0.0,0.0,0.0,0.0,0.0,0.0,0.0,0.146658,0.0,0.0,0.0,0.0,0.0,0.0,0.0,0.0,0.0,0.0,0.0,0.0,0.141685,0.0,0.0,0.0,0.0,0.0,0.0,0.0,0.0,0.430684,0.430684,0.430684,0.0,0.0,0.0,0.0,0.0,0.0,0.0,0.0,0.0,0.0,0.12934,0.122703,0.0,0.0,0.0,0.0,0.0,0.0,0.0,0.0,0.0,0.0,0.0,0.137186,0.0,0.0,0.0,0.0,0.0,0.0,0.0,0.0,0.0,0.0,0.0,0.0,0.0,0.152194,0.107618,0.125891,0.0,0.0,0.0,0.0,0.0,0.0,0.0,0.0,0.0,0.137186,0.0,0.0,0.0,0.0,0.0,0.105606,0.152194,0.0,0.0,0.0,0.0,0.0,0.0,0.0,0.0,0.0,0.119746,0.137186,0.0,0.13309,0.13309,0.173528,0.146658,0.490739,0.152194,0.137186,0.0,0.0,0.0,0.0,0.0,0.13309,0.146658,0.152194,0.152194,0.0,0.0,0.0,0.0,0.0,0.0,0.109749,0.112012,0.125891,0.109749,0.0,0.13309,0.0,0.0,0.0,0.107618,0.0,0.141685,0.125891,0.0,0.408248,0.0,0.0,0.0,0.0,0.137186,0.0,0.0,0.0,0.165453,0.0,0.0,0.0,0.0,0.0,0.0,0.0,0.69334,0.0,0.0,0.114421,0.137186,0.0,0.447214,0.0,0.0,0.0,0.0,0.0,0.0,0.0,0.152194,0.137186,0.158409,0.158409,0.0,0.0,0.0,0.0,0.182915,0.137186,0.0,0.122703,0.0,0.0,0.0,0.0,0.0,0.0,0.0,0.0,0.0,0.0,0.0,0.0,0.0,0.0,0.0,0.0,0.173528,0.0,0.0,1.0,0.0,0.0,0.0,0.137186,0.19401,0.0,0.0,0.146658,0.0,0.0,0.0,0.0,0.0,0.0,0.0,0.0,0.0,0.0,0.0,0.0,0.0,0.0,0.0,0.0,0.125891,0.0,0.0,0.408248,0.165453,0.0,0.0,0.152194,0.0,0.0,0.0,0.0,0.0,0.0,0.0,0.0,0.0,0.0,0.0,0.0,0.103703,0.0,0.146658,0.0,0.0,0.0,0.0,0.0,0.0,0.0,0.0,0.0,0.0,0.152194,0.0,0.0,0.125891,0.0,0.0,0.0,0.0,0.0,0.0,0.0,0.0,0.0,0.0,0.13309,0.119746,0.146658,0.119746,0.0,0.0,0.0,0.13309,0.125891,0.0,0.527778,0.0,0.0,0.0,0.0,0.0,0.0,0.0
sedu_es_9ef-D28-02,0.0,0.0,0.0,0.0,0.0,0.0,0.0,0.790569,0.0,0.0,0.0,0.0,0.0,0.0,0.0,0.0,0.865317,0.83137,0.0,0.0,0.0,0.0,0.0,0.0,0.0,0.0,0.0,1.0,0.0,0.0,0.0,0.0,0.0,0.0,0.0,0.0,0.0,0.0,0.981913,0.687684,0.0,0.0,0.0,0.0,0.0,0.0,0.0,0.0,0.0,0.0,0.912871,0.0,0.0,0.0,0.0,0.0,0.0,0.0,0.0,0.0,0.0,0.0,0.0,0.0,0.821527,0.0,0.0,0.0,0.0,0.0,0.0,0.720527,0.0,0.0,0.0,0.0,0.0,0.0,0.0,0.0,0.0,0.0,0.0,0.0,0.0,0.0,0.0,0.0,0.0,0.0,0.0,0.0,0.0,0.0,0.0,0.587867,0.687684,0.0,0.0,0.0,0.0,0.0,0.0,0.0,0.0,0.0,0.0,0.0,0.0,0.801728,0.0,0.0,0.0,0.0,0.0,0.0,0.0,0.0,0.0,0.0,0.0,0.0,0.0,0.0,0.0,0.0,0.0,0.0,0.0,0.0,0.0,0.0,0.0,0.0,0.0,0.0,0.0,0.0,0.0,0.0,0.0,0.0,0.0,0.0,0.0,0.0,0.0,0.0,0.0,0.0,0.0,0.0,0.0,0.0,0.0,0.0,0.0,0.0,0.0,0.0,0.0,1.0,0.0,0.0,0.0,0.0,0.0,0.0,0.0,0.0,0.0,0.0,0.0,0.0,0.0,0.0,0.0,0.0,0.0,0.0,0.0,0.0,0.0,0.0,0.0,0.0,0.0,0.0,0.0,0.0,0.0,0.0,0.0,0.0,0.0,0.0,0.0,0.0,0.0,0.0,0.0,0.0,0.0,0.0,0.0,0.0,0.0,0.0,0.0,0.0,0.0,0.0,0.0,0.0,0.0,0.0,0.0,0.0,0.0,0.0,0.0,0.0,0.0,0.0,0.0,0.0,0.0,0.0,0.0,0.0,0.0,0.0,0.0,0.0,0.0,0.0,0.0,0.0,0.0,0.0,0.0,0.0,0.0,0.0,0.0,0.0,0.0,0.0,0.0,0.0,0.0,0.0,0.0,0.0,0.0,0.0,0.0,0.0,0.0,0.0,0.0,0.0,0.0,0.0,0.0,0.0,0.0,0.0,0.0,0.0,0.0,0.0,0.0,0.0,0.0,0.0,0.0,0.0,0.0,0.0,0.0,0.0,0.0,0.0,0.0,0.0,0.0,0.0,0.0,0.0
sedu_es_9ef-D28-03,0.0,0.0,0.0,0.0,0.0,0.0,0.0,0.0,0.0,0.0,0.0,0.0,0.0,0.0,0.0,0.0,0.0,0.0,0.0,0.0,0.0,0.0,0.335778,0.288992,0.283784,0.0,0.0,0.0,0.0,0.0,0.0,0.0,0.0,0.0,0.0,0.0,0.0,0.0,0.0,0.0,0.0,0.0,0.0,0.0,0.0,0.0,0.0,0.0,0.0,0.0,0.0,0.0,0.0,0.0,0.0,0.0,0.0,0.0,0.0,0.0,0.0,0.0,0.0,0.0,0.0,0.0,0.0,0.0,0.95762,0.0,0.0,0.0,0.0,0.0,0.0,0.0,0.0,0.0,0.0,0.0,0.0,0.0,0.0,0.0,0.0,0.0,0.0,0.566536,0.0,0.0,0.0,0.0,0.0,0.0,0.0,0.0,0.0,1.0,0.0,0.0,0.0,0.0,0.0,0.0,0.0,0.0,0.0,0.0,0.0,0.0,0.0,0.54017,0.353941,0.0,0.0,0.0,0.0,0.0,0.0,0.0,0.0,0.0,0.0,0.0,0.0,0.0,0.0,0.300329,0.0,0.0,0.0,0.0,0.0,0.0,0.0,0.0,0.0,0.0,0.0,0.447886,0.0,0.0,0.0,0.0,0.0,0.0,0.0,0.0,0.0,0.0,0.0,0.0,0.0,0.0,0.0,0.0,0.0,0.0,0.0,0.0,0.0,0.0,0.0,0.0,0.0,0.0,0.0,0.0,0.0,0.0,0.0,0.0,0.0,0.0,0.0,0.0,0.0,0.0,0.0,0.0,0.0,0.0,0.0,0.0,0.0,0.0,0.0,0.0,0.0,0.0,0.0,0.0,0.0,0.0,0.416481,0.0,0.0,0.0,0.0,0.0,0.0,0.0,0.567568,0.0,0.0,0.0,0.0,0.0,0.0,0.0,0.0,0.0,0.0,0.0,0.0,0.0,0.0,0.0,0.0,0.0,0.0,0.0,0.0,0.0,0.0,0.0,0.0,0.0,0.0,0.0,0.0,0.0,0.0,0.0,0.0,0.0,0.0,0.0,0.0,0.0,0.0,0.0,0.0,0.0,0.0,0.0,0.0,0.0,0.0,0.0,0.0,0.0,0.0,0.0,0.0,0.0,0.0,0.0,0.0,0.0,0.0,0.0,0.0,0.0,0.0,0.0,0.0,0.0,0.0,0.0,0.0,0.0,0.0,0.0,0.0,0.0,0.0,0.0,0.0,0.0,0.0,0.0,0.0,0.0,0.0,0.0,0.0,0.0,0.0,0.0
sedu_es_9ef-D28-04,0.0,0.0,0.0,0.0,0.0,0.0,0.0,0.0,0.0,0.0,0.0,0.0,0.0,0.0,0.0,0.0,0.0,0.0,0.0,0.0,0.0,0.0,0.367469,0.316267,0.310568,0.0,0.0,0.0,0.0,0.0,0.0,0.346886,0.346886,0.0,0.0,0.0,0.0,0.0,0.0,0.0,0.0,0.0,0.0,0.0,0.0,0.0,0.0,0.0,0.0,0.0,0.0,0.0,0.0,0.0,0.268696,0.0,0.0,0.0,0.0,0.0,0.0,0.0,0.0,0.0,0.0,0.0,0.0,0.0,0.43921,0.0,0.0,0.384511,0.0,0.0,0.0,0.0,0.0,0.0,0.0,0.0,0.300412,0.0,0.0,0.0,0.268696,0.0,0.0,1.0,0.0,0.0,0.0,0.0,0.0,0.0,0.0,0.0,0.0,0.506233,0.0,0.0,0.0,0.0,0.0,0.0,0.0,0.0,0.0,0.0,0.0,0.690066,0.0,0.591152,0.387346,0.0,0.0,0.0,0.0,0.0,0.0,0.0,0.0,0.0,0.0,0.36231,0.0,0.0,0.0,0.328674,0.0,0.291442,0.300412,0.379994,0.0,0.0,0.0,0.0,0.0,0.0,0.0,0.790569,0.0,0.0,0.0,0.0,0.0,0.0,0.0,0.0,0.0,0.331426,0.0,0.648895,0.45418,0.0,0.0,0.0,0.0,0.0,0.0,0.0,0.0,0.0,0.0,0.0,0.0,0.0,0.0,0.0,0.0,0.0,0.0,0.0,0.0,0.0,0.0,0.0,0.0,0.0,0.0,0.0,0.0,0.0,0.0,0.0,0.0,0.0,0.0,0.0,0.0,0.0,0.321154,0.300412,0.0,0.0,0.455789,0.0,0.0,0.0,0.0,0.0,0.0,0.0,0.621136,0.0,0.0,0.693188,0.0,0.0,0.0,0.0,0.0,0.0,0.0,0.0,0.0,0.321154,0.0,0.0,0.0,0.321154,0.0,0.0,0.0,0.0,0.305892,0.364647,0.56196,0.710829,0.346886,0.0,0.0,0.0,0.0,0.0,0.0,0.0,0.0,0.0,0.0,0.250561,0.0,0.595368,0.0,0.0,0.0,0.22709,0.0,0.0,0.0,0.0,0.0,0.0,0.0,0.0,0.0,0.0,0.0,0.0,0.0,0.0,0.0,0.364647,0.385501,0.0,0.346849,0.0,0.0,0.0,0.0,0.379994,0.0,0.0,0.0,0.0,0.0,0.0,0.0,0.0,0.0,0.0,0.4498,0.0,0.0,0.0,0.0,0.0,0.0,0.0,0.0,0.0
sedu_es_9ef-D29-01,0.0,0.0,0.0,0.0,0.0,0.0,0.0,0.0,0.0,0.0,0.0,0.0,0.0,0.0,0.0,0.0,0.0,0.0,0.0,0.0,0.0,0.0,0.0,0.0,0.433013,0.0,0.0,0.0,0.0,0.0,0.0,0.0,0.0,0.0,0.0,0.0,0.0,0.0,0.0,0.0,0.0,0.0,0.0,0.0,0.0,0.0,0.0,0.0,0.0,0.0,0.0,0.0,0.0,0.0,0.0,0.0,0.0,0.0,0.0,0.0,0.0,0.0,0.0,0.0,0.583706,0.0,0.0,0.0,0.0,0.0,0.0,0.449359,0.0,0.0,0.0,0.0,0.0,0.0,0.0,0.0,0.0,0.0,0.0,0.0,0.0,0.0,0.0,0.0,0.0,0.0,0.0,0.0,0.0,0.0,0.0,0.0,0.0,0.0,0.0,0.0,0.0,0.0,0.0,0.0,0.0,0.0,0.0,0.0,0.0,1.0,0.0,0.0,0.0,0.0,0.0,0.0,0.0,0.0,0.0,0.0,0.0,0.0,0.0,0.0,0.0,0.0,0.0,0.0,0.0,0.0,0.0,0.0,0.0,0.0,0.0,0.0,0.0,0.0,0.0,0.0,0.0,0.0,0.0,0.0,0.0,0.0,0.0,0.0,0.0,0.0,0.0,0.0,0.0,0.0,0.0,0.0,0.0,0.0,0.0,0.0,0.0,0.0,0.0,0.0,0.0,0.0,0.0,0.0,0.0,0.0,0.0,0.0,0.0,0.0,0.0,0.0,0.0,0.0,0.0,0.0,0.0,0.0,0.0,0.0,0.0,0.0,0.0,0.0,0.0,0.0,0.0,0.0,0.0,0.0,0.0,0.0,0.0,0.0,0.0,0.0,0.0,0.0,0.0,0.0,0.0,0.0,0.0,0.0,0.0,0.0,0.0,0.0,0.0,0.0,0.0,0.0,0.0,0.0,0.0,0.0,0.0,0.0,0.0,0.0,0.0,0.0,0.0,0.0,0.0,0.0,0.0,0.0,0.0,0.0,0.0,0.0,0.0,0.0,0.0,0.0,0.0,0.0,0.0,0.0,0.0,0.0,0.0,0.0,0.0,0.0,0.0,0.0,0.0,0.0,0.0,0.0,0.0,0.0,0.0,0.0,0.0,0.0,0.0,0.0,0.0,0.0,0.0,0.0,0.0,0.0,0.0,0.0,0.0,0.0,0.0,0.0,0.0,0.0,0.0,0.0,0.0,0.0,0.0,0.0,0.0,0.0,0.0,0.0,0.0,0.0
sedu_es_9ef-D29-02,0.0,0.0,0.0,0.0,0.0,0.0,0.0,0.0,0.0,0.0,0.0,0.0,0.0,0.0,0.0,0.0,0.0,0.0,0.0,0.0,0.0,0.0,0.0,0.374951,0.492057,0.0,0.0,0.0,0.0,0.0,0.0,0.0,0.0,0.0,0.0,0.0,0.0,0.0,0.0,0.0,0.0,0.0,0.0,0.0,0.0,0.0,0.0,0.0,0.0,0.0,0.0,0.0,0.0,0.0,0.0,0.0,0.0,0.0,0.0,0.0,0.0,0.0,0.0,0.0,0.0,0.0,0.0,0.0,0.0,0.0,0.0,0.0,0.0,0.0,0.0,0.520705,0.0,0.0,0.37895,0.330775,0.0,0.0,0.0,0.0,0.0,0.0,0.0,0.0,0.0,0.0,0.0,0.0,0.0,0.0,0.0,0.0,0.0,0.0,0.0,0.0,0.0,0.0,0.0,0.0,0.0,0.0,0.0,0.0,0.0,0.568178,0.0,0.0,0.357278,0.391378,0.0,0.0,0.0,0.0,0.420407,0.0,0.0,0.0,0.0,0.0,0.0,0.0,0.0,0.0,0.0,0.0,0.0,0.0,0.0,0.0,0.0,0.0,0.0,0.688828,1.0,0.0,0.0,0.0,0.0,0.0,0.0,0.0,0.0,0.0,0.0,0.0,0.0,0.0,0.0,0.0,0.420407,0.0,0.0,0.0,0.406249,0.0,0.0,0.0,0.0,0.0,0.0,0.0,0.0,0.0,0.0,0.0,0.0,0.0,0.0,0.0,0.0,0.0,0.505267,0.0,0.0,0.0,0.0,0.562426,0.0,0.0,0.0,0.0,0.0,0.0,0.0,0.0,0.0,0.0,0.0,0.0,0.0,0.0,0.0,0.0,0.0,0.0,0.0,0.0,0.0,0.0,0.0,0.0,0.0,0.0,0.405115,0.618823,0.0,0.0,0.0,0.0,0.0,0.0,0.0,0.0,0.0,0.0,0.0,0.0,0.0,0.0,0.0,0.0,0.0,0.0,0.0,0.0,0.0,0.420407,0.0,0.0,0.0,0.0,0.405115,0.391378,0.0,0.0,0.0,0.0,0.0,0.0,0.0,0.0,0.0,0.0,0.0,0.0,0.0,0.0,0.487075,0.391378,0.0,0.0,0.0,0.0,0.0,0.0,0.0,0.0,0.0,0.0,0.0,0.0,0.0,0.0,0.0,0.0,0.0,0.0,0.367636,0.330775,0.0,0.0,0.0,0.0,0.0,0.0,0.0,0.0,0.0,0.0,0.0,0.0,0.0,0.0,0.0,0.0
sedu_es_9ef-D29-03,0.0,0.0,0.0,0.0,0.297963,0.0,0.226716,0.0,0.0,0.0,0.0,0.0,0.0,0.0,0.0,0.31708,0.342486,0.32905,0.0,0.0,0.0,0.25516,0.0,0.0,0.0,0.0,0.0,0.0,0.0,0.0,0.0,0.0,0.0,0.0,0.0,0.0,0.0,0.0,0.0,0.836664,0.686474,0.0,0.0,0.0,0.0,0.0,0.0,0.0,0.0,0.0,0.0,0.0,0.0,0.0,0.0,0.0,0.513968,0.0,0.0,0.0,0.0,0.0,0.395469,0.0,0.0,0.0,0.609948,0.710568,0.0,0.0,0.0,0.353899,0.0,0.0,0.0,0.0,0.0,0.0,0.0,0.0,0.0,0.0,0.0,0.0,0.0,0.0,0.0,0.0,0.0,0.0,0.0,0.0,0.0,0.220975,0.580176,0.0,0.0,0.0,0.0,0.0,0.0,0.0,0.0,0.0,0.0,0.0,0.0,0.0,0.0,0.393783,0.0,0.0,0.232928,0.25516,0.0,0.0,0.0,0.0,0.0,0.306329,0.0,0.0,0.0,0.0,0.0,0.0,0.0,0.0,0.0,0.0,0.0,0.0,0.0,0.0,0.0,0.0,0.0,0.0,0.0,0.0,0.297963,0.0,0.0,0.0,0.0,0.0,0.0,0.0,0.0,0.247383,0.0,0.0,0.0,0.0,0.0,0.0,0.0,0.0,0.0,0.513968,0.0,0.0,0.0,0.0,0.0,0.0,0.0,0.0,0.25516,0.0,0.0,0.0,0.285278,0.0,0.0,0.312506,0.329411,0.0,0.0,0.0,0.0,0.0,0.0,0.0,0.0,0.0,0.0,0.0,0.0,0.0,0.0,0.0,0.0,0.0,0.459713,0.0,0.0,0.0,0.0,0.0,0.0,0.0,0.0,0.329411,0.247058,0.0,0.0,0.0,0.264116,0.0,0.0,0.0,0.0,0.0,0.0,0.0,0.0,0.0,0.0,0.0,0.0,0.402008,0.0,0.0,0.0,0.0,0.0,0.0,0.0,0.297963,1.0,0.274086,0.0,0.0,0.0,0.0,0.0,0.0,0.0,0.0,0.0,0.0,0.0,0.0,0.0,0.0,0.0,0.0,0.0,0.370633,0.0,0.0,0.0,0.0,0.0,0.0,0.0,0.0,0.0,0.0,0.0,0.0,0.0,0.0,0.448628,0.0,0.0,0.0,0.0,0.524154,0.0,0.442991,0.0,0.0,0.0,0.0,0.0,0.0,0.0,0.0,0.0,0.0,0.0,0.0,0.0,0.0,0.0,0.0,0.25516,0.0
sedu_es_9ef-D29-04,0.0,0.0,0.399124,0.0,0.0,0.0,0.0,0.0,0.0,0.0,0.0,0.0,0.0,0.0,0.0,0.0,0.0,0.0,0.0,0.0,0.0,0.0,0.0,0.329481,0.734094,0.0,0.0,0.0,0.0,0.0,0.0,0.0,0.0,0.0,0.0,0.0,0.0,0.0,0.0,0.0,0.0,0.0,0.0,0.0,0.0,0.0,0.0,0.0,0.0,0.0,0.0,0.0,0.0,0.0,0.0,0.442788,0.0,0.0,0.0,0.0,0.0,0.0,0.0,0.0,0.0,0.0,0.0,0.0,0.0,0.0,0.0,0.0,0.0,0.0,0.0,0.45756,0.0,0.0,0.332995,0.290662,0.0,0.0,0.0,0.0,0.0,0.0,0.0,0.0,0.0,0.0,0.0,0.0,0.0,0.356987,0.0,0.0,0.0,0.0,0.0,0.0,0.0,0.0,0.0,0.0,0.0,0.0,0.0,0.0,0.0,0.499276,0.0,0.0,0.313951,0.343916,0.0,0.0,0.0,0.0,0.369425,0.0,0.481361,0.0,0.0,0.481361,0.0,0.0,0.0,0.0,0.0,0.0,0.0,0.0,0.0,0.0,0.0,0.0,0.0,0.605295,0.878731,0.0,0.0,0.0,0.0,0.0,0.0,0.0,0.0,0.0,0.0,0.0,0.0,0.0,0.0,0.0,0.369425,0.0,0.0,0.0,0.356983,0.0,0.0,0.0,0.0,0.0,0.0,0.412213,0.0,0.0,0.412213,0.0,0.0,0.0,0.0,0.0,0.0,0.504856,0.443993,0.0,0.0,0.0,0.0,0.494221,0.0,0.0,0.0,0.0,0.0,0.0,0.0,0.0,0.0,0.0,0.0,0.0,0.0,0.46703,0.0,0.0,0.0,0.0,0.0,0.0,0.0,0.0,0.0,0.0,0.0,0.0,0.355987,0.543779,0.0,0.0,0.0,0.0,0.0,0.0,0.0,0.0,0.0,0.0,0.0,0.0,0.0,0.0,0.0,0.0,0.0,0.0,0.0,0.0,0.0,0.369425,0.0,0.0,0.0,0.0,0.355987,0.343916,0.0,0.0,0.0,0.0,0.0,0.0,0.0,0.0,0.0,0.0,0.0,0.0,0.0,0.0,1.0,0.343916,0.0,0.0,0.0,0.0,0.0,0.0,0.0,0.0,0.0,0.0,0.0,0.0,0.0,0.0,0.0,0.0,0.0,0.0,0.323053,0.290662,0.0,0.0,0.0,0.0,0.0,0.0,0.0,0.0,0.0,0.0,0.0,0.0,0.0,0.0,0.0,0.0
sedu_es_9ef-D30-01,0.133872,0.0,0.0,0.11768,0.166424,0.251927,0.290102,0.137992,0.0,0.12663,0.0,0.0,0.0,0.0,0.0,0.0,0.0,0.0,0.0,0.0,0.377589,0.0,0.123424,0.106226,0.104312,0.166424,0.214844,0.174547,0.0,0.0,0.159339,0.0,0.159339,0.0,0.0,0.0,0.0,0.658014,0.0,0.0,0.0,0.0,0.0,0.0,0.0,0.1301,0.174547,0.205698,0.133872,0.399878,0.205698,0.183982,0.1301,0.147519,0.123424,0.153088,0.0,0.0,0.0,0.330538,0.0,0.0,0.0,0.0,0.0,0.0,0.0,0.0,0.0,0.0,0.0,0.0,0.0,0.137992,0.298051,0.337959,0.381269,0.51624,0.17814,0.155493,0.137992,0.174547,0.137992,0.183989,0.123424,0.205698,0.166424,0.174547,0.0,0.0,0.405216,0.0,0.0,0.0,0.0,0.0,0.0,0.0,0.0,0.0,0.0,0.1301,0.392895,0.133872,0.174547,0.147519,0.17814,0.350716,0.316131,0.120449,0.137992,0.0,0.0,0.0,0.0,0.0,0.0,0.706821,0.706821,0.0,0.34557,0.0,0.0,0.214844,0.0,0.0,0.12663,0.110393,0.290102,0.133872,0.404987,0.174547,0.290102,0.457442,0.337959,0.326499,0.290102,0.19515,0.205698,0.137992,0.0,0.511994,0.438445,0.775111,0.895022,0.800532,0.0,0.0,0.0,0.0,0.0,0.0,0.0,0.0,0.388943,0.466502,0.0,0.0,0.0,0.0,0.159339,0.225331,0.147519,0.174547,0.0,0.0,0.0,0.0,0.275752,0.153088,0.137992,0.159339,0.3083,0.0,0.337726,0.337726,0.355994,0.0,0.424523,0.453834,0.0,0.0,0.0,0.388943,0.0,0.362086,0.464671,0.330858,0.0,0.205698,0.47587,0.17814,0.19515,0.214844,0.197628,0.0,0.0,0.399878,0.0,0.0,0.503855,0.0,0.672981,0.0,0.0,0.0,0.166424,0.174547,0.28543,0.0,0.0,0.34557,0.286531,0.0,0.0,0.47587,0.214844,0.237519,0.197628,0.0,0.0,0.0,0.0,0.0,1.0,0.12663,0.447077,0.246847,0.205698,0.0,0.0,0.0,0.296205,0.0,0.0,0.0,0.0,0.0,0.317878,0.148579,0.0,0.245012,0.629516,0.214844,0.0,0.20183,0.0,0.0,0.0,0.0,0.326499,0.0,0.0,0.183982,0.0,0.159333,0.0,0.0,0.0,0.0,0.0,0.0,0.431845,0.0,0.155493,0.0,0.225331,0.269322,0.28543,0.0,0.0,0.190439,0.0,0.0,0.28543,0.0,0.0,0.0,0.0,0.392895,0.371642,0.0,0.190439,0.295928,0.706821,0.0,0.0,0.0,0.0,0.225331
sedu_es_9ef-D30-02,0.0,0.0,0.0,0.0,0.0,0.0,0.0,0.0,0.0,0.0,0.0,0.452147,0.0,0.0,0.0,0.446235,0.481989,0.46308,0.0,0.0,0.0,0.0,0.442509,0.0,0.479934,0.0,0.0,0.0,0.0,0.0,0.0,0.0,0.0,0.502534,0.0,0.0,0.0,0.0,0.0,0.383046,0.431104,0.0,0.0,0.0,0.0,0.0,0.0,0.0,0.0,0.0,0.0,0.0,0.0,0.0,0.646957,0.0,0.723319,0.0,0.0,0.0,0.0,0.0,0.556553,0.0,0.0,0.0,0.383046,1.0,0.0,0.0,0.0,0.0,0.0,0.0,0.0,0.0,0.0,0.0,0.0,0.0,0.0,0.0,0.0,0.0,0.0,0.0,0.0,0.0,0.0,0.0,0.0,0.0,0.0,0.0,0.816497,0.0,0.0,0.0,0.0,0.0,0.0,0.0,0.0,0.0,0.0,0.0,0.0,0.0,0.0,0.55418,0.0,0.0,0.0,0.0,0.0,0.0,0.0,0.0,0.0,0.431104,0.0,0.0,0.0,0.0,0.0,0.0,0.0,0.395792,0.0,0.0,0.0,0.0,0.0,0.0,0.0,0.0,0.0,0.0,0.0,0.0,0.0,0.0,0.510966,0.0,0.0,0.0,0.0,0.0,0.463313,0.348148,0.0,0.0,0.0,0.0,0.0,0.0,0.0,0.0,0.0,0.0,0.0,0.0,0.0,0.0,0.0,0.0,0.0,0.0,0.0,0.0,0.0,0.0,0.0,0.0,0.0,0.0,0.0,0.0,0.0,0.0,0.0,0.0,0.0,0.0,0.0,0.0,0.0,0.0,0.0,0.0,0.0,0.0,0.0,0.0,0.0,0.0,0.0,0.0,0.0,0.0,0.0,0.0,0.0,0.0,0.0,0.0,0.0,0.0,0.0,0.0,0.0,0.0,0.0,0.0,0.0,0.0,0.0,0.0,0.0,0.0,0.0,0.0,0.0,0.0,0.556812,0.0,0.0,0.0,0.0,0.0,0.0,0.0,0.0,0.0,0.0,0.0,0.0,0.0,0.0,0.0,0.0,0.0,0.0,0.0,0.0,0.0,0.0,0.0,0.0,0.0,0.0,0.0,0.0,0.0,0.0,0.0,0.0,0.0,0.0,0.0,0.0,0.0,0.0,0.0,0.0,0.0,0.0,0.0,0.0,0.0,0.0,0.0,0.0,0.0,0.5289,0.0,0.0,0.0,0.0,0.479969,0.454005,0.0,0.0,0.0,0.0,0.0,0.0,0.0,0.0,0.0
sedu_es_9ef-D30-03,0.0,0.0,0.0,0.14699,0.207875,0.0,0.0,0.0,0.184262,0.158169,0.0,0.0,0.0,0.0,0.0,0.0,0.0,0.0,0.0,0.0,0.283364,0.0,0.258228,0.222248,0.218243,0.0,0.0,0.0,0.0,0.0,0.0,0.0,0.0,0.0,0.0,0.0,0.0,0.0,0.0,0.0,0.0,0.0,0.0,0.0,0.0,0.162504,0.0,0.199025,0.167215,0.0,0.0,0.0,0.0,0.0,0.154164,0.0,0.0,0.0,0.0,0.0,0.0,0.0,0.0,0.0,0.0,0.0,0.0,0.0,0.308642,0.0,0.0,0.0,0.0,0.0,0.0,0.0,0.0,0.0,0.0,0.0,0.0,0.218021,0.0,0.229815,0.154164,0.0,0.0,0.0,0.0,0.0,0.0,0.0,0.0,0.0,0.0,0.0,0.0,0.0,0.0,0.0,0.172361,0.0,0.361601,0.167215,0.0,0.184262,0.0,0.0,0.0,0.0,0.0,0.0,0.272197,0.0,0.0,0.0,0.0,0.0,0.0,0.0,0.0,0.0,0.0,0.0,0.0,0.140732,0.158169,0.230967,0.0,0.0,0.200369,0.0,0.0,0.292393,0.0,0.0,0.0,0.0,0.0,0.0,0.0,0.0,0.0,0.0,0.0,0.0,0.0,0.0,0.0,0.0,0.0,0.0,0.0,0.0,0.0,0.160295,0.150449,0.130293,0.0,0.0,0.0,0.0,0.184262,0.218021,0.0,0.0,0.0,0.0,0.20694,0.191217,0.172361,0.199025,0.231366,0.0,0.47147,0.47147,0.267158,0.0,0.0,0.0,0.0,0.0,0.0,0.0,0.0,0.0,0.0,0.0,0.0,0.0,0.214203,0.0,0.0,0.0,0.320293,0.0,0.0,0.0,0.0,0.0,0.0,0.0,1.0,0.0,0.0,0.0,0.207875,0.218021,0.214203,0.0,0.0,0.0,0.0,0.0,0.0,0.214203,0.0,0.0,0.0,0.0,0.0,0.0,0.0,0.0,0.286927,0.158169,0.0,0.0,0.0,0.207875,0.0,0.0,0.222289,0.0,0.0,0.0,0.0,0.0,0.0,0.0,0.0,0.183871,0.283364,0.0,0.0,0.151464,0.0,0.0,0.0,0.0,0.0,0.0,0.0,0.0,0.0,0.0,0.0,0.0,0.0,0.0,0.0,0.0,0.194386,0.0,0.0,0.0,0.0,0.0,0.214203,0.0,0.0,0.0,0.0,0.0,0.214203,0.0,0.0,0.0,0.0,0.194386,0.183871,0.0,0.0,0.0,0.0,0.0,0.0,0.0,0.178014,0.0
sedu_es_9ef-D30-04,0.412069,0.49046,0.424751,0.362229,0.0,0.0,0.0,0.0,0.0,0.0,0.0,0.559192,0.0,0.0,0.0,0.0,0.0,0.0,0.0,0.0,0.0,0.0,0.486116,0.326974,0.321082,0.0,0.0,0.0,0.0,0.0,0.0,0.0,0.0,0.0,0.0,0.0,0.0,0.0,0.0,0.0,0.0,0.0,0.0,0.0,0.0,0.0,0.0,0.0,0.0,0.0,0.49046,0.0,0.0,0.0,0.0,0.0,0.0,0.0,0.0,0.400459,0.0,0.0,0.0,0.0,0.0,0.0,0.0,0.0,0.745614,0.0,0.0,0.0,0.0,0.0,0.0,0.0,0.0,0.0,0.0,0.0,0.0,0.0,0.0,0.0,0.0,0.0,0.0,0.0,0.0,0.0,0.0,0.0,0.0,0.0,0.0,0.502555,0.587887,0.720332,0.0,0.0,0.0,0.0,0.0,0.0,0.0,0.0,0.0,0.0,0.0,0.0,0.0,0.0,0.400459,0.438681,0.0,0.0,0.0,0.0,0.0,0.0,0.0,0.0,0.0,0.0,0.0,0.0,0.0,0.434796,0.0,0.0,0.0,0.0,0.0,0.0,0.454078,0.0,0.0,0.600689,0.0,0.0,0.512269,0.0,1.0,0.0,0.0,0.0,0.0,0.0,0.0,0.0,0.0,0.0,0.0,0.0,0.0,0.0,0.0,0.0,0.0,0.0,0.0,0.0,0.0,0.0,0.0,0.0,0.0,0.0,0.0,0.0,0.0,0.0,0.0,0.0,0.0,0.0,0.0,0.0,0.0,0.0,0.0,0.0,0.0,0.0,0.0,0.0,0.0,0.0,0.0,0.0,0.0,0.0,0.0,0.0,0.0,0.0,0.0,0.0,0.0,0.0,0.0,0.0,0.0,0.0,0.0,0.0,0.0,0.0,0.0,0.0,0.0,0.0,0.0,0.0,0.0,0.0,0.0,0.0,0.0,0.0,0.0,0.0,0.0,0.0,0.0,0.0,0.0,0.0,0.0,0.0,0.0,0.0,0.0,0.0,0.0,0.0,0.0,0.0,0.0,0.0,0.0,0.0,0.0,0.0,0.0,0.0,0.0,0.0,0.0,0.0,0.0,0.0,0.0,0.0,0.0,0.0,0.0,0.0,0.0,0.0,0.0,0.0,0.0,0.0,0.0,0.0,0.0,0.0,0.0,0.0,0.0,0.0,0.0,0.0,0.58102,0.0,0.0,0.0,0.0,0.527267,0.498745,0.0,0.0,0.0,0.0,0.0,0.0,0.0,0.0,0.0
sedu_es_9ef-D31-01,0.249399,0.0,0.257075,0.0,0.0,0.0,0.0,0.0,0.336965,0.169167,0.259462,0.0,0.197074,0.178842,0.11422,0.139891,0.151099,0.430371,0.0,0.0,0.0,0.0,0.27239,0.234436,0.424542,0.0,0.0,0.0,0.0,0.0,0.0,0.0,0.212864,0.249399,0.0,0.178842,0.190391,0.135147,0.139891,0.35599,0.135147,0.0,0.0,0.0,0.0,0.0,0.0,0.0,0.0,0.0,0.0,0.135147,0.123372,0.0,0.346801,0.0,0.0,0.169167,0.169167,0.173803,0.233181,0.234082,0.174475,0.139891,0.117041,0.245794,0.120082,0.139891,0.325569,0.0,0.0,0.0,0.0,0.0,0.0,0.268569,0.302986,0.410245,0.130856,0.11422,0.0,0.165521,0.0,0.0,0.0,0.0,0.302986,0.317775,0.0,0.204513,0.260704,0.212864,0.123372,0.523554,0.11422,0.304318,0.35599,0.0,0.0,0.0,0.0,0.0,0.0,0.0,0.0,0.0,0.0,0.0,0.0,0.0,0.251223,0.302986,0.287124,0.0,0.466561,0.274825,0.204513,0.204513,0.204513,0.414157,0.548142,0.0,0.0,0.0,0.0,0.0,0.0,0.243633,0.0,0.0,0.0,0.0,0.0,0.0,0.0,0.0,0.0,0.0,0.0,0.251223,0.0,0.0,0.0,0.130856,0.151099,0.135147,0.233181,0.0,0.576736,0.334462,0.420269,0.213687,0.197836,0.727083,0.444876,0.0,0.0,0.0,0.0,0.0,0.0,0.0,0.0,0.0,0.0,0.0,0.0,0.0,0.0,0.0,0.251223,0.0,0.0,0.0,0.0,0.0,0.0,0.334964,0.0,0.197074,0.164884,0.0,0.0,0.145172,0.126949,0.135147,0.130856,0.151099,0.157818,0.151099,0.485876,0.585352,0.185058,0.0,0.623057,0.0,0.0,0.0,0.0,0.0,0.0,0.0,0.840237,0.0,0.0,0.0,1.0,0.815628,0.0,0.0,0.410245,0.0,0.401006,0.0,0.204513,0.625767,0.157818,0.174475,0.0,0.0,0.0,0.376348,0.0,0.109141,0.100733,0.0,0.0,0.0,0.0,0.0,0.0,0.0,0.0,0.0,0.0,0.0,0.0,0.0,0.145172,0.58629,0.260704,0.475892,0.185058,0.0,0.0,0.098918,0.106843,0.0,0.0,0.117041,0.0,0.169167,0.0,0.27901,0.106843,0.0,0.0,0.0,0.0,0.0,0.0,0.0,0.389033,0.0,0.0,0.0,0.0,0.0,0.139891,0.0,0.0,0.139891,0.0,0.0,0.0,0.0,0.0,0.0,0.0,0.0,0.0,0.0,0.336965,0.0,0.299704,0.290087,0.290087,0.0,0.0,0.0
sedu_es_9ef-D31-02,0.236799,0.0,0.612233,0.0,0.0,0.266246,0.0,0.0,0.455587,0.16062,0.264913,0.223893,0.42642,0.721647,0.10845,0.132823,0.143465,0.408627,0.0,0.0,0.0,0.131047,0.0,0.0,0.462804,0.0,0.227055,0.0,0.0,0.316297,0.217389,0.0,0.20211,0.485642,0.0,0.38697,0.411961,0.128319,0.132823,0.338004,0.128319,0.0,0.0,0.119629,0.11349,0.0,0.0,0.217389,0.182643,0.0,0.0,0.359508,0.328184,0.26732,0.0,0.0,0.383387,0.366037,0.366037,0.376067,0.2214,0.222256,0.16566,0.132823,0.111128,0.233376,0.114015,0.132823,0.0,0.264913,0.140767,0.099537,0.116438,0.0,0.377878,0.0,0.0,0.0,0.348092,0.303839,0.0,0.157159,0.126885,0.0,0.0,0.0,0.0,0.0,0.295131,0.334947,0.247533,0.419498,0.547647,0.974049,0.10845,0.43663,0.510767,0.0,0.0,0.110755,0.126885,0.0,0.123097,0.365686,0.160499,0.135646,0.37694,0.140767,0.126885,0.0,0.327007,0.0,0.0,0.0,0.123097,0.396586,0.334947,0.334947,0.602602,0.393233,0.914834,0.0,0.284562,0.0,0.363114,0.103602,0.116438,0.101508,0.0,0.123097,0.0,0.0,0.229466,0.295696,0.26732,0.389302,0.116438,0.0,0.0,0.0,0.0,0.0,0.0,0.25113,0.143465,0.128319,0.459537,0.380085,0.386706,0.504265,0.399036,0.202891,0.18784,0.690348,0.4224,0.205201,0.0,0.247194,0.262853,0.126885,0.0,0.0,0.0,0.0,0.353631,0.258256,0.301578,0.288739,0.258256,0.140767,0.126885,0.146515,0.673777,0.0,0.0,0.0,0.0,0.169181,0.126885,0.187117,0.270043,0.0,0.0,0.346698,0.303178,0.322758,0.312509,0.360854,0.149845,0.401942,0.461328,0.779625,0.175709,0.309352,0.27079,0.153717,0.20886,0.160499,0.0,0.0,0.0,0.0,0.0,0.0,0.126885,0.179443,0.505476,0.308748,0.135646,0.0,0.0,0.227055,0.56901,0.284629,0.194181,0.594152,0.419815,0.924093,1.0,0.0,0.0,0.357334,0.349847,0.37637,0.095644,0.116438,0.0,0.0,0.0,0.15303,0.0,0.0,0.140767,0.0,0.0,0.0,0.239303,0.231188,0.346698,0.406637,0.247533,0.114015,0.175709,0.0,0.0,0.189837,0.255162,0.135646,0.0,0.111128,0.0,0.333384,0.0,0.264913,0.101445,0.0,0.0,0.0,0.140767,0.0,0.0,0.116438,0.369378,0.0,0.301121,0.0,0.324451,0.0,0.132823,0.0,0.0,0.132823,0.123097,0.110755,0.135646,0.110755,0.0,0.0,0.0,0.123097,0.116438,0.0,0.31994,0.0,0.284562,0.0,0.0,0.0,0.0,0.324451
sedu_es_9ef-D31-03,0.0,0.0,0.0,0.0,0.0,0.0,0.0,0.0,0.0,0.0,0.0,0.0,0.0,0.0,0.0,0.0,0.0,0.0,0.0,0.0,0.0,0.0,0.0,0.0,0.0,0.0,0.0,0.0,0.0,0.0,0.0,0.0,0.0,0.0,0.0,0.0,0.0,0.0,0.0,0.0,0.0,0.0,0.0,0.0,0.0,0.0,0.0,0.0,0.0,0.0,0.0,0.0,0.0,0.0,0.0,0.0,0.0,0.0,0.0,0.0,0.0,0.0,0.0,0.0,0.0,0.0,0.0,0.0,0.0,0.0,0.0,0.0,0.0,0.0,0.0,0.0,0.0,0.0,0.0,0.0,0.0,0.0,0.0,0.0,0.0,0.0,0.0,0.0,0.0,0.0,0.0,0.0,0.0,0.0,0.0,0.0,0.0,0.0,0.0,0.0,0.0,0.0,0.0,0.0,0.0,0.0,0.0,0.0,0.0,0.0,0.0,0.0,0.0,0.0,0.0,0.0,0.0,0.0,0.0,0.0,0.0,0.0,0.0,0.0,0.0,0.0,0.0,0.0,0.0,0.0,0.0,0.0,0.0,0.0,0.0,0.0,0.0,0.0,0.0,0.0,0.0,0.0,0.0,0.0,0.0,0.0,0.0,0.0,0.0,0.0,0.0,0.0,0.0,0.0,0.0,0.0,0.0,0.0,0.0,0.0,0.0,0.0,0.0,0.0,0.0,0.0,0.0,0.0,0.0,0.0,0.0,0.0,0.0,0.0,0.0,0.0,0.0,0.0,0.0,0.0,0.0,0.0,0.0,0.0,0.0,0.0,0.0,0.0,0.0,0.0,0.0,0.0,0.0,0.0,0.0,0.0,0.0,0.0,0.0,0.0,0.0,0.0,0.0,0.942809,0.0,1.0,0.0,0.0,0.0,0.0,0.0,0.0,0.0,0.0,0.0,0.0,0.0,0.0,0.0,0.0,0.0,0.0,0.0,0.0,0.0,0.0,0.0,0.0,0.0,0.0,0.0,0.0,0.0,0.0,0.0,0.0,0.0,0.0,0.0,0.0,0.0,0.0,0.0,0.0,0.0,0.0,0.0,0.0,0.0,0.0,0.0,0.0,0.0,0.0,0.0,0.0,0.0,0.0,0.0,0.0,0.0,0.0,0.0,0.0,0.0,0.0,0.0,0.0,0.0,0.0,0.0,0.0,0.0,0.0,0.0,0.0,0.0,0.0,0.0,0.0,0.0,0.0,0.0,0.0,0.0,0.0,0.0,0.0,0.0,0.0
sedu_es_9ef-D31-04,0.131357,0.0,0.0,0.115469,0.163298,1.0,0.284652,0.135399,0.0,0.387199,0.0,0.250113,0.0,0.0,0.0,0.0,0.0,0.0,0.0,0.0,0.370495,0.0,0.121105,0.10423,0.102352,0.163298,0.852803,0.171268,0.45209,0.0,0.44014,0.0,0.156346,0.0,0.0,0.0,0.0,0.0,0.0,0.0,0.0,0.0,0.0,0.0,0.0,0.580773,0.171268,0.485628,0.647777,0.392366,0.201834,0.584887,0.496786,0.144748,0.121105,0.150212,0.0,0.0,0.0,0.0,0.0,0.51258,0.0,0.0,0.0,0.0,0.0,0.0,0.306325,0.0,0.0,0.0,0.0,0.616002,0.292452,0.331609,0.374106,0.506542,0.566315,0.49432,0.135399,0.171268,0.135399,0.180532,0.471293,0.201834,0.163298,0.171268,0.0,0.0,0.0,0.614663,0.270153,0.219826,0.0,0.417581,0.225537,0.0,0.0,0.0,0.0,0.580773,0.385514,0.131357,0.171268,0.144748,0.174793,0.344127,0.310192,0.118186,0.135399,0.0,0.0,0.0,0.0,0.0,0.0,0.0,0.0,0.295938,0.472193,0.0,0.0,0.210808,0.0,0.0,0.124251,0.108319,0.284652,0.131357,0.397379,0.171268,0.284652,0.448849,0.331609,0.320365,0.284652,0.191483,0.201834,0.135399,0.0,0.163298,0.13984,0.135399,0.156346,0.13984,0.310881,0.296413,0.219826,0.304514,0.0,0.596205,0.0,0.0,0.0,0.457738,0.0,0.0,0.204989,0.596106,0.156346,0.221098,0.451073,0.171268,0.0,0.0,0.345581,0.0,0.270571,0.150212,0.135399,0.156346,0.302508,0.0,0.331381,0.331381,0.349306,0.0,0.135399,0.144748,0.0,0.330869,0.0,0.272661,0.238435,0.253833,0.420566,0.283794,0.0,0.201834,0.46693,0.174793,0.191483,0.210808,0.193915,0.200673,0.590549,0.392366,0.0,0.0,0.494389,0.0,0.660338,0.0,0.0,0.0,0.163298,0.171268,0.280068,0.0,0.0,0.296413,0.532314,0.371574,0.0,0.46693,0.210808,0.233057,0.466576,0.0,0.0,0.0,0.0,0.0,0.586956,0.459289,0.955007,0.89532,0.201834,0.0,0.0,0.0,0.29064,0.0,0.0,0.0,0.0,0.0,0.272661,0.350776,0.0,0.503357,0.61769,0.210808,0.0,0.198038,0.200673,0.0,0.0,0.0,0.320365,0.772561,0.0,0.180525,0.0,0.41263,0.0,0.0,0.0,0.0,0.0,0.335038,0.77793,0.0,0.471257,0.0,0.221098,0.264262,0.280068,0.0,0.0,0.186862,0.0,0.0,0.280068,0.0,0.0,0.0,0.0,0.385514,0.36466,0.0,0.186862,0.295938,0.0,0.0,0.0,0.0,0.0,0.221098
sedu_es_9ef-D32-01,0.0,0.0,0.0,0.109866,0.155374,0.0,0.0,0.0,0.332459,0.285382,0.283752,0.239814,0.186155,0.0,0.0,0.194735,0.201071,0.0,0.220262,0.0,0.211797,0.0,0.19301,0.166117,0.163123,0.0,0.0,0.0,0.0,0.0,0.210338,0.392537,0.392537,0.0,0.0,0.168933,0.0,0.0,0.0,0.0,0.0,0.0,0.0,0.0,0.0,0.121461,0.0,0.148759,0.293916,0.0,0.0,0.0,0.0,0.0,0.419286,0.0,0.0,0.0,0.159795,0.0,0.0,0.0,0.0,0.0,0.0,0.0,0.0,0.0,0.230691,0.0,0.0,0.0,0.0,0.0,0.282004,0.0,0.0,0.0,0.0,0.0,0.157789,0.162958,0.174132,0.41465,0.419286,0.0,0.0,0.199589,0.0,0.0,0.0,0.0,0.0,0.0,0.151995,0.136601,0.0,0.0,0.0,0.0,0.128829,0.0,0.270275,0.124983,0.0,0.32388,0.0,0.0,0.0,0.137729,0.0,0.0,0.20345,0.0,0.0,0.0,0.0,0.0,0.0,0.0,0.0,0.0,0.0,0.1903,0.0,0.105189,0.118222,0.172633,0.0,0.153078,0.307552,0.199589,0.0,0.355147,0.0,0.0,0.0,0.0,0.0,0.157789,0.0,0.0,0.0,0.0,0.0,0.0,0.0,0.0,0.0,0.145236,0.0,0.0,0.238554,0.0,0.0,0.119811,0.112451,0.097386,0.0,0.274741,0.0,0.0,0.137724,0.162958,0.0,0.0,0.0,0.0,0.154675,0.142923,0.128829,0.148759,0.365828,0.373323,0.794116,0.794116,0.422422,0.0,0.0,0.0,0.0,0.0,0.0,0.0,0.0,0.0,0.0,0.0,0.0,0.0,0.328787,0.157789,0.0,0.0,0.432582,0.0,0.0,0.0,0.0,0.0,0.0,0.0,1.0,0.0,0.341186,0.0,0.735806,0.77172,0.338691,0.0,0.0,0.0,0.0,0.0,0.0,0.328787,0.0,0.0,0.0,0.168683,0.0,0.168933,0.261085,0.0,0.214461,0.118222,0.0,0.0,0.182199,0.356848,0.0,0.0,0.351477,0.0,0.0,0.0,0.0,0.0,0.0,0.131605,0.0,0.137432,0.211797,0.0,0.0,0.232487,0.0,0.0,0.0,0.0,0.0,0.0,0.0,0.0,0.0,0.0,0.201474,0.0,0.0,0.0,0.0,0.153299,0.145292,0.0,0.0,0.0,0.0,0.0,0.160104,0.199589,0.0,0.0,0.162066,0.145816,0.160104,0.443265,0.0,0.364743,0.0,0.307357,0.290731,0.0,0.0,0.0,0.0,0.0,0.0,0.0,0.133054,0.0
sedu_es_9ef-D32-02,0.695168,0.0,0.0,0.09424,0.133275,0.0,0.101407,0.110506,0.63605,0.609836,0.246321,0.208179,0.199365,0.561452,0.0,0.0,0.0,0.0,0.0,0.0,0.302379,0.421878,0.694111,0.085067,0.083535,0.133275,0.0,0.13978,0.0,0.0,0.511847,0.42442,0.34294,0.231378,0.254966,0.180921,0.597712,0.0,0.0,0.250788,0.0,0.0,0.0,0.127459,0.365357,0.417921,0.13978,0.0,0.338584,0.13978,0.0,0.405107,0.104186,0.118136,0.098839,0.122595,0.37369,0.171134,0.171134,0.175823,0.235892,0.0,0.0,0.0,0.0,0.248652,0.0,0.0,0.0,0.0,0.689716,0.106052,0.374848,0.443273,0.506798,0.118136,0.133275,0.180455,0.27329,0.0,0.110506,0.13978,0.245697,0.147341,0.098839,0.0,0.648298,0.13978,0.287666,0.356871,0.263735,0.215339,0.0,0.166801,0.0,0.0,0.0,0.0,0.0,0.118004,0.408481,0.417921,0.445791,0.238361,0.310784,0.517627,0.135191,0.272576,0.245697,0.096457,0.110506,0.0,0.0,0.0,0.131154,0.144525,0.356871,0.356871,0.206891,0.0,0.224914,0.0,0.0,0.0,0.108153,0.333523,0.225467,0.462771,0.101407,0.238361,0.32432,0.13978,0.101407,0.547564,0.118136,0.253754,0.225467,0.156279,0.0,0.110506,0.0,0.420916,0.45781,0.245697,0.127601,0.11413,0.235892,0.163046,0.21332,0.0,0.248652,0.0,0.0,0.0,0.0,0.259456,0.0,0.0,0.340697,0.135191,0.127601,0.0,0.373102,0.44146,0.0,0.0,0.0,0.0,0.220826,0.537167,0.484196,0.559101,0.678391,0.254966,0.572136,0.572136,0.603084,0.180254,0.245697,0.317501,0.287719,0.0,0.0,0.0,0.0,0.0,0.0,0.0,0.0,0.0,0.427942,0.186489,0.156279,0.0,0.0,0.223141,0.0,0.310784,0.0,0.0,0.0,0.0,0.683833,0.0,0.37369,0.191189,0.358189,0.13978,0.628068,0.0,0.0,0.0,0.0,0.0,0.206891,0.427942,0.0,0.0,0.0,0.0,0.303189,0.0,0.0,0.0,0.249662,0.225467,0.156279,0.197679,0.0,0.450687,0.0,0.0,0.651777,0.0,0.0,0.0,0.0,0.0,0.0,0.354464,0.263735,0.196209,0.302379,0.0,0.0,0.263823,0.0,0.144525,0.0,0.0,0.11413,0.171134,0.0,0.0,0.30011,0.0,0.287641,0.0,0.149981,0.0,0.0,0.342921,0.20743,0.0,0.0,0.0,0.0,0.0,0.228577,0.0,0.0,0.392936,0.362532,0.326183,0.728844,0.326183,0.0,0.254966,0.0,1.0,0.945905,0.317999,0.199365,0.0,0.0,0.0,0.0,0.0,0.0,0.0
sedu_es_9ef-D32-03,0.0,0.0,0.0,0.0,0.0,0.0,0.0,0.0,0.0,0.0,0.0,0.0,0.0,0.0,0.0,0.0,0.0,0.0,0.702221,0.0,0.504458,0.448092,0.0,0.0,0.0,0.0,0.0,0.0,0.0,0.0,0.0,0.0,0.0,0.0,0.0,0.0,0.0,0.0,0.0,0.0,0.0,0.740206,0.0,0.0,0.388059,0.0,0.0,0.0,0.0,0.0,0.0,0.0,0.0,0.0,0.0,0.0,0.0,0.0,0.0,0.0,0.0,0.0,0.0,0.0,0.0,0.0,0.0,0.0,0.593485,0.0,0.0,0.0,0.39814,0.0,0.671677,0.0,0.0,0.0,0.0,0.0,0.0,0.0,0.555154,0.0,0.0,0.0,0.859212,0.0,0.0,0.0,0.0,0.0,0.0,0.0,0.0,0.0,0.0,0.0,0.0,0.0,0.433864,0.0,0.346056,0.0,0.0,0.0,0.0,0.0,0.0,0.0,0.0,0.0,0.0,0.0,0.0,0.0,0.0,0.0,0.0,0.0,0.0,0.0,0.0,0.0,0.0,0.354248,0.0,0.0,0.0,0.0,0.356706,0.0,0.0,0.279823,0.0,0.0,0.0,0.0,0.0,0.555154,0.0,0.0,0.0,0.0,0.0,0.0,0.0,0.0,0.0,0.0,0.0,0.0,0.0,0.0,0.0,0.285365,0.378707,0.32797,0.0,0.0,0.0,0.0,0.0,0.0,0.0,0.0,0.0,0.0,0.368404,0.0,0.0,0.0,0.912871,0.46382,1.0,0.451201,0.475608,0.0,0.0,0.0,0.0,0.0,0.0,0.0,0.0,0.0,0.0,0.0,0.0,0.0,0.381335,0.0,0.0,0.0,0.0,0.0,0.0,0.0,0.0,0.0,0.0,0.0,0.539289,0.0,0.0,0.0,0.0,0.0,0.381335,0.0,0.0,0.0,0.0,0.0,0.0,0.381335,0.0,0.0,0.0,0.0,0.481328,0.538579,0.0,0.0,0.274592,0.0,0.0,0.0,0.0,0.523259,0.0,0.0,0.39573,0.0,0.0,0.0,0.0,0.0,0.0,0.0,0.0,0.327336,0.504458,0.0,0.0,0.269644,0.0,0.0,0.0,0.0,0.0,0.0,0.0,0.0,0.0,0.0,0.0,0.0,0.0,0.0,0.0,0.0,0.346056,0.0,0.0,0.0,0.0,0.0,0.381335,0.0,0.0,0.0,0.0,0.378707,0.381335,0.0,0.0,0.0,0.0,0.346056,0.327336,0.0,0.0,0.0,0.0,0.0,0.0,0.0,0.448092,0.0
sedu_es_9ef-D32-04,0.695168,0.0,0.0,0.09424,0.133275,0.0,0.101407,0.110506,0.63605,0.609836,0.0,0.0,0.199365,0.561452,0.0,0.0,0.0,0.0,0.0,0.0,0.302379,0.421878,0.694111,0.085067,0.083535,0.133275,0.0,0.13978,0.0,0.0,0.511847,0.42442,0.34294,0.0,0.0,0.180921,0.597712,0.0,0.0,0.250788,0.0,0.0,0.0,0.127459,0.365357,0.417921,0.13978,0.0,0.107206,0.13978,0.0,0.405107,0.104186,0.118136,0.098839,0.122595,0.135191,0.171134,0.171134,0.175823,0.235892,0.0,0.0,0.0,0.0,0.248652,0.0,0.0,0.0,0.0,0.689716,0.106052,0.374848,0.443273,0.506798,0.118136,0.133275,0.180455,0.27329,0.0,0.110506,0.13978,0.245697,0.147341,0.098839,0.0,0.648298,0.13978,0.10407,0.356871,0.263735,0.215339,0.0,0.166801,0.0,0.0,0.0,0.0,0.0,0.118004,0.408481,0.417921,0.445791,0.238361,0.310784,0.262661,0.135191,0.272576,0.245697,0.096457,0.110506,0.0,0.0,0.0,0.131154,0.144525,0.356871,0.356871,0.206891,0.0,0.224914,0.0,0.0,0.0,0.108153,0.333523,0.225467,0.462771,0.101407,0.238361,0.32432,0.13978,0.101407,0.36047,0.118136,0.253754,0.225467,0.156279,0.0,0.110506,0.0,0.133275,0.45781,0.245697,0.127601,0.11413,0.235892,0.163046,0.0,0.0,0.248652,0.0,0.0,0.0,0.0,0.259456,0.0,0.0,0.340697,0.135191,0.127601,0.0,0.118136,0.13978,0.0,0.0,0.0,0.0,0.220826,0.272576,0.245697,0.283706,0.678391,0.254966,0.572136,0.572136,0.603084,0.180254,0.245697,0.317501,0.287719,0.0,0.0,0.0,0.0,0.0,0.0,0.0,0.0,0.0,0.427942,0.186489,0.156279,0.0,0.0,0.223141,0.0,0.310784,0.0,0.0,0.0,0.0,0.683833,0.0,0.37369,0.191189,0.358189,0.13978,0.628068,0.0,0.0,0.0,0.0,0.0,0.206891,0.427942,0.0,0.0,0.0,0.0,0.303189,0.0,0.0,0.0,0.249662,0.225467,0.156279,0.197679,0.0,0.450687,0.0,0.0,0.651777,0.0,0.0,0.0,0.0,0.0,0.0,0.155542,0.263735,0.196209,0.302379,0.0,0.0,0.263823,0.0,0.144525,0.0,0.0,0.11413,0.171134,0.0,0.0,0.30011,0.0,0.287641,0.0,0.149981,0.0,0.0,0.342921,0.20743,0.0,0.0,0.0,0.0,0.0,0.228577,0.0,0.0,0.392936,0.362532,0.326183,0.728844,0.326183,0.0,0.254966,0.0,1.0,0.945905,0.0,0.199365,0.0,0.0,0.0,0.0,0.0,0.0,0.0
sedu_es_9ef-D33-01,0.0,0.0,0.0,0.0,0.0,0.0,0.0,0.0,0.0,0.0,0.0,0.0,0.0,0.0,0.0,0.0,0.0,0.0,0.0,0.0,0.383227,0.0,0.349234,0.300573,0.295156,0.0,0.0,0.0,0.0,0.0,0.0,0.0,0.0,0.0,0.0,0.0,0.0,0.0,0.0,0.0,0.0,0.0,0.0,0.0,0.0,0.0,0.0,0.0,0.0,0.0,0.0,0.0,0.0,0.0,0.0,0.0,0.0,0.0,0.0,0.0,0.0,0.0,0.0,0.0,0.0,0.0,0.0,0.0,0.417414,0.0,0.0,0.0,0.0,0.0,0.0,0.0,0.0,0.0,0.0,0.0,0.0,0.0,0.0,0.0,0.0,0.0,0.0,0.589239,0.0,0.0,0.0,0.0,0.0,0.0,0.0,0.0,0.0,0.481111,0.0,0.0,0.0,0.0,0.262892,0.0,0.0,0.0,0.0,0.0,0.0,0.0,0.0,0.561817,0.368125,0.0,0.0,0.0,0.0,0.0,0.0,0.0,0.0,0.0,0.0,0.0,0.0,0.0,0.0,0.312364,0.0,0.0,0.270983,0.0,0.0,0.212576,0.0,0.0,0.0,0.0,0.0,0.465834,0.0,0.0,0.0,0.0,0.0,0.0,0.0,0.0,0.0,0.314979,0.0,0.616694,0.0,0.0,0.0,0.216786,0.0,0.0,0.0,0.0,0.0,0.0,0.0,0.0,0.0,0.0,0.0,0.0,0.27987,0.0,0.0,0.0,0.312904,0.0,0.342769,0.342769,0.36131,0.0,0.0,0.0,0.0,0.0,0.0,0.0,0.0,0.0,0.0,0.0,0.0,0.0,0.289693,0.0,0.0,0.0,0.433171,0.0,0.0,0.0,0.0,0.0,0.0,0.0,1.0,0.721617,0.0,0.76539,0.0,0.0,0.289693,0.0,0.0,0.0,0.0,0.0,0.0,0.289693,0.0,0.0,0.0,0.0,0.0,0.0,0.0,0.0,0.499315,0.346552,0.534073,0.675554,0.0,0.0,0.0,0.0,0.300628,0.0,0.0,0.0,0.0,0.0,0.0,0.0,0.0,0.248671,0.383227,0.0,0.0,0.204844,0.0,0.0,0.0,0.0,0.0,0.0,0.0,0.0,0.0,0.0,0.0,0.0,0.0,0.0,0.0,0.346552,0.629263,0.0,0.329637,0.0,0.0,0.0,0.289693,0.0,0.0,0.0,0.0,0.0,0.289693,0.0,0.0,0.0,0.0,0.262892,0.248671,0.0,0.0,0.0,0.0,0.0,0.0,0.0,0.0,0.0
sedu_es_9ef-D33-02,0.386779,0.460359,1.0,0.339998,0.0,0.0,0.0,0.0,0.0,0.0,0.0,0.0,0.0,0.0,0.0,0.0,0.0,0.0,0.0,0.0,0.0,0.0,0.0,0.306906,0.755929,0.0,0.0,0.0,0.0,0.0,0.0,0.0,0.0,0.0,0.797327,0.0,0.0,0.0,0.0,0.0,0.0,0.0,0.0,0.0,0.0,0.0,0.0,0.0,0.0,0.0,0.460359,0.0,0.0,0.0,0.0,0.0,0.0,0.0,0.0,0.375882,0.0,0.0,0.0,0.0,0.0,0.0,0.0,0.0,0.699854,0.0,0.0,0.0,0.0,0.0,0.617213,0.0,0.0,0.0,0.0,0.0,0.0,0.0,0.0,0.0,0.0,0.0,0.789541,0.0,0.0,0.0,0.0,0.0,0.0,0.0,0.0,0.0,0.0,0.676123,0.0,0.0,0.0,0.0,0.0,0.0,0.0,0.0,0.0,0.0,0.0,0.0,0.0,0.0,0.375882,0.411758,0.0,0.0,0.0,0.0,0.667101,0.0,0.0,0.0,0.0,0.0,0.0,0.0,0.0,0.0,0.0,0.0,0.0,0.0,0.0,0.0,0.42621,0.0,0.0,0.563823,0.0,0.0,0.48083,0.0,0.411758,0.0,0.0,0.0,0.0,0.0,0.0,0.0,0.0,0.0,0.0,0.0,0.0,0.0,0.0,0.0,0.0,0.0,0.0,0.0,0.0,0.0,0.0,0.0,0.0,0.0,0.0,0.0,0.0,0.0,0.0,0.0,0.0,0.0,0.0,0.0,0.0,0.0,0.0,0.0,0.0,0.0,0.0,0.0,0.0,0.0,0.0,0.0,0.0,0.0,0.0,0.0,0.0,0.0,0.0,0.0,0.0,0.0,0.0,0.0,0.0,0.872871,0.0,0.925819,0.0,0.0,0.0,0.0,0.0,0.0,0.0,0.0,0.0,0.0,0.0,0.0,0.0,0.0,0.0,0.0,0.0,0.0,0.0,0.0,0.0,0.0,0.0,0.0,0.0,0.0,0.0,0.0,0.0,0.0,0.0,0.0,0.0,0.0,0.0,0.0,0.0,0.0,0.0,0.0,0.0,0.0,0.0,0.0,0.0,0.0,0.0,0.0,0.0,0.0,0.0,0.0,0.0,0.0,0.0,0.0,0.0,0.0,0.0,0.0,0.0,0.0,0.0,0.0,0.0,0.0,0.0,0.0,0.0,0.0,0.0,0.0,0.0,0.0,0.0,0.0,0.0,0.0,0.0,0.0,0.0,0.0,0.0,0.0
sedu_es_9ef-D33-03,0.134833,0.0,0.0,0.344097,0.167619,0.0,0.127539,0.138982,0.181768,0.127539,0.0,0.0,0.0,0.0,0.0,0.0,0.0,0.0,0.0,0.0,0.0,0.175605,0.12431,0.310606,0.105061,0.167619,0.0,0.1758,0.278621,0.0,0.160483,0.0,0.160483,0.0,0.0,0.0,0.0,0.0,0.0,0.0,0.0,0.0,0.334578,0.160304,0.152078,0.496346,0.1758,0.278621,0.368921,0.1758,0.0,0.249206,0.358527,0.148578,0.360892,0.877494,0.170028,0.0,0.0,0.0,0.0,0.473165,0.0,0.0,0.0,0.0,0.0,0.0,0.0,0.273182,0.18863,0.340878,0.156029,0.526455,0.358527,0.431348,0.458629,0.226957,0.241293,0.210618,0.138982,0.1758,0.696483,0.507034,0.774364,0.278621,0.167619,0.1758,0.130888,0.18863,0.0,0.0,0.0,0.0,0.0,0.0,0.0,0.0,0.293444,0.148413,0.170028,0.496346,0.675688,0.556394,0.390871,0.330346,0.170028,0.342817,0.550304,0.331931,0.842551,0.0,0.0,0.477436,0.164952,0.181768,0.18863,0.18863,0.0,0.0,0.0,0.0,0.293444,0.319008,0.136023,0.354797,0.639137,0.247209,0.348965,0.533873,0.380275,0.481014,0.370267,0.242408,0.431348,0.319145,0.504993,0.53779,0.0,0.842551,0.29101,0.167619,0.14354,0.309011,0.160483,0.14354,0.0,0.205062,0.0,0.0,0.0,0.0,0.0,0.0,0.0,0.322792,0.210618,0.1824,0.141814,0.170028,0.439104,0.0,0.148578,0.1758,0.37407,0.273182,0.319008,0.305427,0.273182,0.342817,0.550304,0.356815,0.196332,0.0,0.0,0.0,0.0,0.226705,0.550304,0.406531,0.152078,0.0,0.0,0.0,0.0,0.0,0.0,0.0,0.0,0.0,0.0,0.0,0.196551,0.0,0.0,0.0,0.0,0.390871,0.0,0.3648,0.0,0.0,0.0,0.716104,0.170028,1.0,0.167619,0.1758,0.181768,0.0,0.0,0.0,0.0,0.0,0.0,0.0,0.0,0.0,0.26769,0.0,0.0,0.0,0.0,0.323174,0.106989,0.283568,0.196551,0.248619,0.0,0.205062,0.0,0.0,0.18863,0.0,0.0,0.0,0.0,0.0,0.0,0.0,0.0,0.0,0.0,0.0,0.0,0.128529,0.215969,0.181768,0.0,0.0,0.14354,0.0,0.0,0.0,0.215969,0.0,0.0,0.0,0.18863,0.0,0.0,0.156029,0.0,0.0,0.0,0.305214,0.0,0.0,0.0,0.0,0.0,0.0,0.164952,0.148413,0.181768,0.148413,0.0,0.0,0.0,0.299785,0.283568,0.0,0.0,0.0,0.0,0.0,0.0,0.0,0.0,0.0
sedu_es_9ef-D33-04,0.0,0.0,0.0,0.0,0.0,0.22603,0.146668,0.0,0.0,0.0,0.0,0.0,0.0,0.0,0.0,0.0,0.0,0.604699,0.0,0.0,0.0,0.0,0.0,0.0,0.0,0.0,0.192759,0.0,0.0,0.0,0.0,0.0,0.0,0.0,0.0,0.0,0.0,0.0,0.0,0.358206,0.403148,0.0,0.0,0.0,0.0,0.0,0.0,0.184553,0.0,0.202167,0.184553,0.165069,0.0,0.0,0.0,0.0,0.0,0.0,0.0,0.0,0.0,0.0,0.0,0.0,0.0,0.0,0.358206,1.0,0.0,0.0,0.0,0.0,0.0,0.0,0.150687,0.170863,0.192759,0.260997,0.159827,0.139509,0.0,0.0,0.0,0.0,0.0,0.184553,0.0,0.0,0.0,0.0,0.0,0.0,0.0,0.0,0.340722,0.0,0.0,0.0,0.0,0.0,0.0,0.0,0.0,0.0,0.0,0.0,0.159827,0.177312,0.159827,0.0,0.0,0.0,0.0,0.0,0.0,0.0,0.0,0.0,0.0,0.0,0.0,0.0,0.0,0.192759,0.0,0.0,0.0,0.0,0.146668,0.0,0.0,0.0,0.146668,0.125379,0.170863,0.165069,0.146668,0.0,0.184553,0.0,0.0,0.0,0.0,0.0,0.0,0.0,0.0,0.0,0.0,0.0,0.0,0.0,0.0,0.0,0.0,0.127862,0.0,0.0,0.0,0.545068,0.0,0.202167,0.0,0.0,0.0,0.0,0.0,0.0,0.0,0.0,0.0,0.0,0.0,0.0,0.0,0.0,0.0,0.0,0.0,0.0,0.0,0.0,0.0,0.0,0.0,0.0,0.159827,0.0,0.0,0.184553,0.170863,0.159827,0.0,0.192759,0.177312,0.0,0.0,0.202167,0.0,0.0,0.45206,0.0,0.241636,0.637911,0.0,0.676606,0.0,0.0,0.0,0.0,0.0,0.0,0.0,0.0,0.0,0.170863,0.192759,0.213103,0.177312,0.0,0.0,0.0,0.0,0.0,0.0,0.0,0.22603,0.0,0.184553,0.0,0.0,0.0,0.0,0.0,0.0,0.0,0.0,0.0,0.0,0.133305,0.0,0.0,0.22603,0.192759,0.0,0.0,0.0,0.0,0.0,0.0,0.165069,0.0,0.0,0.165069,0.0,0.142954,0.0,0.0,0.0,0.0,0.0,0.0,0.155055,0.0,0.139509,0.0,0.202167,0.241636,0.0,0.0,0.0,0.170863,0.0,0.0,0.0,0.0,0.0,0.0,0.0,0.0,0.0,0.0,0.170863,0.0,0.0,0.0,0.0,0.0,0.0,0.202167
sedu_es_9ef-D34-01,0.0,0.0,0.259728,0.383821,0.0,0.0,0.194794,0.259728,0.1337,0.0,0.0,0.0,0.0,0.0,0.0,0.0,0.0,0.0,0.268505,0.0,0.0,0.129166,0.189862,0.163407,0.356798,0.0,0.0,0.0,0.0,0.0,0.0,0.0,0.0,0.0,0.0,0.0,0.0,0.0,0.0,0.0,0.0,0.283029,0.0,0.117912,0.111861,0.0,0.268505,0.0,0.0,0.0,0.0,0.0,0.0,0.0,0.0,0.288142,0.125065,0.0,0.0,0.0,0.0,0.0,0.0,0.0,0.0,0.0,0.0,0.0,0.226928,0.0,0.138747,0.098109,0.114767,0.212272,0.200132,0.0,0.0,0.0,0.0,0.226709,0.0,0.0,0.337336,0.0,0.0,0.0,0.313243,0.0,0.096275,0.138747,0.0,0.0,0.0,0.0,0.0,0.203747,0.238342,0.219233,0.0,0.109165,0.125065,0.200132,0.327264,0.121331,0.158196,0.1337,0.125065,0.138747,0.125065,0.0,0.259728,0.0,0.0,0.0,0.121331,0.1337,0.138747,0.138747,0.0,0.0,0.0,0.0,0.0,0.0,0.100052,0.102115,0.309561,0.269869,0.0,0.121331,0.0,0.0,0.0,0.098109,0.0,0.129166,0.114767,0.0,0.0,0.259728,0.0,0.0,0.0,0.125065,0.0,0.0,0.0,0.150834,0.0,0.0,0.0,0.0,0.0,0.0,0.0,0.0,0.0,0.0,0.104311,0.125065,0.0,0.0,0.0,0.0,0.0,0.0,0.0,0.0,0.0,0.138747,0.125065,0.144412,0.144412,0.0,0.0,0.0,0.0,0.942809,0.125065,0.0,0.111861,0.0,0.0,0.0,0.0,0.0,0.0,0.0,0.0,0.0,0.0,0.0,0.0,0.0,0.0,0.0,0.0,0.158196,0.0,0.0,0.0,0.0,0.0,0.346303,0.919378,1.0,0.0,0.0,0.1337,0.0,0.0,0.0,0.0,0.0,0.0,0.0,0.0,0.0,0.0,0.0,0.0,0.0,0.185286,0.0,0.0,0.114767,0.0,0.0,0.0,0.150834,0.0,0.0,0.784465,0.0,0.0,0.392671,0.0,0.0,0.0,0.216628,0.0,0.194794,0.0,0.313243,0.0,0.09454,0.0,0.1337,0.0,0.189862,0.0,0.0,0.0,0.0,0.0,0.0,0.388726,0.0,0.138747,0.0,0.0,0.114767,0.0,0.0,0.0,0.0,0.0,0.0,0.0,0.0,0.0,0.0,0.373303,0.335874,0.1337,0.109165,0.0,0.0,0.0,0.373303,0.35311,0.0,0.0,0.0,0.0,0.0,0.0,0.0,0.0,0.0
sedu_es_9ef-D34-02,0.0,0.0,0.0,0.0,0.0,0.0,0.364382,0.0,0.0,0.622886,0.0,0.0,0.0,0.447277,0.0,0.0,0.0,0.511481,0.502267,0.0,0.0,0.0,0.355156,0.30567,0.300162,0.0,0.0,0.0,0.0,0.0,0.0,0.0,0.0,0.0,0.0,0.0,0.476162,0.0,0.0,0.0,0.0,0.529435,0.0,0.434675,0.0,0.0,0.502267,0.0,0.0,0.0,0.0,0.476162,0.0,0.0,0.0,0.0,0.0,0.0,0.0,0.0,0.0,0.0,0.0,0.0,0.0,0.0,0.0,0.0,0.424493,0.0,0.511481,0.361671,0.0,0.397077,0.374367,0.0,0.0,0.0,0.0,0.0,0.0,0.0,0.397077,0.0,0.0,0.0,0.0,0.0,0.0,0.0,0.0,0.0,0.0,0.0,0.0,0.0,0.0,0.410099,0.0,0.402431,0.0,0.374367,0.385221,0.0,0.0,0.0,0.0,0.0,0.0,0.0,0.0,0.0,0.0,0.0,0.0,0.0,0.0,0.0,0.0,0.0,0.0,0.0,0.0,0.0,0.368834,0.0,0.364382,0.317661,0.0,0.0,0.0,0.0,0.0,0.0,0.0,0.0,0.0,0.0,0.0,0.0,0.0,0.0,0.0,0.0,0.0,0.0,0.0,0.0,0.0,0.0,0.0,0.0,0.0,0.0,0.0,0.0,0.0,0.348515,0.0,0.0,0.0,0.0,0.0,0.0,0.0,0.0,0.0,0.0,0.0,0.0,0.0,0.0,0.0,0.0,0.0,0.0,0.0,0.803898,0.0,0.0,0.0,0.0,0.0,0.0,0.0,0.0,0.0,0.0,0.0,0.0,0.0,0.0,0.0,0.0,0.0,0.0,0.511481,0.0,0.0,0.0,0.0,0.0,0.0,0.0,1.0,0.852662,0.0,0.0,0.0,0.0,0.0,0.0,0.0,0.0,0.0,0.0,0.0,0.0,0.0,0.0,0.0,0.0,0.346597,0.0,0.0,0.0,0.0,0.0,0.0,0.0,0.0,0.0,0.668883,0.0,0.0,0.0,0.0,0.0,0.0,0.0,0.0,0.364382,0.0,0.0,0.717978,0.0,0.376439,0.0,0.412369,0.355156,0.0,0.0,0.0,0.0,0.0,0.0,0.727153,0.0,0.0,0.0,0.0,0.0,0.0,0.0,0.0,0.0,0.0,0.0,0.0,0.0,0.0,0.0,0.0,0.0,0.0,0.0,0.0,0.0,0.0,0.0,0.0,0.0,0.0,0.701035,0.0,0.0,0.0,0.0,0.701035,0.0
sedu_es_9ef-D34-03,0.138319,0.0,0.0,0.656894,0.171953,0.0,0.40251,0.142576,0.186467,0.130836,0.317805,0.710334,0.0,0.0,0.0,0.0,0.0,0.0,0.374476,0.0,0.0,0.180145,0.392318,0.337654,0.331569,0.171953,0.0,0.180345,0.0,0.0,0.164632,0.0,0.164632,0.789492,1.0,0.0,0.0,0.0,0.0,0.0,0.0,0.394733,0.0,0.164449,0.15601,0.134422,0.554822,0.0,0.436845,0.180345,0.0,0.0,0.134422,0.15242,0.127524,0.158173,0.482138,0.0,0.0,0.0,0.0,0.0,0.0,0.0,0.0,0.0,0.0,0.0,0.31649,0.0,0.193506,0.13683,0.160063,0.438625,0.932993,0.15242,0.171953,0.232825,0.0,0.0,0.142576,0.180345,0.613049,0.190101,0.127524,0.0,0.83644,0.180345,0.37115,0.193506,0.0,0.0,0.0,0.0,0.0,0.0,0.0,0.305759,0.0,0.15225,0.174424,0.41354,0.594745,0.307535,0.400977,0.667847,0.174424,0.35168,0.317,0.12445,0.142576,0.0,0.447105,0.48978,0.169216,0.186467,0.193506,0.193506,0.0,0.0,0.0,0.0,0.0,0.0,0.139539,0.142417,0.562573,0.49044,0.130836,0.307535,0.142576,0.180345,0.130836,0.490066,0.15242,0.327396,0.290899,0.201632,0.0,0.142576,0.571939,0.543069,0.147251,0.317,0.164632,0.147251,0.0,0.210364,0.275227,0.0,0.0,0.0,0.0,0.0,0.0,0.114061,0.0,0.0,0.14548,0.174424,0.164632,0.0,0.481379,0.569576,0.0,0.0,0.0,0.0,0.0,0.693057,0.624714,0.721357,0.201408,0.0,0.0,0.0,0.0,0.83193,0.317,0.15242,0.15601,0.0,0.0,0.0,0.0,0.0,0.0,0.0,0.0,0.0,0.0,0.0,0.201632,0.0,0.0,0.0,0.0,0.400977,0.0,0.0,0.0,0.0,0.0,0.0,0.919997,0.882395,0.171953,0.180345,0.186467,0.0,0.0,0.0,0.0,0.0,0.0,0.0,0.0,0.0,0.0,0.0,0.0,0.0,0.258413,0.0,0.109755,0.290899,0.201632,0.255047,0.0,0.210364,0.0,0.0,0.692208,0.0,0.0,0.0,0.0,0.0,0.0,0.678747,0.0,0.271674,0.0,0.0,0.535305,0.131852,0.0,0.186467,0.0,0.264795,0.147251,0.0,0.0,0.48978,0.0,0.0,0.542145,0.0,0.193506,0.0,0.0,0.160063,0.0,0.0,0.0,0.0,0.0,0.0,0.0,0.0,0.0,0.0,0.169216,0.15225,0.186467,0.15225,0.0,0.0,0.0,0.307535,0.290899,0.410285,0.0,0.0,0.0,0.0,0.0,0.0,0.0,0.0
sedu_es_9ef-D34-04,0.305938,0.0,0.460236,0.080198,0.113417,0.453135,0.376893,0.332963,0.0,0.268925,0.0,0.173714,0.0,0.0,0.0,0.25542,0.0,0.245525,0.246997,0.0,0.0,0.0,0.258766,0.22271,0.566603,0.113417,0.666924,0.118952,0.0,0.0,0.108588,0.221363,0.329951,0.214705,0.0,0.0,0.0,0.0,0.0,0.203091,0.0,0.260358,0.0,0.0,0.0,0.088662,0.36595,0.40873,0.284304,0.566693,0.40873,0.125382,0.345038,0.100533,0.255579,1.0,0.0,0.0,0.0,0.0,0.0,0.356007,0.0,0.0,0.0,0.0,0.0,0.0,0.421506,0.246759,0.0,0.0,0.0,0.289309,0.387221,0.478943,0.259831,0.351813,0.35397,0.51752,0.524669,0.118952,0.289309,0.125387,0.498798,0.140181,0.401569,0.361443,0.0,0.0,0.0,0.229802,0.187632,0.0,0.0,0.329732,0.203091,0.201673,0.0,0.0,0.271927,0.272763,0.280671,0.091232,0.118952,0.100533,0.35397,0.497023,0.719938,0.457969,0.332963,0.305824,0.0,0.0,0.0,0.236594,0.0,0.0,0.0,0.205541,0.0,0.0,0.724375,0.665773,0.0,0.0,0.265488,0.448989,0.197702,0.277214,0.285746,0.361443,0.197702,0.169006,0.230316,0.222506,0.197702,0.132993,0.40873,0.778245,0.0,0.113417,0.097124,0.09404,0.108588,0.097124,0.0,0.0,0.197949,0.199276,0.0,0.0,0.289832,0.0,0.0,0.363491,0.0,0.0,0.0,0.0,0.108588,0.447741,0.313288,0.118952,0.0,0.0,0.24002,0.0,0.0,0.104328,0.09404,0.108588,0.548355,0.48806,0.256729,0.256729,0.270616,0.395329,0.09404,0.100533,0.0,0.229802,0.0,0.328934,0.287644,0.306221,0.121401,0.0,0.0,0.140181,0.334725,0.313107,0.132993,0.146415,0.380207,0.0,0.485848,0.272513,0.0,0.0,0.343373,0.0,0.49039,0.0,0.694728,0.41931,0.380331,0.398894,0.216976,0.0,0.0,0.0,0.199014,0.0,0.0,0.334725,0.146415,0.161868,0.922929,0.204942,0.0,0.214705,0.170444,0.0,0.072392,0.086297,0.304679,0.168224,0.361544,0.244781,0.0,0.0,0.5541,0.0,0.0,0.361218,0.0,0.0,0.0,0.460425,0.0,0.361819,0.171686,0.434567,0.0,0.144916,0.0,0.0,0.0,0.388353,0.222506,0.0,0.0,0.125382,0.0,0.513393,0.908195,0.0,0.0,0.358611,0.305824,0.186251,0.117776,0.0,0.105967,0.0,0.153561,0.183541,0.0,0.242491,0.427399,0.129783,0.196902,0.17716,0.0,0.17716,0.338102,0.216976,0.0,0.288135,0.272548,0.338102,0.129783,0.205541,0.0,0.0,0.0,0.0,0.0,0.153561
sedu_es_9ef-D35-01,0.0,0.0,0.0,0.0,0.31457,0.0,0.474199,0.0,0.161191,0.401455,0.0,0.0,0.222355,0.201784,0.0,0.0,0.0,0.0,0.793174,0.0,0.294148,0.425107,0.228901,0.197006,0.193456,0.0,0.0,0.0,0.0,0.0,0.0,0.0,0.0,0.0,0.0,0.201784,0.214815,0.0,0.0,0.239352,0.0,0.836079,0.0,0.338256,0.320898,0.0,0.323715,0.0,0.0,0.0,0.0,0.0,0.0,0.0,0.0,0.0,0.15078,0.190868,0.190868,0.196099,0.263094,0.0,0.0,0.0,0.0,0.0,0.0,0.0,0.670354,0.0,1.0,0.281446,0.329234,0.255919,0.241283,0.0,0.0,0.0,0.0,0.0,0.0,0.0,0.777839,0.0,0.0,0.0,0.0,0.0,0.116071,0.398024,0.294148,0.240171,0.0,0.233291,0.0,0.163164,0.190868,0.264312,0.0,0.313164,0.358774,0.241283,0.394556,0.146278,0.190724,0.161191,0.15078,0.167276,0.15078,0.0,0.0,0.0,0.245911,0.269382,0.146278,0.161191,0.398024,0.398024,0.0,0.0,0.0,0.240171,0.0,0.0,0.28702,0.292938,0.373213,0.325359,0.0,0.146278,0.0,0.0,0.0,0.118282,0.0,0.155725,0.138366,0.0,0.0,0.37114,0.31457,0.0,0.0,0.15078,0.0,0.0,0.0,0.62946,0.331958,0.0,0.277325,0.0,0.0,0.0,0.0,0.0,0.181552,0.157229,0.299239,0.358774,0.0,0.0,0.0,0.0,0.0,0.0,0.0,0.0,0.269382,0.167276,0.15078,0.174106,0.475284,0.0,0.0,0.329924,0.34777,0.201041,0.358774,0.222355,0.320898,0.240171,0.698462,0.0,0.201784,0.0,0.0,0.0,0.0,0.0,0.0,0.0,0.0,0.0,0.0,0.169826,0.230749,0.190724,0.0,0.0,0.0,0.0,0.0,0.34777,0.667527,0.213236,0.0,0.0,0.440027,0.0,0.0,0.25085,0.207994,0.314457,0.230749,0.222355,0.0,0.0,0.0,0.222355,0.0,0.360059,0.223384,0.173479,0.0,0.138366,0.0,0.0,0.0,0.747268,0.394334,0.289362,0.167276,0.494854,0.25085,0.0,0.396765,0.383312,0.0,0.0,0.0,0.234847,0.0,0.0,0.177378,0.271208,0.169826,0.383546,0.186036,0.228901,0.0,0.0,0.0,0.0,0.169826,0.0,0.25085,0.0,0.398024,0.0,0.0,0.329234,0.0,0.0,0.0,0.0,0.0,0.0,0.0,0.0,0.0,0.0,0.348062,0.313164,0.161191,0.313164,0.0,0.44471,0.222355,0.146278,0.138366,0.0,0.0,0.666638,0.230749,0.0,0.240171,0.0,0.721204,0.0
sedu_es_9ef-D35-02,0.0,0.0,0.0,0.0,0.0,0.0,0.519778,0.0,0.356758,0.888523,0.0,0.0,0.0,0.0,0.0,0.0,0.0,0.0,0.716464,0.0,0.651026,0.344661,0.506617,0.436026,0.428169,0.0,0.0,0.0,0.0,0.0,0.0,0.0,0.0,0.0,0.0,0.0,0.0,0.0,0.0,0.0,0.0,0.75522,0.0,0.748648,0.71023,0.0,0.716464,0.0,0.0,0.0,0.0,0.0,0.0,0.0,0.0,0.0,0.333716,0.0,0.0,0.0,0.0,0.0,0.0,0.0,0.0,0.0,0.0,0.0,0.605523,0.0,0.880931,0.622913,0.72868,0.566415,0.534021,0.0,0.0,0.0,0.0,0.0,0.0,0.0,0.900131,0.0,0.0,0.0,0.0,0.0,0.256895,0.370225,0.0,0.0,0.0,0.0,0.0,0.361124,0.422441,0.584991,0.0,0.693113,0.794061,0.534021,0.873255,0.323752,0.422121,0.356758,0.333716,0.370225,0.333716,0.0,0.0,0.0,0.0,0.0,0.323752,0.356758,0.370225,0.370225,0.0,0.0,0.0,0.0,0.0,0.0,0.635249,0.648348,0.826017,0.720105,0.0,0.323752,0.0,0.0,0.0,0.261788,0.0,0.344661,0.306239,0.0,0.0,0.0,0.0,0.0,0.0,0.333716,0.0,0.0,0.0,0.402477,0.0,0.0,0.0,0.0,0.0,0.0,0.0,0.0,0.401822,0.347988,0.662292,0.794061,0.0,0.0,0.0,0.0,0.0,0.0,0.0,0.0,0.0,0.370225,0.333716,0.385342,0.385342,0.0,0.0,0.0,0.0,0.444955,0.333716,0.0,0.298485,0.0,0.0,0.0,0.0,0.0,0.0,0.0,0.0,0.0,0.0,0.0,0.0,0.0,0.0,0.37587,0.510707,0.422121,0.0,0.0,0.0,0.0,0.0,0.0,0.900131,0.471946,0.0,0.0,0.356758,0.0,0.0,0.0,0.0,0.0,0.0,0.0,0.0,0.0,0.0,0.492129,0.0,0.0,0.494407,0.383954,0.0,0.306239,0.0,0.0,0.0,0.957673,0.0,0.0,0.370225,0.0,0.0,0.0,0.0,0.0,0.0,0.0,0.0,0.519778,0.0,0.0,0.392583,0.600254,0.37587,0.848887,0.411745,0.506617,0.0,0.0,0.0,0.0,0.37587,0.0,0.555197,0.0,0.880931,0.0,0.0,0.306239,0.0,0.0,0.0,0.0,0.0,0.0,0.0,0.0,0.0,0.0,0.323752,0.291291,0.356758,0.693113,0.0,0.492129,0.492129,0.323752,0.306239,0.0,0.0,1.0,0.510707,0.0,0.0,0.0,1.0,0.0
sedu_es_9ef-D35-03,0.0,0.0,0.0,0.0,0.31457,0.0,0.474199,0.0,0.161191,0.401455,0.0,0.0,0.222355,0.201784,0.0,0.0,0.0,0.0,0.793174,0.0,0.294148,0.425107,0.228901,0.197006,0.193456,0.0,0.0,0.0,0.0,0.0,0.0,0.0,0.0,0.0,0.0,0.201784,0.214815,0.0,0.0,0.239352,0.0,0.836079,0.0,0.338256,0.320898,0.0,0.323715,0.0,0.0,0.0,0.0,0.0,0.0,0.0,0.0,0.0,0.15078,0.190868,0.190868,0.196099,0.263094,0.0,0.0,0.0,0.0,0.0,0.0,0.0,0.670354,0.0,1.0,0.281446,0.329234,0.255919,0.241283,0.0,0.0,0.0,0.0,0.0,0.0,0.0,0.777839,0.0,0.0,0.0,0.0,0.0,0.116071,0.398024,0.294148,0.240171,0.0,0.233291,0.0,0.163164,0.190868,0.264312,0.0,0.313164,0.358774,0.241283,0.394556,0.146278,0.190724,0.161191,0.15078,0.167276,0.15078,0.0,0.0,0.0,0.245911,0.269382,0.146278,0.161191,0.398024,0.398024,0.0,0.0,0.0,0.240171,0.0,0.0,0.28702,0.292938,0.373213,0.325359,0.0,0.146278,0.0,0.0,0.0,0.118282,0.0,0.155725,0.138366,0.0,0.0,0.37114,0.31457,0.0,0.0,0.15078,0.0,0.0,0.0,0.62946,0.331958,0.0,0.277325,0.0,0.0,0.0,0.0,0.0,0.181552,0.157229,0.299239,0.358774,0.0,0.0,0.0,0.0,0.0,0.0,0.0,0.0,0.269382,0.167276,0.15078,0.174106,0.475284,0.0,0.0,0.329924,0.34777,0.201041,0.358774,0.222355,0.320898,0.240171,0.698462,0.0,0.201784,0.0,0.0,0.0,0.0,0.0,0.0,0.0,0.0,0.0,0.0,0.169826,0.230749,0.190724,0.0,0.0,0.0,0.0,0.0,0.34777,0.667527,0.213236,0.0,0.0,0.440027,0.0,0.0,0.25085,0.207994,0.314457,0.230749,0.222355,0.0,0.0,0.0,0.222355,0.0,0.360059,0.223384,0.173479,0.0,0.138366,0.0,0.0,0.0,0.747268,0.394334,0.289362,0.167276,0.494854,0.25085,0.0,0.396765,0.383312,0.0,0.0,0.0,0.234847,0.0,0.0,0.177378,0.271208,0.169826,0.383546,0.186036,0.228901,0.0,0.0,0.0,0.0,0.169826,0.0,0.25085,0.0,0.398024,0.0,0.0,0.329234,0.0,0.0,0.0,0.0,0.0,0.0,0.0,0.0,0.0,0.0,0.348062,0.313164,0.161191,0.313164,0.0,0.44471,0.222355,0.146278,0.138366,0.0,0.0,0.666638,0.230749,0.0,0.240171,0.0,0.721204,0.0
sedu_es_9ef-D35-04,0.0,0.0,0.0,0.0,0.31457,0.0,0.474199,0.0,0.161191,0.401455,0.0,0.0,0.222355,0.201784,0.0,0.0,0.0,0.0,0.793174,0.0,0.294148,0.425107,0.228901,0.197006,0.193456,0.0,0.0,0.0,0.0,0.0,0.0,0.0,0.0,0.0,0.0,0.201784,0.214815,0.0,0.0,0.239352,0.0,0.836079,0.0,0.338256,0.320898,0.0,0.323715,0.0,0.0,0.0,0.0,0.0,0.0,0.0,0.0,0.0,0.15078,0.190868,0.190868,0.196099,0.263094,0.0,0.0,0.0,0.0,0.0,0.0,0.0,0.670354,0.0,1.0,0.281446,0.329234,0.255919,0.241283,0.0,0.0,0.0,0.0,0.0,0.0,0.0,0.777839,0.0,0.0,0.0,0.0,0.0,0.116071,0.398024,0.294148,0.240171,0.0,0.233291,0.0,0.163164,0.190868,0.264312,0.0,0.313164,0.358774,0.241283,0.394556,0.146278,0.190724,0.161191,0.15078,0.167276,0.15078,0.0,0.0,0.0,0.245911,0.269382,0.146278,0.161191,0.398024,0.398024,0.0,0.0,0.0,0.240171,0.0,0.0,0.28702,0.292938,0.373213,0.325359,0.0,0.146278,0.0,0.0,0.0,0.118282,0.0,0.155725,0.138366,0.0,0.0,0.37114,0.31457,0.0,0.0,0.15078,0.0,0.0,0.0,0.62946,0.331958,0.0,0.277325,0.0,0.0,0.0,0.0,0.0,0.181552,0.157229,0.299239,0.358774,0.0,0.0,0.0,0.0,0.0,0.0,0.0,0.0,0.269382,0.167276,0.15078,0.174106,0.475284,0.0,0.0,0.329924,0.34777,0.201041,0.358774,0.222355,0.320898,0.240171,0.698462,0.0,0.201784,0.0,0.0,0.0,0.0,0.0,0.0,0.0,0.0,0.0,0.0,0.169826,0.230749,0.190724,0.0,0.0,0.0,0.0,0.0,0.34777,0.667527,0.213236,0.0,0.0,0.440027,0.0,0.0,0.25085,0.207994,0.314457,0.230749,0.222355,0.0,0.0,0.0,0.222355,0.0,0.360059,0.223384,0.173479,0.0,0.138366,0.0,0.0,0.0,0.747268,0.394334,0.289362,0.167276,0.494854,0.25085,0.0,0.396765,0.383312,0.0,0.0,0.0,0.234847,0.0,0.0,0.177378,0.271208,0.169826,0.383546,0.186036,0.228901,0.0,0.0,0.0,0.0,0.169826,0.0,0.25085,0.0,0.398024,0.0,0.0,0.329234,0.0,0.0,0.0,0.0,0.0,0.0,0.0,0.0,0.0,0.0,0.348062,0.313164,0.161191,0.313164,0.0,0.44471,0.222355,0.146278,0.138366,0.0,0.0,0.666638,0.230749,0.0,0.240171,0.0,0.721204,0.0
sedu_es_9ef-D36-01,0.595719,0.426631,0.369473,0.523666,0.294975,0.469866,0.224442,0.0,0.0,0.529332,0.0,0.290007,0.0,0.0,0.0,0.0,0.0,0.0,0.0,0.0,0.374689,0.0,0.218759,0.28442,0.279295,0.294975,0.400703,0.0,0.0,0.0,0.282417,0.0,0.282417,0.0,0.0,0.0,0.0,0.0,0.0,0.0,0.0,0.0,0.0,0.249793,0.236974,0.230593,0.309373,0.0,0.559603,0.309373,0.426631,0.0,0.230593,0.261468,0.218759,0.271338,0.0,0.0,0.0,0.348342,0.0,0.594338,0.0,0.0,0.0,0.0,0.0,0.0,0.355185,0.0,0.29393,0.20784,0.24313,0.24458,0.802585,0.261468,0.294975,0.399398,0.0,0.0,0.0,0.0,0.0,0.326107,0.218759,0.0,0.731695,0.309373,0.0,0.0,0.0,0.383644,0.313244,0.0,0.0,0.468475,0.24313,0.0,0.0,0.231263,0.264945,0.230593,0.0,0.0,0.0,0.0,0.691187,0.271338,0.24458,0.0,0.0,0.0,1.0,0.38159,0.0,0.0,0.0,0.0,0.0,0.343141,0.0,0.0,0.0,0.0,0.211956,0.216327,0.224442,0.195664,0.224442,0.237278,0.24458,0.309373,0.224442,0.191865,0.656451,0.252602,0.0,0.522514,0.0,0.0,0.445601,0.0,0.38159,0.0,0.0,0.0,0.0,0.0,0.0,0.0,0.0,0.0,0.0,0.0,0.0,0.0,0.231263,0.20028,0.22098,0.264945,0.282417,0.0,0.355185,0.0,0.0,0.0,0.400703,0.0,0.0,0.0,0.0,0.0,0.0,0.0,0.0,0.0,0.0,0.0,0.0,0.0,0.0,0.383644,0.0,0.0,0.0,0.0,0.0,0.0,0.0,0.0,0.0,0.0,0.0,0.0,0.0,0.216327,0.662523,0.0,0.0,0.0,0.0,0.0,0.0,0.0,0.0,0.0,0.0,0.0,0.0,0.0,0.0,0.0,0.332245,0.0,0.0,0.0,0.0,0.0,0.0,0.283238,0.0,0.0,0.0,0.22098,0.0,0.0,0.0,0.0,0.0,0.319536,0.0,0.0,0.0,0.0,0.0,0.0,0.0,0.0,0.0,0.0,0.0,0.304889,0.0,0.0,0.225946,0.20028,0.216327,0.283238,0.236974,0.0,0.0,0.0,0.0,0.0,0.216327,0.297169,0.319536,0.0,0.29393,0.0,0.0,0.0,0.0,0.0,0.0,0.0,0.0,0.0,0.0,0.0,0.0,0.0,0.0,0.0,0.0,0.834581,0.0,0.283238,0.283238,0.0,0.0,0.0,0.0,0.343141,0.29393,0.0,0.0,0.0,0.0,0.0
sedu_es_9ef-D36-02,0.352056,0.41903,0.362891,0.309474,0.0,0.0,0.0,0.0,0.0,0.0,0.0,0.0,0.0,0.0,0.0,0.0,0.0,0.753143,0.0,0.0,0.0,0.0,0.360613,0.58972,0.579093,0.486251,0.0,0.509984,0.0,0.0,0.0,0.0,0.0,0.0,0.0,0.0,0.0,0.0,0.0,0.0,0.0,0.0,0.0,0.0,0.360613,0.0,0.0,0.0,0.0,0.0,0.41903,0.0,0.420383,0.0,0.0,0.494663,0.0,0.0,0.0,0.342137,0.0,0.0,0.0,0.0,0.0,0.0,0.0,0.0,0.0,0.0,0.0,1.0,0.0,0.0,0.561802,0.0,0.0,0.0,0.0,0.0,0.0,0.0,0.0,0.0,0.39881,0.0,0.71866,0.0,0.0,0.0,0.0,0.0,0.0,0.0,0.0,0.0,0.0,0.0,0.661071,0.0,0.445884,0.0,0.0,0.0,0.0,0.0,0.403178,0.0,0.445884,0.0,0.0,0.0,0.342137,0.374792,0.0,0.0,0.0,0.0,0.0,0.0,0.0,0.0,0.0,0.0,0.0,0.0,0.0,0.356707,0.0,0.0,0.0,0.0,0.0,0.0,0.387946,0.0,0.0,0.513205,0.465549,0.0,0.437663,0.0,0.374792,0.0,0.0,0.0,0.0,0.0,0.0,0.0,0.0,0.0,0.0,0.0,0.0,0.0,0.0,0.0,0.0,0.0,0.0,0.0,0.0,0.0,0.0,0.0,0.0,0.0,0.4164,0.0,0.0,0.0,0.514862,0.0,0.0,0.0,0.0,0.0,0.0,0.0,0.0,0.0,0.0,0.0,0.0,0.4164,0.0,0.0,0.0,0.0,0.0,0.0,0.0,0.0,0.0,0.0,0.0,0.0,0.0,0.0,0.0,0.0,0.0,0.0,0.0,0.0,0.0,0.0,0.0,0.0,0.0,0.0,0.0,0.0,0.0,0.0,0.0,0.0,0.0,0.0,0.0,0.0,0.0,0.0,0.0,0.0,0.0,0.0,0.0,0.0,0.0,0.0,0.0,0.0,0.0,0.0,0.0,0.0,0.0,0.0,0.0,0.0,0.0,0.0,0.0,0.0,0.0,0.0,0.0,0.0,0.0,0.0,0.0,0.0,0.0,0.0,0.0,0.0,0.0,0.0,0.0,0.0,0.0,0.0,0.0,0.0,0.0,0.0,0.0,0.0,0.0,0.0,0.0,0.0,0.0,0.0,0.0,0.0,0.0,0.0,0.0,0.0,0.0,0.0,0.0,0.0,0.0,0.0,0.0,0.0
sedu_es_9ef-D36-03,0.198628,0.0,0.0,0.174604,0.246927,0.0,0.187883,0.204741,0.0,0.187883,0.0,0.0,0.0,0.0,0.0,0.0,0.0,1.0,0.0,0.0,0.542239,0.395996,0.183126,0.15761,0.154769,0.246927,0.0,0.258979,0.0,0.0,0.236414,0.0,0.236414,0.0,0.0,0.0,0.0,0.0,0.0,0.0,0.0,0.0,0.0,0.361493,0.342942,0.193031,0.258979,0.0,0.198628,0.258979,0.0,0.0,0.193031,0.218877,0.183126,0.22714,0.0,0.0,0.0,0.0,0.0,0.0,0.0,0.0,0.0,0.0,0.0,0.0,0.0,0.0,0.425368,0.30078,0.351851,0.204741,0.193031,0.218877,0.246927,0.33434,0.0,0.0,0.204741,0.258979,0.204741,0.272988,0.183126,0.0,0.246927,0.258979,0.0,0.0,0.0,0.0,0.0,0.0,0.0,0.0,0.0,0.0,0.0,0.334677,0.383421,0.193031,0.198628,0.198628,0.258979,0.218877,0.0,0.22714,0.204741,0.178712,0.204741,0.0,0.0,0.0,0.0,0.0,0.0,0.0,0.0,0.0,0.0,0.0,1.0,0.0,0.306737,0.313062,0.187883,0.163793,0.187883,0.198628,0.204741,0.258979,0.187883,0.160612,0.218877,0.211455,0.187883,0.289547,0.0,0.204741,0.0,0.246927,0.211455,0.204741,0.236414,0.211455,0.0,0.0,0.0,0.0,0.0,0.0,0.0,0.0,0.0,0.163793,0.0,0.289839,0.319795,0.0,0.236414,0.0,0.218877,0.258979,0.0,0.0,0.0,0.0,0.0,0.22714,0.204741,0.236414,0.0,0.0,0.0,0.0,0.0,0.0,0.204741,0.218877,0.0,0.0,0.0,0.0,0.0,0.0,0.0,0.0,0.0,0.0,0.0,0.0,0.289547,0.0,0.425368,0.313062,0.425368,0.258979,0.0,0.0,0.0,0.0,0.0,0.0,0.0,0.0,0.246927,0.258979,0.0,0.0,0.0,0.0,0.0,0.0,0.0,0.0,0.0,0.0,0.0,0.409895,0.425368,0.371973,0.0,0.319795,0.15761,0.187883,0.289547,0.366251,0.0,0.0,0.0,0.0,0.0,0.0,0.0,0.0,0.0,0.0,0.0,0.0,0.0,0.0,0.0,0.0,0.0,0.289839,0.0,0.0,0.0,0.342942,0.211455,0.0,0.0,0.0,0.313062,0.0,0.0,0.0,0.0,0.0,0.0,0.0,0.0,0.0,0.0,0.0,0.0,0.0,0.0,0.0,0.0,0.0,0.0,0.0,0.0,0.0,0.0,0.409895,0.409895,0.198628,0.187883,0.0,0.0,0.0,0.0,0.0,0.0,0.0,0.395996,0.0
sedu_es_9ef-D36-04,0.0,0.0,0.0,0.0,0.0,0.0,0.0,0.0,0.0,0.0,0.0,0.0,0.0,0.0,0.0,0.0,0.0,0.0,0.0,0.0,0.500493,0.0,0.570941,0.491388,0.482534,0.0,0.0,0.0,0.0,0.0,0.0,0.0,0.0,0.0,0.0,0.0,0.0,0.0,0.0,0.0,0.0,0.0,0.0,0.333662,0.316539,0.0,0.0,0.0,0.0,0.0,0.0,0.0,0.490275,0.0,0.0,0.576905,0.0,0.0,0.0,0.0,0.0,0.0,0.0,0.0,0.0,0.0,0.0,0.0,0.0,0.0,0.392619,0.277623,0.324763,0.0,0.0,0.0,0.0,0.0,0.0,0.0,0.0,0.0,0.0,0.0,0.465116,0.0,0.0,0.0,0.0,0.0,0.0,0.0,0.0,0.0,0.0,0.0,0.0,0.717742,0.0,0.308911,0.873917,0.0,0.0,0.0,0.0,0.0,0.0,0.0,0.520015,0.308911,0.0,0.0,0.0,0.0,0.0,0.0,0.0,0.0,0.0,0.0,0.0,0.0,0.0,0.0,0.283121,0.28896,0.0,0.416012,0.0,0.0,0.0,0.0,0.0,0.0,0.0,0.0,0.0,0.0,0.0,0.0,0.0,0.0,0.0,0.0,0.0,0.0,0.0,0.0,0.0,0.0,0.0,0.0,0.0,0.0,0.0,0.0,0.308911,0.792858,0.295174,0.0,0.0,0.0,0.0,0.0,0.0,0.0,0.0,0.0,0.0,0.0,0.0,0.0,0.600462,0.0,0.0,0.0,0.0,0.0,0.0,0.0,0.0,0.0,0.0,0.0,0.0,0.0,0.0,0.0,0.0,0.0,0.0,0.0,0.0,0.0,0.0,0.28896,0.0,0.0,0.0,0.0,0.0,0.0,0.0,0.0,0.0,0.0,0.0,0.0,0.0,0.0,0.0,0.0,0.0,0.0,0.0,0.0,0.0,0.0,0.0,0.0,0.0,0.0,0.0,0.0,0.0,0.0,0.0,0.0,0.0,0.0,0.0,0.0,0.0,0.0,0.0,0.0,0.0,0.0,0.0,0.0,0.0,0.0,0.0,0.0,0.0,0.267525,0.28896,0.0,0.316539,0.0,0.0,0.726552,0.0,0.0,0.0,0.0,0.0,0.0,0.0,0.0,0.0,0.0,0.0,0.0,0.691089,0.0,0.0,0.0,0.0,0.0,0.0,0.0,0.0,0.0,0.378337,1.0,0.0,0.378337,0.0,0.343335,0.324763,0.0,0.0,0.0,0.0,0.0,0.0,0.0,0.0,0.0
sedu_es_9ef-D37-01,0.178518,0.212479,0.184012,0.156926,0.0,0.0,0.0,0.0,0.102261,0.0,0.0,0.0,0.0,0.182883,0.0,0.0,0.320474,0.898935,0.0,0.0,0.611298,0.250024,0.182857,0.299031,0.293643,0.246565,0.0,0.258599,0.0,0.0,0.0,0.0,0.0,0.0,0.0,0.0,0.194694,0.0,0.0,0.254687,0.0,0.0,0.0,1.0,0.655034,0.0,0.0,0.0,0.0,0.0,0.212479,0.194694,0.0,0.0,0.0,0.0,0.095656,0.254687,0.0,0.173488,0.0,0.0,0.0,0.0,0.0,0.0,0.0,0.0,0.323018,0.0,0.794798,0.562007,0.484443,0.0,0.0,0.0,0.0,0.0,0.0,0.0,0.0,0.0,0.095656,0.0,0.0,0.0,0.0,0.0,0.073636,0.106121,0.0,0.0,0.0,0.0,0.0,0.103513,0.121089,0.312065,0.0,0.625344,0.52791,0.0,0.0928,0.0928,0.120997,0.102261,0.300097,0.106121,0.095656,0.13431,0.0,0.0,0.173488,0.190047,0.0928,0.102261,0.106121,0.106121,0.0,0.0,0.0,0.0,0.0,0.0,0.573137,0.431036,0.08778,0.076525,0.0,0.0928,0.0,0.0,0.0,0.292758,0.196717,0.098794,0.08778,0.260233,0.236068,0.0,0.221927,0.0,0.190047,0.095656,0.0,0.0,0.0,0.115366,0.0,0.0,0.0,0.0,0.0,0.0,0.0,0.0,0.249489,0.469254,0.440307,0.22761,0.0,0.0,0.0,0.0,0.0,0.0,0.0,0.0,0.211145,0.106121,0.095656,0.110455,0.110455,0.0,0.0,0.0,0.0,0.127542,0.095656,0.0,0.085558,0.0,0.0,0.0,0.0,0.211145,0.0,0.0,0.0,0.0,0.0,0.0,0.0,0.0,0.162447,0.352933,0.517971,0.120997,0.0,0.0,0.0,0.0,0.0,0.0,0.095656,0.135279,0.0,0.0,0.102261,0.0,0.0,0.0,0.0,0.0,0.0,0.0,0.0,0.0,0.0,0.297602,0.162447,0.142056,0.0,0.232186,0.0,0.08778,0.0,0.0,0.0,0.274508,0.0,0.0,0.106121,0.0,0.0,0.0,0.0,0.0,0.0,0.0,0.0,0.0,0.0,0.0,0.11253,0.399062,0.387294,0.243325,0.42426,0.130969,0.0,0.315895,0.0,0.0,0.227297,0.0,0.159142,0.0,0.25251,0.0,0.0,0.08778,0.0,0.0,0.0,0.0,0.0,0.0,0.0,0.0,0.0,0.0,0.0928,0.083496,0.266757,0.57524,0.0,0.462098,0.297602,0.242078,0.228983,0.0,0.0,0.0,0.146389,0.0,0.0,0.0,0.15123,0.0
sedu_es_9ef-D37-02,0.0,0.0,0.0,0.153689,0.0,0.0,0.0,0.0,0.123844,0.0,0.0,0.0,0.0,0.221481,0.0,0.0,0.0,0.253273,0.0,0.0,0.740315,0.502159,0.0,0.13873,0.0,0.0,0.0,0.0,0.0,0.0,0.0,0.0,0.0,0.0,0.0,0.0,0.235785,0.0,0.0,0.0,0.0,0.0,0.227957,1.0,0.744488,0.0,0.0,0.0,0.0,0.0,0.0,0.235785,0.0,0.0,0.16119,0.199932,0.115845,0.0,0.0,0.0,0.0,0.32238,0.0,0.0,0.0,0.0,0.0,0.0,0.0,0.186126,0.962543,0.973423,0.763828,0.0,0.0,0.192659,0.0,0.0,0.0,0.0,0.0,0.0,0.115845,0.0,0.16119,0.0,0.0,0.0,0.089178,0.128519,0.0,0.0,0.0,0.0,0.0,0.125359,0.146645,0.0,0.199932,0.757325,0.832363,0.0,0.112386,0.287222,0.146534,0.123844,0.115845,0.128519,0.115845,0.162657,0.0,0.0,0.0,0.0,0.112386,0.123844,0.128519,0.128519,0.0,0.0,0.0,0.0,0.199932,0.217349,0.6941,0.826767,0.106307,0.092676,0.0,0.112386,0.0,0.0,0.165378,0.090876,0.192659,0.119644,0.380279,0.0,0.0,0.0,0.0,0.0,0.0,0.115845,0.0,0.0,0.0,0.139714,0.0,0.0,0.0,0.0,0.0,0.0,0.0,0.144173,0.302144,0.714213,0.694238,0.692539,0.0,0.0,0.0,0.0,0.254864,0.186126,0.217349,0.208096,0.186126,0.128519,0.115845,0.133766,0.133766,0.0,0.0,0.0,0.0,0.15446,0.115845,0.0,0.103615,0.0,0.36007,0.331216,0.0,0.0,0.0,0.0,0.0,0.0,0.0,0.0,0.0,0.0,0.410886,0.585034,0.627291,0.146534,0.0,0.0,0.0,0.0,0.0,0.0,0.115845,0.16383,0.0,0.0,0.123844,0.0,0.0,0.0,0.0,0.0,0.0,0.0,0.0,0.0,0.0,0.566776,0.410886,0.35931,0.532388,0.442193,0.0,0.106307,0.0,0.0,0.0,0.332444,0.0,0.0,0.128519,0.0,0.0,0.0,0.319168,0.308345,0.0,0.0,0.0,0.0,0.0,0.0,0.491806,0.629207,0.773793,0.29468,0.686458,0.158611,0.0,0.0,0.0,0.0,0.580028,0.0,0.192729,0.0,0.305804,0.0,0.0,0.106307,0.0,0.0,0.0,0.0,0.0,0.0,0.0,0.0,0.0,0.0,0.112386,0.101118,0.323057,0.403262,0.0,0.765989,0.360412,0.293169,0.27731,0.0,0.0,0.0,0.177285,0.0,0.0,0.0,0.183148,0.0
sedu_es_9ef-D37-03,0.0,0.0,0.282244,0.0,0.0,0.204121,0.0,0.0,0.0,0.0,0.0,0.0,0.0,0.185984,0.0,0.0,0.0,0.212681,0.0,0.0,0.621663,0.153794,0.185958,0.160047,0.370519,0.250745,0.174075,0.262984,0.265499,0.0,0.166664,0.0,0.0,0.0,0.0,0.0,0.197995,0.0,0.0,0.0,0.0,0.0,0.0,0.92524,0.579132,0.0,0.0,0.166664,0.140026,0.0,0.0,0.435465,0.216779,0.0,0.565563,0.0,0.0,0.0,0.0,0.0,0.0,0.0,0.0,0.0,0.0,0.466767,0.0,0.0,0.0,0.608856,0.700353,0.495224,0.403388,0.0,0.330054,0.0,0.0,0.0,0.229929,0.200699,0.0,0.357013,0.0,0.0,0.755331,0.0,0.0,0.0,0.0,0.0,0.0,0.166664,0.0,0.129097,0.0,0.218493,0.255593,0.0,0.0,0.551035,0.439582,0.0,0.0,0.57192,0.0,0.0,0.207907,0.0,0.0,0.136587,0.264481,0.0,0.0,0.273155,0.0,0.0,0.0,0.0,0.313121,0.0,0.277305,0.0,0.0,0.0,0.505032,0.358917,0.0,0.0,0.0,0.0,0.0,0.0,0.0,0.0,0.0,0.0,0.0,0.0,0.24007,0.264481,0.0,0.0,0.0,0.0,0.0,0.317356,0.182571,0.174075,0.129097,0.0,0.0,0.0,0.0,0.0,0.0,0.0,0.253719,0.47721,0.779003,0.134191,0.0,0.0,0.0,0.0,0.0,0.0,0.0,0.0,0.214725,0.0,0.0,0.0,0.0,0.0,0.0,0.0,0.0,0.0,0.0,0.0,0.0,0.0,0.0,0.160125,0.140026,0.363794,0.144335,0.166664,0.0,0.0,0.0,0.0,0.0,0.0,0.165202,0.476766,1.0,0.0,0.0,0.0,0.0,0.0,0.0,0.0,0.0,0.0,0.340399,0.357013,0.0,0.0,0.0,0.174075,0.144335,0.218214,0.0,0.0,0.0,0.0,0.160125,0.604379,0.506096,0.144465,0.0,0.236123,0.0,0.0,0.0,0.0,0.0,0.16184,0.0,0.0,0.0,0.0,0.0,0.0,0.0,0.0,0.160125,0.120384,0.0,0.0,0.0,0.0,0.114438,0.545649,0.51171,0.143456,0.431453,0.13319,0.0,0.132451,0.0,0.0,0.231151,0.0,0.16184,0.0,0.148871,0.0,0.0,0.0,0.0,0.0,0.0,0.0,0.0,0.0,0.0,0.0,0.0,0.0,0.0,0.0,0.167285,0.253719,0.0,0.469933,0.302648,0.151808,0.143596,0.0,0.0,0.0,0.148871,0.0,0.0,0.0,0.153794,0.0
sedu_es_9ef-D37-04,0.178518,0.212479,0.184012,0.156926,0.0,0.0,0.0,0.0,0.102261,0.254687,0.0,0.0,0.0,0.182883,0.0,0.0,0.300305,0.209135,0.0,0.0,0.611298,0.250024,0.0,0.141653,0.1391,0.0,0.0,0.0,0.0,0.0,0.0,0.0,0.0,0.0,0.0,0.0,0.194694,0.0,0.0,0.0,0.0,0.0,0.0,1.0,0.472177,0.0,0.0,0.0,0.0,0.0,0.212479,0.194694,0.0,0.0,0.0,0.0,0.095656,0.0,0.0,0.173488,0.0,0.0,0.0,0.0,0.0,0.0,0.0,0.0,0.0,0.0,0.794798,0.562007,0.484443,0.0,0.0,0.0,0.0,0.0,0.0,0.0,0.0,0.0,0.095656,0.0,0.0,0.0,0.0,0.0,0.073636,0.106121,0.0,0.0,0.0,0.0,0.0,0.103513,0.121089,0.0,0.0,0.625344,0.52791,0.0,0.0928,0.0928,0.120997,0.102261,0.095656,0.106121,0.095656,0.13431,0.0,0.0,0.173488,0.190047,0.0928,0.102261,0.106121,0.106121,0.0,0.0,0.0,0.0,0.0,0.0,0.573137,0.431036,0.08778,0.076525,0.0,0.0928,0.0,0.0,0.0,0.075039,0.196717,0.098794,0.08778,0.260233,0.0,0.0,0.221927,0.0,0.190047,0.095656,0.0,0.0,0.0,0.115366,0.0,0.0,0.0,0.0,0.0,0.0,0.0,0.0,0.249489,0.469254,0.440307,0.22761,0.0,0.0,0.0,0.0,0.0,0.0,0.0,0.0,0.0,0.106121,0.095656,0.110455,0.110455,0.0,0.0,0.0,0.0,0.127542,0.095656,0.0,0.085558,0.0,0.0,0.0,0.0,0.0,0.0,0.0,0.0,0.0,0.0,0.0,0.0,0.0,0.162447,0.352933,0.517971,0.120997,0.0,0.0,0.0,0.424696,0.0,0.0,0.095656,0.135279,0.0,0.0,0.102261,0.0,0.0,0.0,0.0,0.0,0.0,0.0,0.0,0.0,0.0,0.297602,0.162447,0.142056,0.0,0.232186,0.0,0.326439,0.0,0.0,0.0,0.274508,0.0,0.0,0.106121,0.0,0.0,0.0,0.0,0.0,0.0,0.0,0.0,0.0,0.0,0.0,0.11253,0.399062,0.387294,0.243325,0.42426,0.130969,0.0,0.0,0.0,0.0,0.227297,0.0,0.159142,0.0,0.25251,0.0,0.0,0.326439,0.0,0.0,0.0,0.0,0.0,0.0,0.0,0.0,0.0,0.0,0.0928,0.083496,0.266757,0.332984,0.0,0.462098,0.297602,0.242078,0.228983,0.0,0.0,0.28664,0.146389,0.0,0.0,0.0,0.437871,0.0
