item_id,EF01MA01,EF01MA02,EF01MA03,EF01MA04,EF01MA05,EF01MA06,EF01MA07,EF01MA08,EF01MA09,EF01MA10,EF01MA11,EF01MA12,EF01MA13,EF01MA14,EF01MA15,EF01MA16,EF01MA17,EF01MA18,EF01MA19,EF01MA20,EF01MA21,EF01MA22,EF02MA01,EF02MA02,EF02MA03,EF02MA04,EF02MA05,EF02MA06,EF02MA07,EF02MA08,EF02MA09,EF02MA10,EF02MA11,EF02MA12,EF02MA13,EF02MA14,EF02MA15,EF02MA16,EF02MA17,EF02MA18,EF02MA19,EF02MA20,EF02MA21,EF02MA22,EF02MA23,EF03MA01,EF03MA02,EF03MA03,EF03MA04,EF03MA05,EF03MA06,EF03MA07,EF03MA08,EF03MA09,EF03MA10,EF03MA11,EF03MA12,EF03MA13,EF03MA14,EF03MA15,EF03MA16,EF03MA17,EF03MA18,EF03MA19,EF03MA20,EF03MA21,EF03MA22,EF03MA23,EF03MA24,EF03MA25,EF03MA26,EF03MA27,EF03MA28,EF04MA01,EF04MA02,EF04MA03,EF04MA04,EF04MA05,EF04MA06,EF04MA07,EF04MA08,EF04MA09,EF04MA10,EF04MA11,EF04MA12,EF04MA13,EF04MA14,EF04MA15,EF04MA16,EF04MA17,EF04MA18,EF04MA19,EF04MA20,EF04MA21,EF04MA22,EF04MA23,EF04MA24,EF04MA25,EF04MA26,EF04MA27,EF04MA28,EF05MA01,EF05MA02,EF05MA03,EF05MA04,EF05MA05,EF05MA06,EF05MA07,EF05MA08,EF05MA09,EF05MA10,EF05MA11,EF05MA12,EF05MA13,EF05MA14,EF05MA15,EF05MA16,EF05MA17,EF05MA18,EF05MA19,EF05MA20,EF05MA21,EF05MA22,EF05MA23,EF05MA24,EF05MA25,EF06MA01,EF06MA02,EF06MA03,EF06MA04,EF06MA05,EF06MA06,EF06MA07,EF06MA08,EF06MA09,EF06MA10,EF06MA11,EF06MA12,EF06MA13,EF06MA14,EF06MA15,EF06MA16,EF06MA17,EF06MA18,EF06MA19,EF06MA20,EF06MA21,EF06MA22,EF06MA23,EF06MA24,EF06MA25,EF06MA26,EF06MA27,EF06MA28,EF06MA29,EF06MA30,EF06MA31,EF06MA32,EF06MA33,EF06MA34,EF07MA01,EF07MA02,EF07MA03,EF07MA04,EF07MA05,EF07MA06,EF07MA07,EF07MA08,EF07MA09,EF07MA10,EF07MA11,EF07MA12,EF07MA13,EF07MA14,EF07MA15,EF07MA16,EF07MA17,EF07MA18,EF07MA19,EF07MA20,EF07MA21,EF07MA22,EF07MA23,EF07MA24,EF07MA25,EF07MA26,EF07MA27,EF07MA28,EF07MA29,EF07MA30,EF07MA31,EF07MA32,EF07MA33,EF07MA34,EF07MA35,EF07MA36,EF07MA37,EF08MA01,EF08MA02,EF08MA03,EF08MA04,EF08MA05,EF08MA06,EF08MA07,EF08MA08,EF08MA09,EF08MA10,EF08MA11,EF08MA12,EF08MA13,EF08MA14,EF08MA15,EF08MA16,EF08MA17,EF08MA18,EF08MA19,EF08MA20,EF08MA21,EF08MA22,EF08MA23,EF08MA24,EF08MA25,EF08MA26,EF08MA27,EF09MA01,EF09MA02,EF09MA03,EF09MA04,EF09MA05,EF09MA06,EF09MA07,EF09MA08,EF09MA09,EF09MA10,EF09MA11,EF09MA12,EF09MA13,EF09MA14,EF09MA15,EF09MA16,EF09MA17,EF09MA18,EF09MA19,EF09MA20,EF09MA21,EF09MA22,EF09MA23,EM13MAT101,EM13MAT102,EM13MAT103,EM13MAT104,EM13MAT105,EM13MAT106,EM13MAT201,EM13MAT202,EM13MAT203,EM13MAT301,EM13MAT302,EM13MAT303,EM13MAT304,EM13MAT305,EM13MAT306,EM13MAT307,EM13MAT308,EM13MAT309,EM13MAT310,EM13MAT311,EM13MAT312,EM13MAT313,EM13MAT314,EM13MAT315,EM13MAT316,EM13MAT401,EM13MAT402,EM13MAT403,EM13MAT404,EM13MAT405,EM13MAT406,EM13MAT407,EM13MAT501,EM13MAT502,EM13MAT503,EM13MAT504,EM13MAT505,EM13MAT506,EM13MAT507,EM13MAT508,EM13MAT509,EM13MAT510,EM13MAT511
sedu_ama5_2023t1-D002_M-01,0.344299,0.368326,0.474368,0.444655,0.648724,0.297997,0.451602,0.334427,0.490806,0.649655,0.278799,0.43814,0.267057,0.348586,0.207492,0.144424,0.276433,0.296298,0.183237,0.037838,0.284232,0.272351,0.452063,0.345329,0.449568,0.384079,0.282571,0.415768,0.348913,0.214252,0.391621,0.230637,0.391144,0.434635,0.156298,0.296252,0.345146,0.393306,0.224907,0.205248,0.332095,0.158624,0.059533,0.28996,0.271915,0.489221,0.543091,0.537786,0.6753,0.356868,0.29271,0.452128,0.511638,0.534412,0.495603,0.479085,0.284531,0.269899,0.312772,0.389075,0.27706,0.412608,0.328065,0.361982,0.27524,0.251579,0.247524,0.313936,0.164531,0.090519,0.384064,0.21836,0.249713,0.427978,0.406699,0.347233,0.379672,0.322572,0.351595,0.349601,0.300226,0.877283,0.472903,0.567988,0.694168,0.325535,0.343367,0.368393,0.340553,0.36213,0.331143,0.278223,0.299666,0.646115,0.229944,0.181316,0.243228,0.084212,0.137389,0.274841,0.302984,0.482738,0.708235,0.809412,0.657207,0.865162,0.457029,0.433179,0.396988,0.389549,0.521178,0.162809,0.232954,0.50356,0.295056,0.362395,0.393844,0.390866,0.341671,0.292573,0.546298,0.274948,0.111352,0.290733,0.200235,0.268547,0.696734,0.459753,0.306013,0.365725,0.46372,0.255976,0.47766,0.702661,0.441818,0.526123,0.447438,0.457923,0.241952,0.509323,0.323222,0.536076,0.435723,0.5425,0.592228,0.505443,0.264587,0.342819,0.318775,0.252001,0.444902,0.333256,0.244795,0.159892,0.459453,0.300398,0.3312,0.182287,0.174643,0.315199,0.310596,0.232156,0.65731,0.710623,0.17603,0.404947,0.34084,0.390632,0.521744,0.852766,0.741818,0.759941,0.286003,0.19004,0.470574,0.610866,0.226746,0.312142,0.49324,0.431112,0.259424,0.255203,0.289933,0.448804,0.295971,0.449804,0.352943,0.471537,0.252059,0.441226,0.421726,0.480127,0.616166,0.105158,0.185479,0.109097,0.163761,0.470346,0.241636,0.370322,0.27454,0.32993,0.407359,0.475822,0.324809,0.257748,0.576774,0.584343,0.393349,0.185499,0.383616,0.250249,0.33114,0.285054,0.177523,0.442705,0.341578,0.454727,0.305653,0.190445,0.176197,0.239524,0.0,0.245098,0.883947,0.881518,0.45098,0.420587,0.219237,0.336829,0.151493,0.21868,0.335605,0.396739,0.27881,0.30042,0.322646,0.293439,0.399879,0.913762,0.267225,0.326067,0.402151,0.093844,0.151967,0.36392,0.176282,0.174304,0.157188,0.174884,0.225085,0.149151,0.011135,0.160516,0.147724,0.129175,0.1494,0.202487,0.285243,0.205677,0.205509,0.239711,0.283065,0.282547,0.221768,0.311469,0.190679,0.162982,0.275336,0.163241,0.199951,0.26991,0.294695,0.279711,0.30613,0.307716,0.033491,0.171963,0.192099,0.510157,0.468009,0.253492,0.432024,0.429456,0.397299,0.405108,0.369979,0.218466,0.68434,0.1902
sedu_ama5_2023t1-D002_M-02,0.328784,0.370856,0.487274,0.450952,0.661155,0.347756,0.462678,0.410664,0.550319,0.675568,0.299696,0.504219,0.387041,0.609216,0.208266,0.155014,0.27156,0.313361,0.26297,0.014354,0.338235,0.288763,0.419194,0.320148,0.453018,0.395431,0.333046,0.432933,0.390547,0.288462,0.381824,0.465822,0.432851,0.469108,0.263997,0.410714,0.596178,0.390112,0.202034,0.190435,0.358193,0.209098,0.02236,0.326611,0.311401,0.492524,0.514998,0.585447,0.679716,0.414899,0.333871,0.491381,0.478761,0.545629,0.5193,0.518809,0.39739,0.397249,0.429891,0.447957,0.555416,0.374388,0.311341,0.354509,0.238576,0.538608,0.282062,0.334777,0.221173,0.091031,0.462207,0.26441,0.309047,0.419722,0.437541,0.393144,0.411028,0.379619,0.38299,0.375672,0.327202,0.789491,0.494549,0.568675,0.66004,0.353603,0.355594,0.370583,0.516823,0.388047,0.458591,0.40991,0.283934,0.801674,0.264376,0.247516,0.308796,0.065749,0.113781,0.364054,0.367283,0.45358,0.686998,0.772305,0.595974,0.789782,0.413445,0.471644,0.422717,0.426341,0.507484,0.258792,0.242181,0.470068,0.399844,0.438035,0.470939,0.666838,0.384629,0.304413,0.598151,0.290949,0.098101,0.259666,0.306208,0.364296,0.716257,0.430541,0.355111,0.393393,0.442478,0.328079,0.429845,0.655654,0.428326,0.507713,0.422603,0.439246,0.252354,0.525686,0.314531,0.569071,0.456262,0.572875,0.63642,0.575514,0.364385,0.440223,0.37106,0.328973,0.556187,0.401092,0.276511,0.473359,0.46427,0.239225,0.431202,0.26833,0.242689,0.357747,0.325192,0.233965,0.654545,0.732808,0.219283,0.427709,0.362361,0.364937,0.482938,0.840575,0.698733,0.767767,0.345817,0.268476,0.538618,0.639493,0.309173,0.383276,0.536019,0.560345,0.568833,0.431679,0.394744,0.539804,0.420261,0.540495,0.409723,0.54184,0.281156,0.461904,0.480484,0.516849,0.59644,0.111255,0.155478,0.166236,0.205227,0.507334,0.275721,0.401855,0.276574,0.311403,0.471632,0.577538,0.419778,0.360353,0.611504,0.585207,0.449775,0.225989,0.427878,0.540939,0.42007,0.373903,0.504729,0.519162,0.307102,0.531721,0.264636,0.273237,0.201664,0.221829,0.0,0.290494,0.87186,0.870635,0.431427,0.455096,0.207888,0.420773,0.168017,0.228242,0.401952,0.487669,0.421756,0.382885,0.412033,0.373084,0.473621,0.953946,0.588939,0.275218,0.440637,0.077015,0.222182,0.422894,0.206339,0.235486,0.194034,0.151732,0.226995,0.276741,0.04219,0.16708,0.176924,0.200277,0.267278,0.267042,0.318554,0.251907,0.197633,0.33125,0.336099,0.364757,0.289462,0.370883,0.192921,0.158197,0.305624,0.175135,0.232846,0.291014,0.37965,0.386149,0.335415,0.347106,0.134838,0.29161,0.269109,0.579908,0.559231,0.29717,0.475888,0.523979,0.423785,0.345525,0.326633,0.319374,0.729679,0.176517
sedu_ama5_2023t1-D002_M-03,0.398217,0.353578,0.325416,0.445697,0.735692,0.306165,0.482238,0.393866,0.438235,0.71556,0.253363,0.429763,0.241048,0.312063,0.134334,0.080012,0.180254,0.204281,0.185631,0.052331,0.264439,0.277212,0.475064,0.335095,0.342972,0.434961,0.317017,0.475771,0.551337,0.218134,0.455644,0.284327,0.430806,0.433563,0.146006,0.263605,0.301283,0.240372,0.091935,0.114589,0.226025,0.167963,0.094054,0.296326,0.274919,0.515475,0.545439,0.581948,0.747617,0.432153,0.340636,0.750701,0.79642,0.743203,0.556823,0.386313,0.28349,0.254885,0.268848,0.345444,0.264128,0.235417,0.15718,0.193621,0.147012,0.224752,0.148433,0.2249,0.170029,0.119629,0.395758,0.243629,0.273293,0.450878,0.446022,0.417393,0.42922,0.337596,0.489516,0.475748,0.287558,0.788161,0.47521,0.626524,0.901516,0.370426,0.366301,0.428905,0.330008,0.320752,0.314194,0.261353,0.176043,0.379845,0.132311,0.134037,0.182933,0.098947,0.15204,0.291576,0.355564,0.492802,0.760234,0.824462,0.627938,0.883075,0.416302,0.510025,0.468112,0.393403,0.560723,0.221882,0.360962,0.711071,0.288282,0.36408,0.353653,0.366458,0.315684,0.196551,0.524345,0.232755,0.118646,0.127265,0.230607,0.311131,0.765077,0.452751,0.350619,0.416828,0.474953,0.282383,0.609665,0.717993,0.454606,0.554546,0.466036,0.460839,0.237436,0.568748,0.520937,0.511305,0.385836,0.435454,0.457569,0.401108,0.250269,0.331551,0.292944,0.185389,0.301121,0.182938,0.112675,0.152394,0.338894,0.317041,0.31837,0.212266,0.192116,0.305171,0.358389,0.229727,0.72305,0.769635,0.206841,0.225715,0.313105,0.576564,0.504399,0.899248,0.785578,0.823348,0.307562,0.297336,0.511602,0.456196,0.248432,0.338597,0.487494,0.400487,0.272583,0.260893,0.270624,0.332901,0.19092,0.318373,0.23804,0.338126,0.148737,0.309062,0.38034,0.372159,0.451145,0.126195,0.204977,0.125211,0.151496,0.499098,0.285034,0.353745,0.264113,0.31285,0.450369,0.520538,0.343073,0.283381,0.612748,0.642437,0.395236,0.198352,0.326652,0.227957,0.235928,0.264771,0.199835,0.321627,0.194016,0.32829,0.277838,0.186447,0.203951,0.193225,0.0,0.174017,0.622635,0.772182,0.462153,0.45709,0.205565,0.387961,0.17047,0.405127,0.350343,0.371462,0.28081,0.269383,0.26668,0.291316,0.289821,0.630924,0.240134,0.203437,0.263307,0.111307,0.150587,0.2857,0.126288,0.206165,0.159619,0.103383,0.234751,0.171309,0.03715,0.127489,0.102008,0.140666,0.183745,0.218399,0.300184,0.216125,0.197468,0.251346,0.219749,0.258277,0.211643,0.330518,0.200413,0.181893,0.193132,0.154559,0.190977,0.20252,0.309597,0.301423,0.29784,0.301252,0.058818,0.196713,0.187828,0.516428,0.487237,0.233329,0.289974,0.429846,0.35461,0.296286,0.275842,0.205685,0.732918,0.16272
sedu_ama5_2023t1-D005_M-01,0.382056,0.241981,0.328773,0.358182,0.453233,0.350279,0.713291,0.482542,0.12093,0.386293,0.138862,0.1265,0.148982,0.203406,0.118255,0.05679,0.08091,0.160895,0.283465,0.020027,0.169801,0.208449,0.465585,0.321996,0.341683,0.751976,0.384162,0.552235,0.410795,0.257345,0.403709,0.197489,0.45014,0.141312,0.100701,0.221669,0.196201,0.160499,0.127159,0.020509,0.1173,0.134282,0.067371,0.104373,0.231624,0.488894,0.841441,0.399454,0.448058,0.560256,0.396472,0.450268,0.487587,0.580557,0.711211,0.438401,0.164342,0.229303,0.182598,0.192997,0.163772,0.16287,0.111302,0.14906,0.153438,0.155011,0.096987,0.204758,0.160745,0.051368,0.236782,0.125358,0.201315,0.501108,0.810291,0.524718,0.463265,0.365666,0.337762,0.254217,0.309732,0.43096,0.425642,0.454578,0.351445,0.395262,0.399921,0.489099,0.161899,0.162388,0.240994,0.206723,0.115001,0.256557,0.11991,0.104402,0.101817,0.061759,0.064534,0.177006,0.117932,0.507617,0.677701,0.416329,0.452577,0.429961,0.306958,0.526461,0.492175,0.433886,0.317345,0.336189,0.17971,0.290644,0.166764,0.169553,0.203103,0.21243,0.176438,0.200435,0.196274,0.196183,0.087447,0.050173,0.121341,0.139556,0.465824,0.566027,0.453629,0.429714,0.510905,0.355278,0.397802,0.414021,0.525681,0.51349,0.451225,0.499886,0.267264,0.430737,0.318593,0.409563,0.366204,0.272193,0.341444,0.296454,0.163601,0.180488,0.253973,0.2753,0.168924,0.192971,0.022882,0.126795,0.18208,0.286215,0.141083,0.108308,0.160931,0.141013,0.440895,0.269069,0.406559,0.54329,0.227515,0.203408,0.274081,0.308577,0.348165,0.433137,0.467862,0.499474,0.210807,0.240362,0.320975,0.29019,0.286677,0.30683,0.376664,0.310804,0.201971,0.269853,0.194187,0.292544,0.140125,0.308766,0.184804,0.289994,0.20805,0.292881,0.594121,0.533603,0.421205,0.092792,0.087374,0.10798,0.067154,0.488731,0.219879,0.423711,0.230928,0.219202,0.398082,0.323718,0.317062,0.250685,0.755237,0.792376,0.268074,0.217235,0.254631,0.201173,0.198503,0.258398,0.204863,0.328396,0.180791,0.282168,0.236212,0.102793,0.096159,0.036467,0.0,0.053568,0.346381,0.459058,0.48859,0.561998,0.186115,0.204766,0.146368,0.157893,0.354238,0.24755,0.247571,0.222104,0.253269,0.302279,0.249576,0.231923,0.17571,0.120059,0.342435,0.061691,0.093237,0.05053,0.052148,0.102839,0.080667,0.054774,0.211989,0.167,0.016663,0.110171,0.017907,0.161509,0.307839,0.276477,0.137789,0.270263,0.183575,0.23461,0.172609,0.259482,0.264336,0.3114,0.154922,0.166858,0.208423,0.153188,0.182343,0.144234,0.243475,0.232878,0.158853,0.201805,0.169575,0.145295,0.118638,0.447973,0.399427,0.226683,0.279353,0.202395,0.185916,0.264313,0.197952,0.123036,0.179099,0.068844
sedu_ama5_2023t1-D005_M-02,0.43774,0.319942,0.330766,0.376187,0.489317,0.443109,0.554187,0.447299,0.0,0.289351,0.092381,0.114219,0.137398,0.108211,0.051023,0.276154,0.191169,0.30597,0.133598,0.106212,0.184585,0.341065,0.50495,0.472933,0.305616,0.398417,0.407676,0.374221,0.463634,0.177319,0.365374,0.070633,0.320647,0.26243,0.089973,0.128126,0.086688,0.183845,0.129473,0.120154,0.360774,0.110399,0.156139,0.165555,0.202385,0.608247,0.552308,0.477827,0.402845,0.55571,0.367914,0.55786,0.587663,0.505372,0.517657,0.353447,0.12123,0.133862,0.162194,0.09,0.091208,0.171517,0.150973,0.319824,0.258594,0.085846,0.322041,0.248335,0.094918,0.290407,0.232823,0.106132,0.164102,0.531955,0.827206,0.530395,0.43386,0.448132,0.333543,0.276293,0.521772,0.39435,0.459372,0.415507,0.376047,0.40262,0.290998,0.515962,0.075022,0.108094,0.207639,0.121052,0.096181,0.227762,0.301759,0.07368,0.319116,0.043164,0.199704,0.104934,0.117202,0.556082,0.452981,0.365812,0.434497,0.460847,0.386026,0.53003,0.499454,0.432514,0.28322,0.220356,0.171988,0.194246,0.157457,0.19554,0.165484,0.139224,0.131291,0.115135,0.181815,0.129097,0.302447,0.420054,0.115316,0.098361,0.501608,0.373366,0.526154,0.333049,0.386783,0.210693,0.337162,0.506668,0.626833,0.511514,0.532053,0.535495,0.319574,0.36343,0.19276,0.410518,0.269225,0.155536,0.247646,0.129362,0.117751,0.16827,0.207631,0.323637,0.184476,0.141485,0.058055,0.084386,0.135633,0.552868,0.123626,0.086637,0.215199,0.079611,0.381645,0.299131,0.380863,0.524329,0.17844,0.168477,0.21179,0.194601,0.282189,0.449423,0.403495,0.477318,0.116716,0.062175,0.264279,0.217695,0.172865,0.158154,0.379653,0.236291,0.090282,0.137648,0.126418,0.237328,0.076644,0.250506,0.255174,0.220557,0.179931,0.313409,0.352031,0.276595,0.399968,0.30325,0.145132,0.120752,0.258586,0.607106,0.168864,0.36302,0.442403,0.22578,0.389348,0.33168,0.291693,0.154754,0.602845,0.641958,0.206084,0.158008,0.167767,0.197823,0.165701,0.184056,0.102848,0.301454,0.234759,0.322966,0.381108,0.096047,0.057247,0.017469,0.230123,0.059183,0.351092,0.553027,0.67123,0.551615,0.198556,0.050309,0.132491,0.108328,0.177645,0.161398,0.155952,0.151772,0.141717,0.181269,0.208051,0.287487,0.104831,0.163628,0.404693,0.231184,0.181617,0.070911,0.072343,0.092642,0.155619,0.219985,0.275825,0.064491,0.057026,0.16121,0.028608,0.196196,0.181179,0.217237,0.095547,0.153439,0.154635,0.238982,0.261482,0.160848,0.260861,0.217139,0.310809,0.342703,0.269688,0.136945,0.683373,0.14753,0.180891,0.16922,0.069031,0.144407,0.043432,0.132057,0.055371,0.365151,0.304124,0.152167,0.34811,0.136919,0.14925,0.265734,0.183498,0.126152,0.164897,0.273437
sedu_ama5_2023t1-D005_M-03,0.151928,0.161171,0.272728,0.5,0.188349,0.183351,0.245618,0.216025,0.16777,0.180092,0.117587,0.108563,0.191149,0.118211,0.136959,0.077897,0.045441,0.143127,0.240239,0.095483,0.126233,0.195025,0.218996,0.324456,0.262698,0.243406,0.224098,0.224704,0.229723,0.19998,0.15932,0.155317,0.225478,0.127772,0.193697,0.175756,0.10511,0.115045,0.116079,0.017838,0.003052,0.106955,0.123331,0.067942,0.219621,0.269129,0.199631,0.238553,0.148446,0.199418,0.180056,0.231858,0.225518,0.260092,0.147572,0.177718,0.141693,0.202707,0.163366,0.096816,0.094986,0.113268,0.044853,0.079538,0.146665,0.144849,0.078792,0.103521,0.113389,0.101859,0.128844,0.100689,0.169599,0.385878,0.244832,0.153911,0.115064,0.114012,0.149752,0.112689,0.212989,0.185805,0.151909,0.17714,0.131641,0.129002,0.147455,0.147342,0.14333,0.118517,0.116889,0.109004,0.074134,0.126428,0.133056,0.00766,0.029807,0.161632,0.099615,0.118619,0.079063,0.300002,0.212022,0.139451,0.186492,0.184299,0.274719,0.152062,0.111652,0.213733,0.124758,0.140419,0.119175,0.189372,0.100435,0.072079,0.176111,0.096477,0.085709,0.108744,0.13743,0.121831,0.134218,0.09991,0.127186,0.115705,0.208851,0.135981,0.170961,0.083268,0.229373,0.166752,0.161184,0.179622,0.167322,0.179435,0.184848,0.247021,0.211101,0.114697,0.18333,0.138861,0.143633,0.085638,0.106598,0.138854,0.122554,0.142687,0.117765,0.149706,0.09957,0.12128,0.08008,0.163562,0.047962,0.111717,0.04606,0.137645,0.227117,0.083646,0.126186,0.178608,0.167424,0.212203,0.114098,0.150236,0.166071,0.143992,0.156297,0.193518,0.139336,0.175395,0.077356,0.220253,0.142709,0.093185,0.123916,0.095045,0.115334,0.114442,0.1133,0.195161,0.024976,0.108413,0.089307,0.160117,0.037053,0.114115,0.157091,0.201126,0.151058,0.134317,0.113247,0.117085,0.0,0.114539,0.087354,0.211197,0.103075,0.209185,0.121893,0.040046,0.141232,0.12562,0.162371,0.046215,0.110621,0.115271,0.06329,0.144698,0.094575,0.115152,0.100075,0.171068,0.081526,0.14252,0.141347,0.213123,0.169904,0.10607,0.095602,0.004169,0.084441,0.042511,0.089909,0.14446,0.181285,0.195919,0.152679,0.040116,0.055204,0.087909,0.112408,0.094361,0.100295,0.110333,0.081328,0.118018,0.118362,0.030955,0.137377,0.112796,0.173264,0.079118,0.099837,0.007978,0.059511,0.069344,0.100933,0.120968,0.074231,0.134284,0.037853,0.140047,0.030942,0.122753,0.142619,0.105369,0.067779,0.119912,0.087275,0.139281,0.065944,0.13057,0.178641,0.179621,0.130726,0.136692,0.12969,0.090862,0.085266,0.064245,0.09236,0.059289,0.019735,0.110997,0.088658,0.065425,0.100127,0.108715,0.06004,0.12501,0.145136,0.067383,0.025593,0.111439,0.031209,0.063816,0.059296,0.138179
sedu_ama5_2023t1-D011_M-01,0.149344,0.322813,0.47954,0.317638,0.255254,0.472138,0.245479,0.32569,0.270439,0.136259,0.14835,0.130114,0.204181,0.084903,0.20043,0.190515,0.151697,0.196962,0.298916,0.124183,0.189199,0.281243,0.198866,0.502519,0.473289,0.144941,0.492902,0.345875,0.29081,0.184462,0.042867,0.112291,0.242466,0.161975,0.152957,0.245576,0.164461,0.273898,0.146314,0.057332,0.166146,0.244188,0.048304,0.359268,0.173462,0.257197,0.251616,0.473918,0.306097,0.26207,0.383211,0.352051,0.301466,0.408608,0.220645,0.41679,0.186777,0.212609,0.215482,0.22524,0.089739,0.321722,0.257084,0.219679,0.132451,0.215788,0.135247,0.185706,0.272762,0.158311,0.302108,0.200951,0.168015,0.191093,0.261341,0.444726,0.413802,0.28038,0.246368,0.330473,0.215445,0.34232,0.227661,0.146606,0.244448,0.5,0.396622,0.296977,0.170168,0.203291,0.079801,0.105614,0.173648,0.407265,0.196408,0.152112,0.196602,0.109631,0.173482,0.334676,0.126122,0.194357,0.120547,0.380687,0.446546,0.310895,0.552135,0.215325,0.184008,0.431728,0.3767,0.287561,0.294631,0.431284,0.227676,0.281978,0.266693,0.127197,0.200145,0.154836,0.261689,0.21597,0.231079,0.152035,0.224167,0.200007,0.154828,0.096161,0.218303,0.09902,0.279472,0.147391,0.415444,0.226179,0.372235,0.363817,0.240272,0.5217,0.561616,0.252335,0.433191,0.341954,0.244972,0.093271,0.317322,0.238603,0.103862,0.097342,0.131089,0.139279,0.172924,0.280508,0.049466,0.208856,0.359476,0.267432,0.073973,0.166631,0.310935,0.231511,0.1299,0.334359,0.359955,0.248683,0.084093,0.102556,0.27096,0.42066,0.447483,0.264452,0.366843,0.220057,0.23907,0.083533,0.160735,0.240833,0.315804,0.308859,0.207945,0.284169,0.078358,0.378377,0.118748,0.338438,0.038512,0.302717,0.140822,0.303047,0.232667,0.322566,0.270948,0.26968,0.382641,0.133037,0.168522,0.176127,0.176096,0.314697,0.276223,0.312503,0.730643,0.290265,0.272426,0.41711,0.308981,0.235723,0.145473,0.194809,0.401705,0.134886,0.257466,0.025583,0.129984,0.137296,0.047485,0.219599,0.367316,0.388819,0.312976,0.196834,0.12364,0.044556,0.108734,0.160272,0.293579,0.159824,0.359976,0.29668,0.29087,0.203197,0.117847,0.18889,0.319638,0.296478,0.146715,0.273201,0.323036,0.344663,0.193291,0.279912,0.248054,0.221719,0.304516,0.232043,0.0,0.107685,0.089036,0.124476,0.178884,0.033048,0.181024,0.159131,0.368927,0.113599,0.050555,0.195894,0.186647,0.073408,0.291056,0.148385,0.136285,0.25936,0.251455,0.250161,0.192978,0.378085,0.156248,0.202953,0.299267,0.160665,0.178298,0.030286,0.146671,0.224564,0.24118,0.204206,0.021821,0.12326,0.355528,0.222055,0.275972,0.027593,0.370696,0.05355,0.154869,0.09328,0.068561,0.122905,0.29423,0.10749
sedu_ama5_2023t1-D011_M-02,0.225518,0.65936,0.430211,0.359507,0.275708,0.333304,0.310907,0.271569,0.382974,0.221985,0.19392,0.202197,0.258416,0.104274,0.166146,0.265551,0.174777,0.194014,0.255743,0.229521,0.245227,0.411397,0.274171,0.259414,0.428563,0.254157,0.363547,0.287736,0.354834,0.319796,0.188469,0.168731,0.276547,0.249605,0.132011,0.224688,0.17759,0.165272,0.160252,0.09999,0.174305,0.210901,0.238781,0.384477,0.267468,0.284732,0.316281,0.342485,0.28442,0.213229,0.263523,0.299831,0.315102,0.388349,0.239223,0.329369,0.344657,0.172688,0.231746,0.158595,0.204679,0.272608,0.095291,0.152071,0.223636,0.264959,0.13424,0.229228,0.177159,0.354606,0.298518,0.313253,0.237109,0.27782,0.613648,0.210852,0.2485,0.121292,0.232043,0.223016,0.277116,0.360172,0.464461,0.229988,0.270792,0.305575,0.343227,0.21509,0.275565,0.330649,0.100473,0.125654,0.1946,0.350612,0.204149,0.156382,0.079947,0.149581,0.337714,0.282516,0.157534,0.294899,0.335611,0.469994,0.561434,0.432759,0.594523,0.314789,0.273642,0.306005,0.403903,0.155121,0.323837,0.406758,0.222995,0.259668,0.355092,0.24989,0.234242,0.161893,0.34066,0.219558,0.29135,0.265363,0.286772,0.146983,0.336724,0.296512,0.182539,0.237086,0.260836,0.196646,0.582235,0.59423,0.538621,0.631735,0.334623,0.431311,0.317042,0.263269,0.398104,0.242865,0.253457,0.230189,0.194208,0.164852,0.163161,0.17976,0.236339,0.151025,0.275319,0.215166,0.098706,0.142903,0.310446,0.370138,0.122732,0.150842,0.21302,0.319533,0.173191,0.265939,0.284142,0.181724,0.444666,0.495091,0.484718,0.528928,0.690433,0.379411,0.334815,0.281962,0.360284,0.165655,0.203993,0.212839,0.332691,0.240866,0.311239,0.298923,0.198715,0.230494,0.12668,0.259416,0.078084,0.264227,0.114939,0.212308,0.310656,0.199388,0.188393,0.219605,0.317772,0.217934,0.198063,0.166736,0.247267,0.374085,0.203499,0.321097,0.247291,0.592276,0.143656,0.170672,0.270742,0.133675,0.22372,0.22829,0.489223,0.231759,0.242697,0.031481,0.126566,0.16652,0.08508,0.164103,0.244314,0.314002,0.36941,0.171119,0.384064,0.14352,0.674596,0.13098,0.313087,0.371935,0.341885,0.233287,0.255356,0.282,0.138618,0.258857,0.246803,0.336982,0.091592,0.284787,0.264219,0.294058,0.174553,0.20054,0.242335,0.231821,0.204412,0.305972,0.265085,0.172231,0.10013,0.215624,0.226294,0.15869,0.213815,0.126744,0.220286,0.194146,0.096197,0.157772,0.053417,0.087747,0.352736,0.1724,0.090594,0.292467,0.164395,0.272234,0.171606,0.230744,0.243953,0.261605,0.307524,0.140813,0.115234,0.092298,0.211225,0.19724,0.229651,0.218573,0.055332,0.055526,0.184471,0.32048,0.260392,0.098011,0.280261,0.027816,0.165822,0.243499,0.165263,0.099579,0.283991,0.236524
sedu_ama5_2023t1-D011_M-03,0.187928,0.326613,0.604993,0.199722,0.24268,0.284918,0.273035,0.313113,0.509928,0.598673,0.341547,0.335106,0.518578,0.504369,0.196787,0.072087,0.105249,0.116864,0.199266,0.11025,0.341623,0.168622,0.245379,0.179818,0.540172,0.247387,0.275363,0.238293,0.310685,0.543354,0.196584,0.23057,0.420453,0.257706,0.199433,0.466997,0.505219,0.197999,0.058729,0.031318,0.198521,0.200823,0.097697,0.355653,0.15846,0.179616,0.274195,0.224921,0.333104,0.150379,0.222407,0.249025,0.243761,0.58368,0.242469,0.208352,0.323018,0.460827,0.495677,0.514253,0.584123,0.236757,0.151512,0.12523,0.135576,0.658298,0.097643,0.187842,0.17185,0.132541,0.364753,0.25238,0.15102,0.249356,0.185339,0.191448,0.262185,0.169466,0.177711,0.25268,0.201722,0.325669,0.228269,0.210367,0.292734,0.266279,0.28095,0.158664,0.366995,0.431478,0.535058,0.449455,0.123935,0.516173,0.098387,0.115037,0.147416,0.088596,0.190528,0.257189,0.081012,0.240927,0.186451,0.543649,0.458211,0.320691,0.472388,0.150927,0.104992,0.232309,0.260337,0.099143,0.224313,0.281216,0.170612,0.275779,0.501697,0.488072,0.782491,0.164888,0.595299,0.209655,0.155329,0.113602,0.19685,0.115605,0.213809,0.188024,0.116834,0.194992,0.271667,0.198119,0.673429,0.570317,0.644533,0.668217,0.14846,0.304313,0.179202,0.141956,0.299995,0.342421,0.344402,0.289551,0.396726,0.385632,0.498165,0.235048,0.300687,0.130873,0.652478,0.281595,0.211247,0.340065,0.352889,0.174304,0.300159,0.206694,0.101897,0.266705,0.144575,0.187326,0.271387,0.218901,0.70091,0.598581,0.766481,0.716064,0.710237,0.360744,0.231524,0.236228,0.235573,0.146055,0.254734,0.192089,0.20729,0.132996,0.202096,0.580587,0.392429,0.335947,0.238439,0.319423,0.222525,0.358865,0.184814,0.32571,0.155925,0.252328,0.429104,0.42612,0.255122,0.115749,0.155657,0.120436,0.256283,0.16287,0.337583,0.280538,0.227457,0.574796,0.113029,0.297247,0.259445,0.113104,0.508456,0.291916,0.30106,0.188731,0.326793,0.218361,0.237801,0.308114,0.362944,0.364461,0.222471,0.360719,0.202859,0.331209,0.167205,0.165625,0.0,0.22442,0.308895,0.172856,0.255323,0.196945,0.174219,0.188123,0.202654,0.212542,0.215275,0.432163,0.25025,0.38332,0.238069,0.222007,0.300234,0.315736,0.573195,0.175395,0.240522,0.160322,0.280233,0.299694,0.148247,0.206454,0.197988,0.033021,0.140311,0.338507,0.044132,0.108954,0.109348,0.060721,0.100302,0.135235,0.202235,0.120686,0.13735,0.183035,0.158713,0.234538,0.20873,0.257124,0.149623,0.16299,0.200751,0.1944,0.235944,0.191854,0.132992,0.153248,0.166917,0.248467,0.004993,0.168527,0.263878,0.305236,0.273207,0.251767,0.434089,0.418117,0.360913,0.200366,0.186801,0.251538,0.492628,0.164275
sedu_ama5_2023t1-D014_M-01,0.414655,0.268077,0.358395,0.553022,0.636369,0.338929,0.49359,0.711586,0.157583,0.377824,0.108074,0.121104,0.235243,0.246029,0.270469,0.221003,0.267446,0.493805,0.249881,0.078335,0.183704,0.189152,0.603421,0.56489,0.449197,0.465587,0.530887,0.487605,0.411291,0.238024,0.40799,0.186784,0.432672,0.141024,0.157038,0.2175,0.215645,0.3543,0.324892,0.062625,0.148079,0.229664,0.13421,0.119527,0.182726,0.940258,0.577846,0.551052,0.471764,0.682127,0.348643,0.439652,0.447239,0.568548,0.40856,0.675119,0.144018,0.256947,0.227736,0.202742,0.183049,0.461025,0.3287,0.339912,0.328858,0.199929,0.240708,0.386077,0.228248,0.07658,0.233828,0.142106,0.164297,0.84301,0.692426,0.465212,0.435328,0.354312,0.301699,0.446793,0.293957,0.645887,0.697236,0.466143,0.379601,0.312621,0.396385,0.479774,0.161672,0.187911,0.246762,0.263667,0.300637,0.273396,0.251579,0.236605,0.120788,0.140409,0.1073,0.141106,0.094509,0.847394,0.664599,0.535332,0.473419,0.489117,0.272418,0.491629,0.448624,0.360403,0.298197,0.257592,0.208064,0.265041,0.178635,0.212321,0.226617,0.207478,0.221626,0.338355,0.241658,0.206215,0.101752,0.099042,0.137601,0.225673,0.798132,0.54561,0.522995,0.380393,0.496977,0.307127,0.369247,0.478349,0.470465,0.489982,0.472765,0.494422,0.224708,0.384591,0.297918,0.438424,0.349353,0.268009,0.347549,0.310726,0.211031,0.232464,0.186255,0.226456,0.233945,0.162052,0.089224,0.158444,0.177743,0.284164,0.175901,0.210846,0.088289,0.126506,0.421687,0.191267,0.421381,0.520576,0.18851,0.21174,0.239407,0.303949,0.34944,0.486132,0.494742,0.49998,0.223535,0.20995,0.34098,0.284072,0.268389,0.282945,0.414573,0.353489,0.219079,0.240391,0.214218,0.292452,0.194054,0.436559,0.244061,0.41772,0.158872,0.47576,0.386813,0.276525,0.375116,0.10276,0.073893,0.181562,0.066936,0.467898,0.234818,0.396103,0.204665,0.25011,0.345705,0.351615,0.296252,0.23682,0.376462,0.382564,0.272163,0.192217,0.324268,0.234153,0.359621,0.242526,0.193319,0.312807,0.194023,0.277494,0.289028,0.100564,0.073267,0.077627,0.0,0.222731,0.500656,0.475777,0.530058,0.507373,0.146244,0.181758,0.166961,0.161194,0.294378,0.283455,0.244576,0.231199,0.269494,0.301314,0.379759,0.210184,0.16256,0.291239,0.301038,0.071627,0.150147,0.097826,0.061302,0.121239,0.101164,0.244302,0.216269,0.19531,0.032343,0.125439,0.017506,0.154693,0.212162,0.241501,0.141623,0.21946,0.17379,0.219752,0.166603,0.277944,0.234808,0.273695,0.143284,0.15216,0.498436,0.162209,0.136968,0.147179,0.253377,0.234138,0.122458,0.212633,0.315373,0.15543,0.069315,0.417759,0.372225,0.222229,0.309506,0.181411,0.177185,0.26871,0.212896,0.140446,0.144257,0.125256
sedu_ama5_2023t1-D014_M-02,0.637596,0.318181,0.352435,0.338694,0.508155,0.283605,0.406552,0.584512,0.188695,0.371429,0.21164,0.178442,0.204795,0.221602,0.172503,0.138586,0.147417,0.246321,0.299188,0.206434,0.197016,0.23112,0.658479,0.437879,0.371754,0.422613,0.251195,0.417893,0.324773,0.230485,0.644185,0.243989,0.416712,0.199293,0.174479,0.233338,0.213645,0.185279,0.164906,0.089984,0.21756,0.276652,0.282191,0.1763,0.247201,0.672427,0.518293,0.282604,0.383173,0.407089,0.269159,0.316855,0.441301,0.469282,0.403634,0.306603,0.202287,0.223916,0.222298,0.232579,0.243712,0.170419,0.175419,0.164548,0.179027,0.25356,0.228619,0.199715,0.281801,0.300064,0.286618,0.163707,0.202755,1.0,0.433447,0.423293,0.284792,0.342775,0.239583,0.41091,0.345354,0.325387,0.410207,0.489211,0.344759,0.251698,0.293159,0.474236,0.193221,0.156762,0.255172,0.22314,0.133825,0.264017,0.200896,0.125593,0.193331,0.131048,0.317266,0.153516,0.134203,0.678309,0.369344,0.293364,0.431132,0.443419,0.304555,0.390571,0.354427,0.347359,0.276755,0.208467,0.211238,0.176184,0.149815,0.179772,0.251458,0.253271,0.172771,0.148401,0.189334,0.160756,0.294691,0.319161,0.153057,0.137228,0.443368,0.334974,0.375958,0.386385,0.425448,0.270249,0.284001,0.360609,0.434602,0.392138,0.379694,0.503898,0.24576,0.29767,0.220658,0.420934,0.309544,0.277533,0.330244,0.305132,0.168802,0.243079,0.246049,0.206562,0.221787,0.206276,0.081073,0.186591,0.119862,0.430349,0.211906,0.116677,0.14675,0.185314,0.369203,0.208127,0.405738,0.501135,0.253865,0.199553,0.265208,0.240084,0.239816,0.460668,0.338303,0.450302,0.15907,0.232812,0.340034,0.280902,0.207517,0.178463,0.290832,0.277331,0.200082,0.248553,0.164126,0.267717,0.145539,0.291723,0.180955,0.262553,0.20353,0.19996,0.290817,0.23537,0.333471,0.283674,0.090277,0.131141,0.147199,0.385512,0.184309,0.337363,0.235162,0.242232,0.310707,0.276504,0.219899,0.14349,0.436543,0.469286,0.163096,0.216824,0.26762,0.217792,0.198735,0.212501,0.168881,0.253448,0.128793,0.239631,0.388907,0.180418,0.145962,0.091396,0.11518,0.149152,0.254547,0.44781,0.484387,0.468447,0.192874,0.12831,0.222232,0.17659,0.22974,0.213485,0.194443,0.273015,0.19104,0.203753,0.246824,0.188563,0.211643,0.11492,0.267991,0.241012,0.194399,0.156748,0.111789,0.13505,0.155399,0.0,0.237949,0.108837,0.153505,0.149043,0.083458,0.153115,0.198467,0.200038,0.173682,0.209856,0.140453,0.177685,0.166379,0.221189,0.198715,0.253838,0.33269,0.325301,0.449442,0.184698,0.281019,0.131945,0.159743,0.116574,0.102053,0.119944,0.160336,0.179606,0.177791,0.357233,0.319285,0.25528,0.256129,0.175042,0.166455,0.239382,0.184879,0.097233,0.194081,0.267891
sedu_ama5_2023t1-D014_M-03,0.440184,0.337784,0.311436,0.308806,0.474032,0.36445,0.480892,0.698657,0.193,0.654054,0.242064,0.262618,0.24346,0.311987,0.133663,0.004727,0.140097,0.192437,0.24494,0.047785,0.27322,0.205811,0.965671,0.758478,0.693844,0.447926,0.31886,0.44605,0.36145,0.200121,0.409143,0.155175,0.412198,0.208921,0.163506,0.257953,0.283495,0.22818,0.144344,0.069974,0.213109,0.207929,0.091979,0.213734,0.225398,0.487926,0.599396,0.346918,0.497844,0.435149,0.291628,0.386576,0.489393,0.577316,0.423283,0.351866,0.169285,0.249655,0.313052,0.317828,0.234866,0.273819,0.190448,0.192405,0.201028,0.260045,0.169675,0.219919,0.456799,0.08539,0.342952,0.173183,0.16773,0.508033,0.49788,0.42135,0.402028,0.386804,0.252193,0.50668,0.324788,0.49422,0.449068,0.485214,0.408508,0.309097,0.374484,0.498618,0.217171,0.236051,0.330428,0.244151,0.18518,0.33663,0.139819,0.146209,0.166233,0.081903,0.136163,0.209156,0.098981,0.53783,0.439193,0.435804,0.575875,0.546556,0.373969,0.406203,0.3549,0.378561,0.340435,0.192531,0.39438,0.225991,0.197118,0.276058,0.325218,0.253352,0.26881,0.208776,0.26481,0.226507,0.091123,0.099531,0.168336,0.109824,0.435878,0.812993,0.355431,0.358533,0.500163,0.280255,0.415988,0.476295,0.484085,0.512365,0.435761,0.540555,0.26326,0.371278,0.281174,0.517558,0.418983,0.308353,0.508826,0.440266,0.209113,0.231413,0.280642,0.207066,0.335442,0.236947,0.121187,0.189334,0.234874,0.306148,0.28878,0.156028,0.168238,0.193455,0.367151,0.233313,0.437812,0.506834,0.186503,0.188494,0.279601,0.326783,0.344089,0.531888,0.470253,0.503245,0.209166,0.121981,0.398355,0.284589,0.239972,0.228008,0.379773,0.466181,0.211031,0.25551,0.228763,0.372151,0.246211,0.360936,0.236526,0.319613,0.164687,0.332378,0.43589,0.325179,0.490785,0.087332,0.419371,0.122665,0.179565,0.467805,0.234214,0.375724,0.262345,0.321689,0.650025,0.361094,0.287796,0.194571,0.456165,0.456083,0.291863,0.172618,0.378291,0.266492,0.250752,0.294676,0.186498,0.347408,0.239797,0.330599,0.325496,0.207729,0.147142,0.165779,0.0,0.16775,0.421128,0.476878,0.521097,0.487931,0.216087,0.189583,0.189479,0.19145,0.296857,0.314039,0.298378,0.333021,0.293355,0.258877,0.258882,0.298234,0.248604,0.20617,0.292223,0.082668,0.237744,0.241975,0.155823,0.146907,0.187181,0.056702,0.285068,0.138269,0.036687,0.160811,0.085222,0.152131,0.163385,0.193971,0.193009,0.216686,0.210027,0.19433,0.147947,0.293706,0.196708,0.301732,0.172498,0.156483,0.555382,0.193471,0.202028,0.205834,0.224707,0.19337,0.209176,0.238778,0.085721,0.231097,0.198784,0.469388,0.443897,0.273565,0.349213,0.485843,0.290714,0.318369,0.281012,0.190952,0.488653,0.186977
sedu_ama5_2023t1-D022_M-01,0.103419,0.416464,0.372266,0.188,0.354063,0.413246,0.329146,0.377558,0.045481,0.230333,0.326969,0.257293,0.218824,0.131134,0.188648,0.270377,0.202303,0.180858,0.29433,0.255545,0.229423,0.333206,0.297417,0.367244,0.623563,0.274146,0.383787,0.409394,0.427745,0.353494,0.286522,0.237544,0.340699,0.320947,0.259747,0.24512,0.120785,0.288655,0.279386,0.239292,0.310349,0.278806,0.243213,0.29495,0.352095,0.305249,0.324292,0.377012,0.348199,0.355054,0.90048,0.433561,0.400675,0.450587,0.340784,0.256947,0.840964,0.21459,0.330257,0.238852,0.142887,0.254255,0.360539,0.278425,0.204966,0.213102,0.286736,0.34347,0.283561,0.229163,0.318594,0.191453,0.258743,0.39342,0.36457,0.409444,0.354048,0.309486,0.345226,0.66533,0.249449,0.263993,0.383676,0.318081,0.235584,0.35452,0.289934,0.362283,0.303302,0.203159,0.285082,0.220017,0.259658,0.279424,0.34335,0.550174,0.19638,0.0,0.287849,0.231448,0.179179,0.364978,0.300252,0.294513,0.420281,0.342528,0.400165,0.390126,0.358524,0.671339,0.235032,0.378894,0.260446,0.321091,0.230438,0.25682,0.334994,0.228176,0.206994,0.332321,0.359249,0.25789,0.350572,0.299707,0.247643,0.222951,0.318906,0.235737,0.375533,0.266865,0.361764,0.329679,0.345045,0.321392,0.729512,0.39132,0.397741,0.5,0.319554,0.250536,0.368233,0.32391,0.313937,0.226557,0.275957,0.254057,0.160836,0.249276,0.446002,0.409575,0.308828,0.328583,0.116372,0.193674,0.287467,0.750229,0.18502,0.217989,0.132249,0.208397,0.311126,0.305689,0.348431,0.486172,0.332532,0.257389,0.423192,0.344586,0.368446,0.396384,0.312408,0.424523,0.159919,0.256767,0.291883,0.309111,0.378564,0.296418,0.336964,0.270963,0.19845,0.343046,0.352521,0.396559,0.148441,0.355076,0.315392,0.306479,0.362155,0.362917,0.32223,0.332286,0.359655,0.290093,0.113,0.19266,0.144403,0.41003,0.289557,0.448535,0.26356,0.201145,0.36623,0.428813,0.377656,0.302355,0.350862,0.375721,0.30195,0.347724,0.270205,0.261653,0.383037,0.341236,0.174469,0.40771,0.259904,0.81745,0.461239,0.21588,0.173227,0.064118,0.080869,0.242315,0.64558,0.390276,0.460283,0.464836,0.225514,0.227812,0.327957,0.294194,0.335338,0.409895,0.313272,0.354712,0.331728,0.445921,0.318333,0.488226,0.301589,0.204851,0.4517,0.292471,0.129151,0.231935,0.164808,0.110579,0.116464,0.119087,0.18482,0.14064,0.202807,0.300715,0.169003,0.185594,0.327489,0.314059,0.2477,0.350185,0.274103,0.29741,0.276105,0.314964,0.307507,0.310777,0.356365,0.396015,0.296975,0.259192,0.276896,0.166371,0.215,0.177706,0.180955,0.187325,0.129599,0.197728,0.213896,0.352203,0.324781,0.279857,0.33613,0.279909,0.295538,0.347115,0.388393,0.165721,0.222455,0.343755
sedu_ama5_2023t1-D022_M-02,0.260898,0.294871,0.405634,0.269565,0.435997,0.319383,0.319884,0.271581,0.176329,0.342982,0.233328,0.325527,0.213781,0.248909,0.265655,0.363269,0.627972,0.36458,0.141716,0.268711,0.27421,0.257627,0.533067,0.440495,0.564742,0.514714,0.295215,0.600152,0.35615,0.528818,0.367331,0.35888,0.470904,0.381689,0.189001,0.220186,0.25783,0.246884,0.168254,0.589515,0.24007,0.122749,0.293886,0.264682,0.468443,0.311173,0.410129,0.335273,0.318713,0.262173,0.304293,0.439784,0.331517,1.0,0.406676,0.230392,0.160838,0.240134,0.296466,0.313152,0.18638,0.087871,0.151385,0.126226,0.17359,0.231647,0.231871,0.495601,0.169462,0.285849,0.352861,0.202701,0.252863,0.449451,0.289337,0.254187,0.2304,0.230898,0.260914,0.265483,0.29014,0.237596,0.192105,0.43576,0.323926,0.274348,0.230909,0.312698,0.262651,0.206843,0.239409,0.233471,0.134965,0.26522,0.472299,0.076149,0.258122,0.16166,0.331678,0.2266,0.178897,0.375417,0.273558,0.23081,0.374231,0.388822,0.725892,0.265829,0.282096,0.39898,0.244807,0.290848,0.214589,0.299146,0.149667,0.148564,0.274798,0.224218,0.195712,0.25082,0.222665,0.127354,0.589681,0.250696,0.126803,0.137931,0.325371,0.216484,0.276553,0.14437,0.411994,0.289435,0.346526,0.264396,0.305521,0.300782,0.340328,0.334608,0.368733,0.226277,0.370035,0.319616,0.287592,0.321366,0.313839,0.314036,0.188676,0.198345,0.364737,0.255724,0.1842,0.217998,0.096525,0.197848,0.174781,0.515925,0.265487,0.178106,0.183254,0.214502,0.277315,0.199543,0.327168,0.388783,0.187217,0.273454,0.369739,0.367638,0.475757,0.398321,0.313212,0.361149,0.08495,0.290994,0.299931,0.348668,0.207758,0.153795,0.26784,0.187091,0.174479,0.212526,0.219144,0.286047,0.187193,0.407005,0.241803,0.156432,0.168091,0.24642,0.284155,0.281695,0.227607,0.258714,0.043544,0.139306,0.142445,0.209858,0.119874,0.393028,0.227453,0.125714,0.33114,0.271477,0.28691,0.111955,0.328769,0.36823,0.167892,0.219191,0.315185,0.236001,0.154056,0.254804,0.130065,0.259724,0.211393,0.271199,0.371891,0.20082,0.182915,0.069447,0.107828,0.151489,0.224874,0.229078,0.249208,0.297727,0.173553,0.198365,0.210426,0.188465,0.241083,0.283044,0.190502,0.268054,0.191943,0.224002,0.115286,0.208721,0.180246,0.10342,0.319692,0.268525,0.120873,0.185373,0.121698,0.158871,0.167273,0.016186,0.150381,0.183676,0.168408,0.198594,0.091803,0.160146,0.230635,0.170684,0.211508,0.186353,0.179605,0.252263,0.090381,0.265117,0.194679,0.324801,0.295383,0.318298,0.116155,0.174921,0.146391,0.161985,0.141813,0.086254,0.142732,0.265578,0.0,0.15372,0.133388,0.252206,0.208918,0.258077,0.244047,0.25263,0.184471,0.258769,0.180009,0.170403,0.238354,0.287003
sedu_ama5_2023t1-D022_M-03,0.239581,0.29146,0.449296,0.27993,0.415557,0.302594,0.213875,0.399111,0.080775,0.27151,0.520886,0.46321,0.167133,0.086977,0.139811,0.253587,0.123192,0.190351,0.154534,0.358918,0.221802,0.426258,0.378719,0.448596,0.416663,0.192936,0.251945,0.499016,0.530158,0.54885,0.323539,0.179181,0.311508,0.460033,0.133678,0.168963,0.083685,0.169511,0.241232,0.154453,0.205281,0.141384,0.30166,0.309507,0.258992,0.303518,0.215937,0.310964,0.258417,0.272597,0.24933,0.3355,0.50527,0.387362,0.252744,0.216162,0.574929,0.142472,0.201023,0.16487,0.145328,0.162778,0.148678,0.045568,0.015175,0.267549,0.193584,0.193876,0.179792,0.322187,0.342704,0.262845,0.241272,0.465495,0.304269,0.291347,0.205999,0.163417,0.254383,0.232176,0.452868,0.153254,0.248956,0.294202,0.260247,0.28704,0.243743,0.340543,0.475789,0.201965,0.174901,0.130291,0.120192,0.257556,0.16829,0.345185,0.119399,0.105193,0.361582,0.154349,0.114317,0.381849,0.190262,0.19109,0.223612,0.294436,0.489815,0.268595,0.277483,0.368471,0.336674,0.245848,0.194059,0.349719,0.463153,0.214883,0.228577,0.086102,0.200685,0.255698,0.255684,0.143876,0.334658,0.351015,0.154104,0.084705,0.279165,0.122737,0.270873,0.156575,0.227906,0.312708,0.207675,0.266453,0.296726,0.330682,0.303857,0.444217,0.482287,0.284438,0.318653,0.367458,0.2974,0.083771,0.117044,0.146141,0.204526,0.184019,0.284589,0.219977,0.307001,0.391963,0.062897,0.239592,0.229624,0.441681,0.097738,0.246319,0.159042,0.540464,0.250648,0.49002,0.291734,0.471344,0.19874,0.287013,0.333025,0.255174,0.336087,0.321316,0.281735,0.37465,0.091862,0.225911,0.205518,0.219712,0.248565,0.178966,0.24623,0.212282,0.127922,0.346457,0.15914,0.315105,0.198412,0.200679,0.097121,0.1968,0.315521,0.164928,0.213781,0.211564,0.415216,0.38141,0.118599,0.271374,0.220521,0.283214,0.188046,0.402175,0.209587,0.034568,0.248583,0.345009,0.300135,0.152962,0.213289,0.25644,0.234764,0.279119,0.204802,0.162184,0.12184,0.820179,0.07386,0.231753,0.165032,0.287823,0.5,0.195628,0.070121,0.08669,0.145929,0.170079,0.311934,0.421214,0.372291,0.36608,0.161487,0.181075,0.297869,0.264611,0.194866,0.286879,0.23089,0.285471,0.23118,0.26776,0.12887,0.196324,0.277792,0.127867,0.310808,0.372846,0.216752,0.10284,0.213474,0.161187,0.237218,0.0,0.214407,0.087018,0.244181,0.259003,0.167281,0.167255,0.174508,0.210036,0.200713,0.247917,0.19664,0.317743,0.064911,0.240894,0.271407,0.307703,0.398346,0.443891,0.238283,0.279837,0.189533,0.162206,0.15366,0.107001,0.057364,0.04058,0.005323,0.105306,0.116544,0.290641,0.25083,0.165033,0.180771,0.131214,0.173065,0.14357,0.09919,0.189153,0.175379,0.362907
sedu_ama5_2023t1-D023_M-01,0.185775,0.284158,0.5,0.367884,0.279256,0.329023,0.283114,0.358508,0.290211,0.242504,0.249872,0.307341,0.228006,0.181725,0.254828,0.031747,0.088162,0.159137,0.294883,0.16328,0.284845,0.293883,0.281358,0.400491,0.798563,0.309123,0.337011,0.327506,0.393647,0.334939,0.178338,0.130634,0.265352,0.186785,0.254929,0.217278,0.205608,0.090443,0.181804,0.065482,0.055463,0.264918,0.136814,0.36101,0.273758,0.365958,0.228411,0.328719,0.248631,0.24769,0.322277,0.371337,0.291887,0.401156,0.228425,0.269973,0.210835,0.178122,0.26505,0.290326,0.237139,0.194788,0.087931,0.10847,0.304054,0.28582,0.078627,0.159862,0.858156,0.272229,0.282576,0.293122,0.242404,0.358336,0.24044,0.25027,0.290595,0.178045,0.263225,0.234143,0.290761,0.208697,0.311051,0.218139,0.235256,0.346675,0.228941,0.208551,0.265499,0.19345,0.194567,0.169404,0.182312,0.340454,0.128668,0.137117,0.141943,0.863505,0.190946,0.244479,0.148392,0.277332,0.170763,0.247616,0.298126,0.251977,0.338243,0.210264,0.185529,0.364485,0.26283,0.157082,0.365358,0.281884,0.174083,0.180847,0.280747,0.185384,0.226107,0.153163,0.270249,0.143043,0.234184,0.149118,0.24153,0.177013,0.186999,0.119313,0.191632,0.079769,0.269665,0.217307,0.280017,0.234242,0.2192,0.277215,0.265731,0.38242,0.271678,0.182338,0.276231,0.254615,0.198954,0.157522,0.216833,0.252364,0.250452,0.201316,0.221111,0.141785,0.267543,0.227365,0.034721,0.200735,0.177571,0.209101,0.219549,0.291917,0.177752,0.209968,0.217812,0.222394,0.295472,0.309908,0.100527,0.195346,0.229749,0.266801,0.219902,0.306354,0.260959,0.267854,0.158055,0.136621,0.16306,0.15674,0.222867,0.090194,0.160502,0.292385,0.17271,0.249612,0.164055,0.280116,0.136597,0.224736,0.1,0.157845,0.202165,0.184099,0.226908,0.238218,0.108463,0.194339,0.212228,0.289976,0.286889,0.186257,0.121479,0.345497,0.184897,0.057533,0.193848,0.231086,0.278641,0.052903,0.208599,0.198961,0.26113,0.158283,0.194075,0.145314,0.060995,0.214556,0.113587,0.195555,0.18781,0.299282,0.294423,0.325417,0.115986,0.183412,0.167295,0.230057,0.215967,0.259731,0.276478,0.25362,0.190835,0.152762,0.123399,0.175844,0.193978,0.264634,0.102365,0.277543,0.192072,0.26008,0.113833,0.189218,0.265617,0.130243,0.19877,0.172349,0.285831,0.154317,0.256604,0.173069,0.62729,0.02396,0.316833,0.105426,0.339399,0.230693,0.18388,0.250586,0.089608,0.136225,0.727045,0.159315,0.113578,0.194761,0.155242,0.248895,0.216507,0.312239,0.187282,0.208037,0.224657,0.130199,0.122464,0.19679,0.089967,0.100731,0.135302,0.217323,0.0,0.151043,0.218975,0.276958,0.271743,0.165377,0.162969,0.167758,0.118618,0.120975,0.058189,0.160417,0.168597,0.211796
sedu_ama5_2023t1-D023_M-02,0.083513,0.622344,0.367089,0.241416,0.264253,0.391183,0.358843,0.392136,0.295984,0.169494,0.471735,0.289725,0.251025,0.262535,0.469188,0.176977,0.151164,0.140265,0.27241,0.15951,0.200373,0.44269,0.201706,0.254472,0.417723,0.408697,0.356412,0.451702,0.425926,0.443299,0.162572,0.207739,0.276255,0.246788,0.186569,0.316226,0.312659,0.206222,0.333197,0.182655,0.004773,0.223899,0.167707,0.311128,0.6098,0.191033,0.233339,0.337899,0.259004,0.360269,0.397398,0.480768,0.244474,0.274894,0.223171,0.351294,0.292719,0.297952,0.380191,0.29482,0.192763,0.157833,0.494967,0.215307,0.326787,0.365457,0.0,0.15114,0.380054,0.188734,0.295368,0.50456,0.304064,0.187631,0.53977,0.508557,0.579867,0.589381,0.44696,0.370728,0.340744,0.101023,0.301649,0.167665,0.170053,0.366233,0.523449,0.399645,0.331584,0.354358,0.305508,0.265103,0.225592,0.284678,0.133375,0.302915,0.18094,0.263763,0.147236,0.336483,0.216141,0.162701,0.168066,0.21974,0.247869,0.137751,0.228254,0.363173,0.365983,0.619543,0.456022,0.608474,0.5,0.351058,0.246787,0.149644,0.347631,0.33678,0.191504,0.434805,0.462398,0.270277,0.283409,0.094702,0.193589,0.259005,0.231164,0.198569,0.279206,0.213148,0.379977,0.450031,0.357139,0.131237,0.255996,0.259378,0.260432,0.222317,0.238431,0.387133,0.478749,0.193059,0.379618,0.404674,0.309341,0.396981,0.293961,0.293411,0.37247,0.445602,0.317671,0.346495,0.172982,0.210194,0.245551,0.177949,0.504465,0.459946,0.529704,0.485257,0.385207,0.264814,0.256078,0.326959,0.421959,0.29601,0.323606,0.375697,0.360775,0.249894,0.483881,0.27985,0.223443,0.262716,0.145083,0.241248,0.401983,0.548128,0.255557,0.208979,0.293274,0.403635,0.304006,0.315188,0.354829,0.389945,0.324232,0.297466,0.271819,0.284826,0.311314,0.294231,0.127743,0.221389,0.089987,0.209408,0.222761,0.178302,0.196944,0.403859,0.162284,0.066146,0.654744,0.240501,0.403928,0.683607,0.15282,0.1311,0.392238,0.402528,0.576963,0.393851,0.27961,0.439302,0.335133,0.338056,0.302382,0.419496,0.203927,0.629223,0.485017,0.007413,0.825835,0.197892,0.248261,0.165079,0.189034,0.346248,0.149167,0.356459,0.28307,0.291701,0.450025,0.333665,0.268408,0.343232,0.319568,0.323089,0.302989,0.226457,0.292251,0.092108,0.419597,0.229366,0.047432,0.339394,0.148092,0.231267,0.115644,0.126574,0.171224,0.374177,0.501637,0.281335,0.192435,0.259702,0.292248,0.342048,0.316095,0.352245,0.310998,0.34277,0.292179,0.387842,0.341091,0.351303,0.23508,0.222207,0.122477,0.298625,0.181081,0.273319,0.302429,0.299008,0.199665,0.314596,0.219653,0.293306,0.231753,0.375577,0.605863,0.216759,0.286174,0.704741,0.320542,0.456736,0.380447,0.244624,0.32867,0.569215
sedu_ama5_2023t1-D023_M-03,0.562379,0.528749,0.826039,0.532155,0.353021,0.359843,0.454773,0.366662,0.529442,0.330593,0.259235,0.207095,0.345282,0.262953,0.34558,0.025208,0.09063,0.06756,0.209037,0.061064,0.204733,0.45215,0.40397,0.566502,0.728909,0.448245,0.323757,0.426308,0.452505,0.367906,0.334604,0.270807,0.426306,0.199012,0.167717,0.36841,0.306149,0.314289,0.228657,0.198178,0.08122,0.166321,0.073837,0.229794,0.484875,0.310985,0.405912,0.339743,0.310149,0.334878,0.576854,0.460389,0.360971,0.457222,0.373923,0.45164,0.213313,0.369928,0.388191,0.522299,0.292356,0.135041,0.172584,0.201714,0.29036,0.303541,0.071832,0.194841,0.203282,0.145565,0.317787,0.356591,0.43686,0.401035,0.338794,0.334953,0.31769,0.285492,0.528345,0.308662,0.422229,0.294049,0.244539,0.378182,0.348572,0.361327,0.260846,0.298101,0.284532,0.316217,0.329339,0.320344,0.174436,0.538185,0.100192,0.044553,0.117952,0.14003,0.146033,0.223685,0.337677,0.380838,0.292838,0.308863,0.410255,0.342552,0.301206,0.345039,0.321985,0.741711,0.235001,0.244082,0.430538,0.833095,0.190462,0.152107,0.403249,0.278665,0.327235,0.246182,0.59731,0.292958,0.180699,0.339156,0.076361,0.275694,0.326904,0.272228,0.302901,0.204762,0.3808,0.273132,0.412158,0.27809,0.506794,0.331064,0.316238,0.623112,0.243073,0.228931,0.582512,0.30578,0.551672,0.308355,0.324037,0.337753,0.333026,0.329564,0.313591,0.299555,0.276241,0.202036,0.116904,0.225314,0.248413,0.180871,0.183544,0.111875,0.234657,0.168435,0.324502,0.225745,0.321292,0.401844,0.277489,0.514065,0.317437,0.391452,0.507133,0.370883,0.347469,0.36341,0.12611,0.273557,0.31071,0.536693,0.290598,0.250618,0.270932,0.273346,0.273653,0.322721,0.242562,0.30175,0.261427,0.294605,0.272835,0.252211,0.19821,0.369547,0.328476,0.349626,0.17923,0.170189,0.05791,0.197216,0.141497,0.292038,0.226746,0.42498,0.229311,0.211236,0.340075,0.271446,0.312206,0.218989,0.324717,0.313271,0.27005,0.272401,0.305189,0.256944,0.197452,0.295027,0.229433,0.296248,0.333515,0.434017,0.32079,0.220737,0.365485,0.059529,0.0,0.10726,0.296421,0.268159,0.342871,0.350505,0.160763,0.190945,0.204836,0.208025,0.318062,0.322165,0.225951,0.287236,0.251711,0.327611,0.272228,0.195593,0.318578,0.218702,0.364146,0.124042,0.079261,0.104064,0.032624,0.111623,0.100266,0.077964,0.113416,0.245797,0.055593,0.099498,0.027507,0.21937,0.259085,0.249728,0.241752,0.244011,0.199347,0.253744,0.198021,0.272082,0.346341,0.43421,0.199168,0.218689,0.110803,0.167039,0.170562,0.151559,0.209763,0.193101,0.220269,0.266188,0.131009,0.15816,0.220925,0.335826,0.317555,0.252654,0.369323,0.287662,0.225913,0.253599,0.230119,0.187176,0.207573,0.218448
sedu_ama5_2023t1-D044_M-01,0.314649,0.22269,0.329936,0.385092,0.321858,0.22958,0.439321,0.335749,0.45787,0.450828,0.453326,0.432038,0.495844,0.445227,0.198853,0.257484,0.155444,0.261234,0.372367,0.182372,0.293076,0.282627,0.503082,0.481531,0.466984,0.278352,0.248192,0.291521,0.350336,0.375793,0.245489,0.304229,0.547409,0.435397,0.385486,0.488356,0.418085,0.28783,0.118864,0.148536,0.212884,0.240047,0.130656,0.307431,0.290343,0.335183,0.54938,0.242919,0.283976,0.225779,0.205268,0.295609,0.266657,0.374291,0.540356,0.219398,0.5,0.475227,0.474986,0.414287,0.494672,0.207836,0.165083,0.158923,0.180584,0.56717,0.202726,0.208593,0.27326,0.167091,0.326311,0.276442,0.218671,0.600311,0.706801,0.219888,0.178294,0.182223,0.195618,0.182598,0.273521,0.282448,0.499999,0.318842,0.253875,0.237057,0.593426,0.280615,0.462745,0.459355,0.481152,0.391375,0.187088,0.419042,0.206918,0.155258,0.116765,0.166254,0.186423,0.23948,0.133638,0.520412,0.432259,0.296615,0.2838,0.292547,0.246546,0.190866,0.18234,0.306631,0.236783,0.214629,0.189386,0.261655,0.276003,0.409542,0.510745,0.441184,0.377108,0.195676,0.471622,0.211874,0.118293,0.14547,0.1456,0.175443,0.445826,0.363071,0.232435,0.204917,0.248684,0.276233,0.25353,0.272611,0.284575,0.286158,0.211645,0.289647,0.18035,0.196066,0.291038,0.419553,0.364502,0.244876,0.265407,0.27951,0.454514,0.299601,0.31237,0.210742,0.58683,0.377104,0.132468,0.387216,0.239978,0.233096,0.20221,0.22286,0.257843,0.27782,0.199633,0.161542,0.308874,0.366649,0.150073,0.253612,0.333436,0.240137,0.330529,0.342207,0.285521,0.339239,0.264666,0.636769,0.264615,0.199696,0.188634,0.212279,0.266429,0.535683,0.436515,0.354895,0.257203,0.279293,0.234978,0.310701,0.202775,0.279436,0.221909,0.260429,0.428021,0.39722,0.33551,0.180033,0.149786,0.233551,0.244091,0.253486,0.260275,0.352278,0.169327,0.172679,0.239105,0.361339,0.389681,0.191928,0.798259,0.643121,0.278554,0.222632,0.269353,0.244922,0.174555,0.318653,0.413159,0.435085,0.204146,0.327035,0.287605,0.239026,0.106173,0.155404,0.024178,0.163027,0.346883,0.333695,0.273028,0.294644,0.108648,0.170458,0.139732,0.14738,0.239789,0.385714,0.246746,0.254804,0.253287,0.257452,0.237339,0.408495,0.622289,0.201575,0.280491,0.163799,0.276429,0.125273,0.209816,0.155359,0.173548,0.084859,0.118308,0.351268,0.163058,0.169978,0.165602,0.165818,0.135316,0.17361,0.140293,0.17093,0.169825,0.285306,0.164161,0.209597,0.281913,0.276862,0.256501,0.210654,0.225917,0.157851,0.231364,0.189995,0.175761,0.158149,0.138959,0.161836,0.0,0.040905,0.124041,0.389116,0.33069,0.238333,0.467869,0.191133,0.292494,0.259358,0.186931,0.262726,0.1955,0.203558
sedu_ama5_2023t1-D044_M-02,0.162172,0.193811,0.173807,0.28415,0.137718,0.206892,0.089371,0.179083,0.394487,0.464058,0.784036,0.676488,0.427715,0.367956,0.152807,0.197553,0.233895,0.253882,0.143477,0.193431,0.288379,0.320587,0.091637,0.211441,0.176903,0.115945,0.146125,0.09948,0.22311,0.322199,0.073057,0.168333,0.207449,0.718333,0.863218,0.462721,0.355834,0.218811,0.09748,0.196877,0.179081,0.078482,0.137574,0.448471,0.340498,0.022871,0.050672,0.1293,0.185462,0.055893,0.090363,0.187739,0.102527,0.187751,0.058088,0.006451,0.900134,0.43059,0.456389,0.313881,0.35011,0.104623,0.188196,0.132666,0.073368,0.419588,0.221577,0.10363,0.097812,0.17129,0.442367,0.262699,0.312527,0.10702,0.450165,0.115245,0.10146,0.175845,0.117564,0.111114,0.225318,0.081854,0.207863,0.075642,0.053764,0.132276,0.570043,0.037601,0.793976,0.440414,0.407053,0.245956,0.152539,0.289462,0.152588,0.116725,0.283786,0.177515,0.203992,0.283695,0.290681,0.055488,0.161895,0.270011,0.32445,0.272214,0.279378,0.214495,0.170165,0.194616,0.0,0.129789,0.192486,0.132515,0.795873,0.916506,0.613139,0.529889,0.27201,0.149658,0.325932,0.142198,0.200789,0.143454,0.30105,0.243473,0.229601,0.185347,0.114592,0.235587,0.068595,0.197572,0.081518,0.232726,0.15382,0.256301,0.223691,0.247222,0.120728,0.018916,0.167002,0.705467,0.296075,0.403737,0.290616,0.332781,0.364318,0.53123,0.40761,0.194179,0.340751,0.311212,0.271898,0.5,0.212442,0.163622,0.269051,0.280918,0.31489,0.510113,0.096427,0.123312,0.159814,0.132931,0.225436,0.189927,0.290777,0.08544,0.164653,0.359804,0.23419,0.315133,0.302632,0.16255,0.119658,0.06918,0.121855,0.282655,0.372907,0.388801,0.435361,0.391219,0.30612,0.277212,0.261876,0.3012,0.211153,0.26744,0.167909,0.186,0.26813,0.229593,0.197885,0.251595,0.023344,0.235426,0.295816,0.219696,0.19526,0.167218,0.15533,0.071006,0.119233,0.320062,0.502735,0.33641,0.212612,0.174571,0.38409,0.209281,0.294433,0.317052,0.288044,0.402274,0.334646,0.302573,0.158599,0.2837,0.148037,0.279843,0.087608,0.091549,0.155349,0.204365,0.376889,0.552117,0.162719,0.158939,0.113305,0.277193,0.174276,0.124436,0.266445,0.30618,0.335839,0.29914,0.207473,0.102985,0.25276,0.345508,0.400688,0.189563,0.207867,0.176405,0.14575,0.385592,0.224346,0.333143,0.081361,0.011556,0.095027,0.195936,0.226276,0.255858,0.204859,0.201901,0.148581,0.238332,0.340113,0.084655,0.117329,0.443792,0.2446,0.189621,0.210002,0.223913,0.245547,0.209758,0.064872,0.285315,0.255272,0.156985,0.349385,0.344006,0.292638,0.321838,0.062196,0.178749,0.183349,0.328263,0.316072,0.262121,0.170764,0.694918,0.318379,0.172813,0.208651,0.340702,0.579034,0.225129
sedu_ama5_2023t1-D044_M-03,0.130472,0.193377,0.242211,0.5,0.221805,0.177961,0.259723,0.265542,0.359646,0.185749,0.899779,0.557135,0.362038,0.431527,0.200469,0.135175,0.108818,0.178686,0.353156,0.101413,0.364042,0.251071,0.215391,0.211422,0.259892,0.202193,0.242491,0.1933,0.270666,0.31572,0.131127,0.414955,0.284777,0.314896,0.331385,0.356119,0.450929,0.212815,0.049203,0.068185,0.13175,0.091007,0.069385,0.250167,0.293852,0.263815,0.200058,0.264323,0.237814,0.150697,0.178398,0.195163,0.116119,0.217128,0.173099,0.159896,0.427242,0.317857,0.323173,0.297873,0.517616,0.090296,0.084348,0.079104,0.078171,0.616904,0.221095,0.24062,0.121847,0.035001,0.256364,0.26417,0.239527,0.334115,0.424609,0.131849,0.122639,0.136701,0.170509,0.136535,0.256806,0.089674,0.093123,0.132028,0.097786,0.145247,0.405835,0.086018,0.535039,0.217409,0.2815,0.280766,0.028085,0.35111,0.249093,0.023806,0.161997,0.058479,0.027904,0.285924,0.226979,0.27944,0.273395,0.141826,0.164217,0.169091,0.242694,0.122448,0.092976,0.250292,0.093176,0.227827,0.053928,0.142612,0.250745,0.244693,0.302364,0.474755,0.19596,0.068801,0.278548,0.209388,0.071328,0.023049,0.19483,0.252171,0.283356,0.141062,0.196344,0.105202,0.168479,0.200877,0.199602,0.133671,0.146934,0.112779,0.094824,0.113958,0.211881,0.077484,0.190219,0.164215,0.204703,0.203466,0.210739,0.283449,0.258426,0.314035,0.220784,0.145161,0.316664,0.246419,0.183333,0.535086,0.13349,0.057797,0.192002,0.183857,0.387256,0.401964,0.078201,0.182136,0.209676,0.106497,0.096013,0.136236,0.224828,0.182031,0.163471,0.232237,0.12405,0.116171,0.157723,0.33346,0.140237,0.119692,0.184083,0.084655,0.064425,0.311972,0.518614,0.360149,0.185093,0.174147,0.223541,0.292495,0.093872,0.22784,0.165298,0.161239,0.182189,0.167169,0.159711,0.093104,0.084834,0.175317,0.211833,0.189286,0.146211,0.1917,0.104314,0.060528,0.103356,0.214089,0.287346,0.112466,0.185182,0.101928,0.199662,0.145364,0.174718,0.401505,0.204881,0.268906,0.481944,0.180105,0.129879,0.225747,0.097356,0.262689,0.197332,0.076741,0.0,0.13208,0.076892,0.083289,0.089902,0.14095,0.201247,0.171008,0.017391,0.060872,0.209362,0.241133,0.20959,0.198742,0.201595,0.167733,0.204089,0.153581,0.63214,0.100378,0.230684,0.051414,0.204442,0.186779,0.128024,0.20904,0.109513,0.136725,0.071171,0.292358,0.02005,0.030078,0.075958,0.184272,0.27337,0.138983,0.197392,0.181304,0.124924,0.304573,0.081936,0.201553,0.239537,0.22113,0.162624,0.087569,0.144415,0.053633,0.12033,0.165096,0.147143,0.140365,0.135532,0.244592,0.139401,0.205416,0.218435,0.203859,0.173855,0.303381,0.221265,0.15541,0.14966,0.193655,0.1168,0.287406,0.173489,0.168281
sedu_ama5_2023t1-D060_M-01,0.200322,0.308662,0.437887,0.426217,0.352372,0.354094,0.313305,0.247843,0.154677,0.220797,0.240815,0.213423,0.278878,0.148303,0.308235,0.679935,0.716836,0.718519,0.271188,0.216527,0.231031,0.344734,0.326842,0.486023,0.791999,0.339495,0.32363,0.294342,0.331106,0.282642,0.252673,0.176935,0.317741,0.214365,0.13252,0.274589,0.160443,0.298908,0.389606,0.22655,0.277343,0.228764,0.23556,0.308043,0.360916,0.317409,0.309214,0.345565,0.219658,0.259379,0.285911,0.338392,0.358229,0.395231,0.227,0.189792,0.203077,0.281148,0.305424,0.201572,0.149428,0.274556,0.316529,0.320194,0.397991,0.256399,0.257927,0.325889,0.278257,0.229455,0.282168,0.227297,0.306361,0.425836,0.290165,0.288021,0.233117,0.25527,0.248181,0.251663,0.308282,0.343419,0.29008,0.292887,0.309552,0.305089,0.239729,0.27535,0.229589,0.264987,0.163571,0.18065,0.289549,0.307697,0.313902,0.542251,0.651268,0.257674,0.285799,0.230797,0.192118,0.356013,0.242154,0.266892,0.377109,0.292384,0.342022,0.263791,0.274374,0.762103,0.216314,0.204076,0.342671,0.310251,0.20981,0.215312,0.314684,0.181002,0.191009,0.303531,0.295756,0.328193,0.315706,0.264282,0.183779,0.207083,0.261339,0.210991,0.307409,0.194678,0.328258,0.265279,0.29259,0.255868,0.365567,0.284034,0.332294,0.404802,0.254559,0.187919,0.309298,0.271172,0.328637,0.166551,0.218469,0.173704,0.23581,0.204605,0.223732,0.311722,0.212193,0.257696,0.198969,0.229672,0.208148,0.789768,0.175378,0.260356,0.201725,0.248328,0.288512,0.244008,0.255769,0.373274,0.194695,0.264955,0.344522,0.281461,0.329535,0.303921,0.333589,0.35902,0.099933,0.148403,0.135951,0.185019,0.207056,0.133341,0.250506,0.205264,0.162445,0.26425,0.154374,0.244577,0.17182,0.285841,0.243264,0.22924,0.286991,0.442909,0.228139,0.249782,0.254427,0.27236,0.153664,0.217758,0.260253,0.331452,0.212966,0.381831,0.272727,0.253048,0.222417,0.286149,0.333138,0.138862,0.232463,0.277089,0.211295,0.233906,0.240058,0.225862,0.199249,0.303825,0.129389,0.280813,0.5,0.373385,0.359024,0.255402,0.231287,0.179498,0.188782,0.189994,0.294181,0.273964,0.343438,0.373434,0.186098,0.118354,0.253938,0.227466,0.231858,0.212989,0.141774,0.205937,0.166958,0.253873,0.223143,0.276598,0.221513,0.254661,0.42487,0.264383,0.145181,0.132838,0.196759,0.180252,0.179405,0.226334,0.2113,0.186792,0.228897,0.265646,0.217187,0.197046,0.208953,0.184876,0.179203,0.185696,0.314953,0.308958,0.256916,0.207141,0.379662,0.249937,0.272079,0.313535,0.222032,0.283717,0.264782,0.216635,0.118173,0.106329,0.148236,0.742108,0.0,0.160422,0.150254,0.21296,0.154644,0.273113,0.434583,0.269714,0.163414,0.224382,0.207208,0.21874,0.211229,0.2767
sedu_ama5_2023t1-D060_M-02,0.126347,0.298113,0.428146,0.346325,0.280889,0.340174,0.387222,0.326275,0.082733,0.134592,0.113506,0.080019,0.240983,0.102577,0.640612,0.077711,0.102097,0.132345,0.170736,0.006327,0.152434,0.248769,0.318583,0.723445,0.733651,0.393621,0.314584,0.34531,0.375861,0.302519,0.202555,0.101854,0.233627,0.173442,0.066497,0.249688,0.137497,0.288002,0.867672,0.045584,0.163187,0.134733,0.05619,0.154217,0.268403,0.369292,0.355206,0.309771,0.188258,0.281571,0.325063,0.363152,0.343468,0.385913,0.1862,0.192575,0.175483,0.249789,0.282576,0.194664,0.161514,0.164214,0.276559,0.316447,0.80287,0.175965,0.192273,0.227376,0.118129,0.07996,0.241287,0.101679,0.250909,0.402844,0.314773,0.301106,0.213755,0.158354,0.236264,0.244654,0.309942,0.296497,0.247764,0.222075,0.216748,0.282287,0.616349,0.258135,0.172091,0.197514,0.220777,0.191099,0.679019,0.347616,0.219116,0.123581,0.174379,0.025513,0.109948,0.149156,0.124757,0.37034,0.255195,0.218475,0.347301,0.22099,0.202193,0.289345,0.266004,0.715796,0.546349,0.181659,0.315272,0.28442,0.195295,0.167663,0.297278,0.189214,0.202217,0.690989,0.262452,0.334339,0.17747,0.065519,0.114402,0.116856,0.586417,0.216976,0.280638,0.191338,0.312542,0.218976,0.274218,0.171231,0.32786,0.240241,0.32119,0.41112,0.14571,0.133858,0.309233,0.210115,0.299474,0.133393,0.21455,0.125595,0.264877,0.64758,0.629943,0.674706,0.197498,0.137602,0.070582,0.180221,0.140018,0.177099,0.056448,0.08729,0.072615,0.10709,0.276155,0.172774,0.1964,0.390733,0.196823,0.216359,0.277076,0.237541,0.269121,0.23352,0.217544,0.297354,0.037687,0.049995,0.101996,0.117251,0.195338,0.627367,0.233172,0.174488,0.163487,0.271308,0.138052,0.274336,0.108067,0.28487,0.230044,0.242654,0.261748,0.424413,0.224319,0.298497,0.09593,0.162483,0.025305,0.114633,0.043058,0.29283,0.133835,0.362286,0.218624,0.154011,0.197156,0.263349,0.292689,0.084292,0.197321,0.223934,0.168885,0.217187,0.173948,0.246281,0.155535,0.263872,0.138025,0.282854,0.397402,0.413187,0.263097,0.113829,0.055565,0.038503,0.0,0.11191,0.253111,0.210768,0.305864,0.358959,0.057165,0.060366,0.211654,0.165423,0.190182,0.224357,0.592248,0.207523,0.107331,0.173297,0.228707,0.535705,0.189104,0.22934,0.396017,0.109958,0.042119,0.047884,0.070239,0.024185,0.081832,0.118469,0.498711,0.168569,0.036567,0.582231,0.056049,0.058468,0.222712,0.211471,0.064712,0.145337,0.197616,0.243801,0.160374,0.201324,0.356982,0.244625,0.122747,0.20223,0.172833,0.173855,0.185676,0.112208,0.081326,0.088958,0.119834,0.124346,0.029838,0.087008,0.098783,0.23361,0.168851,0.176012,0.378038,0.207432,0.072116,0.178134,0.143812,0.131541,0.107014,0.124323
sedu_ama5_2023t1-D060_M-03,0.208244,0.23465,0.648757,0.30573,0.342043,0.324215,0.334843,0.581931,0.400321,0.423428,0.117843,0.181029,0.49021,0.37345,0.3922,0.098638,0.155119,0.102715,0.305117,0.143831,0.184323,0.142538,0.205569,0.235591,0.715178,0.325652,0.277131,0.307393,0.208485,0.264954,0.183836,0.247564,0.462549,0.106643,0.17073,0.397562,0.432118,0.114188,0.251168,0.16084,0.07466,0.335119,0.117185,0.368488,0.017302,0.260311,0.217234,0.257268,0.298348,0.250997,0.299985,0.243086,0.231701,0.359071,0.268437,0.662128,0.093086,0.374207,0.398027,0.360687,0.432919,0.261056,0.207968,0.142158,0.75815,0.549365,0.035693,0.21614,0.704375,0.122514,0.258877,0.258583,0.04934,0.181695,0.179874,0.237717,0.4045,0.370453,0.209304,0.518248,0.217889,0.392567,0.34476,0.310631,0.334096,0.318212,0.71942,0.273535,0.170157,0.329515,0.432793,0.384808,0.18671,0.464442,0.125902,0.253758,0.168876,0.72785,0.185418,0.210379,0.0,0.14988,0.152153,0.357963,0.53953,0.302772,0.207876,0.263879,0.225335,0.273421,0.561359,0.262701,0.427997,0.325688,0.057832,0.151777,0.384114,0.292925,0.395967,0.220013,0.605061,0.261124,0.172386,0.135287,0.204657,0.094805,0.238916,0.150305,0.201854,0.242711,0.291652,0.273104,0.385139,0.290046,0.333751,0.313561,0.510977,0.380188,0.126684,0.479888,0.335,0.242524,0.203016,0.248237,0.345421,0.37496,0.430215,0.105083,0.162735,0.214749,0.448682,0.089339,0.16988,0.102277,0.192704,0.224578,0.435007,0.458011,0.251547,0.462373,0.262191,0.13942,0.260472,0.238804,0.176743,0.264548,0.200479,0.249295,0.355741,0.322982,0.336986,0.289128,0.272142,0.174678,0.741205,0.332226,0.360565,0.159007,0.180757,0.535808,0.27425,0.175332,0.488376,0.498926,0.154518,0.248655,0.057849,0.168541,0.18076,0.295437,0.423271,0.398475,0.147334,0.138239,0.169719,0.049159,0.273817,0.237784,0.187686,0.263643,0.115847,0.179417,0.221025,0.333971,0.313561,0.155791,0.561884,0.335518,0.419282,0.138875,0.280843,0.060558,0.03144,0.242758,0.287942,0.31174,0.5,0.389285,0.635772,0.556523,0.151524,0.167971,0.128049,0.13348,0.267716,0.156284,0.382516,0.333615,0.167225,0.301416,0.197779,0.195996,0.38024,0.296257,0.114995,0.726586,0.486959,0.528727,0.139229,0.456454,0.379456,0.126883,0.337106,0.502783,0.18019,0.130187,0.095103,0.164665,0.12008,0.153084,0.242479,0.310356,0.216086,0.093436,0.076851,0.150232,0.14433,0.131483,0.326356,0.166248,0.186184,0.248041,0.137816,0.295203,0.15703,0.194927,0.139459,0.17682,0.188849,0.223631,0.138127,0.220139,0.202748,0.273553,0.169301,0.323065,0.046196,0.117733,0.226929,0.354969,0.362027,0.208363,0.476454,0.427212,0.143135,0.240721,0.161304,0.107207,0.260296,0.606058
sedu_ama5_2023t1-D106_M-01,0.123,0.385551,0.345204,0.226455,0.22595,0.457122,0.242547,0.215425,0.172191,0.279995,0.207461,0.213288,0.225434,0.123609,0.492667,0.07733,0.118731,0.12541,0.158859,0.016481,0.169826,0.217188,0.161857,0.299346,0.307833,0.167161,0.252309,0.226147,0.306383,0.232946,0.077724,0.080779,0.166613,0.196498,0.140339,0.260729,0.203263,1.0,0.508388,0.150078,0.384664,0.066586,0.0,0.224617,0.224001,0.214359,0.186854,0.263438,0.171781,0.434511,0.402173,0.326271,0.292976,0.215691,0.142712,0.195632,0.179927,0.176879,0.25239,0.353031,0.144315,0.369693,0.732676,0.823079,0.460218,0.221563,0.220867,0.254914,0.302795,0.118548,0.193889,0.170208,0.173936,0.135982,0.206044,0.236412,0.268969,0.231455,0.296043,0.250077,0.247587,0.359406,0.21185,0.083005,0.195925,0.332985,0.227904,0.22092,0.213172,0.165144,0.216711,0.24287,0.699295,0.572451,0.28531,0.303529,0.215588,0.228772,0.07032,0.219641,0.178213,0.15016,0.13558,0.305883,0.273758,0.126723,0.224224,0.204024,0.190376,0.283822,0.209785,0.246806,0.292772,0.227373,0.194154,0.155479,0.232423,0.214846,0.288701,0.487265,0.379615,0.454434,0.121468,0.042437,0.155088,0.191975,0.200583,0.150571,0.363914,0.100473,0.171084,0.137264,0.275619,0.117425,0.324753,0.233352,0.189404,0.434405,0.188493,0.219308,0.24372,0.159585,0.209346,0.175264,0.286418,0.181394,0.27176,0.351542,0.270224,0.443449,0.405834,0.322916,0.199148,0.253324,0.461952,0.162477,0.063405,0.177527,0.175733,0.126131,0.197194,0.171764,0.14292,0.244675,0.102478,0.348599,0.188061,0.235826,0.219652,0.14632,0.242538,0.216183,0.081787,0.1068,0.054088,0.137686,0.2274,0.153728,0.134317,0.231265,0.332995,0.280305,0.260588,0.37288,0.281407,0.341348,0.2801,0.326699,0.505092,0.434548,0.248686,0.355022,0.434129,0.14499,0.145928,0.18439,0.1436,0.248031,0.214903,0.304428,0.222308,0.388543,0.189626,0.186008,0.274953,0.127253,0.127317,0.109723,0.266484,0.185259,0.162718,0.336633,0.265816,0.275464,0.309549,0.500997,0.392826,0.472512,0.189648,0.330268,0.205675,0.145805,0.055333,0.314922,0.565761,0.252375,0.22944,0.26529,0.110726,0.120277,0.123907,0.204252,0.144094,0.279318,0.173917,0.212733,0.192164,0.231618,0.301886,0.370497,0.283836,0.464426,0.383471,0.11184,0.063398,0.192869,0.273804,0.149779,0.156794,0.192473,0.134669,0.191977,0.11252,0.374724,0.194482,0.237041,0.174794,0.179078,0.172578,0.187466,0.217124,0.227056,0.545384,0.234843,0.279481,0.269839,0.168661,0.130338,0.254375,0.145369,0.128899,0.236692,0.123951,0.124961,0.174373,0.199667,0.054798,0.170327,0.175657,0.284487,0.253101,0.180854,0.375608,0.379144,0.36177,0.209377,0.177355,0.232022,0.387349,0.17982
sedu_ama5_2023t1-D106_M-02,0.106289,0.26218,0.620447,0.235192,0.254179,0.292561,0.221134,0.198122,0.125967,0.16285,0.255064,0.274591,0.318142,0.136114,0.306717,0.074428,0.116763,0.148518,0.27279,0.116964,0.159964,0.242067,0.227534,0.279746,0.553904,0.146214,0.260976,0.184486,0.276016,0.207903,0.095629,0.104711,0.177149,0.261798,0.211222,0.270631,0.215185,0.40374,0.218345,0.114974,0.192289,0.262936,0.135216,0.240946,0.174985,0.283615,0.240127,0.285236,0.223698,0.203317,0.21256,0.26818,0.258135,0.245052,0.148702,0.467448,0.250176,0.20473,0.297811,0.226709,0.181578,0.281315,0.328055,0.309585,0.196759,0.301564,0.157866,0.237189,0.273508,0.216785,0.178784,0.193351,0.076138,0.245335,0.236074,0.166824,0.254096,0.176412,0.17764,0.192894,0.18149,0.244595,0.371551,0.178048,0.249609,0.289109,0.322519,0.206692,0.245115,0.294549,0.272282,0.314559,0.26605,0.572045,0.226594,0.23917,0.103195,0.091676,0.224858,0.132606,0.0,0.241028,0.16321,0.258014,0.381831,0.233075,0.262978,0.155342,0.145314,0.29834,0.53874,0.198746,0.205475,0.282749,0.123354,0.184373,0.306995,0.223946,0.330759,0.237208,0.940804,0.27483,0.251293,0.430186,0.281659,0.059659,0.234892,0.179657,0.158459,0.080168,0.226726,0.17042,0.275884,0.247572,0.263447,0.243089,0.207114,0.336062,0.154297,0.208992,0.288016,0.24581,0.317271,0.222045,0.281729,0.257173,0.253046,0.277832,0.229351,0.191701,0.5,0.399169,0.311833,0.353769,0.336942,0.25072,0.043019,0.322012,0.071873,0.163515,0.147008,0.128221,0.148879,0.22672,0.094594,0.471826,0.196773,0.215422,0.525567,0.233656,0.27566,0.235917,0.186957,0.08625,0.142269,0.454579,0.29256,0.149922,0.24056,0.324302,0.283014,0.261466,0.319803,0.35615,0.299804,0.280875,0.261848,0.249848,0.284535,0.27621,0.266471,0.227965,0.29825,0.190586,0.064114,0.099147,0.124573,0.261611,0.231945,0.359268,0.160643,0.146244,0.170438,0.22924,0.22161,0.10204,0.133536,0.127652,0.344692,0.156889,0.297426,0.219865,0.167887,0.283234,0.198075,0.269607,0.303079,0.389294,0.342655,0.141537,0.074111,0.064697,0.115176,0.285248,0.369313,0.203265,0.284501,0.250722,0.113851,0.183453,0.227917,0.213891,0.17167,0.453529,0.221972,0.356347,0.29065,0.319475,0.2158,0.218098,0.338173,0.264568,0.385251,0.230313,0.079692,0.003327,0.073347,0.162416,0.091149,0.129918,0.161815,0.248783,0.184946,0.227439,0.053231,0.176195,0.095916,0.129555,0.207364,0.119464,0.173571,0.232874,0.261268,0.271141,0.25091,0.238132,0.208142,0.202852,0.255882,0.167924,0.104032,0.132174,0.154016,0.157025,0.06858,0.196597,0.003244,0.077218,0.152521,0.267825,0.259228,0.175335,0.378834,0.222314,0.234664,0.196156,0.112313,0.258906,0.256051,0.23559
sedu_ama5_2023t1-D106_M-03,0.376237,0.584387,0.680474,0.487081,0.253399,0.361047,0.236309,0.210314,0.114516,0.161227,0.152442,0.185418,0.116108,0.043059,0.223785,0.084127,0.0916,0.071988,0.290441,0.188318,0.185631,0.203723,0.202375,0.536451,0.925623,0.141781,0.27026,0.271299,0.223888,0.196229,0.10626,0.110177,0.163012,0.206098,0.06112,0.18115,0.093304,0.165197,0.203067,0.080957,0.094279,0.225897,0.161657,0.305405,0.154266,0.188351,0.18453,0.265049,0.163389,0.197297,0.606511,0.264849,0.248295,0.30115,0.187099,0.173793,0.127861,0.130922,0.230439,0.389487,0.083791,0.176818,0.133742,0.092368,0.262322,0.142695,0.041705,0.161129,0.299432,0.185294,0.306338,0.204529,0.140184,0.20361,0.164113,0.236751,0.218735,0.246576,0.222206,0.307124,0.220992,0.180935,0.24605,0.17852,0.173101,0.336182,0.255541,0.242588,0.120369,0.232916,0.134785,0.074614,0.144185,0.24434,0.094826,0.261853,0.10369,0.171538,0.218088,0.225361,0.083485,0.182039,0.091351,0.228124,0.321305,0.211264,0.324316,0.205706,0.170375,0.708636,0.233777,0.289961,0.479797,0.565999,0.085781,0.09933,0.263233,0.052628,0.112633,0.226345,0.206735,0.203134,0.245503,0.18933,0.148967,0.095371,0.13491,0.042162,0.262265,0.150684,0.231789,0.254848,0.317602,0.192404,0.561273,0.239796,0.281127,0.74932,0.213789,0.199839,0.619674,0.133535,0.537387,0.094636,0.157225,0.161179,0.038921,0.041611,0.223256,0.242065,0.16652,0.189905,0.068565,0.027031,0.174881,0.296468,0.172626,0.187967,0.11729,0.202434,0.180184,0.227886,0.178024,0.302681,0.190338,0.252567,0.328638,0.279596,0.317208,0.23243,0.224517,0.264029,0.267042,0.124705,0.136242,0.252096,0.267572,0.185106,0.065924,0.139682,0.044603,0.175541,0.078632,0.185941,0.052939,0.166586,0.054501,0.155829,0.248348,0.252044,0.172465,0.20986,0.187453,0.219883,0.150971,0.118531,0.180817,0.281054,0.171658,0.331271,0.228375,0.178692,0.292449,0.331693,0.323428,0.194376,0.267867,0.287337,0.29267,0.208343,0.191236,0.000475,0.11502,0.197205,0.014393,0.201279,0.5,0.359824,0.314439,0.164368,0.173608,0.123541,0.040309,0.144615,0.177476,0.195057,0.298167,0.290033,0.214306,0.240685,0.181662,0.166206,0.372397,0.170588,0.126509,0.190117,0.151158,0.274543,0.126391,0.204967,0.159336,0.173939,0.413983,0.256955,0.094395,0.130671,0.091908,0.059869,0.125942,0.083533,0.153012,0.0,0.158259,0.114809,0.08191,0.163033,0.163469,0.150648,0.299636,0.244301,0.253267,0.252595,0.1076,0.20786,0.261994,0.288658,0.288215,0.328144,0.231839,0.208034,0.199438,0.173382,0.082358,0.109699,0.187705,0.241205,0.053111,0.108817,0.232369,0.320539,0.354193,0.152116,0.371093,0.152682,0.122474,0.188077,0.236212,0.048344,0.294498,0.33203
sedu_ama5_2023t1-D114_M-01,0.172509,0.250236,0.41244,0.43597,0.188859,0.339479,0.333743,0.322554,0.232376,0.219546,0.234442,0.213738,0.228132,0.09023,0.280835,0.126608,0.094727,0.16124,0.5,0.080594,0.219258,0.247753,0.266556,0.432525,0.700511,0.283178,0.379473,0.282438,0.262038,0.266185,0.083225,0.18312,0.253488,0.241084,0.154954,0.208718,0.1347,0.144191,0.227886,0.0,0.14996,0.427951,0.076525,0.283523,0.206682,0.375439,0.260977,0.360293,0.18976,0.265067,0.320452,0.254486,0.20397,0.287818,0.167452,0.226058,0.190228,0.150967,0.144901,0.176495,0.205987,0.304638,0.201539,0.189561,0.370133,0.245608,0.180514,0.285542,0.898239,0.073015,0.189846,0.241215,0.172586,0.307947,0.219499,0.223994,0.258192,0.250626,0.194967,0.131053,0.243587,0.339159,0.345533,0.181887,0.144349,0.346351,0.199747,0.220977,0.214541,0.163178,0.130986,0.087563,0.217895,0.282077,0.231256,0.12215,0.140272,0.900817,0.11257,0.198533,0.095545,0.325305,0.262144,0.260223,0.337513,0.283222,0.275047,0.223653,0.155977,0.581049,0.114848,0.184364,0.30418,0.202356,0.109284,0.130957,0.191191,0.138536,0.180936,0.167052,0.203828,0.194196,0.086882,0.059218,0.121394,0.113469,0.243553,0.206445,0.230471,0.05879,0.221158,0.130024,0.271794,0.287147,0.257027,0.277325,0.250969,0.262781,0.209231,0.140559,0.221264,0.113282,0.166547,0.076839,0.157292,0.123784,0.153941,0.139767,0.152861,0.361351,0.1564,0.609475,0.122276,0.156463,0.181287,0.155294,0.16164,0.196999,0.114359,0.23729,0.131367,0.200459,0.272912,0.284219,0.112204,0.138801,0.185198,0.251344,0.215642,0.26089,0.30779,0.292193,0.246517,0.212563,0.175517,0.162495,0.17182,0.081338,0.06568,0.16692,0.118128,0.137036,0.079286,0.148787,0.052004,0.148919,0.016267,0.122037,0.190147,0.204448,0.170239,0.169421,0.15855,0.06849,0.156467,0.12369,0.251835,0.208862,0.139547,0.305032,0.232747,0.094635,0.245573,0.152351,0.170863,0.060594,0.150458,0.179373,0.201461,0.11399,0.138466,0.045184,0.021991,0.165125,0.109058,0.135929,0.295659,0.286903,0.18842,0.180246,0.132965,0.165323,0.057123,0.069971,0.405118,0.521347,0.732688,0.792875,0.210373,0.164816,0.086182,0.075871,0.280373,0.182918,0.036895,0.136159,0.145323,0.211945,0.098732,0.13345,0.224027,0.202947,0.234228,0.100696,0.184994,0.02999,0.11159,0.133512,0.138026,0.151635,0.25584,0.11139,0.168259,0.090617,0.027118,0.229572,0.133562,0.117469,0.222657,0.167655,0.118146,0.417211,0.475306,0.138635,0.522081,0.173768,0.115578,0.108269,0.193878,0.104356,0.17939,0.141548,0.047538,0.07208,0.115018,0.255877,0.058817,0.06685,0.180995,0.17629,0.164975,0.248003,0.253342,0.035253,0.050798,0.188393,0.083727,0.080762,0.194794,0.166302
sedu_ama5_2023t1-D114_M-02,0.442205,0.449365,0.616315,0.413756,0.396638,0.300204,0.342028,0.302957,0.170588,0.290784,0.229706,0.153928,0.145549,0.057939,0.258369,0.101403,0.084331,0.116581,0.321261,0.120855,0.12793,0.213912,0.395139,0.452308,0.60418,0.25251,0.342862,0.366578,0.30343,0.204277,0.226943,0.238267,0.3235,0.225228,0.039136,0.187281,0.106681,0.076761,0.062496,0.000419,0.105131,0.32496,0.154722,0.20421,0.167397,0.321531,0.338535,0.326242,0.342867,0.337029,0.536779,0.353625,0.361326,0.439554,0.300863,0.417123,0.150959,0.14259,0.175915,0.338357,0.140578,0.197188,0.048698,0.048421,0.132263,0.22275,0.0299,0.244427,0.551123,0.170566,0.172075,0.14124,0.139546,0.317934,0.317622,0.332621,0.341777,0.247197,0.288666,0.288085,0.176632,0.331989,0.342577,0.310359,0.235557,0.404634,0.298609,0.353511,0.175673,0.174584,0.167698,0.107849,0.051567,0.268037,0.094335,0.133856,0.134435,0.87497,0.214587,0.140635,0.059864,0.330939,0.286172,0.293261,0.415961,0.415007,0.411107,0.336849,0.30487,0.356062,0.23488,0.391398,0.610462,0.503523,0.044744,0.135438,0.205605,0.06913,0.164959,0.116944,0.194729,0.117977,0.189922,0.173916,0.116668,0.052959,0.345615,0.251985,0.283756,0.174912,0.277996,0.137825,0.357576,0.360174,0.513483,0.366452,0.353982,0.536892,0.295861,0.329693,0.516274,0.199952,0.332238,0.085644,0.14009,0.114647,0.052522,0.078883,0.188749,0.11833,0.144742,0.159446,0.016451,0.025348,0.210849,0.316794,0.070292,0.098395,0.00435,0.11844,0.249318,0.256836,0.334019,0.302866,0.22446,0.185982,0.18088,0.363534,0.334196,0.385864,0.328664,0.30032,0.308005,0.33761,0.25666,0.327837,0.348414,0.247241,0.113775,0.138393,0.073026,0.151753,0.142614,0.116075,0.0,0.079902,0.047189,0.065416,0.146773,0.156971,0.158511,0.201752,0.140821,0.15587,0.190208,0.03362,0.133952,0.218629,0.248667,0.348346,0.24087,0.115867,0.321734,0.313948,0.222381,0.145063,0.234071,0.267143,0.345207,0.206965,0.097849,0.011298,0.038888,0.131861,0.077513,0.120085,0.170034,0.190314,0.335157,0.126322,0.165187,0.160984,0.082829,0.043818,0.184981,0.325428,0.341902,0.268846,0.296181,0.229107,0.132842,0.155556,0.308062,0.226384,0.111263,0.159927,0.106224,0.293105,0.048608,0.190279,0.172929,0.131849,0.260458,0.193813,0.046421,0.034367,0.024623,0.176731,0.084078,0.0066,0.233035,0.090294,0.192708,0.008306,0.006056,0.219477,0.181962,0.197257,0.342836,0.303348,0.147972,0.197359,0.139846,0.174059,0.2409,0.308585,0.219255,0.23849,0.171284,0.15491,0.065332,0.158866,0.161024,0.163584,0.147988,0.256366,0.076198,0.036959,0.195244,0.28279,0.250975,0.204683,0.187884,0.063178,0.101367,0.194057,0.196235,0.033972,0.285708,0.249407
sedu_ama5_2023t1-D114_M-03,0.135759,0.310288,0.452985,0.336788,0.313846,0.375805,0.343084,0.362583,0.15484,0.235266,0.175373,0.123801,0.187753,0.004704,0.362967,0.074107,0.49284,0.450302,0.441255,0.078169,0.135297,0.342355,0.303275,0.445839,0.428498,0.306566,0.412532,0.406575,0.310847,0.291325,0.168037,0.10848,0.264675,0.155048,0.101719,0.20588,0.067733,0.20358,0.288858,0.448448,0.210637,0.435221,0.076384,0.30483,0.244266,0.297006,0.276251,0.323663,0.283519,0.333976,0.407517,0.323888,0.375955,0.378058,0.253417,0.397483,0.062269,0.177456,0.278058,0.170782,0.105169,0.396974,0.312226,0.205111,0.278693,0.215343,0.157198,0.391556,0.903378,0.127069,0.174045,0.238147,0.159712,0.299799,0.234956,0.334581,0.375502,0.350772,0.25203,0.335073,0.226675,0.38058,0.291446,0.192488,0.264715,0.395675,0.363778,0.362341,0.082764,0.275902,0.134431,0.240522,0.226379,0.271715,0.241324,0.073059,0.010436,0.944459,0.172692,0.204921,0.14099,0.296064,0.278902,0.314357,0.474966,0.261514,0.410884,0.307959,0.222874,0.282856,0.315522,0.319972,0.770771,0.459175,0.010482,0.064885,0.289448,0.077129,0.217692,0.294696,0.295253,0.270984,0.209051,0.128485,0.128792,0.178144,0.218621,0.225002,0.27123,0.187606,0.296561,0.2152,0.471074,0.243417,0.353745,0.354892,0.289077,0.308504,0.383138,0.289268,0.411631,0.133031,0.261431,0.102474,0.192789,0.151881,0.138636,0.124815,0.273684,0.241941,0.199648,0.164914,0.146846,0.100147,0.28541,0.250567,0.0,0.121366,0.162224,0.155673,0.225673,0.377349,0.297363,0.31708,0.286956,0.235943,0.251318,0.402158,0.436174,0.278738,0.358994,0.373523,0.245445,0.207272,0.199178,0.255223,0.314386,0.297887,0.115939,0.209625,0.168243,0.176102,0.162803,0.259542,0.13175,0.238029,0.219651,0.23381,0.254325,0.322164,0.201402,0.260944,0.193133,0.139202,0.272759,0.150034,0.156934,0.223646,0.212748,0.362519,0.281767,0.202718,0.294834,0.276219,0.256421,0.324499,0.191431,0.216342,0.310641,0.279936,0.152709,0.076733,0.176763,0.185131,0.125136,0.181671,0.398956,0.360716,0.262229,0.169802,0.250509,0.232,0.594982,0.159465,0.315282,0.203265,0.334407,0.317711,0.363444,0.282338,0.199627,0.217934,0.891853,0.227434,0.108152,0.276455,0.276698,0.401421,0.230204,0.19226,0.225689,0.19953,0.307297,0.220541,0.014939,0.058409,0.180418,0.658472,0.090814,0.19159,0.366725,0.23531,0.230895,0.165083,0.1377,0.34805,0.208806,0.265269,0.280013,0.344131,0.310125,0.179793,0.214488,0.256606,0.358284,0.24437,0.129265,0.235347,0.219328,0.739933,0.219251,0.230532,0.169293,0.205814,0.197867,0.308586,0.085025,0.151984,0.232697,0.227402,0.269139,0.217305,0.359327,0.15959,0.128436,0.261984,0.245754,0.054751,0.247225,0.197528
sedu_ama5_2024t3-D022_M-01,0.219626,0.226456,0.238163,0.276968,0.266969,0.311452,0.189889,0.198815,0.018004,0.176703,0.148475,0.221084,0.057788,0.0,0.115893,0.120066,0.103206,0.12708,0.932259,0.178136,0.369884,0.358431,0.285067,0.293717,0.268745,0.098234,0.503685,0.229851,0.133436,0.083545,0.177413,0.04926,0.165751,0.157195,0.179431,0.072461,0.024891,0.153342,0.131739,0.123175,0.145225,0.60336,0.204334,0.393217,0.282399,0.362882,0.198878,0.464454,0.461339,0.275378,0.186914,0.14449,0.340332,0.231555,0.178977,0.281299,0.140969,0.032561,0.165262,0.100666,0.006698,0.294782,0.170907,0.1669,0.095723,0.14209,0.174543,0.14225,0.545744,0.225798,0.311358,0.417404,0.270378,0.33303,0.243285,0.282377,0.316409,0.246893,0.17945,0.254859,0.129956,0.264169,0.556938,0.178481,0.260141,0.281024,0.363397,0.484576,0.142261,0.194688,0.05573,0.047526,0.241127,0.150557,0.200857,0.460214,0.145605,0.310301,0.22845,0.314841,0.27385,0.29884,0.212578,0.255672,0.312516,0.253176,0.345577,0.246986,0.220032,0.200455,0.408556,0.14792,0.209071,0.200313,0.115981,0.103377,0.181564,0.088007,0.340781,0.282768,0.212614,0.057214,0.22568,0.162455,0.411548,0.318958,0.19471,0.246377,0.266649,0.176065,0.333399,0.31539,0.260222,0.251653,0.254099,0.300164,0.431658,0.329094,0.345862,0.277561,0.186286,0.23584,0.274461,0.131834,0.161633,0.199979,0.358388,0.067854,0.16799,0.140522,0.152224,0.250737,0.125898,0.216865,0.272015,0.475815,0.136696,0.423663,0.487314,0.455986,0.235268,0.374873,0.255479,0.242951,0.076996,0.178776,0.259958,0.158616,0.220351,0.262938,0.239474,0.272888,0.123498,0.147001,0.066442,0.099335,0.198692,0.160748,0.152877,0.199981,0.072866,0.145876,0.061027,0.134796,0.069822,0.134146,0.112041,0.187005,0.340021,0.102911,0.120569,0.150276,0.358015,0.223775,0.407681,0.506717,0.396335,0.279257,0.241758,0.246668,0.333819,0.091119,0.080475,0.131888,0.238318,0.15127,0.171197,0.187253,0.175658,0.24769,0.032297,0.094614,0.122016,0.246711,0.045845,0.163468,0.095838,0.083804,0.228965,0.366126,0.360436,0.355762,0.28588,0.411661,0.223823,0.203723,0.312569,0.306926,0.36373,0.176132,0.241419,0.343188,0.154139,0.123979,0.112097,0.152498,0.101677,0.174655,0.160669,0.135742,0.128767,0.150099,0.193455,0.225501,0.22626,0.286034,0.415673,0.296365,0.322498,0.291119,0.559376,0.138376,0.240001,0.370275,0.403503,0.243944,0.147508,0.213034,0.257061,0.204374,0.253871,0.166875,0.184464,0.157224,0.338422,0.167177,0.210691,0.224259,0.290075,0.312021,0.210848,0.322779,0.101368,0.079848,0.323264,0.228706,0.102839,0.34556,0.329747,0.252251,0.253609,0.163178,0.150858,0.11814,0.164963,0.247553,0.191156,0.123079,0.342667,0.25745
sedu_ama5_2024t3-D022_M-02,0.139819,0.255133,0.394408,0.471461,0.165649,0.291155,0.240089,0.287986,0.153227,0.113533,0.056843,0.064189,0.173251,0.005427,0.379961,0.12917,0.416547,0.37961,0.5,0.025017,0.181541,0.260124,0.202283,0.467432,0.429156,0.161636,0.221774,0.228657,0.226279,0.218914,0.043071,0.020724,0.131007,0.052846,0.087991,0.194095,0.105536,0.27618,0.312774,0.207346,0.132176,0.423798,0.039743,0.304262,0.194112,0.342708,0.151699,0.170473,0.137855,0.187927,0.286336,0.203445,0.208014,0.246003,0.154766,0.198243,0.034091,0.109575,0.199275,0.19231,0.14659,0.556316,0.33837,0.275732,0.338711,0.246912,0.231572,0.378153,0.472693,0.137415,0.175886,0.215972,0.157989,0.148179,0.152514,0.229268,0.259697,0.278562,0.17788,0.162934,0.25323,0.472773,0.308921,0.13151,0.122537,0.309916,0.227385,0.160343,0.061114,0.125772,0.130738,0.127394,0.306051,0.214983,0.335433,0.442307,0.35537,0.476555,0.158127,0.227004,0.136672,0.166589,0.128625,0.366013,0.371105,0.217231,0.317284,0.204188,0.130108,0.25865,0.127942,0.156691,0.35705,0.186564,0.033058,0.079133,0.232656,0.111177,0.182091,0.279539,0.180423,0.109674,0.135314,0.086883,0.185753,0.145326,0.147042,0.153276,0.192588,0.131637,0.222893,0.074358,0.301119,0.193773,0.256959,0.23316,0.238129,0.259342,0.259843,0.143804,0.225213,0.130195,0.137034,0.082907,0.175322,0.159586,0.064732,0.067835,0.192935,0.144716,0.177494,0.16505,0.090419,0.047644,0.19092,0.172467,0.201864,0.222821,0.198035,0.201263,0.187853,0.223111,0.208707,0.177339,0.191974,0.13169,0.193792,0.232678,0.187376,0.230519,0.226332,0.212791,0.151001,0.059501,0.118318,0.181676,0.184399,0.151331,0.084154,0.146327,0.106293,0.158107,0.131418,0.170401,0.033824,0.165437,0.019734,0.146061,0.259503,0.361217,0.147261,0.166738,0.0221,0.096785,0.248324,0.134907,0.271697,0.1388,0.096368,0.225911,0.236589,0.019698,0.209098,0.136287,0.188815,0.02086,0.187462,0.168161,0.225173,0.14083,0.113137,0.004431,0.065639,0.099825,0.090663,0.102695,0.174885,0.158628,0.159808,0.305814,0.216258,0.192373,0.334392,0.161797,0.272836,0.075669,0.230788,0.172864,0.29824,0.212933,0.004345,0.085004,0.296477,0.167692,0.121649,0.174143,0.158965,0.250402,0.114018,0.159544,0.176871,0.296143,0.246496,0.119293,0.074732,0.142567,0.163192,0.470782,0.076713,0.152735,0.233674,0.133235,0.277366,0.088904,0.084788,0.278617,0.144381,0.154479,0.305778,0.211488,0.136703,0.126776,0.178587,0.222288,0.213969,0.203148,0.112679,0.119303,0.096767,0.145468,0.732415,0.206824,0.131618,0.12437,0.156894,0.208961,0.048967,0.131478,0.314232,0.214425,0.149547,0.241421,0.2816,0.01285,0.095854,0.225638,0.131275,0.020489,0.26865,0.193256
sedu_ama5_2024t3-D022_M-03,0.191296,0.274279,0.335993,0.463167,0.25041,0.364348,0.376165,0.750544,0.117273,0.315468,0.125399,0.134103,0.195776,0.20292,0.066061,0.078238,0.031768,0.131352,0.910302,0.081376,0.226756,0.205909,0.72376,0.653972,0.691923,0.465703,0.424343,0.668515,0.71182,0.295802,0.110482,0.21387,0.351771,0.184745,0.164281,0.198425,0.208322,0.129559,0.072967,0.007805,0.152749,0.301894,0.123203,0.216324,0.350729,0.296707,0.299158,0.416257,0.273227,0.359652,0.400926,0.658809,0.58633,0.389431,0.234204,0.607357,0.18241,0.179476,0.204721,0.186528,0.255372,0.273922,0.021634,0.09519,0.102929,0.25907,0.133469,0.266355,0.54741,0.066064,0.288012,0.218138,0.134306,0.307428,0.358386,0.318509,0.307321,0.238531,0.58129,0.775793,0.24281,0.361099,0.380235,0.185548,0.180638,0.368366,0.30779,0.241745,0.186967,0.143023,0.243334,0.219025,0.056213,0.300938,0.195822,0.046879,0.027326,0.195558,0.130002,0.243784,0.094133,0.348261,0.326295,0.338044,0.363276,0.361533,0.682804,0.333748,0.263937,0.284194,0.226401,0.325899,0.391732,0.332286,0.115231,0.156797,0.204078,0.193201,0.214943,0.10332,0.254168,0.127058,0.095067,0.066597,0.170092,0.137482,0.313519,0.473401,0.331757,0.165971,0.272123,0.246375,0.344272,0.401754,0.358761,0.409438,0.393352,0.254914,0.65667,0.301576,0.346033,0.207541,0.173236,0.14728,0.196799,0.19227,0.154129,0.132389,0.171572,0.151374,0.192959,0.219797,0.06282,0.071967,0.212835,0.205115,0.083521,0.165791,0.317773,0.128517,0.195738,0.363836,0.295971,0.313987,0.2089,0.205726,0.286784,0.306104,0.631397,0.323156,0.296455,0.325885,0.24761,0.273674,0.255084,0.249371,0.250917,0.209408,0.171749,0.22596,0.192115,0.217253,0.135185,0.501379,0.348266,0.786216,0.071798,0.260427,0.239215,0.216249,0.276826,0.279828,0.273789,0.102559,0.393948,0.152338,0.155695,0.326691,0.165377,0.411929,0.310796,0.122758,0.637794,0.309028,0.34132,0.148682,0.250872,0.212615,0.227351,0.208213,0.211219,0.072156,0.11841,0.230015,0.19422,0.286705,0.167442,0.225646,0.51259,0.187826,0.11878,0.053516,0.061062,0.070438,0.272008,0.301409,0.332926,0.300539,0.381257,0.221217,0.0,0.113893,0.338847,0.193027,0.19242,0.185017,0.218054,0.267784,0.194466,0.17436,0.237372,0.139365,0.2981,0.109167,0.275787,0.065124,0.105096,0.193461,0.222366,0.101833,0.163188,0.172628,0.371967,0.068034,0.028267,0.274163,0.289641,0.267583,0.253849,0.302386,0.178451,0.248374,0.191246,0.247828,0.535834,0.26595,0.169003,0.174676,0.682908,0.079917,0.241262,0.146891,0.258823,0.215991,0.186373,0.338328,0.087657,0.111087,0.174896,0.300263,0.214816,0.329452,0.216319,0.151218,0.149675,0.325016,0.205187,0.166238,0.542103,0.20745
sedu_ama5_2024t3-D023_M-01,0.31045,0.224741,0.4624,0.472067,0.160722,0.309239,0.361795,0.292878,0.328799,0.287906,0.245532,0.23874,0.370987,0.124244,0.313405,0.018895,0.027547,0.106539,0.5,0.0,0.197795,0.358907,0.557264,0.748526,0.689022,0.52142,0.270008,0.494315,0.838105,0.32093,0.120723,0.133757,0.33781,0.247749,0.136693,0.307953,0.164912,0.19644,0.210949,0.057008,0.143987,0.464085,0.04642,0.336738,0.335489,0.232291,0.268241,0.258021,0.171548,0.240338,0.262577,0.737202,0.629515,0.252267,0.15856,0.221323,0.268842,0.282784,0.191173,0.186293,0.251467,0.296304,0.215012,0.210067,0.273494,0.381754,0.296149,0.243999,0.679397,0.063259,0.21017,0.116255,0.167663,0.222563,0.21682,0.209181,0.255586,0.328211,0.679287,0.578852,0.27146,0.379633,0.425244,0.149932,0.337422,0.27771,0.221206,0.176157,0.25608,0.14227,0.177731,0.210489,0.188367,0.299911,0.312639,0.142088,0.137766,0.363353,0.096571,0.30378,0.110921,0.273964,0.254766,0.308362,0.372052,0.244021,0.495309,0.228287,0.17549,0.363884,0.158169,0.151788,0.508428,0.269872,0.240276,0.25439,0.211882,0.195461,0.270942,0.162464,0.502937,0.342929,0.102965,0.091335,0.047202,0.104999,0.238589,0.415584,0.203043,0.157838,0.205603,0.156844,0.29942,0.240027,0.282577,0.228624,0.253024,0.271527,0.46158,0.15041,0.271635,0.163109,0.147453,0.1299,0.208458,0.163203,0.261982,0.262669,0.343487,0.297694,0.158449,0.461008,0.171875,0.131438,0.173099,0.155052,0.14902,0.116347,0.277053,0.503399,0.183744,0.222058,0.168913,0.275668,0.255949,0.213897,0.232096,0.267539,0.465229,0.218536,0.26336,0.280088,0.121565,0.151158,0.185987,0.183875,0.175671,0.207238,0.167441,0.174618,0.185423,0.345544,0.171186,0.253108,0.143856,0.484861,0.106171,0.253077,0.156044,0.283067,0.295792,0.247493,0.141638,0.120343,0.290128,0.205486,0.181126,0.179381,0.153577,0.30975,0.315871,0.198718,0.551233,0.140502,0.157009,0.183594,0.191417,0.201595,0.171346,0.169766,0.229678,0.203245,0.172319,0.179506,0.190105,0.198641,0.225874,0.266813,0.534302,0.161195,0.090979,0.067186,0.041058,0.077542,0.428652,0.382598,0.5988,0.610135,0.302451,0.126093,0.05717,0.117387,0.235785,0.234378,0.178641,0.223764,0.176596,0.192669,0.242539,0.141077,0.365769,0.71524,0.252767,0.088226,0.268625,0.090612,0.07477,0.129388,0.057247,0.167634,0.190528,0.167493,0.07461,0.110898,0.032883,0.272023,0.190446,0.236483,0.209599,0.18034,0.12027,0.297852,0.461741,0.166757,0.573941,0.239491,0.097394,0.128607,0.124461,0.153297,0.215803,0.130996,0.140803,0.139798,0.147146,0.231829,0.180157,0.100405,0.120236,0.143817,0.142516,0.282226,0.251048,0.115484,0.133117,0.224489,0.130774,0.127864,0.358008,0.124484
sedu_ama5_2024t3-D023_M-02,0.295068,0.337058,0.432617,0.483718,0.447028,0.337357,0.487354,0.450033,0.226446,0.379665,0.321798,0.254202,0.34859,0.291781,0.278286,0.194396,0.192159,0.212045,0.237933,0.198509,0.293096,0.249858,0.453389,0.454417,0.461054,0.501824,0.294927,0.455638,0.449937,0.415629,0.419117,0.350999,0.496631,0.26287,0.332553,0.2437,0.24818,0.34907,0.226464,0.198934,0.272887,0.242497,0.231952,0.264909,0.312624,0.398223,0.484416,0.355827,0.387242,0.394995,0.29597,0.442677,0.418019,0.548468,0.381485,0.347462,0.314808,0.290461,0.330845,0.302353,0.351659,0.216387,0.275528,0.239541,0.265062,0.391108,0.251368,0.370444,0.220151,0.177551,0.391341,0.203497,0.267524,0.585177,0.429077,0.359044,0.404509,0.384694,0.321471,0.295091,0.407045,0.445783,0.438446,0.496093,0.410878,0.296093,0.368336,0.38932,0.379356,0.253862,0.346835,0.29797,0.190864,0.315224,0.22883,0.078982,0.225699,0.221909,0.250232,0.169155,0.145009,0.530894,0.37869,0.401862,0.551095,0.467917,0.34642,0.38543,0.399993,0.452908,0.342975,0.206236,0.291053,0.333743,0.176678,0.234126,0.306927,0.300551,0.383131,0.27893,0.408947,0.179762,0.21754,0.216531,0.110967,0.138312,0.428301,0.316284,0.349482,0.235408,0.483615,0.462045,0.399985,0.420953,0.418443,0.43043,0.422755,0.562082,0.257959,0.299307,0.387645,0.456059,0.439233,0.374156,0.392451,0.394664,0.420765,0.432865,0.2691,0.265697,0.404779,0.368307,0.384309,0.360548,0.220685,0.587793,0.249881,0.201083,0.174324,0.19436,0.440621,0.262556,0.376602,0.577347,0.212779,0.313813,0.379627,0.294138,0.362931,0.472225,0.449649,0.502021,0.137501,0.267313,0.335033,0.278711,0.254681,0.197503,0.452609,0.376249,0.241888,0.306493,0.284581,0.336973,0.264097,0.281512,0.263881,0.216816,0.213235,0.33634,0.34506,0.302633,0.404535,0.270206,0.06568,0.147266,0.219336,0.434761,0.283882,0.469774,0.334597,0.185471,0.294267,0.323177,0.27452,0.180746,0.397503,0.417138,0.208841,0.287431,0.33773,0.381525,0.178652,0.36732,0.203871,0.275988,0.307676,0.375025,0.318758,0.24833,0.121566,0.114674,0.046167,0.143013,0.430279,0.373374,0.518158,0.544888,0.278174,0.205847,0.313379,0.239222,0.259731,0.4552,0.283103,0.303176,0.20351,0.284209,0.213619,0.168542,0.278202,0.257552,0.427337,0.208553,0.283926,0.197635,0.160757,0.232881,0.177116,0.185713,0.269859,0.227741,0.158627,0.203221,0.097628,0.178037,0.284932,0.279129,0.219616,0.252999,0.198753,0.252055,0.23622,0.248181,0.344625,0.338613,0.228929,0.269441,0.194616,0.279323,0.214537,0.245802,0.171325,0.152881,0.1668,0.275712,0.0,0.13385,0.112562,0.346636,0.300039,0.942902,0.338199,0.216077,0.26254,0.258347,0.189479,0.348878,0.186023,0.25827
sedu_ama5_2024t3-D023_M-03,0.228945,0.25164,0.436115,0.411104,0.541766,0.293429,0.485989,0.30203,0.206552,0.248916,0.200361,0.143984,0.232959,0.147396,0.244491,0.10394,0.106972,0.582008,0.5,0.149172,0.178062,0.409326,0.758047,0.791951,0.793229,0.540919,0.28196,0.606116,0.665286,0.2924,0.208833,0.194369,0.288618,0.175843,0.067843,0.21951,0.172362,0.184686,0.19448,0.259314,0.148215,0.419544,0.19604,0.218789,0.386168,0.283012,0.309224,0.280387,0.246687,0.248296,0.2839,0.625664,0.600194,0.369515,0.234257,0.255945,0.167877,0.201628,0.218931,0.243804,0.191227,0.291368,0.164765,0.168591,0.231426,0.250334,0.134094,0.249376,0.733211,0.185962,0.251197,0.444819,0.132963,0.319612,0.226679,0.242537,0.219807,0.231191,0.524708,0.496503,0.271152,0.336003,0.358009,0.244111,0.459597,0.295995,0.250928,0.27579,0.231465,0.163076,0.184402,0.166723,0.156066,0.518248,0.171475,0.121367,0.085973,0.396655,0.215785,0.157829,0.065612,0.321794,0.242219,0.256711,0.37435,0.345523,0.609893,0.240501,0.210018,0.582906,0.49214,0.265145,0.731047,0.82334,0.108479,0.166493,0.236034,0.151676,0.228772,0.206498,0.252192,0.196851,0.216955,0.203308,0.091121,0.064306,0.254292,0.415425,0.239538,0.125821,0.29213,0.210204,0.326794,0.285898,0.300519,0.289148,0.316292,0.296547,0.576259,0.504864,0.557265,0.257139,0.220007,0.153346,0.212993,0.19024,0.184594,0.141048,0.205421,0.372568,0.177246,0.573963,0.129242,0.09616,0.221864,0.596249,0.107778,0.140572,0.154694,0.174449,0.201221,0.272867,0.259794,0.311281,0.200481,0.173789,0.29409,0.300042,0.755762,0.319073,0.276996,0.313816,0.413444,0.185472,0.193636,0.47212,0.502952,0.188322,0.159858,0.204459,0.134987,0.186257,0.112536,0.232776,0.101781,0.450486,0.106068,0.199955,0.206857,0.313165,0.235958,0.277585,0.173538,0.176665,0.399808,0.110471,0.150862,0.174269,0.146013,0.34744,0.259291,0.120328,0.613977,0.531505,0.439289,0.120792,0.228762,0.239332,0.430505,0.236641,0.22486,0.102734,0.121047,0.208692,0.112195,0.253715,0.275269,0.309631,0.300211,0.186105,0.110811,0.169638,0.439142,0.090839,0.435915,0.476784,0.64063,0.719462,0.312994,0.396064,0.376622,0.404548,0.264224,0.219021,0.120529,0.20426,0.197831,0.273519,0.118628,0.171367,0.193111,0.15727,0.253149,0.21413,0.445285,0.079545,0.110493,0.12165,0.126308,0.104821,0.255619,0.146493,0.17164,0.151546,0.060923,0.529955,0.149991,0.171112,0.665762,0.226426,0.154839,0.381459,0.403355,0.241392,0.47359,0.234596,0.199609,0.248786,0.197999,0.137813,0.170148,0.217157,0.110672,0.104925,0.090829,0.216267,0.0,0.066315,0.160625,0.192597,0.188682,0.242744,0.652828,0.121369,0.117136,0.231661,0.164783,0.107446,0.421944,0.236125
sedu_ama5_2024t3-D024_M-01,0.167684,0.254419,0.472096,0.366631,0.317372,0.32683,0.354852,0.378392,0.224182,0.214038,0.185374,0.18476,0.274448,0.264777,0.238598,0.046275,0.110013,0.1585,0.5,0.072413,0.25902,0.223729,0.304894,0.39962,0.481611,0.385428,0.274644,0.380271,0.409326,0.392821,0.226293,0.198523,0.289788,0.115027,0.168027,0.250336,0.252961,0.175656,0.171859,0.139144,0.129066,0.424992,0.127497,0.249992,0.256229,0.263141,0.300856,0.249939,0.271704,0.256592,0.329611,0.430448,0.314257,0.444992,0.243184,0.276446,0.185407,0.26643,0.259329,0.324646,0.267962,0.217111,0.134645,0.11764,0.220133,0.271614,0.089462,0.201927,0.732329,0.153951,0.345513,0.163939,0.199394,0.292875,0.227399,0.28129,0.266774,0.290026,0.264454,0.25191,0.300364,0.344656,0.387629,0.268242,0.137395,0.264196,0.22645,0.239444,0.260155,0.127011,0.258464,0.241253,0.089133,0.317481,0.117412,0.167943,0.247186,0.871394,0.149593,0.20584,0.117864,0.264575,0.183478,0.238475,0.413279,0.328795,0.380816,0.280582,0.222356,0.346063,0.158341,0.275761,0.388504,0.257076,0.149637,0.204284,0.264004,0.236695,0.271683,0.173714,0.248156,0.141688,0.209506,0.161312,0.121524,0.100374,0.262756,0.158147,0.232745,0.168757,0.31094,0.223606,0.263551,0.269356,0.3188,0.297917,0.326432,0.381025,0.305203,0.193212,0.336051,0.310662,0.204252,0.236002,0.346614,0.291233,0.26096,0.238301,0.248245,0.331383,0.18385,0.423413,0.056096,0.144006,0.183634,0.230679,0.268617,0.195816,0.166649,0.211222,0.258235,0.246163,0.250923,0.317169,0.223817,0.163392,0.27922,0.252615,0.277224,0.323974,0.205746,0.305685,0.161221,0.202561,0.253091,0.260672,0.297886,0.243651,0.265249,0.227403,0.233498,0.277173,0.206685,0.397681,0.187279,0.375756,0.195091,0.251151,0.137517,0.34418,0.401022,0.317281,0.054184,0.192847,0.095526,0.09101,0.215411,0.143533,0.081887,0.373935,0.230538,0.156722,0.345835,0.370331,0.292798,0.162307,0.290189,0.290588,0.259823,0.213717,0.395561,0.265401,0.111914,0.232411,0.217491,0.268819,0.266103,0.326092,0.262047,0.273605,0.138346,0.167623,0.055132,0.114314,0.385896,0.398517,0.530606,0.573976,0.285261,0.221165,0.083751,0.17739,0.328008,0.280366,0.236914,0.386065,0.28268,0.289213,0.148403,0.213245,0.186635,0.072485,0.316171,0.135407,0.117326,0.163878,0.105575,0.13652,0.111381,0.0,0.230054,0.158874,0.15927,0.108787,0.066386,0.20669,0.208547,0.254506,0.286889,0.261944,0.167874,0.310231,0.315606,0.332917,0.410209,0.315128,0.177605,0.244436,0.12476,0.119928,0.145663,0.252833,0.199063,0.198539,0.142813,0.269247,0.046925,0.134977,0.170963,0.278554,0.249852,0.325881,0.239126,0.245215,0.205442,0.21437,0.201858,0.142843,0.212973,0.203929
sedu_ama5_2024t3-D024_M-02,0.472919,0.584115,0.684398,0.713211,0.240957,0.299315,0.27844,0.255093,0.725942,0.479118,0.275801,0.227638,0.615941,0.448766,0.248984,0.670651,0.601528,0.699954,0.199501,0.300582,0.258053,0.451321,0.221963,0.543924,0.627857,0.27552,0.320648,0.222444,0.268993,0.301527,0.202897,0.346201,0.570178,0.292604,0.222162,0.571959,0.485996,0.100482,0.120629,0.120442,0.169123,0.154431,0.222843,0.437356,0.395608,0.237143,0.257441,0.30531,0.2127,0.14389,0.468108,0.252599,0.211215,0.330943,0.249181,0.259196,0.452734,0.577291,0.498843,0.617776,0.555624,0.158804,0.076942,0.090864,0.263824,0.576284,0.211103,0.241177,0.092429,0.250616,0.37465,0.269263,0.300208,0.320063,0.208461,0.139116,0.108296,0.117373,0.127877,0.145274,0.270257,0.174377,0.31876,0.254439,0.197859,0.201569,0.245632,0.189806,0.38059,0.541099,0.467397,0.406393,0.072308,0.507034,0.231082,0.317032,0.45943,0.149594,0.2963,0.376207,0.173367,0.265815,0.30124,0.316717,0.43588,0.372492,0.363958,0.250292,0.180359,0.293625,0.220101,0.186369,0.415799,0.490517,0.304207,0.333465,0.676491,0.543985,0.422274,0.038867,0.552456,0.195287,0.289518,0.251038,0.328721,0.205048,0.295447,0.211938,0.13893,0.258891,0.192996,0.173821,0.239341,0.338111,0.471261,0.330766,0.282094,0.671145,0.09867,0.163706,0.554394,0.224119,0.436728,0.294807,0.195642,0.217761,0.474722,0.252978,0.221823,0.16891,0.517812,0.159078,0.045264,0.21472,0.184331,0.267417,0.19112,0.188652,0.263906,0.334912,0.08232,0.077454,0.2001,0.173247,0.195082,0.217336,0.212236,0.207711,0.214728,0.380836,0.249298,0.309789,0.43991,0.241969,0.286455,0.242697,0.216282,0.338178,0.224467,0.479614,0.455874,0.266487,0.046768,0.165982,0.080847,0.238438,0.057196,0.233588,0.220074,0.221081,0.358652,0.400495,0.142961,0.246882,0.065753,0.138367,0.20641,0.38918,0.104119,0.234014,0.093675,0.101416,0.205034,0.212821,0.320378,0.250526,0.536811,0.287069,0.370276,0.134213,0.181764,0.093743,0.070299,0.181709,0.357584,0.338168,0.222376,0.412045,0.284568,0.20041,0.111816,0.068745,0.081868,0.104098,0.164039,0.372052,0.24463,0.250173,0.043506,0.298416,0.076843,0.047214,0.328766,0.200461,0.067242,0.232378,0.201239,0.176096,0.204416,0.263005,0.627727,0.1581,0.183925,0.287487,0.239417,0.174672,0.095592,0.248448,0.209783,0.090829,0.108463,0.288462,0.196813,0.029622,0.010191,0.149797,0.130572,0.096879,0.349262,0.142659,0.050179,0.33031,0.079753,0.14433,0.16729,0.249753,0.232592,0.284817,0.253139,0.052414,0.155585,0.0,0.234498,0.235588,0.319807,0.286359,0.108199,0.099663,0.792485,0.337239,0.298956,0.075626,0.395394,0.093302,0.13222,0.101122,0.089545,0.088183,0.226138,0.223831
sedu_ama5_2024t3-D024_M-03,0.038892,0.206644,0.479904,0.307924,0.132029,0.367426,0.196499,0.208192,0.13562,0.132869,0.109687,0.126874,0.165075,0.128036,0.261889,0.281973,0.366185,0.38167,0.384973,0.074524,0.220546,0.210285,0.334636,0.650891,0.563023,0.167933,0.323535,0.216092,0.231101,0.126428,0.0,0.027,0.1545,0.146013,0.103221,0.243023,0.171544,0.292696,0.435014,0.096479,0.105825,0.291869,0.066566,0.291,0.22363,0.234973,0.179565,0.320824,0.131157,0.188555,0.330052,0.308469,0.226526,0.29995,0.123569,0.20693,0.074688,0.193445,0.215092,0.308668,0.070399,0.400776,0.319343,0.284291,0.4523,0.183673,0.084393,0.126976,0.882449,0.070277,0.257956,0.193334,0.224902,0.160296,0.136486,0.212649,0.26523,0.211784,0.200175,0.267021,0.229879,0.307048,0.218563,0.099981,0.104623,0.328741,0.191058,0.234171,0.121208,0.178917,0.168639,0.112481,0.35058,0.418327,0.11288,0.453483,0.45728,0.526406,0.091932,0.285039,0.117814,0.150424,0.076354,0.210642,0.284549,0.179439,0.280121,0.160934,0.128523,0.366544,0.123502,0.268765,0.65761,0.253079,0.28179,0.266168,0.270577,0.182088,0.176235,0.283847,0.223647,0.357138,0.207333,0.125328,0.128749,0.10322,0.046087,0.197132,0.166178,0.084768,0.248197,0.058727,0.254441,0.107198,0.250496,0.180987,0.173541,0.272896,0.135902,0.169017,0.259955,0.301863,0.272751,0.233534,0.340255,0.255918,0.124247,0.043991,0.205317,0.250926,0.177735,0.178053,0.029113,0.258126,0.285547,0.460736,0.226213,0.147705,0.150545,0.169862,0.124462,0.137023,0.183338,0.172381,0.130154,0.034504,0.198746,0.24151,0.184127,0.173109,0.223851,0.154346,0.326874,0.065207,0.140246,0.205891,0.255654,0.285663,0.239032,0.253756,0.085409,0.132253,0.115218,0.357507,0.099808,0.228237,0.28906,0.288203,0.194133,0.465399,0.300793,0.347661,0.1882,0.109943,0.481035,0.169171,0.102512,0.20075,0.082036,0.267912,0.211694,0.15252,0.601402,0.393123,0.291394,0.170993,0.110651,0.158253,0.350002,0.061563,0.266804,0.086146,0.16405,0.10518,0.066187,0.347625,0.449703,0.41178,0.296712,0.182375,0.203849,0.187005,0.099367,0.156438,0.321037,0.162597,0.212605,0.209608,0.16039,0.2001,0.160843,0.174032,0.333844,0.143952,0.12683,0.206351,0.269347,0.233915,0.185602,0.378966,0.180285,0.308221,0.283478,0.165477,0.041534,0.135845,0.138683,0.211908,0.134328,0.056081,0.312497,0.123781,0.240844,0.22087,0.068354,0.227199,0.165134,0.106411,0.325423,0.211775,0.127898,0.154391,0.348764,0.174984,0.307444,0.322505,0.132597,0.188829,0.235367,0.139803,0.151833,0.155055,0.166547,0.204875,0.196408,0.200001,0.061474,0.131956,0.366051,0.231934,0.290685,0.16803,0.430228,0.215557,0.220729,0.182131,0.210948,0.117903,0.207419,0.184184
sedu_ama5_2024t3-D042_M-01,0.316251,0.172445,0.179072,0.230083,0.308215,0.164384,0.144001,0.16461,0.324181,0.177914,0.474285,0.435922,0.282134,0.231339,0.130708,0.181892,0.202975,0.153185,0.260394,0.1599,0.199717,0.454665,0.191821,0.352576,0.19907,0.221361,0.136904,0.163156,0.208573,0.267064,0.20617,0.132301,0.267201,0.479339,0.345879,0.316166,0.252388,0.26759,0.143738,0.3688,0.200317,0.236077,0.141301,0.291361,0.576659,0.209929,0.141224,0.112847,0.308037,0.209363,0.124137,0.17532,0.256651,0.235722,0.188189,0.189281,0.543906,0.24871,0.397858,0.278865,0.219245,0.116268,0.395763,0.212417,0.05672,0.317573,0.219291,0.136017,0.220106,0.222761,0.208916,0.252836,0.391221,0.251769,0.125448,0.635853,0.242689,0.203908,0.282906,0.217751,0.421259,0.049432,0.291145,0.253833,0.254981,0.160058,0.144238,0.162122,0.490238,0.360616,0.272276,0.269789,0.275799,0.375609,0.212478,0.283743,0.272813,0.159678,0.208835,0.219212,0.357548,0.159309,0.025394,0.100765,0.111644,0.116602,0.137871,0.191226,0.212298,0.539136,0.172813,0.111946,0.244682,0.215542,0.430849,0.454625,0.390908,0.343167,0.203346,0.239275,0.504669,0.10197,0.196666,0.141754,0.207628,0.341935,0.160573,0.158193,0.209922,0.134294,0.279151,0.362256,0.180907,0.286391,0.200692,0.172982,0.083886,0.352859,0.356108,0.086985,0.227767,0.478893,0.360904,0.327855,0.285948,0.346566,0.25395,0.311388,0.264309,0.173865,0.302018,0.384672,0.18419,0.5,0.311806,0.18386,0.176323,0.325558,0.661072,0.319815,0.256609,0.191001,0.136386,0.044422,0.072816,0.314201,0.25914,0.113589,0.196172,0.189916,0.103718,0.091421,0.134239,0.240822,0.071588,0.108631,0.181503,0.104272,0.213653,0.269513,0.301725,0.546597,0.325211,0.311315,0.28423,0.266203,0.29027,0.247511,0.225509,0.096782,0.369308,0.360028,0.217628,0.249557,0.128785,0.458757,0.279485,0.041005,0.168451,0.171297,0.155591,0.117717,0.037473,0.216306,0.292259,0.136208,0.098789,0.102181,0.230326,0.234967,0.266835,0.293425,0.22597,0.350777,0.280519,0.295453,0.032714,0.133597,0.174618,0.300215,0.263944,0.10709,0.338017,0.295141,0.322547,0.195819,0.047606,0.117139,0.124148,0.192545,0.308229,0.310697,0.138982,0.29113,0.292842,0.340018,0.276798,0.192526,0.22488,0.30907,0.326469,0.172714,0.201103,0.235485,0.236536,0.376515,0.299699,0.383406,0.147925,0.086417,0.239908,0.325922,0.70473,0.39544,0.310962,0.237508,0.168808,0.195956,0.239137,0.143879,0.260258,0.255364,0.290929,0.247235,0.243041,0.258432,0.234234,0.190849,0.176391,0.262025,0.161366,0.212252,0.386064,0.350082,0.139625,0.209182,0.0,0.179858,0.197673,0.200982,0.228644,0.189478,0.19918,0.493463,0.329712,0.185902,0.236962,0.331758,0.271155,0.273186
sedu_ama5_2024t3-D042_M-02,0.119123,0.24964,0.498906,0.459265,0.278124,0.195091,0.204157,0.314796,0.364709,0.196888,0.208237,0.094966,0.250366,0.500755,0.376809,0.144687,0.032751,0.336285,0.113076,0.228062,0.170457,0.421266,0.163569,0.355442,0.488674,0.299974,0.192831,0.316878,0.383562,0.418923,0.141177,0.233324,0.291277,0.203644,0.171169,0.338055,0.549558,0.292013,0.189914,0.06851,0.032691,0.04668,0.291874,0.428936,0.700558,0.165811,0.164457,0.223829,0.128222,0.246914,0.288116,0.592013,0.221932,0.270605,0.146004,0.187682,0.353355,0.38248,0.3746,0.359181,0.339608,0.105468,0.595164,0.204268,0.132173,0.5,0.093434,0.093589,0.166243,0.293572,0.505001,0.398563,0.336153,0.249449,0.19845,0.241643,0.145154,0.208445,0.30481,0.29344,0.717545,0.011152,0.30507,0.187355,0.059636,0.134126,0.152876,0.109676,0.346536,0.342035,0.295695,0.211121,0.143858,0.537005,0.08028,0.056434,0.052426,0.126999,0.289822,0.487067,0.1778,0.164149,0.085855,0.075935,0.177501,0.164528,0.279884,0.237555,0.200608,0.882547,0.118139,0.194316,0.583508,0.541297,0.105574,0.107274,0.442705,0.36904,0.244498,0.225217,0.544026,0.099694,0.430327,0.285205,0.349355,0.189139,0.217717,0.060704,0.226768,0.133388,0.359196,0.333028,0.167477,0.28829,0.167691,0.16971,0.249019,0.373336,0.233586,0.080671,0.676748,0.177615,0.334334,0.330525,0.260752,0.313594,0.310701,0.433813,0.236568,0.266522,0.204001,0.315961,0.286391,0.176758,0.158609,0.330393,0.512456,0.550126,0.690762,0.431892,0.308992,0.168845,0.198876,0.224957,0.222884,0.405739,0.343404,0.180565,0.222553,0.281565,0.190866,0.198826,0.2052,0.213012,0.125381,0.160911,0.191795,0.156884,0.138244,0.103133,0.279271,0.340414,0.139198,0.182806,0.258173,0.334957,0.177125,0.248969,0.256755,0.210243,0.457083,0.474919,0.075502,0.369929,0.0461,0.198956,0.50482,0.231995,0.133344,0.295956,0.232629,0.0,0.2289,0.137653,0.258586,0.17239,0.191367,0.136524,0.152876,0.353257,0.246209,0.375399,0.164465,0.250009,0.284856,0.219281,0.137444,0.25383,0.344239,0.692841,0.149505,0.132661,0.303001,0.226406,0.061189,0.017825,0.174097,0.249177,0.15921,0.175203,0.145995,0.207715,0.24965,0.164554,0.164983,0.278816,0.139802,0.178598,0.243365,0.116814,0.315776,0.085028,0.343451,0.296514,0.280952,0.45526,0.31886,0.315067,0.369911,0.147572,0.111742,0.312688,0.5417,0.50231,0.209785,0.223275,0.223282,0.272561,0.226386,0.299666,0.213846,0.326346,0.19364,0.230965,0.366227,0.332375,0.35668,0.334352,0.152861,0.213911,0.089532,0.34131,0.192616,0.191132,0.166098,0.268104,0.072634,0.242971,0.329239,0.168863,0.172726,0.410425,0.246076,0.83122,0.251216,0.166214,0.101124,0.245729,0.325374,0.682849
sedu_ama5_2024t3-D042_M-03,0.157172,0.354004,0.407092,0.178098,0.345034,0.237898,0.33942,0.251089,0.264798,0.255752,0.159102,0.074588,0.301518,0.38488,0.353921,0.042561,0.193575,0.159018,0.123238,0.13087,0.200223,0.263862,0.308021,0.317615,0.441702,0.381779,0.169783,0.347412,0.402755,0.324013,0.300633,0.339575,0.303596,0.154651,0.211401,0.358797,0.403215,0.349511,0.248646,0.208054,0.021863,0.171351,0.199927,0.221208,0.333855,0.405966,0.568067,0.223175,0.210521,0.267009,0.282312,0.480199,0.280354,0.388727,0.287419,0.181702,0.190712,0.374268,0.457912,0.475805,0.262854,0.060365,0.228134,0.279415,0.256916,0.351735,0.0,0.052716,0.203767,0.206796,0.315369,0.18273,0.30428,0.345904,0.288882,0.25479,0.260132,0.259601,0.330427,0.299851,0.535275,0.176162,0.345887,0.358123,0.239273,0.215057,0.14552,0.224669,0.296256,0.337213,0.343249,0.228687,0.278926,0.531138,0.046821,0.332433,0.228373,0.169952,0.220259,0.240352,0.165425,0.297801,0.197941,0.176389,0.29056,0.276602,0.264374,0.274222,0.292803,0.663528,0.157939,0.198441,0.557772,0.365881,0.21205,0.225515,0.431813,0.407281,0.298274,0.474127,0.555986,0.302417,0.282964,0.186601,0.064135,0.111676,0.29192,0.191834,0.266181,0.119694,0.417478,0.307308,0.243297,0.280316,0.255279,0.197948,0.51496,0.404717,0.184517,0.16108,0.339872,0.351765,0.410992,0.5,0.394876,0.382205,0.371811,0.340654,0.2302,0.448913,0.486954,0.262563,0.175286,0.242004,0.396615,0.193554,0.305095,0.157937,0.044733,0.12995,0.331787,0.178103,0.22504,0.345355,0.280833,0.396205,0.297084,0.266436,0.33877,0.334118,0.257461,0.257513,0.27168,0.25573,0.274414,0.316395,0.366949,0.168611,0.396447,0.251323,0.229059,0.332399,0.278472,0.309947,0.24601,0.320748,0.387004,0.260386,0.293849,0.345273,0.468787,0.50244,0.279767,0.253372,0.03427,0.085358,0.10384,0.223256,0.185181,0.350629,0.238495,0.125135,0.277875,0.333263,0.317713,0.163878,0.261271,0.275206,0.358546,0.493853,0.298005,0.429107,0.284919,0.303293,0.237511,0.304923,0.240403,0.396809,0.313929,0.311669,0.153846,0.044988,0.161388,0.2167,0.28372,0.181147,0.247955,0.30937,0.124628,0.124429,0.4573,0.414416,0.247953,0.332361,0.281847,0.324254,0.181749,0.201049,0.264548,0.308257,0.254807,0.766928,0.33992,0.182894,0.180617,0.259035,0.07831,0.339949,0.1123,0.155867,0.116416,0.266175,0.210977,0.250155,0.137156,0.129816,0.190506,0.303649,0.282411,0.441389,0.3483,0.215522,0.240529,0.240697,0.304286,0.362498,0.256925,0.2318,0.109125,0.334705,0.111928,0.233595,0.179974,0.202048,0.190649,0.221149,0.001733,0.125171,0.216852,0.265299,0.245486,0.201135,0.352078,0.487408,0.388104,0.226932,0.237624,0.298414,0.217157,0.335861
sedu_ama5_2024t3-D113_M-01,0.039323,0.117335,0.152632,0.141281,0.059448,0.351111,0.121433,0.142794,0.275376,0.06617,0.245471,0.226837,0.281913,0.592453,0.171726,0.088306,0.073223,0.129695,0.081071,0.140654,0.184823,0.23878,0.065443,0.181543,0.122898,0.085393,0.27891,0.12335,0.216788,0.269545,0.188388,0.273661,0.09719,0.209986,0.259231,0.292251,0.409853,0.234559,0.156845,0.11672,0.05371,0.046215,0.092202,0.271596,0.239988,0.042576,0.038365,0.280215,0.211447,0.136542,0.139148,0.185399,0.121298,0.139274,0.020703,0.097663,0.419133,0.308691,0.392055,0.194612,0.417759,0.135584,0.15333,0.181127,0.104088,0.441178,0.081723,0.005582,0.063856,0.082364,0.273263,0.403717,0.264103,0.088329,0.085044,0.151975,0.168315,0.202508,0.219029,0.195617,0.152534,0.050836,0.143859,0.0,0.069214,0.14559,0.084628,0.057344,0.498758,0.376009,0.246208,0.363536,0.219855,0.814258,0.083391,0.215212,0.245912,0.070948,0.337785,0.274251,0.241596,0.067566,0.120062,0.227251,0.111346,0.116021,0.151387,0.194406,0.20909,0.197217,0.078594,0.180165,0.220597,0.173332,0.38495,0.319473,0.409476,0.547173,0.235837,0.427717,0.492866,0.219586,0.134766,0.061157,0.253205,0.259841,0.116421,0.132328,0.16354,0.183679,0.089955,0.30956,0.113264,0.148651,0.122215,0.168712,0.162857,0.109456,0.136493,0.069518,0.173653,0.253272,0.300798,0.288232,0.204209,0.224992,0.502939,0.452159,0.376994,0.356064,0.313317,0.26316,0.165583,0.703246,0.46836,0.092658,0.112344,0.281602,0.360288,0.603906,0.163165,0.166671,0.064188,0.152484,0.182886,0.18763,0.265625,0.116678,0.124436,0.169638,0.169392,0.208492,0.279656,0.114766,0.062537,0.012535,0.133668,0.22621,0.292119,0.262303,0.5023,0.424633,0.162413,0.370715,0.416406,0.391785,0.399711,0.444655,0.217126,0.216664,0.410114,0.396787,0.203853,0.20664,0.083084,0.368038,0.286335,0.181729,0.217908,0.198585,0.1907,0.061413,0.120202,0.168806,0.378433,0.248723,0.086625,0.054513,0.226638,0.250063,0.178442,0.580279,0.55714,0.509271,0.43392,0.480313,0.181438,0.524754,0.240609,0.239629,0.064297,0.090246,0.140042,0.220849,0.228246,0.153279,0.072509,0.160592,0.115067,0.21145,0.185766,0.210804,0.225285,0.184631,0.259461,0.214893,0.180896,0.092774,0.419541,0.318421,0.546413,0.398876,0.223575,0.113877,0.109879,0.235839,0.327398,0.280849,0.112918,0.093801,0.133052,0.426769,0.14139,0.473746,0.229048,0.240791,0.195829,0.24051,0.252905,0.164917,0.134453,0.278566,0.418966,0.19393,0.446564,0.24713,0.181275,0.170807,0.101342,0.261007,0.155478,0.207174,0.233994,0.245865,0.22687,0.261594,0.492498,0.172089,0.151463,0.264004,0.244906,0.173639,0.186197,0.342848,0.443157,0.148438,0.193915,0.263774,0.151606,0.16394
sedu_ama5_2024t3-D113_M-02,0.142836,0.267802,0.409803,0.119838,0.311548,0.315958,0.290095,0.337085,0.313182,0.360094,0.216274,0.23888,0.437924,0.447514,0.249497,0.030406,0.051145,0.034602,0.105617,0.073592,0.196336,0.14607,0.224402,0.200744,0.384684,0.211426,0.275047,0.306872,0.438245,0.359711,0.19072,0.19435,0.362702,0.197953,0.114222,0.421927,0.463959,0.304882,0.118772,0.09398,0.083672,0.112075,0.044068,0.320871,0.097706,0.159527,0.19387,0.302687,0.300232,0.269537,0.311648,0.431619,0.311637,0.390323,0.236377,0.320015,0.258746,0.42024,0.404511,0.481915,0.44989,0.233686,0.188676,0.219756,0.137064,0.511918,0.0,0.159754,0.150026,0.06301,0.402406,0.462452,0.153608,0.154486,0.214183,0.262104,0.671549,0.224689,0.347264,0.410161,0.203533,0.305794,0.219412,0.206981,0.308002,0.366593,0.420012,0.287769,0.319561,0.413775,0.516034,0.502265,0.398796,0.597455,0.024742,0.143391,0.040523,0.070824,0.430569,0.245099,0.085343,0.16058,0.123189,0.346362,0.355973,0.271205,0.192612,0.284494,0.286551,0.336775,0.345533,0.341185,0.554525,0.423991,0.229196,0.268948,0.413331,0.413111,0.825945,0.278309,0.914349,0.293232,0.102696,0.08453,0.133507,0.094279,0.220765,0.139137,0.20891,0.231043,0.300045,0.288413,0.336753,0.284502,0.295803,0.373184,0.277573,0.305767,0.221551,0.348194,0.410544,0.415591,0.349302,0.284783,0.325603,0.31342,0.848303,0.253062,0.338348,0.279449,0.597708,0.267502,0.198432,0.214474,0.973879,0.169606,0.140648,0.173107,0.081694,0.179523,0.276449,0.193584,0.230507,0.342645,0.265075,0.303092,0.321637,0.326317,0.462199,0.296036,0.35969,0.327601,0.272949,0.18476,0.266798,0.335217,0.401098,0.357248,0.355896,0.491021,0.37384,0.327733,0.31313,0.387976,0.270326,0.340272,0.34033,0.366707,0.213737,0.361378,0.547686,0.56796,0.328417,0.111403,0.135181,0.122338,0.13924,0.238408,0.276979,0.420552,0.209897,0.167891,0.307216,0.451717,0.427791,0.36835,0.434828,0.222455,0.434998,0.27268,0.37154,0.233154,0.227866,0.363192,0.371049,0.541725,0.313024,0.426787,0.304668,0.236753,0.095948,0.136644,0.016423,0.139133,0.433084,0.269834,0.292713,0.289492,0.142731,0.329381,0.28526,0.334492,0.412569,0.401409,0.302059,0.392558,0.365322,0.40287,0.303368,0.591865,0.502848,0.195107,0.333857,0.177361,0.432586,0.150571,0.143395,0.175843,0.168779,0.128178,0.106881,0.33788,0.052358,0.395518,0.122559,0.124715,0.249596,0.338931,0.276155,0.307508,0.253704,0.273355,0.241695,0.350572,0.268695,0.339842,0.172496,0.190751,0.183088,0.216491,0.144497,0.258266,0.355497,0.427428,0.284583,0.296538,0.071321,0.181565,0.201191,0.451119,0.487394,0.236822,0.440281,0.311865,0.659668,0.30447,0.357458,0.26553,0.24298,0.225525
sedu_ama5_2024t3-D113_M-03,0.060513,0.176756,0.229939,0.106433,0.155585,0.243504,0.237338,0.250305,0.188339,0.174171,0.204991,0.189448,0.407504,0.629187,0.204475,0.046932,0.103847,0.136885,0.153967,0.0,0.132806,0.136906,0.163383,0.158939,0.199756,0.185243,0.230539,0.248785,0.328088,0.455689,0.155777,0.260502,0.170886,0.149778,0.143243,0.397894,0.630233,0.465888,0.216493,0.122379,0.17063,0.135756,0.011813,0.150469,0.145985,0.117443,0.199964,0.218044,0.23139,0.258377,0.273288,0.468692,0.365996,0.320886,0.178308,0.219999,0.253762,0.407084,0.439176,0.592814,0.51718,0.288969,0.267028,0.308514,0.191629,0.398791,0.101997,0.177937,0.142825,0.014301,0.383065,0.221436,0.141287,0.148402,0.210248,0.245938,0.297573,0.195992,0.426842,0.403434,0.132425,0.350402,0.232313,0.145492,0.219379,0.262853,0.219554,0.192302,0.435956,0.262839,0.354875,0.474647,0.251997,1.0,0.104114,0.13834,0.10066,0.084668,0.037226,0.155532,0.083997,0.176693,0.178238,0.329745,0.313354,0.197799,0.230278,0.259111,0.243323,0.36138,0.208575,0.232529,0.259695,0.456558,0.325056,0.382931,0.30991,0.529753,0.602574,0.405444,0.548942,0.31198,0.074104,0.032159,0.103463,0.116812,0.207443,0.175723,0.203037,0.179103,0.227435,0.259072,0.302815,0.204431,0.288603,0.28072,0.193571,0.224994,0.214235,0.230172,0.301061,0.476554,0.331254,0.424591,0.564368,0.579059,0.522387,0.414822,0.28843,0.475432,0.474433,0.348287,0.220553,0.359559,0.762463,0.141502,0.099025,0.13464,0.102566,0.152706,0.228118,0.202073,0.159962,0.234943,0.211643,0.218752,0.250608,0.263492,0.326084,0.217591,0.240198,0.243686,0.215264,0.155026,0.246352,0.197354,0.278529,0.288068,0.369322,0.384431,0.384329,0.402622,0.321261,0.608171,0.399262,0.570766,0.459714,0.603716,0.249302,0.545576,0.681588,0.843864,0.415028,0.09043,0.089531,0.103168,0.092387,0.17068,0.230092,0.312671,0.216934,0.197438,0.21999,0.361848,0.318798,0.249948,0.195149,0.152334,0.31955,0.243232,0.549689,0.438868,0.45972,0.358522,0.370564,0.700917,0.415221,0.591648,0.215885,0.150912,0.05661,0.121197,0.027153,0.163759,0.465562,0.211093,0.233084,0.231744,0.178101,0.181606,0.158557,0.242126,0.260942,0.382493,0.364174,0.376974,0.499981,0.411354,0.389097,0.39522,0.436513,0.21728,0.366163,0.056975,0.063571,0.177729,0.13804,0.137613,0.068881,0.116555,0.11391,0.276823,0.024544,0.289347,0.138103,0.171861,0.242834,0.271944,0.193166,0.265842,0.231417,0.269271,0.416971,0.341168,0.461215,0.258453,0.140432,0.129939,0.180787,0.183115,0.117341,0.266454,0.277329,0.395504,0.216804,0.214655,0.112242,0.140614,0.117291,0.299335,0.287695,0.380456,0.398015,0.327838,0.574146,0.259592,0.269671,0.300563,0.148078,0.135803
sedu_ama5_2025t3-D013_M-01,0.217628,0.545983,0.636921,0.376365,0.140792,0.477896,0.264173,0.350375,0.254448,0.175351,0.097081,0.176259,0.144207,0.112604,0.258576,0.096572,0.11924,0.142216,0.348136,0.015474,0.29782,0.406927,0.180082,0.40521,0.5906,0.146155,0.481168,0.31675,0.343041,0.215007,0.031537,0.091815,0.215003,0.112633,0.160912,0.180707,0.146146,0.187988,0.660242,0.087164,0.143825,0.316572,0.030815,0.445262,0.295128,0.340073,0.185713,0.463473,0.28284,0.298633,0.653527,0.383547,0.304764,0.383432,0.250259,0.35483,0.193339,0.154604,0.230807,0.406912,0.068009,0.366003,0.265588,0.251842,0.6414,0.211576,0.108416,0.200515,0.31747,0.137727,0.424343,0.402143,0.300416,0.150681,0.288273,0.299302,0.480385,0.210827,0.318637,0.307081,0.189315,0.360574,0.430905,0.172037,0.243947,0.478207,0.369102,0.20193,0.173447,0.317356,0.123561,0.140341,0.323614,0.354633,0.211138,0.256971,0.202193,0.162759,0.132283,0.462927,0.274791,0.172253,0.253794,0.462691,0.621473,0.375241,0.540256,0.379658,0.36327,0.375106,0.349276,0.262521,0.894145,0.536608,0.227568,0.307861,0.363112,0.212096,0.17901,0.284728,0.372952,0.293668,0.166248,0.041648,0.474568,0.353423,0.217264,0.227774,0.22902,0.223052,0.332582,0.169717,0.575222,0.508655,0.785105,0.734409,0.345563,0.543961,0.289988,0.262187,0.653615,0.229697,0.443392,0.196798,0.263101,0.19855,0.087181,0.11582,0.141048,0.240373,0.24154,0.216658,0.037639,0.107958,0.359259,0.199536,0.238637,0.319626,0.269882,0.263912,0.197125,0.27075,0.257814,0.195908,0.370927,0.348504,0.518351,0.55087,0.669714,0.344324,0.42712,0.318012,0.361966,0.027022,0.194162,0.241192,0.367541,0.369722,0.28443,0.324875,0.178664,0.191577,0.137563,0.254336,0.008173,0.269692,0.191819,0.263115,0.298665,0.318417,0.237296,0.29678,0.340089,0.07874,0.325759,0.20666,0.269218,0.475772,0.36088,0.411981,0.283104,0.651508,0.210909,0.343235,0.441751,0.287585,0.203864,0.177724,0.538649,0.169518,0.16517,0.052038,0.114844,0.274681,0.083895,0.270484,0.742067,0.359667,0.26578,0.32459,0.224114,0.170865,0.16663,0.278945,0.254698,0.190334,0.316852,0.242626,0.240197,0.388662,0.205947,0.277483,0.465141,0.276365,0.151785,0.242762,0.282682,0.356645,0.203397,0.311084,0.167532,0.202403,0.310517,0.152239,0.221598,0.234198,0.173708,0.255401,0.30077,0.155519,0.247991,0.106868,0.245373,0.251176,0.162379,0.201015,0.203237,0.143621,0.429957,0.15832,0.177445,0.333522,0.236789,0.301888,0.214776,0.334098,0.081612,0.126184,0.321582,0.198429,0.19228,0.189188,0.282512,0.318153,0.241841,0.313182,0.029829,0.239332,0.387151,0.429929,0.410719,0.126008,0.446716,0.113925,0.183523,0.221288,0.157109,0.12918,0.319235,0.139007
sedu_ama5_2025t3-D013_M-02,0.518915,0.418444,0.440273,0.406038,0.561096,0.322971,0.510615,0.373276,0.134988,0.664638,0.133123,0.083131,0.166151,0.127729,0.118266,0.027468,0.137534,0.171679,0.150589,0.101983,0.410981,0.372507,0.547003,0.444368,0.458061,0.486558,0.269356,0.456789,0.654644,0.256522,0.507163,0.211795,0.513122,0.129516,0.062162,0.231672,0.203642,0.152991,0.079512,0.021098,0.165804,0.163134,0.174526,0.33685,0.413941,0.463049,0.553783,0.307645,0.449463,0.454585,0.293244,0.622914,0.752365,0.549812,0.46721,0.366702,0.079575,0.197013,0.184996,0.179766,0.271398,0.156339,0.081314,0.137248,0.136075,0.19381,0.169687,0.224434,0.131391,0.259665,0.438081,0.253591,0.3893,0.556862,0.510939,0.463707,0.303557,0.366384,0.507531,0.428014,0.407042,0.382685,0.366189,0.554445,0.666927,0.297143,0.39007,0.541471,0.134327,0.127638,0.201075,0.145877,0.077889,0.267723,0.104814,0.0,0.123061,0.067527,0.295998,0.273652,0.278735,0.541297,0.40881,0.351326,0.54955,0.508577,0.317479,0.419294,0.380929,0.414839,0.349771,0.173239,0.180348,0.254007,0.089036,0.041132,0.245693,0.206646,0.190534,0.098045,0.461498,0.076284,0.260243,0.261888,0.195656,0.205535,0.491727,0.435285,0.424793,0.358014,0.500818,0.269864,0.353674,0.429707,0.45486,0.389445,0.459119,0.606235,0.286625,0.373067,0.262857,0.376141,0.27417,0.247403,0.258722,0.241218,0.147325,0.193372,0.222985,0.109162,0.11317,0.087817,0.07715,0.038714,0.132409,0.360201,0.215436,0.149758,0.189675,0.091415,0.439875,0.218967,0.461752,0.560317,0.297289,0.253834,0.256096,0.235906,0.216288,0.549871,0.383808,0.483791,0.077517,0.192867,0.735937,0.314897,0.157309,0.145768,0.23421,0.180341,0.095668,0.161139,0.081132,0.155507,0.012278,0.195314,0.084834,0.160664,0.18442,0.168659,0.189281,0.206503,0.218921,0.240483,0.224463,0.199483,0.317364,0.457406,0.169477,0.351817,0.27898,0.183076,0.249271,0.147161,0.188014,0.083634,0.48783,0.527711,0.120841,0.251682,0.168281,0.10851,0.109814,0.157378,0.08065,0.141051,0.067657,0.182538,0.344898,0.352182,0.298353,0.187903,0.015779,0.241894,0.232245,0.442941,0.521956,0.534972,0.186771,0.040176,0.623842,0.134471,0.148728,0.158333,0.08502,0.219974,0.064913,0.120429,0.189895,0.083403,0.172989,0.136591,0.209178,0.196782,0.137668,0.230097,0.070794,0.094206,0.122332,0.14364,0.162077,0.05109,0.02768,0.050428,0.160592,0.149477,0.161401,0.200285,0.123352,0.196236,0.123139,0.117956,0.100258,0.177676,0.117734,0.290991,0.270535,0.271933,0.160656,0.096648,0.225457,0.076457,0.064093,0.007318,0.095145,0.148659,0.014782,0.318041,0.337187,0.309352,0.242459,0.218569,0.113759,0.367381,0.112806,0.190155,0.11377,0.001841,0.681544,0.206341
sedu_ama5_2025t3-D013_M-03,0.085537,0.212809,0.186707,0.129345,0.152681,0.192906,0.23277,0.231616,0.376218,0.256609,0.282854,0.248175,0.506597,0.685877,0.145466,0.06846,0.144092,0.143781,0.108049,0.035824,0.235978,0.110845,0.166132,0.147481,0.170925,0.227577,0.178092,0.219141,0.468352,0.29219,0.178616,0.201155,0.325412,0.203567,0.20845,0.480192,0.662386,0.302636,0.106963,0.149614,0.155425,0.103948,0.034942,0.216644,0.158015,0.099181,0.191353,0.162895,0.226656,0.14944,0.200296,0.443665,0.350824,0.283005,0.158805,0.150365,0.304402,0.501276,0.531259,0.631723,0.669982,0.126686,0.143274,0.181885,0.105102,0.487822,0.114098,0.131193,0.102533,0.03653,0.310348,0.313859,0.18312,0.177992,0.338316,0.164062,0.216093,0.152153,0.391684,0.409218,0.17571,0.196848,0.119354,0.145823,0.527255,0.18727,0.433298,0.100189,0.377643,0.468921,0.567978,0.532922,0.158217,0.5317,0.093113,0.065598,0.161439,0.082067,0.054652,0.191652,0.139137,0.174235,0.174333,0.26442,0.254183,0.212152,0.345992,0.158135,0.156764,0.414093,0.377637,0.131557,0.217003,0.458428,0.270671,0.332636,0.503048,0.511539,0.517412,0.206687,0.708614,0.278304,0.058836,0.045239,0.121167,0.130847,0.1808,0.152278,0.139757,0.163765,0.193319,0.232561,0.244622,0.175596,0.192148,0.198136,0.126821,0.15548,0.357059,0.330609,0.26067,0.431671,0.420227,0.375479,0.62106,0.416134,0.578451,0.368551,0.309375,0.342929,0.575917,0.280358,0.175595,0.340703,0.535997,0.072147,0.162536,0.142945,0.146148,0.23931,0.175511,0.378745,0.178103,0.189096,0.188762,0.223209,0.288676,0.220865,0.241019,0.249412,0.173792,0.188162,0.144488,0.15178,0.234369,0.146781,0.198617,0.201652,0.382274,0.542677,0.453283,0.412116,0.339983,0.629159,0.535736,0.574756,0.492653,0.789711,0.11833,0.326611,0.695677,0.660646,0.260725,0.083326,0.073521,0.120141,0.149841,0.104445,0.189617,0.238897,0.664473,0.156696,0.127508,0.323127,0.278239,0.186158,0.351605,0.181837,0.24975,0.21537,0.621661,0.397872,0.348163,0.370705,0.421133,0.624571,0.188521,0.396321,0.15927,0.205852,0.082022,0.108435,0.0,0.160911,0.609678,0.145277,0.134972,0.154957,0.312818,0.132656,0.148515,0.21057,0.197995,0.410397,0.385474,0.607583,0.524458,0.355411,0.560011,0.401411,0.499199,0.166966,0.244892,0.054767,0.145162,0.243207,0.135979,0.110525,0.099706,0.061555,0.069728,0.377061,0.025323,0.157986,0.110873,0.117941,0.197303,0.209486,0.139985,0.142675,0.14424,0.224264,0.208046,0.4705,0.326691,0.271169,0.111857,0.09617,0.084194,0.153274,0.148448,0.189167,0.231726,0.264722,0.166737,0.186012,0.068455,0.171647,0.147575,0.251807,0.254994,0.215876,0.444501,0.332221,0.381511,0.19341,0.210244,0.327469,0.126467,0.110485
sedu_ama5_2025t3-D013_M-04,0.362699,0.247294,0.327248,0.333164,0.463921,0.324724,0.468229,0.603166,0.235308,0.579505,0.152295,0.12308,0.20959,0.240072,0.100819,0.062425,0.073398,0.152045,0.256614,0.094211,0.148241,0.285391,0.621819,0.587862,0.492299,0.614784,0.351998,0.709898,0.641289,0.247775,0.40048,0.232079,0.394577,0.108514,0.048316,0.242551,0.245562,0.162423,0.084628,0.0,0.078458,0.091324,0.135602,0.182427,0.620278,0.654368,0.830964,0.405976,0.419756,0.506797,0.382941,0.444059,0.466295,0.564131,0.397617,0.402643,0.260382,0.26448,0.212334,0.213774,0.199874,0.211997,0.366993,0.141612,0.100533,0.1881,0.068613,0.195942,0.125263,0.100702,0.301075,0.209482,0.22227,0.455276,0.564381,0.477717,0.400742,0.326346,0.37506,0.290109,0.482646,0.611242,0.659338,0.450595,0.371089,0.35898,0.646297,0.45824,0.264026,0.257347,0.262265,0.26531,0.094465,0.299646,0.089147,0.10158,0.051703,0.305267,0.12388,0.229291,0.155552,0.498063,0.706904,0.640079,0.721182,0.745276,0.5932,0.784238,0.751811,0.402902,0.544648,0.582929,0.140439,0.324235,0.223739,0.274609,0.291763,0.295733,0.233445,0.183513,0.233266,0.189131,0.15604,0.134297,0.205891,0.178174,0.731515,0.57598,0.458996,0.458108,0.502464,0.373011,0.396137,0.867366,0.502098,0.778743,0.96396,0.457448,0.525644,0.636346,0.32061,0.372204,0.300846,0.357616,0.305378,0.311205,0.194467,0.287688,0.178261,0.252922,0.206982,0.227153,0.030593,0.105136,0.182326,0.486284,0.083528,0.130802,0.698188,0.198666,0.423997,0.280783,0.329964,0.480269,0.194048,0.269933,0.285252,0.350584,0.590246,0.738734,0.755587,0.812448,0.373318,0.448897,0.368903,0.34952,0.343855,0.433511,0.427897,0.327852,0.30877,0.268998,0.180124,0.252032,0.186805,0.47278,0.167344,0.281752,0.247456,0.299678,0.326066,0.291872,0.421364,0.13555,0.102522,0.121654,0.064816,0.56169,0.234866,0.444554,0.224188,0.173967,0.393111,0.364987,0.438318,0.341192,0.365,0.349444,0.414433,0.238241,0.294421,0.206846,0.155459,0.269151,0.220747,0.324038,0.160337,0.282022,0.307747,0.123121,0.115097,0.031539,0.063581,0.050826,0.481714,0.565351,0.479916,0.494439,0.198629,0.355355,0.104837,0.17603,0.455735,0.250579,0.246474,0.226542,0.279827,0.336421,0.219261,0.360281,0.209927,0.102126,0.334611,0.10603,0.052632,0.270488,0.071247,0.206269,0.089117,0.068647,0.450424,0.199852,0.266055,0.095876,0.015082,0.370149,0.5374,0.29603,0.280973,0.562963,0.401617,0.367126,0.122485,0.292273,0.238143,0.293753,0.208662,0.209165,0.239719,0.170812,0.10791,0.15877,0.417684,0.36598,0.253453,0.296039,0.379178,0.151907,0.107829,0.525426,0.450817,0.491756,0.254341,0.472592,0.172591,0.270029,0.20851,0.118151,0.447451,0.134195
sedu_ama5_2025t3-D013_M-05,0.387691,0.243885,0.671909,0.269809,0.425324,0.262275,0.463012,0.375763,0.054264,0.331489,0.102253,0.112315,0.12055,0.113944,0.097794,0.022709,0.101291,0.148871,0.207239,0.042892,0.089308,0.128948,0.480365,0.34264,0.638474,0.418519,0.247714,0.464593,0.308108,0.177775,0.375212,0.114356,0.340957,0.086446,0.046711,0.103147,0.111281,0.173258,0.1322,0.047786,0.153539,0.190428,0.102896,0.064436,0.102527,0.440549,0.577296,0.281548,0.41967,0.430882,0.248946,0.321171,0.49614,0.559373,0.387905,0.399926,0.047401,0.105853,0.115252,0.125533,0.110439,0.281366,0.183041,0.18483,0.158111,0.074202,0.094762,0.201352,0.175777,0.077642,0.162507,0.060515,0.059328,0.464397,0.474368,0.4058,0.430479,0.382382,0.25088,0.244749,0.280147,0.619643,0.499814,0.469787,0.438877,0.303765,0.417426,0.53445,0.091042,0.075566,0.162417,0.137424,0.163504,0.251596,0.109024,0.097088,0.069628,0.11133,0.138394,0.050442,0.011344,0.516808,0.448591,0.526564,0.648126,0.502633,0.361059,0.423093,0.426764,0.351964,0.394003,0.216402,0.161109,0.320357,0.05622,0.164234,0.108388,0.10391,0.65607,0.186994,0.210489,0.175317,0.057137,0.108797,0.039321,0.02398,0.428499,0.435134,0.338511,0.332861,0.48796,0.321818,0.761229,0.698687,0.891867,0.849336,0.426622,0.487447,0.259777,0.420489,0.331768,0.437571,0.301545,0.234553,0.380913,0.316221,0.108882,0.123086,0.163973,0.160128,0.193705,0.154234,0.082437,0.076938,0.198377,0.346917,0.065743,0.05205,0.02947,0.104184,0.423213,0.233369,0.358474,0.526846,0.581519,0.498505,0.568784,0.688576,0.749989,0.41873,0.505732,0.502234,0.170945,0.106073,0.292352,0.256703,0.217809,0.216426,0.367454,0.308603,0.068118,0.128861,0.142374,0.268987,0.109248,0.237711,0.145587,0.21947,0.162312,0.282128,0.312143,0.238024,0.511437,0.076792,0.122964,0.030372,0.046333,0.409269,0.231743,0.368694,0.27355,0.843455,0.261277,0.263328,0.198839,0.131454,0.365718,0.408865,0.23306,0.158641,0.271235,0.142592,0.114058,0.199459,0.075015,0.247446,0.219455,0.256617,0.291413,0.040895,0.068377,0.075539,0.0,0.046629,0.426592,0.463682,0.544255,0.501455,0.241298,0.12303,0.175984,0.184932,0.223988,0.245453,0.166119,0.22048,0.197089,0.216181,0.157887,0.185857,0.061216,0.166044,0.255678,0.079089,0.045661,0.022389,0.030214,0.055471,0.04675,0.056396,0.234597,0.098166,0.035574,0.125306,0.011057,0.098842,0.140371,0.161282,0.072702,0.177897,0.156385,0.097916,0.116365,0.217174,0.125806,0.198107,0.124676,0.131879,0.188847,0.171361,0.15472,0.123858,0.150253,0.122063,0.078724,0.109802,0.025911,0.06165,0.009326,0.388314,0.32783,0.18475,0.248084,0.08546,0.163361,0.255342,0.170466,0.065624,0.136175,0.103234
sedu_ama5_2025t3-D013_M-06,0.376965,0.264789,0.285144,0.222814,0.422913,0.294479,0.588051,0.297066,0.187882,0.503963,0.104905,0.11381,0.174632,0.160746,0.105995,0.031474,0.105201,0.163893,0.196161,0.047652,0.163345,0.187146,0.608292,0.391221,0.387406,0.365869,0.283971,0.360027,0.286159,0.16196,0.391452,0.122443,0.294733,0.074849,0.035583,0.140416,0.154456,0.159999,0.110103,0.041633,0.161613,0.212058,0.092305,0.20247,0.165238,0.410742,0.714569,0.323403,0.431966,0.41315,0.266882,0.311072,0.435164,0.631257,0.34344,0.355378,0.163655,0.155378,0.154541,0.157547,0.162084,0.265311,0.147069,0.162537,0.154468,0.142137,0.109662,0.216932,0.164169,0.058347,0.278403,0.364304,0.151662,0.554187,0.620853,0.401901,0.364765,0.314671,0.264227,0.228541,0.198195,0.668046,0.865383,0.418426,0.377211,0.281078,0.351998,0.447289,0.175554,0.1988,0.18281,0.176141,0.158646,0.276474,0.080176,0.111783,0.106836,0.105179,0.123278,0.167266,0.115266,0.652098,0.83815,0.638366,0.913721,0.909865,0.508656,0.826065,0.763202,0.497374,0.314454,0.17554,0.182394,0.263808,0.166641,0.246819,0.22802,0.205909,0.252348,0.17281,0.21453,0.18082,0.088138,0.110143,0.171867,0.105614,0.819785,0.737351,0.360405,0.409444,0.418339,0.232447,0.363772,0.810087,0.480115,0.720665,0.799582,0.473722,0.266588,0.370257,0.240227,0.367237,0.248218,0.255847,0.276063,0.221398,0.181644,0.224197,0.151442,0.15108,0.220905,0.129908,0.063448,0.079798,0.204725,0.552531,0.110788,0.080438,0.130616,0.171633,0.36046,0.230447,0.342973,0.454296,0.144619,0.193362,0.209801,0.294341,0.340912,0.86192,0.842147,0.906135,0.276406,0.110882,0.335852,0.26337,0.241989,0.304826,0.402101,0.298595,0.179866,0.15469,0.110844,0.213737,0.124381,0.218773,0.137239,0.23531,0.174776,0.274799,0.296329,0.239721,0.413224,0.100613,0.138921,0.071545,0.087797,0.506631,0.207403,0.356284,0.245969,0.23723,0.262772,0.262029,0.278433,0.228845,0.376854,0.376086,0.334749,0.164791,0.224015,0.152678,0.13219,0.194953,0.096245,0.221144,0.180017,0.239445,0.28263,0.089917,0.08902,0.088974,0.002105,0.065083,0.498824,0.696647,0.515565,0.453222,0.199664,0.244746,0.140461,0.175278,0.287889,0.213629,0.167498,0.190647,0.17589,0.224958,0.198586,0.167676,0.135926,0.157658,0.229278,0.065322,0.099643,0.152655,0.07952,0.188174,0.093094,0.099023,0.245014,0.087845,0.023432,0.108212,0.0,0.15769,0.140807,0.204451,0.212809,0.211242,0.150255,0.222239,0.110057,0.187981,0.14769,0.215434,0.136089,0.147591,0.203358,0.158704,0.117844,0.128087,0.284064,0.246802,0.228225,0.234406,0.05146,0.124576,0.073785,0.42135,0.347728,0.207319,0.228233,0.315749,0.184696,0.23915,0.181606,0.073093,0.374788,0.116119
sedu_ama5_2025t3-D013_M-07,0.621125,0.419831,0.441132,0.358515,0.495526,0.394778,0.41653,0.421653,0.57148,0.831393,0.245349,0.263599,0.468158,0.462201,0.183839,0.097077,0.154145,0.153433,0.188101,0.099817,0.408257,0.592139,0.499022,0.381911,0.489728,0.345733,0.360753,0.401704,0.352409,0.253856,0.364668,0.208555,0.650371,0.249925,0.131694,0.487583,0.509278,0.207851,0.070804,0.040449,0.153453,0.435506,0.119803,0.740159,0.341713,0.437712,0.495692,0.347286,0.51176,0.360556,0.278007,0.330744,0.446869,0.495119,0.419644,0.370494,0.340876,0.450697,0.49401,0.553408,0.516922,0.247114,0.085203,0.12554,0.165813,0.610341,0.293131,0.201606,0.417603,0.176069,0.546675,0.416994,0.338874,0.440167,0.370912,0.377351,0.359469,0.315852,0.243959,0.285142,0.356875,0.395741,0.443272,0.447982,0.450059,0.323378,0.456317,0.428452,0.347528,0.584857,0.511986,0.456219,0.146454,0.520662,0.282066,0.140627,0.154389,0.051452,0.235548,0.64714,0.277752,0.452399,0.449907,0.53593,0.923504,0.855479,0.449073,0.443911,0.364308,0.410663,0.611882,0.39506,0.21346,0.27343,0.293921,0.329133,0.671152,0.566913,0.494321,0.191463,0.548871,0.206771,0.196051,0.117369,0.394426,0.258967,0.468252,0.44841,0.346829,0.404432,0.450625,0.304389,0.657263,0.695262,0.59423,0.756279,0.462412,0.500637,0.248108,0.367535,0.325293,0.474031,0.459848,0.493117,0.483615,0.443045,0.385174,0.278762,0.251594,0.176158,0.540689,0.237099,0.073829,0.141806,0.326604,0.309767,0.404778,0.276107,0.460813,0.597205,0.305952,0.211743,0.511061,0.440089,0.146865,0.255271,0.345256,0.348013,0.315832,0.698277,0.526861,0.557288,0.346219,0.185662,0.313011,0.536585,0.278432,0.294613,0.392887,0.648295,0.470317,0.251401,0.18142,0.295518,0.180385,0.290011,0.215625,0.278359,0.223035,0.233173,0.632363,0.677914,0.465075,0.135255,0.225615,0.369015,0.324222,0.558691,0.243485,0.339288,0.272146,0.13582,0.223625,0.271337,0.422594,0.24028,0.719587,0.481599,0.447629,0.214996,0.310346,0.128774,0.16235,0.260307,0.339842,0.437143,0.186823,0.278386,0.293113,0.408216,0.225332,0.255862,0.032182,0.263891,0.363556,0.480526,0.484698,0.467777,0.189701,0.374195,0.175882,0.250156,0.385507,0.300885,0.200969,0.302186,0.274263,0.258309,0.221115,0.352192,0.543461,0.382385,0.262011,0.178937,0.541505,0.391182,0.227302,0.34495,0.389432,0.11005,0.340063,0.321776,0.055801,0.101585,0.156171,0.120832,0.133385,0.200657,0.385618,0.194208,0.212662,0.334891,0.125119,0.332026,0.204054,0.312088,0.211632,0.20096,0.274919,0.163497,0.199881,0.247905,0.298274,0.273349,0.371113,0.414132,0.0,0.325837,0.365085,0.594708,0.549918,0.224406,0.474051,0.478584,0.32794,0.265424,0.237579,0.201114,0.859313,0.254501
sedu_ama5_2025t3-D013_M-08,0.098936,0.278877,0.479332,0.208915,0.192605,0.2714,0.305386,0.329056,0.388937,0.301614,0.261996,0.20551,0.406825,0.467804,0.208781,0.050485,0.161747,0.09809,0.127491,0.004408,0.246313,0.187353,0.230462,0.24213,0.419233,0.303396,0.226601,0.329234,0.567815,0.465131,0.232113,0.196569,0.37894,0.170414,0.15464,0.409999,0.462327,0.343163,0.173694,0.130587,0.148401,0.110798,0.019552,0.239419,0.214427,0.149336,0.298724,0.218351,0.281562,0.211168,0.317493,0.665835,0.562211,0.697478,0.427598,0.177801,0.240984,0.430467,0.441256,0.539625,0.450027,0.196186,0.207638,0.233139,0.213301,0.448074,0.075003,0.153753,0.14588,0.07891,0.363324,0.147411,0.226448,0.221008,0.195779,0.2571,0.294892,0.180282,0.443017,0.489134,0.301799,0.354225,0.170163,0.247014,0.579832,0.282889,0.249458,0.1944,0.34218,0.401182,0.489639,0.4339,0.224713,0.662399,0.08428,0.084805,0.13962,0.088545,0.099264,0.249448,0.167706,0.227918,0.217904,0.525104,0.444326,0.336773,0.446881,0.267639,0.262801,0.369408,0.393796,0.181506,0.418774,0.884179,0.259456,0.281403,0.454183,0.455907,0.696445,0.418792,0.823252,0.290487,0.123455,0.073834,0.150745,0.147936,0.230011,0.211158,0.197603,0.192368,0.34674,0.274762,0.675279,0.360111,0.419835,0.471829,0.252736,0.293552,0.218645,0.361234,0.553107,0.421303,0.414058,0.378628,0.43901,0.404258,0.488054,0.289104,0.322623,0.402711,0.489759,0.234769,0.180668,0.228507,0.527519,0.315434,0.28097,0.186617,0.14795,0.233081,0.285724,0.23267,0.254692,0.308319,0.388088,0.398009,0.518132,0.695534,0.613094,0.357254,0.329177,0.32082,0.151976,0.132659,0.243848,0.218672,0.26031,0.278337,0.376222,0.46394,0.345436,0.334609,0.320507,0.362657,0.235958,0.336704,0.366946,0.361826,0.167004,0.408891,0.625027,0.694741,0.271315,0.07978,0.159759,0.121464,0.18901,0.167747,0.254228,0.347836,0.273846,0.274722,0.243191,0.349361,0.342166,0.209236,0.600147,0.46332,0.307589,0.260025,0.353188,0.307603,0.418518,0.338296,0.33728,0.633008,0.274982,0.424473,0.258149,0.305186,0.189496,0.175893,0.0,0.225202,0.383739,0.172832,0.23157,0.226349,0.213406,0.210783,0.197082,0.43256,0.279353,0.407162,0.320795,0.317804,0.268507,0.298844,0.326919,0.422547,0.438993,0.209383,0.28738,0.078307,0.139837,0.27694,0.145101,0.133848,0.14194,0.098087,0.091223,0.325943,0.00257,0.31519,0.157796,0.123807,0.234578,0.24507,0.215414,0.236665,0.224422,0.233849,0.356077,0.285073,0.320475,0.339272,0.168625,0.150365,0.052013,0.21167,0.16994,0.266958,0.25457,0.282988,0.266214,0.303508,0.026849,0.201861,0.224837,0.361638,0.343569,0.275146,0.437436,0.306815,0.569507,0.297852,0.319345,0.267815,0.191816,0.147941
sedu_ama5_2025t3-D065_M-01,0.516072,0.324046,0.428099,0.369467,0.609378,0.257632,0.415777,0.354065,0.156587,0.704253,0.140631,0.079989,0.149071,0.146907,0.150534,0.046939,0.075514,0.152461,0.145087,0.807291,0.201996,0.216528,0.501344,0.655392,0.490186,0.452553,0.218205,0.432987,0.331054,0.253019,0.535882,0.251081,0.452387,0.112996,0.461052,0.149705,0.176062,0.105516,0.042389,0.034141,0.110024,0.136877,0.394382,0.243601,0.2288,0.430837,0.502178,0.25263,0.443829,0.397679,0.215989,0.321161,0.515681,0.534452,0.449037,0.346776,0.127527,0.136757,0.183582,0.200488,0.192363,0.111371,0.043103,0.051679,0.089276,0.206035,0.088334,0.147946,0.153441,0.788719,0.291492,0.161904,0.167905,0.561814,0.439121,0.433429,0.287734,0.355642,0.228565,0.244261,0.371307,0.353324,0.332491,0.554012,0.431406,0.249093,0.71068,0.521305,0.158459,0.104536,0.161789,0.10989,0.005541,0.251673,0.082386,0.03977,0.098021,0.116873,0.436273,0.171341,0.084054,0.492804,0.346054,0.322623,0.473741,0.516128,0.362528,0.377398,0.337742,0.389838,0.656995,0.180465,0.18691,0.254771,0.036164,0.048783,0.183825,0.165136,0.15512,0.076725,0.186551,0.073034,0.418748,0.738849,0.147925,0.064054,0.454637,0.294306,0.391043,0.738083,0.45187,0.296486,0.337447,0.414996,0.440971,0.404524,0.430833,0.629387,0.270747,0.344644,0.254065,0.393828,0.254134,0.260406,0.292133,0.259095,0.136207,0.143523,0.192984,0.109567,0.165517,0.133484,0.081006,0.07626,0.155145,0.765082,0.159054,0.119591,0.081373,0.112138,0.378544,0.214739,0.431698,0.521576,0.245457,0.184583,0.258922,0.246349,0.273667,0.529739,0.364346,0.466523,0.139443,0.190799,0.309399,0.319003,0.202395,0.138374,0.216903,0.220277,0.064449,0.161177,0.086878,0.163213,0.036374,0.213407,0.053827,0.171712,0.171685,0.139392,0.165634,0.170969,0.312253,0.686872,0.110179,0.117182,0.156822,0.42091,0.203934,0.293714,0.231607,0.171615,0.237205,0.226552,0.197066,0.101891,0.507031,0.543896,0.177142,0.236919,0.184175,0.090648,0.101229,0.147153,0.036155,0.137178,0.101337,0.212852,0.728561,0.180587,0.123419,0.117557,0.09033,0.151704,0.46965,0.782112,0.525391,0.523645,0.208685,0.091961,0.171291,0.180317,0.173769,0.208403,0.076275,0.20848,0.091701,0.185135,0.157071,0.331801,0.167427,0.097334,0.207065,0.676892,0.173886,0.155198,0.108293,0.154439,0.195627,0.005377,0.540672,0.022504,0.443146,0.071526,0.092698,0.140756,0.112305,0.173618,0.232814,0.204945,0.158134,0.132424,0.072396,0.16564,0.105583,0.256171,0.734794,0.81511,0.219623,0.152743,0.188841,0.129094,0.056286,0.032908,0.09952,0.147778,0.0,0.153698,0.207863,0.359681,0.328378,0.176895,0.101544,0.462914,0.150356,0.185237,0.138126,0.058324,0.570491,0.685005
sedu_ama5_2025t3-D065_M-02,0.266537,0.313422,0.438652,0.397656,0.358561,0.236695,0.169921,0.401191,0.322402,0.54515,0.25953,0.203234,0.410321,0.283973,0.284896,0.047701,0.042908,0.081813,0.138814,0.740835,0.168756,0.233933,0.385935,0.540246,0.739535,0.468484,0.158587,0.702902,0.25069,0.266793,0.269968,0.281978,0.334456,0.265948,0.137053,0.422986,0.290177,0.204506,0.178888,0.005788,0.112911,0.164449,0.37886,0.247477,0.433371,0.157991,0.174007,0.131078,0.223851,0.146914,0.428247,0.242123,0.328915,0.328722,0.237607,0.134729,0.280911,0.420701,0.390428,0.302886,0.253515,0.179997,0.161461,0.183141,0.222903,0.369862,0.106025,0.109627,0.184532,0.628932,0.265417,0.152259,0.205076,0.284029,0.120181,0.220554,0.063471,0.141506,0.151125,0.228493,0.269376,0.150267,0.116669,0.289116,0.263098,0.170477,0.14619,0.245812,0.293374,0.259394,0.280137,0.144935,0.161216,0.373162,0.066061,0.108286,0.081324,0.092903,0.416291,0.161466,0.047751,0.192489,0.054478,0.127037,0.234689,0.212312,0.360326,0.125631,0.06741,0.475366,0.17323,0.190146,0.262667,0.218645,0.219774,0.276924,0.396534,0.207431,0.211282,0.178283,0.345636,0.285389,0.484825,0.708542,0.167167,0.068306,0.164244,0.030802,0.205405,0.199235,0.265947,0.184696,0.131734,0.159178,0.237404,0.167124,0.246021,0.389376,0.382378,0.137522,0.232973,0.252119,0.287218,0.207489,0.249241,0.199329,0.250345,0.175759,0.298204,0.237536,0.251882,0.264054,0.18828,0.214137,0.258059,0.591411,0.155111,0.171125,0.090271,0.197978,0.16405,0.098327,0.184377,0.237081,0.272651,0.182282,0.307926,0.115764,0.356932,0.308023,0.089,0.219859,0.274826,0.181505,0.240964,0.22782,0.209641,0.107682,0.102188,0.232013,0.140775,0.297526,0.132884,0.193299,0.133596,0.456745,0.146666,0.283735,0.250783,0.336482,0.131961,0.25624,0.14216,0.621114,0.174527,0.170673,0.182684,0.179599,0.245975,0.233437,0.181888,0.091809,0.149076,0.308938,0.306288,0.111536,0.344347,0.327408,0.197551,0.238219,0.191501,0.204214,0.207077,0.257788,0.132863,0.219069,0.274757,0.404009,0.674415,0.250268,0.158645,0.165161,0.160611,0.208471,0.16916,0.260803,0.244515,0.302973,0.080828,0.085975,0.216502,0.207026,0.155387,0.194412,0.193118,0.276829,0.136997,0.183153,0.237808,0.182724,0.321013,0.448078,0.337297,0.643685,0.171705,0.202102,0.174741,0.174958,0.43832,0.061473,0.164457,0.081475,0.391119,0.152735,0.160091,0.1045,0.133938,0.172493,0.258835,0.180055,0.209353,0.282965,0.165127,0.2021,0.306788,0.265425,0.668035,0.759092,0.260725,0.230538,0.206837,0.207304,0.106529,0.297582,0.169956,0.192082,0.0,0.158762,0.681583,0.187418,0.1831,0.20962,0.278642,0.512414,0.254725,0.086534,0.173453,0.217286,0.485418,0.683967
sedu_ama5_2025t3-D065_M-03,0.366712,0.539305,0.627952,0.593053,0.311496,0.281221,0.437226,0.496167,0.268001,0.27906,0.213383,0.162678,0.607237,0.242563,0.296106,0.006745,0.004036,0.04345,0.165081,0.238371,0.208677,0.191763,0.2523,0.562821,0.550751,0.548066,0.203554,0.594186,0.365462,0.314594,0.251533,0.232115,0.333864,0.185039,0.161238,0.543471,0.281578,0.275151,0.231133,0.00908,0.067585,0.160664,0.266512,0.231703,0.252058,0.193637,0.478867,0.241634,0.23127,0.21217,0.749291,0.352859,0.323705,0.350955,0.250353,0.128469,0.233914,0.518394,0.54303,0.465405,0.243419,0.199752,0.241369,0.243004,0.256507,0.344447,0.083545,0.118184,0.184483,0.298533,0.29771,0.102287,0.179504,0.289813,0.389502,0.24964,0.162998,0.204687,0.241857,0.240962,0.324162,0.244654,0.180216,0.478151,0.286041,0.237047,0.16918,0.248031,0.251631,0.195301,0.322124,0.223342,0.187068,0.395003,0.111283,0.016264,0.059795,0.164971,0.303712,0.146513,0.085872,0.249213,0.325207,0.220001,0.328818,0.267462,0.285365,0.204017,0.196595,0.373282,0.174301,0.195172,0.461778,0.453183,0.157474,0.184292,0.584074,0.240082,0.27311,0.167361,0.376294,0.273682,0.736435,0.593029,0.126352,0.087919,0.244636,0.266264,0.251246,0.301165,0.447479,0.430687,0.248291,0.236076,0.479421,0.23912,0.313181,0.679445,0.228712,0.159756,0.508819,0.230999,0.415182,0.246522,0.235172,0.220227,0.310389,0.306206,0.293253,0.281905,0.296522,0.275515,0.209371,0.234185,0.221947,0.489576,0.11223,0.154871,0.101723,0.127439,0.219074,0.190825,0.151061,0.291852,0.228366,0.293269,0.331879,0.215756,0.253169,0.282834,0.22059,0.279902,0.154303,0.175916,0.188462,0.228838,0.17955,0.16991,0.144083,0.231571,0.187433,0.473837,0.201925,0.271384,0.189223,0.264307,0.18339,0.239076,0.28466,0.347586,0.211668,0.302747,0.128797,0.580927,0.052299,0.105574,0.143211,0.248749,0.293569,0.346955,0.193621,0.231874,0.193202,0.263188,0.285254,0.152314,0.268297,0.253814,0.166595,0.276172,0.252517,0.243727,0.175452,0.287981,0.342728,0.259047,0.660962,0.877964,0.588376,0.209259,0.10176,0.042487,0.100754,0.151104,0.264491,0.250194,0.328904,0.315633,0.139375,0.10769,0.179767,0.174009,0.200415,0.297788,0.177353,0.261045,0.130042,0.235756,0.226989,0.201959,0.315598,0.496325,0.671765,0.544121,0.135589,0.121085,0.100178,0.137415,0.166854,0.06497,0.08778,0.289059,0.367294,0.161459,0.092297,0.316517,0.164261,0.167031,0.379863,0.185015,0.222721,0.235359,0.211554,0.180613,0.415759,0.34143,0.569422,0.683706,0.231918,0.22596,0.18976,0.134497,0.111728,0.09309,0.121176,0.193538,0.0,0.114481,0.244428,0.246284,0.22278,0.210222,0.502102,0.441378,0.209984,0.238916,0.213276,0.449204,0.164627,0.571604
sedu_ama5_2025t3-D065_M-04,0.500408,0.381078,0.419411,0.382731,0.55821,0.294909,0.33851,0.303286,0.062759,0.351566,0.123826,0.506321,0.114915,0.063277,0.172646,0.145418,0.114461,0.187515,0.168067,0.343304,0.219461,0.311237,0.483804,0.470389,0.483293,0.357314,0.262128,0.381731,0.267774,0.203523,0.461299,0.14112,0.37181,0.134771,0.096769,0.110904,0.082277,0.165287,0.142648,0.098256,0.160287,0.187343,0.424294,0.255299,0.263899,0.476152,0.512911,0.27417,0.416005,0.422862,0.174889,0.232846,0.562706,0.49346,0.363863,0.380601,0.090514,0.085003,0.148883,0.079411,0.085062,0.273237,0.203703,0.18243,0.140167,0.164768,0.146713,0.186788,0.198363,0.450976,0.228018,0.646604,0.208097,0.529672,0.473669,0.450305,0.306953,0.376794,0.193237,0.221842,0.326718,0.482813,0.450631,0.516003,0.465787,0.228232,0.391785,0.575042,0.08103,0.10326,0.127309,0.088528,0.162828,0.21984,0.169023,0.485969,0.521395,0.185252,0.493995,0.141968,0.153221,0.503984,0.368931,0.401483,0.539178,0.434936,0.405176,0.406231,0.37933,0.355922,0.400899,0.176818,0.220034,0.251854,0.042284,0.069823,0.15594,0.086416,0.145466,0.145619,0.203642,0.119408,0.462826,0.858304,0.217663,0.161609,0.421082,0.362558,0.43939,0.419001,0.498305,0.363704,0.353501,0.433886,0.527608,0.462946,0.520703,0.663871,0.373319,0.384109,0.22889,0.33232,0.286332,0.217086,0.24038,0.224826,0.098527,0.097684,0.182069,0.173687,0.193951,0.213951,0.159799,0.127655,0.154028,0.862694,0.137885,0.183585,0.14048,0.128978,0.464339,0.290752,0.318478,0.51191,0.212349,0.231949,0.261342,0.169009,0.314667,0.406357,0.370683,0.49472,0.202311,0.125943,0.196425,0.247488,0.188592,0.161787,0.219253,0.245875,0.039596,0.106409,0.069227,0.152503,0.051319,0.205373,0.121439,0.201703,0.341639,0.179031,0.126899,0.148781,0.418061,0.821728,0.240012,0.240112,0.216207,0.49046,0.249386,0.321531,0.29345,0.192488,0.163993,0.210462,0.2138,0.152603,0.448817,0.478159,0.164815,0.242356,0.147103,0.114066,0.139678,0.156813,0.0,0.132658,0.151638,0.174494,0.841056,0.24625,0.202582,0.197968,0.306801,0.255272,0.336804,0.519961,0.624318,0.602099,0.278182,0.082666,0.208947,0.227529,0.145191,0.15215,0.064339,0.172248,0.093135,0.175263,0.191245,0.135484,0.126262,0.216569,0.259319,0.80538,0.24376,0.167617,0.234837,0.197893,0.306127,0.116766,0.41705,0.001728,0.625979,0.173336,0.234061,0.184401,0.104336,0.235062,0.202774,0.190015,0.206188,0.160111,0.134848,0.152743,0.131686,0.192975,0.812534,0.945649,0.39224,0.235587,0.236019,0.18001,0.076349,0.028521,0.041382,0.104435,0.079791,0.176882,0.178178,0.336113,0.288993,0.170646,0.137224,0.1055,0.127585,0.156675,0.124312,0.050872,0.262414,0.812905
sedu_ama5_2025t3-D065_M-05,0.300758,0.315431,0.481179,0.40877,0.586074,0.299087,0.405324,0.247579,0.100647,0.215263,0.226013,0.383172,0.226192,0.141259,0.20339,0.122541,0.039432,0.132024,0.93109,0.372209,0.148494,0.333047,0.362442,0.355749,0.4535,0.182863,0.306916,0.241236,0.309046,0.321358,0.210225,0.197073,0.212556,0.214113,0.059831,0.210118,0.174474,0.196031,0.128836,0.140578,0.180868,0.570093,0.421684,0.288758,0.144905,0.301049,0.276658,0.343096,0.277514,0.285118,0.238526,0.289893,0.3866,0.320951,0.160998,0.344204,0.260411,0.168654,0.201863,0.18041,0.233815,0.315261,0.146222,0.161899,0.077546,0.365611,0.149786,0.254758,0.485347,0.372734,0.259447,0.231207,0.108852,0.331386,0.326475,0.289745,0.233845,0.244718,0.275551,0.320379,0.197114,0.260475,0.327665,0.214478,0.220901,0.308514,0.328787,0.380345,0.261891,0.178765,0.229156,0.174784,0.086536,0.442667,0.141676,0.113439,0.033614,0.199158,0.426701,0.156346,0.03553,0.344351,0.233765,0.205656,0.312675,0.330535,0.422816,0.268613,0.256961,0.20723,0.325667,0.369559,0.341842,0.477815,0.100949,0.171956,0.201193,0.19431,0.240057,0.155152,0.311074,0.165632,0.450326,0.649232,0.1582,0.073449,0.341934,0.224603,0.308254,0.188296,0.238936,0.260319,0.207857,0.332384,0.334274,0.289026,0.361957,0.381184,0.38798,0.322227,0.464127,0.248725,0.210572,0.149441,0.174737,0.145672,0.193153,0.180649,0.210656,0.146302,0.267897,0.337121,0.192336,0.1383,0.236166,0.615014,0.0,0.136394,0.223167,0.100818,0.214632,0.314114,0.244159,0.327959,0.254036,0.193382,0.220012,0.223106,0.48305,0.293433,0.256584,0.284304,0.431768,0.214132,0.220377,0.458097,0.491589,0.208869,0.143692,0.177235,0.172812,0.26964,0.132484,0.261128,0.147358,0.250714,0.122551,0.232881,0.300804,0.207109,0.186478,0.201244,0.279154,0.584245,0.132591,0.188638,0.130749,0.300827,0.258217,0.344053,0.282674,0.097225,0.252194,0.517433,0.420686,0.19931,0.194815,0.200804,0.439969,0.319772,0.216823,0.149521,0.135953,0.266321,0.144412,0.208935,0.208179,0.259707,0.616764,0.169861,0.101542,0.112623,0.225968,0.096072,0.243214,0.350124,0.364036,0.342055,0.33628,0.360904,0.361705,0.368967,0.262262,0.240792,0.175854,0.295436,0.191896,0.229273,0.162474,0.141891,0.260121,0.177644,0.301576,0.645037,0.153119,0.036848,0.146224,0.225122,0.180466,0.108695,0.252088,0.153503,0.461857,0.132473,0.099576,0.18728,0.231371,0.258557,0.27826,0.298819,0.211575,0.257535,0.152752,0.244794,0.442493,0.18263,0.594859,0.677915,0.384235,0.202079,0.162074,0.194303,0.169861,0.178908,0.052019,0.150458,0.071673,0.112856,0.168723,0.224227,0.220314,0.27385,0.17748,0.181128,0.154147,0.184528,0.128853,0.211029,0.40588,0.603004
sedu_ama5_2025t3-D065_M-06,0.486446,0.392273,0.591736,0.295317,0.515323,0.347106,0.410486,0.538981,0.159492,0.304373,0.091251,0.260592,0.127765,0.339111,0.070196,0.069895,0.120143,0.1837,0.121608,0.167884,0.579737,0.339636,0.418722,0.435966,0.556296,0.398373,0.307154,0.429769,0.426341,0.284773,0.463424,0.346047,0.541009,0.081638,0.091702,0.167298,0.199088,0.158934,0.078862,0.076289,0.160918,0.115985,0.227033,0.489452,0.429267,0.401056,0.442819,0.336306,0.400298,0.375334,0.329268,0.400791,0.463312,0.526703,0.485397,0.675004,0.115668,0.167662,0.175403,0.276797,0.234549,0.148906,0.09628,0.082271,0.075871,0.506847,0.133265,0.154956,0.121785,0.296044,0.605666,0.335096,0.483221,0.485432,0.62132,0.439468,0.327674,0.319055,0.284289,0.422229,0.426069,0.297953,0.265142,0.423447,0.467496,0.296672,0.782623,0.412387,0.126271,0.178648,0.219579,0.211765,0.047904,0.331483,0.120569,0.039424,0.190344,0.018978,0.298507,0.442725,0.39661,0.431301,0.32401,0.334655,0.46101,0.481882,0.390853,0.391075,0.329939,0.541083,0.502985,0.179754,0.220335,0.309876,0.077808,0.091409,0.233683,0.242379,0.237626,0.114185,0.19274,0.103069,0.375448,0.539701,0.325354,0.299571,0.424316,0.264195,0.365251,0.368868,0.403364,0.257568,0.490676,0.391022,0.429971,0.397792,0.416899,0.579176,0.274604,0.505773,0.313637,0.434749,0.523912,0.459952,0.303916,0.247024,0.194913,0.186361,0.274843,0.156691,0.18528,0.182106,0.064656,0.09656,0.186998,0.573669,0.309088,0.281898,0.318088,0.293509,0.378615,0.235506,0.440528,0.488613,0.297328,0.277748,0.359007,0.317775,0.29398,0.524121,0.344548,0.429141,0.090064,0.180596,0.273336,0.463366,0.220219,0.212061,0.306293,0.242974,0.1489,0.195772,0.181594,0.45932,0.198096,0.481999,0.194153,0.260155,0.197547,0.178383,0.238662,0.277826,0.261546,0.46311,0.223115,0.415123,0.287138,0.41854,0.172309,0.354833,0.273887,0.159414,0.277299,0.298857,0.245768,0.166422,0.477039,0.503762,0.229932,0.233734,0.422489,0.176576,0.22297,0.159284,0.120937,0.20202,0.09212,0.225599,0.819052,0.382307,0.286843,0.16763,0.043313,0.276654,0.253593,0.399401,0.461324,0.462556,0.205787,0.117758,0.12342,0.197746,0.185651,0.247315,0.173884,0.476037,0.130322,0.196165,0.280313,0.303418,0.200332,0.101705,0.232494,0.624898,0.133203,0.383198,0.220781,0.107354,0.384106,0.093777,0.206764,0.085805,0.267249,0.083859,0.18539,0.147211,0.19614,0.225427,0.228239,0.172543,0.107883,0.158887,0.166438,0.188872,0.18611,0.334611,0.493945,0.570504,0.165352,0.127081,0.23674,0.106588,0.161322,0.143914,0.252488,0.372126,0.030992,0.456354,0.342008,0.557321,0.513853,0.180405,0.17074,0.16703,0.194699,0.195539,0.151528,0.077502,0.36411,0.423694
sedu_ama5_2025t3-D111_M-01,0.096534,0.206481,0.172586,0.217638,0.139066,0.218911,0.228036,0.168567,0.297614,0.37119,0.350635,0.325057,0.38808,0.510971,0.16657,0.127657,0.142013,0.152707,0.176771,0.06459,0.185125,0.176239,0.179112,0.218293,0.154436,0.233459,0.223222,0.190502,0.21134,0.263688,0.148414,0.191379,0.209971,0.317976,0.243622,0.600861,0.502192,0.281517,0.156507,0.123775,0.132937,0.071174,0.028581,0.185808,0.20229,0.145623,0.171338,0.21306,0.197852,0.141336,0.167796,0.221057,0.13681,0.22952,0.140449,0.118053,0.369249,0.585006,0.655753,0.458504,0.305295,0.139772,0.131646,0.171231,0.146531,0.303994,0.126152,0.10947,0.094576,0.018488,0.173972,0.140431,0.184103,0.206398,0.143005,0.13958,0.179796,0.154548,0.208792,0.156905,0.166722,0.129895,0.106804,0.130543,0.16147,0.171419,0.127542,0.093704,0.388483,0.643614,0.353921,0.344101,0.193783,0.501373,0.109927,0.147395,0.169965,0.057698,0.018161,0.181359,0.120563,0.180531,0.153434,0.183496,0.132567,0.128936,0.122937,0.103909,0.108932,0.219407,0.184768,0.124321,0.172859,0.185622,0.462508,0.511646,0.659222,0.345551,0.301521,0.245199,0.346123,0.283644,0.040398,0.0,0.118493,0.144093,0.1159,0.134374,0.125043,0.092548,0.1575,0.234802,0.175291,0.114827,0.122902,0.125262,0.080738,0.146826,0.137664,0.109622,0.209573,0.544433,0.658742,0.311041,0.395775,0.352417,0.376708,0.310316,0.298297,0.233155,0.374732,0.264149,0.068198,0.424264,0.448631,0.067264,0.105168,0.164464,0.197292,0.262759,0.100051,0.144965,0.156494,0.165749,0.105588,0.178096,0.229792,0.176103,0.166421,0.190404,0.177148,0.147158,0.18057,0.19052,0.194092,0.101285,0.179555,0.11562,0.302925,0.41848,0.336588,0.420532,0.235385,0.449486,0.437755,0.375176,0.462998,0.558406,0.14136,0.282608,0.363893,0.471976,0.268468,0.109526,0.101962,0.195252,0.136178,0.120342,0.185137,0.208153,0.101195,0.073954,0.099254,0.257579,0.2771,0.096908,0.154315,0.130553,0.241663,0.190938,0.347497,0.336807,0.286651,0.36391,0.286359,0.35207,0.190646,0.372955,0.155965,0.169913,0.097083,0.105464,0.015879,0.152031,0.328426,0.165956,0.113221,0.148001,0.071861,0.135014,0.141278,0.176735,0.178608,0.301964,0.288808,0.36024,0.367405,0.182351,0.300727,0.280475,0.366841,0.203812,0.211871,0.044068,0.090669,0.114787,0.15565,0.112218,0.074219,0.082835,0.119197,0.292231,0.041698,0.194175,0.111889,0.16158,0.136769,0.193397,0.153888,0.144563,0.16224,0.244998,0.195218,0.28437,0.510159,0.277607,0.113589,0.091486,0.102536,0.138217,0.128699,0.157998,0.167946,0.325069,0.165092,0.151434,0.096599,0.151781,0.14397,0.234563,0.233789,0.368806,0.535682,0.534051,0.316137,0.13828,0.143147,0.272343,0.630437,0.126284
sedu_ama5_2025t3-D111_M-02,0.045403,0.219217,0.2379,0.256447,0.091905,0.300177,0.226578,0.172502,0.331167,0.148488,0.254748,0.253133,0.380135,0.626365,0.290578,0.062116,0.035711,0.103329,0.103362,0.150073,0.192405,0.167856,0.083735,0.241573,0.215594,0.260732,0.250283,0.167858,0.192062,0.284089,0.100828,0.144823,0.153946,0.227844,0.25955,0.421585,0.665655,0.236768,0.188148,0.052538,0.100589,0.08916,0.022534,0.231785,0.209162,0.064746,0.106908,0.191224,0.162538,0.141707,0.195647,0.182699,0.106667,0.175224,0.107941,0.079285,0.29975,0.720985,0.807367,0.279853,0.250286,0.14493,0.220827,0.157691,0.225352,0.340517,0.108407,0.081831,0.130096,0.032038,0.206609,0.123569,0.180408,0.112129,0.113879,0.155628,0.149766,0.244731,0.142496,0.177343,0.206559,0.010513,0.0366,0.041368,0.096254,0.176525,0.104446,0.063925,0.274666,0.773841,0.284143,0.226183,0.183001,0.293966,0.084315,0.101468,0.107311,0.083879,0.0,0.237985,0.098398,0.102126,0.105659,0.102486,0.08216,0.054782,0.075712,0.099627,0.03784,0.219996,0.113914,0.161445,0.186516,0.140019,0.233369,0.178705,0.8617,0.319035,0.232286,0.230387,0.328883,0.718293,0.172367,0.068782,0.157419,0.159641,0.091389,0.063168,0.154247,0.119568,0.151141,0.220835,0.130947,0.065979,0.121148,0.085558,0.084986,0.179262,0.07331,0.029703,0.191086,0.145094,0.683836,0.236592,0.300462,0.270032,0.369319,0.264234,0.353041,0.559599,0.312764,0.217044,0.225014,0.322297,0.259027,0.081197,0.14775,0.203022,0.135413,0.248698,0.075212,0.099731,0.093844,0.140022,0.173782,0.185069,0.276854,0.142691,0.064622,0.153467,0.103373,0.153986,0.215261,0.122179,0.138554,0.080174,0.143244,0.135212,0.076462,0.314012,0.288044,0.415969,0.178542,0.301195,0.375939,0.370501,0.254408,0.352689,0.159588,0.293274,0.231435,0.254029,0.106483,0.162,0.056665,0.194062,0.1883,0.114775,0.19447,0.183258,0.132553,0.059088,0.154638,0.177307,0.268796,0.185881,0.183981,0.124411,0.182525,0.187396,0.19565,0.332177,0.286284,0.344409,0.259691,0.230791,0.287353,0.478937,0.149444,0.222717,0.102714,0.022431,0.042175,0.213053,0.183972,0.044939,0.107799,0.181638,0.04006,0.171094,0.089198,0.113487,0.214654,0.216824,0.245079,0.344182,0.185003,0.122034,0.356673,0.186265,0.375208,0.148816,0.304003,0.110262,0.067732,0.207111,0.155178,0.123856,0.078127,0.092099,0.124432,0.255266,0.101103,0.191653,0.100776,0.235733,0.152562,0.19933,0.194344,0.131031,0.210723,0.267007,0.206686,0.200937,0.675696,0.269957,0.1643,0.177088,0.089178,0.193464,0.168788,0.152619,0.101975,0.137451,0.228551,0.260333,0.173406,0.162677,0.785003,0.193605,0.211999,0.177843,0.330671,0.373928,0.259841,0.101953,0.135798,0.252895,0.170732,0.211054
sedu_ama5_2025t3-D111_M-03,0.054051,0.138784,0.226354,0.185445,0.123882,0.238759,0.198815,0.231808,0.351237,0.099412,0.236526,0.209489,0.370203,0.730064,0.206212,0.0,0.038354,0.12883,0.140532,0.102324,0.167001,0.220271,0.291427,0.508397,0.355734,0.22691,0.189137,0.220283,0.274673,0.373322,0.125619,0.327503,0.147569,0.124364,0.206059,0.609004,0.509629,0.206,0.14038,0.077851,0.032072,0.108479,0.06902,0.153304,0.248258,0.087724,0.114954,0.180239,0.176028,0.189781,0.229857,0.24972,0.150277,0.204433,0.0825,0.145394,0.309812,0.642631,0.642163,0.292993,0.490306,0.100721,0.170449,0.12066,0.095977,0.800876,0.021796,0.041132,0.151862,0.078803,0.259167,0.117965,0.218359,0.111478,0.110617,0.42542,0.164886,0.199769,0.261625,0.518775,0.222828,0.059295,0.073074,0.043586,0.071287,0.169036,0.10219,0.064986,0.428959,0.341441,0.342918,0.376089,0.134455,0.472301,0.017943,0.083186,0.071747,0.152264,0.034638,0.228619,0.150768,0.09048,0.122057,0.153672,0.079467,0.082693,0.090775,0.190485,0.178506,0.270578,0.112169,0.211938,0.251786,0.244482,0.265602,0.267056,0.391657,0.540076,0.274905,0.228513,0.273485,0.289693,0.150354,0.087032,0.1679,0.203082,0.126906,0.047674,0.222169,0.23963,0.168452,0.323619,0.164099,0.087753,0.214813,0.152786,0.135691,0.385253,0.38747,0.131616,0.254728,0.29598,0.591465,0.516071,0.307677,0.295697,0.388341,0.315537,0.323478,0.32119,0.338548,0.325565,0.108681,0.596635,0.220343,0.119645,0.106285,0.217274,0.310053,0.235384,0.192062,0.167021,0.080062,0.15264,0.23947,0.200585,0.307697,0.16926,0.187444,0.153846,0.108732,0.186649,0.232054,0.138844,0.13754,0.082447,0.215419,0.268518,0.206263,0.385051,0.548204,0.718248,0.239525,0.361931,0.392417,0.415646,0.326553,0.411603,0.202342,0.311079,0.329198,0.334296,0.198729,0.172887,0.065169,0.184523,0.135257,0.118459,0.270105,0.23617,0.147197,0.150264,0.189219,0.281419,0.353984,0.279223,0.174,0.10714,0.224656,0.258001,0.281316,0.609029,0.323853,0.406744,0.52874,0.335499,0.258706,0.446405,0.137052,0.212794,0.054336,0.027767,0.143838,0.182204,0.224254,0.100002,0.08622,0.211171,0.076907,0.185889,0.131403,0.190946,0.275742,0.264265,0.356456,0.338561,0.285062,0.237935,0.363759,0.22847,0.618296,0.090781,0.328861,0.107474,0.294936,0.17608,0.12769,0.14287,0.07887,0.081777,0.081511,0.343877,0.334333,0.20124,0.130513,0.23364,0.256487,0.25634,0.16149,0.185957,0.164526,0.302061,0.219375,0.293142,0.403872,0.31464,0.177049,0.19126,0.129298,0.199834,0.162422,0.191022,0.210937,0.248893,0.139124,0.185283,0.202483,0.198123,0.193125,0.204606,0.232532,0.172353,0.33896,0.384337,0.242898,0.11987,0.135364,0.247272,0.143744,0.109365
sedu_ama5_2025t3-D111_M-04,0.044615,0.311103,0.261859,0.188631,0.125963,0.371486,0.255929,0.141197,0.196997,0.177903,0.270487,0.316031,0.370997,0.703141,0.245691,0.039699,0.006073,0.06295,0.087144,0.18327,0.257093,0.191799,0.132854,0.211764,0.216437,0.275143,0.34491,0.172635,0.158495,0.239171,0.150831,0.149717,0.167488,0.180411,0.197701,0.336101,0.732912,0.130666,0.154296,0.026071,0.011915,0.119156,0.114177,0.273465,0.222966,0.07409,0.160475,0.254109,0.259179,0.138176,0.189673,0.153445,0.156457,0.288659,0.151452,0.096545,0.197619,0.741601,0.89736,0.239344,0.177698,0.213657,0.194526,0.099986,0.176613,0.313727,0.002322,0.041363,0.110632,0.01621,0.218689,0.562212,0.146026,0.17879,0.162611,0.140257,0.201996,0.283747,0.116037,0.184762,0.106041,0.162574,0.115085,0.105946,0.224585,0.172263,0.147676,0.06874,0.248124,0.878041,0.268935,0.238843,0.162646,0.241196,0.035375,0.069337,0.049999,0.087413,0.063632,0.193948,0.069646,0.175306,0.189476,0.239856,0.240244,0.125208,0.138893,0.096556,0.030531,0.587165,0.139682,0.086092,0.196581,0.177344,0.144037,0.167872,0.930272,0.240311,0.227393,0.210082,0.384393,0.84332,0.136956,0.044641,0.17962,0.152241,0.14636,0.140928,0.12826,0.108052,0.252641,0.276386,0.192017,0.184925,0.143838,0.142951,0.108019,0.242297,0.143773,0.0,0.228283,0.182222,0.774969,0.226444,0.272595,0.322908,0.339311,0.266475,0.309267,0.597522,0.373557,0.194268,0.215846,0.319317,0.236845,0.058732,0.069483,0.188498,0.071999,0.250298,0.101368,0.187481,0.080036,0.176541,0.113226,0.259754,0.315651,0.154913,0.192951,0.205315,0.155673,0.232823,0.158532,0.149701,0.156156,0.072944,0.134744,0.091047,0.059147,0.350723,0.215404,0.35224,0.173432,0.258227,0.371147,0.360208,0.229562,0.342606,0.231115,0.283703,0.269531,0.235614,0.117509,0.147927,0.084329,0.160247,0.168836,0.150539,0.293618,0.258224,0.147029,0.182339,0.05519,0.19021,0.295137,0.132293,0.201384,0.146755,0.200396,0.241082,0.278836,0.295814,0.26557,0.419343,0.141661,0.194579,0.299123,0.423222,0.161161,0.200666,0.146308,0.072884,0.033733,0.238443,0.272144,0.111962,0.201422,0.216269,0.089409,0.135429,0.111831,0.153691,0.166774,0.327601,0.2292,0.36371,0.157122,0.145159,0.357661,0.129615,0.294487,0.157081,0.274477,0.080587,0.099164,0.220468,0.172197,0.092163,0.073012,0.0996,0.11943,0.192697,0.062306,0.220975,0.121129,0.207325,0.064424,0.165683,0.101528,0.084772,0.243467,0.21825,0.13806,0.21035,0.676186,0.204764,0.12227,0.142452,0.183076,0.252186,0.181812,0.160885,0.066409,0.053695,0.087141,0.23943,0.076409,0.133689,0.10965,0.18433,0.15511,0.232587,0.276681,0.332524,0.221114,0.190303,0.148851,0.189739,0.124047,0.199985
sedu_ama5_2025t3-D111_M-05,0.091969,0.195387,0.151854,0.24996,0.082799,0.226067,0.216541,0.110563,0.314965,0.507505,0.298217,0.258557,0.877964,0.345166,0.208383,0.064165,0.121473,0.156215,0.25722,0.071204,0.17246,0.185686,0.13361,0.15497,0.127415,0.210367,0.136293,0.053319,0.121719,0.248749,0.072785,0.149259,0.144511,0.258586,0.136621,0.772658,0.330993,0.204127,0.161688,0.081257,0.167115,0.227028,0.036941,0.172108,0.180894,0.072664,0.184068,0.125858,0.138576,0.051264,0.045104,0.095357,0.031006,0.166903,0.062312,0.047191,0.350162,0.761055,0.752464,0.224051,0.340448,0.236101,0.255146,0.227499,0.196132,0.355493,0.160855,0.179894,0.164451,0.024458,0.118366,0.072574,0.119687,0.129005,0.108628,0.075154,0.081644,0.199742,0.094584,0.063394,0.093716,0.158185,0.231206,0.085921,0.103747,0.119003,0.039167,0.110075,0.313224,0.227917,0.347249,0.28225,0.204904,0.309727,0.132022,0.127567,0.092621,0.012304,0.078139,0.119148,0.061306,0.16308,0.119735,0.167502,0.195257,0.05918,0.102896,0.030146,0.0,0.072889,0.060692,0.104036,0.149572,0.122646,0.294977,0.369802,0.774477,0.333106,0.265696,0.127481,0.410367,0.32349,0.095517,0.063898,0.046752,0.114174,0.082215,0.125912,0.078845,0.134703,0.11113,0.140407,0.136316,0.106741,0.153086,0.051196,0.074117,0.158415,0.051446,0.021197,0.17918,0.218519,0.247262,0.262799,0.336968,0.278124,0.347478,0.358971,0.293923,0.178944,0.450943,0.221405,0.230698,0.277696,0.227712,0.093189,0.178893,0.094825,0.069212,0.229229,0.011733,0.053205,0.045649,0.163229,0.185066,0.122074,0.184391,0.124053,0.188123,0.092396,0.150782,0.132547,0.240194,0.063071,0.169278,0.107758,0.105519,0.057184,0.232595,0.397841,0.346557,0.38486,0.216939,0.337461,0.306593,0.372694,0.215227,0.36291,0.164465,0.283595,0.251451,0.190153,0.284445,0.164734,0.094409,0.097962,0.13979,0.174083,0.211761,0.142154,0.10467,0.164984,0.128101,0.22934,0.215162,0.074844,0.182485,0.149841,0.199745,0.117735,0.305032,0.339995,0.24441,0.301054,0.351223,0.23032,0.307195,0.419078,0.067608,0.209581,0.073127,0.072566,0.029939,0.130719,0.254048,0.159406,0.168174,0.210299,0.082592,0.17023,0.113016,0.018291,0.212982,0.30309,0.259738,0.261123,0.277038,0.091075,0.299134,0.19981,0.354964,0.232893,0.815005,0.086292,0.108697,0.116303,0.09717,0.115902,0.012251,0.074773,0.047413,0.290449,0.03485,0.123538,0.078611,0.106434,0.099823,0.181485,0.115318,0.161556,0.16575,0.26849,0.191477,0.208266,0.238688,0.089322,0.132365,0.12416,0.192402,0.147575,0.238819,0.092507,0.155766,0.186162,0.20199,0.180532,0.085522,0.123171,0.088857,0.194939,0.168465,0.215335,0.775502,0.691887,0.29552,0.181399,0.176368,0.789464,0.639475,0.120972
sedu_ama5_2025t3-D111_M-06,0.065758,0.309842,0.505286,0.134858,0.123078,0.279343,0.198069,0.231254,0.439125,0.558058,0.313133,0.324603,0.469309,0.509085,0.12104,0.172767,0.153846,0.179647,0.104658,0.142948,0.293687,0.144157,0.102511,0.144846,0.42566,0.139451,0.250736,0.212133,0.243406,0.303859,0.120919,0.188323,0.347032,0.21863,0.313246,0.445896,0.513221,0.157606,0.020096,0.213888,0.113106,0.105526,0.027319,0.320642,0.134353,0.034573,0.087294,0.17335,0.260021,0.120776,0.226771,0.216546,0.162944,0.263985,0.157629,0.101312,0.320851,0.702117,0.882261,0.504893,0.503782,0.157182,0.112938,0.040195,0.0306,0.540998,0.104841,0.117452,0.122501,0.082309,0.328099,0.178835,0.146738,0.096803,0.064321,0.174074,0.22904,0.299069,0.188419,0.255481,0.181471,0.107916,0.066966,0.063553,0.158489,0.217457,0.186217,0.011246,0.34908,0.873167,0.549383,0.508039,0.087201,0.44358,0.129715,0.045143,0.133168,0.169446,0.103602,0.241759,0.133711,0.088286,0.142652,0.23772,0.21547,0.16818,0.220774,0.122951,0.059985,0.216423,0.141359,0.13981,0.199704,0.231928,0.241969,0.287051,0.894819,0.463359,0.836875,0.16598,0.52742,0.11125,0.109916,0.075499,0.219188,0.189871,0.111089,0.083661,0.161688,0.144317,0.121402,0.257226,0.2509,0.162377,0.14471,0.185965,0.111112,0.178399,0.215392,0.057553,0.246273,0.334097,0.596947,0.253514,0.306292,0.327797,0.569621,0.253538,0.379056,0.197159,0.563923,0.26418,0.140923,0.326953,0.62767,0.075659,0.200828,0.276305,0.229534,0.308869,0.114378,0.24196,0.180344,0.160013,0.203398,0.320026,0.414767,0.251357,0.211173,0.269901,0.142737,0.242821,0.130278,0.163196,0.162516,0.096236,0.170849,0.159805,0.157002,0.5894,0.432041,0.342804,0.245831,0.286645,0.269395,0.351549,0.238893,0.674345,0.175904,0.189163,0.449656,0.476013,0.16922,0.180477,0.087168,0.251763,0.253251,0.07018,0.223566,0.258186,0.186781,0.09632,0.110525,0.25721,0.374871,0.180099,0.460029,0.201696,0.236514,0.254068,0.220858,0.270539,0.300169,0.374904,0.388308,0.417266,0.166698,0.341126,0.131593,0.297559,0.175371,0.098073,0.022209,0.33632,0.457092,0.025401,0.112455,0.144406,0.178143,0.228184,0.110505,0.181409,0.203476,0.359882,0.311584,0.357201,0.216974,0.216688,0.662087,0.378502,0.5828,0.051588,0.213341,0.112245,0.192134,0.327107,0.275311,0.132045,0.140174,0.0,0.116004,0.333302,0.132993,0.180346,0.22313,0.332687,0.150854,0.242344,0.222902,0.107402,0.133541,0.229209,0.132713,0.243624,0.224941,0.302629,0.132266,0.161812,0.094187,0.18418,0.226408,0.202587,0.21261,0.210803,0.213546,0.272047,0.130178,0.186184,0.226582,0.26298,0.247181,0.189601,0.35216,0.614877,0.327324,0.217971,0.213207,0.213478,0.487434,0.143025
sedu_ama5_2025t3-D112_M-01,0.169051,0.233135,0.236868,0.148788,0.252284,0.295153,0.346759,0.635757,0.399579,0.60517,0.220894,0.208875,0.579175,0.640932,0.157509,0.063258,0.124557,0.136009,0.221015,0.051398,0.227231,0.28521,0.270493,0.378514,0.231779,0.350802,0.288567,0.354533,0.701385,0.315442,0.255691,0.270787,0.349313,0.194889,0.206059,0.542574,0.619326,0.242993,0.083903,0.079398,0.1112,0.200662,0.082186,0.306538,0.299159,0.20117,0.340828,0.2629,0.326677,0.283914,0.305323,0.399502,0.269268,0.445019,0.307574,0.246018,0.381884,0.572016,0.607119,0.569783,0.870021,0.165856,0.103096,0.185514,0.12432,0.343374,0.063919,0.163933,0.212565,0.057609,0.430727,0.24738,0.288843,0.250526,0.273723,0.270876,0.317399,0.22198,0.29267,0.305381,0.485783,0.305394,0.401302,0.295835,0.321044,0.30572,0.601719,0.224654,0.609358,0.645971,0.682523,0.90311,0.14273,0.62824,0.073686,0.127339,0.104886,0.410227,0.082028,0.298187,0.235994,0.267273,0.383614,0.443457,0.474578,0.429982,0.298833,0.423015,0.403194,0.307282,0.5117,0.253531,0.230302,0.271714,0.412659,0.470235,0.689336,0.692775,0.675304,0.200796,0.413783,0.4306,0.071553,0.046521,0.220313,0.244504,0.394259,0.338825,0.22443,0.341119,0.35928,0.287579,0.33815,0.617526,0.262943,0.43531,0.369542,0.221508,0.177064,0.237783,0.294391,0.431018,0.403768,0.506498,0.47154,0.711985,0.733077,0.779019,0.294194,0.257524,0.65309,0.257681,0.14505,0.280208,0.308157,0.106324,0.237032,0.164759,0.215373,0.339609,0.279092,0.178548,0.238705,0.279134,0.202449,0.282403,0.31608,0.339295,0.307252,0.462842,0.424535,0.453155,0.36285,0.278099,0.365233,0.2686,0.302248,0.479877,0.686236,0.647718,0.645294,0.601441,0.59477,0.445271,0.551877,0.431715,0.365663,0.408242,0.152808,0.357532,0.744399,0.680457,0.289371,0.068796,0.063898,0.109751,0.119008,0.328532,0.242327,0.341205,0.17114,0.214539,0.294933,0.408707,0.480191,0.429458,0.308687,0.258626,0.467673,0.229154,0.865129,0.585016,0.4444,0.619983,0.557289,0.841374,0.199291,0.391176,0.190314,0.212053,0.123839,0.103339,0.0,0.14368,0.407449,0.356049,0.250616,0.2552,0.123881,0.373982,0.14564,0.210463,0.470562,0.484293,0.598456,0.387864,0.429049,0.386331,0.330941,0.553056,0.347474,0.115266,0.312222,0.057398,0.157087,0.28445,0.121217,0.280624,0.105278,0.064568,0.432829,0.351945,0.029912,0.108836,0.092216,0.180553,0.257063,0.27425,0.336118,0.240311,0.234451,0.563553,0.233937,0.369509,0.315057,0.34461,0.124521,0.12186,0.137589,0.141718,0.141034,0.214698,0.622412,0.602162,0.376049,0.375824,0.149691,0.362521,0.145329,0.478596,0.462403,0.285467,0.372385,0.866016,0.346447,0.275443,0.46261,0.349575,0.494386,0.135319
sedu_ama5_2025t3-D112_M-02,0.150322,0.214044,0.188998,0.154228,0.184641,0.235512,0.267343,0.511909,0.397784,0.482953,0.244327,0.203048,0.538237,0.969668,0.137612,0.044927,0.127577,0.16649,0.133241,0.013102,0.217252,0.249889,0.209955,0.301135,0.187146,0.224075,0.243222,0.26232,0.556961,0.264847,0.176226,0.461024,0.256005,0.207527,0.215128,0.534705,0.971994,0.237021,0.030234,0.068028,0.110234,0.095102,0.017079,0.266931,0.246989,0.171688,0.262394,0.218655,0.268712,0.228497,0.251436,0.304436,0.221914,0.349112,0.22764,0.227576,0.40325,0.544646,0.577385,0.706451,0.783445,0.143474,0.083068,0.152573,0.063823,0.610592,0.071739,0.128351,0.080211,0.017357,0.35909,0.204051,0.247578,0.194966,0.222259,0.220594,0.266326,0.191182,0.249979,0.274564,0.37403,0.240413,0.271065,0.217363,0.250619,0.253786,0.489999,0.168389,0.571463,0.588205,0.619188,0.55733,0.127087,0.785736,0.07011,0.090388,0.13087,0.316737,0.050295,0.289752,0.207607,0.217952,0.315749,0.394554,0.393964,0.361636,0.280094,0.334047,0.309746,0.258643,0.410003,0.226715,0.148843,0.235897,0.544075,0.626527,0.640668,0.846691,0.378111,0.167588,0.379091,0.390901,0.029692,0.002352,0.235237,0.231906,0.329551,0.281124,0.19195,0.272739,0.268338,0.236273,0.291391,0.512071,0.220971,0.365115,0.288185,0.147663,0.151166,0.190145,0.246819,0.598443,0.37353,0.440732,0.432302,0.419594,0.400424,0.429391,0.265374,0.214094,0.601156,0.243815,0.108158,0.579634,0.534816,0.0863,0.195744,0.169339,0.21234,0.30308,0.18532,0.154272,0.179926,0.198419,0.158016,0.213662,0.266458,0.284838,0.248038,0.381451,0.338757,0.344423,0.375281,0.240085,0.309664,0.221052,0.260512,0.390347,0.533346,0.59926,0.746004,0.579629,0.482439,0.374319,0.489202,0.386511,0.485736,0.616421,0.137039,0.30448,0.44052,0.606597,0.292163,0.052327,0.10642,0.117655,0.130326,0.257745,0.229701,0.261086,0.166156,0.157874,0.223352,0.344659,0.410798,0.327465,0.262698,0.195283,0.419418,0.193196,0.376939,0.708954,0.405821,0.541763,0.698476,0.524775,0.14738,0.347241,0.163257,0.22388,0.107449,0.130797,0.0,0.167268,0.339781,0.287047,0.176766,0.184823,0.12347,0.312202,0.108922,0.167409,0.397781,0.403578,0.528763,0.347673,0.353615,0.293425,0.328195,0.496963,0.652579,0.143324,0.25276,0.029007,0.13117,0.280512,0.12094,0.27424,0.098576,0.047074,0.349124,0.334922,0.011422,0.0848,0.092297,0.180784,0.229536,0.243452,0.321354,0.232839,0.180332,0.500451,0.209966,0.311615,0.301538,0.306827,0.13307,0.08751,0.119027,0.12904,0.109005,0.218879,0.517374,0.691464,0.354557,0.352982,0.146064,0.312281,0.197145,0.420885,0.397116,0.473002,0.309326,0.712436,0.357718,0.213147,0.390662,0.307381,0.454635,0.137143
sedu_ama5_2025t3-D112_M-03,0.106741,0.228739,0.207055,0.229768,0.198025,0.28682,0.275349,0.293283,0.343272,0.27826,0.226356,0.187526,0.595229,0.859869,0.131556,0.130998,0.195374,0.276951,0.134361,0.045608,0.248284,0.186919,0.219528,0.216398,0.318633,0.266138,0.289388,0.267146,0.324741,0.328493,0.185223,0.382911,0.382375,0.215704,0.242661,0.565117,0.842014,0.267066,0.108753,0.119147,0.127519,0.070704,0.055246,0.196793,0.243142,0.229434,0.270415,0.295122,0.244473,0.240046,0.246154,0.325393,0.234669,0.349535,0.16321,0.151343,0.373028,0.610264,0.628662,0.641076,0.857891,0.148405,0.172566,0.210435,0.105935,0.636859,0.139052,0.154138,0.087171,0.026811,0.286531,0.142938,0.223564,0.323824,0.275902,0.23889,0.198895,0.165647,0.23064,0.221645,0.190917,0.164676,0.18322,0.209829,0.214196,0.187006,0.134757,0.184483,0.436111,0.521362,0.660359,0.589396,0.156912,0.592468,0.13871,0.061926,0.150313,0.024095,0.051034,0.228816,0.125592,0.301735,0.248199,0.221676,0.24703,0.229776,0.209977,0.222432,0.196064,0.430727,0.136533,0.203381,0.144148,0.217247,0.337388,0.37244,0.626886,0.74594,0.435848,0.211434,0.450484,0.348414,0.095798,0.040177,0.169374,0.158056,0.236298,0.184157,0.255503,0.181072,0.240996,0.282834,0.227942,0.230028,0.238784,0.246517,0.223986,0.250039,0.17195,0.15831,0.250656,0.403143,0.406876,0.330465,0.572752,0.340309,0.519966,0.365872,0.267633,0.375113,0.652822,0.308617,0.14202,0.502663,0.233878,0.124527,0.204282,0.19152,0.191168,0.216529,0.210692,0.153753,0.197488,0.291564,0.141093,0.216893,0.313754,0.20244,0.263728,0.2802,0.237713,0.286739,0.204318,0.191993,0.274225,0.151247,0.225878,0.161113,0.483981,0.681401,0.679235,0.547608,0.432051,0.588879,0.570197,0.576517,0.485877,0.521039,0.18477,0.327229,0.629755,0.576625,0.423888,0.102564,0.082654,0.170162,0.142925,0.252512,0.185449,0.289864,0.175482,0.111117,0.213903,0.381192,0.35858,0.138153,0.354684,0.209991,0.26215,0.196604,0.571613,0.658578,0.431276,0.503656,0.688685,0.723849,0.206009,0.402866,0.201381,0.234099,0.050972,0.110333,0.0,0.171851,0.425201,0.216241,0.222575,0.284369,0.10034,0.149363,0.115973,0.147158,0.234847,0.394711,0.490569,0.506296,0.550134,0.402595,0.319111,0.412363,0.686649,0.140114,0.335318,0.024185,0.170763,0.223169,0.156441,0.123067,0.13137,0.095071,0.086177,0.401691,0.033917,0.123038,0.102209,0.187389,0.266478,0.254353,0.137151,0.181422,0.193224,0.443653,0.219992,0.502066,0.364755,0.263615,0.144706,0.137473,0.176576,0.124479,0.115442,0.209445,0.332915,0.336457,0.194616,0.243245,0.078853,0.284066,0.137195,0.293519,0.256586,0.225958,0.501725,0.43193,0.294214,0.19516,0.285683,0.367621,0.127341,0.101462
sedu_ama5_2025t3-D112_M-04,0.228418,0.183804,0.182643,0.174745,0.295986,0.206485,0.342711,0.333735,0.171484,0.236578,0.18686,0.168924,0.340592,0.449613,0.133743,0.005596,0.111992,0.185512,0.144034,0.00661,0.193491,0.112849,0.290105,0.174722,0.20636,0.338209,0.17938,0.318567,0.352468,0.317869,0.257105,0.15532,0.276274,0.153086,0.451454,0.327286,0.412332,0.251513,0.111904,0.08207,0.106548,0.109877,0.037556,0.159204,0.137125,0.447698,0.657464,0.21188,0.316845,0.305293,0.197976,0.346965,0.275253,0.401336,0.218762,0.247561,0.225596,0.356814,0.555836,0.368152,0.556026,0.179109,0.152857,0.195522,0.114067,0.299806,0.091793,0.121337,0.122838,0.005012,0.286876,0.110123,0.136099,0.29132,0.551768,0.270982,0.30916,0.263456,0.256073,0.208079,0.244809,0.375557,0.322012,0.283653,0.238557,0.191001,0.530002,0.268827,0.430191,0.24233,0.947192,0.569515,0.137075,0.571198,0.055661,0.07739,0.120026,0.118591,0.030809,0.115311,0.086763,0.311148,0.308183,0.339931,0.371941,0.348512,0.180783,0.299812,0.305918,0.27893,0.200096,0.178762,0.195992,0.207915,0.222213,0.361493,0.309722,0.519818,0.74399,0.164508,0.325125,0.21116,0.04198,0.021513,0.073742,0.097263,0.348035,0.281909,0.2343,0.266363,0.325108,0.299855,0.264453,0.315968,0.348092,0.352698,0.522555,0.303251,0.172347,0.247935,0.237895,0.504506,0.383782,0.522276,0.660334,0.784097,0.628877,0.570037,0.252027,0.220989,0.611733,0.508379,0.387422,0.247864,0.253793,0.155415,0.160877,0.122973,0.111996,0.142002,0.325979,0.142574,0.242842,0.341763,0.192807,0.192449,0.249201,0.200475,0.268532,0.342363,0.318264,0.353626,0.173155,0.130297,0.290812,0.187867,0.219887,0.260963,0.474603,0.473376,0.328144,0.344063,0.517069,0.608625,0.497723,0.569576,0.429156,0.415127,0.124082,0.347711,0.664979,0.542647,0.36133,0.039423,0.015901,0.08332,0.10264,0.242663,0.193726,0.312653,0.177098,0.1795,0.204982,0.402374,0.320139,0.22196,0.306798,0.262427,0.286412,0.206037,0.729458,0.566335,0.412681,0.333789,0.322559,0.557738,0.158505,0.381728,0.177243,0.181216,0.016952,0.025382,0.014274,0.086436,0.439002,0.298778,0.333059,0.338823,0.124001,0.134883,0.096834,0.157197,0.220765,0.567093,0.556622,0.377259,0.371038,0.24642,0.299419,0.27564,0.288469,0.136679,0.575243,0.0,0.108456,0.174095,0.099315,0.124812,0.035872,0.036547,0.134821,0.239676,0.049426,0.140435,0.058182,0.114166,0.217895,0.264122,0.133188,0.170315,0.149623,0.246119,0.181223,0.312845,0.250867,0.266804,0.069769,0.065549,0.117611,0.1435,0.12204,0.154167,0.303859,0.325323,0.13914,0.165534,0.053683,0.124056,0.076816,0.334563,0.312935,0.268838,0.262031,0.293559,0.320205,0.182896,0.179927,0.479133,0.107331,0.070876
sedu_ama5_2025t3-D112_M-05,0.11871,0.205563,0.193314,0.181206,0.16786,0.208701,0.204925,0.197463,0.532022,0.31132,0.337959,0.302838,0.716527,0.702784,0.204046,0.079071,0.132372,0.115702,0.113116,0.075156,0.262804,0.233588,0.202605,0.162549,0.19297,0.193107,0.199491,0.174651,0.215452,0.248459,0.151613,0.217092,0.398864,0.267775,0.210157,0.67695,0.688075,0.25205,0.109536,0.08556,0.100524,0.090463,0.070053,0.338551,0.26848,0.121272,0.213604,0.16804,0.225358,0.109335,0.151431,0.214128,0.140419,0.240763,0.161868,0.112435,0.429725,0.680974,0.737862,0.654503,0.693223,0.114815,0.121899,0.1484,0.135851,0.583463,0.081453,0.108896,0.095652,0.039313,0.38447,0.236589,0.251824,0.193963,0.126302,0.13172,0.162648,0.167331,0.166682,0.202099,0.147206,0.165425,0.20315,0.168401,0.186587,0.15002,0.141348,0.091005,0.467363,0.78998,0.790707,0.681748,0.163046,0.467157,0.06366,0.090446,0.135865,0.042407,0.075966,0.295614,0.197724,0.19056,0.259847,0.299671,0.352217,0.314047,0.225837,0.227294,0.198362,0.195302,0.127945,0.11311,0.157938,0.172744,0.392814,0.433976,0.854844,0.783334,0.496332,0.200245,0.52494,0.398176,0.075672,0.029136,0.236217,0.196505,0.247378,0.26079,0.120055,0.23694,0.200456,0.209656,0.210955,0.260425,0.118251,0.258271,0.219286,0.173919,0.112596,0.069645,0.201714,0.358707,0.426273,0.455913,0.419427,0.406875,0.548181,0.456536,0.280532,0.207098,0.786196,0.266144,0.159076,0.372276,0.262586,0.055761,0.235986,0.177943,0.220133,0.373981,0.121003,0.118057,0.176633,0.169099,0.145594,0.194996,0.276456,0.193069,0.183354,0.360023,0.267109,0.30013,0.28959,0.16574,0.226959,0.14063,0.20215,0.280403,0.512113,0.738667,0.683881,0.530002,0.455093,0.357799,0.500232,0.358613,0.322567,0.33736,0.118587,0.276308,0.493632,0.470018,0.250466,0.083566,0.071158,0.130067,0.167762,0.231331,0.219748,0.202997,0.131039,0.089458,0.135569,0.277902,0.390957,0.275389,0.415617,0.187995,0.352707,0.196815,0.355245,0.495755,0.424516,0.556917,0.598404,0.619869,0.193606,0.328234,0.149269,0.248589,0.104603,0.123546,0.0,0.170497,0.274398,0.218415,0.1502,0.147406,0.072019,0.286409,0.163803,0.186361,0.303957,0.377021,0.479469,0.343465,0.306394,0.20617,0.286523,0.383024,0.577631,0.200169,0.248597,0.055765,0.178569,0.305231,0.142937,0.253702,0.131752,0.076218,0.111507,0.415339,0.028012,0.153845,0.101441,0.120369,0.14479,0.189244,0.267563,0.131411,0.16779,0.469039,0.150282,0.270458,0.287066,0.2246,0.121507,0.088963,0.094199,0.159904,0.128675,0.18379,0.432083,0.419146,0.297154,0.330809,0.088883,0.336564,0.175738,0.35315,0.339561,0.226692,0.834989,0.439997,0.331915,0.197118,0.364852,0.31462,0.136407,0.148441
sedu_ama5_2025t3-D112_M-06,0.14203,0.352038,0.261009,0.320001,0.20889,0.362484,0.399391,0.42691,0.549101,0.379903,0.25726,0.258756,0.577719,0.840093,0.174773,0.098985,0.138954,0.210295,0.335806,0.0,0.434196,0.292132,0.228806,0.212179,0.249665,0.327613,0.372255,0.328021,0.431843,0.398125,0.196267,0.524556,0.480343,0.228789,0.362572,0.561583,0.859636,0.253598,0.117517,0.10015,0.122817,0.24583,0.016557,0.366224,0.323285,0.282827,0.258076,0.372658,0.308091,0.344671,0.35893,0.405242,0.228241,0.315063,0.241189,0.271551,0.383621,0.84641,0.607572,0.603662,0.91627,0.16226,0.087184,0.19705,0.167237,0.942472,0.174749,0.19344,0.217879,0.04837,0.400263,0.298581,0.338321,0.26691,0.620794,0.312379,0.363125,0.294114,0.359779,0.29318,0.312424,0.211077,0.268776,0.204693,0.23267,0.322944,0.66127,0.133647,0.55136,0.538036,0.683114,0.626711,0.16333,0.732544,0.208132,0.124963,0.244989,0.113037,0.051642,0.413048,0.303373,0.28269,0.301658,0.30462,0.310928,0.294442,0.276597,0.309843,0.271,0.324533,0.206534,0.502037,0.245549,0.210022,0.352104,0.295135,0.603231,0.892232,0.558825,0.176632,0.633748,0.218443,0.080491,0.0039,0.313411,0.334976,0.32187,0.260205,0.300739,0.237622,0.274756,0.269761,0.30571,0.544186,0.238706,0.291343,0.236485,0.226301,0.255322,0.443342,0.269173,0.356392,0.367369,0.400988,0.411515,0.412378,0.651515,0.422618,0.324356,0.252637,0.638936,0.296642,0.193739,0.647167,0.340045,0.060614,0.381592,0.309078,0.371888,0.283314,0.691609,0.264014,0.304801,0.244192,0.251636,0.267531,0.327297,0.279485,0.235911,0.345946,0.256806,0.245079,0.211755,0.531369,0.336141,0.230376,0.292243,0.268883,0.340911,0.618995,0.793678,0.443979,0.359182,0.35954,0.325519,0.451213,0.340458,0.42748,0.205411,0.254717,0.58937,0.557982,0.263466,0.1073,0.111632,0.247539,0.276088,0.316678,0.248158,0.326564,0.239568,0.175202,0.28888,0.303318,0.381872,0.249223,0.499339,0.234212,0.329919,0.260465,0.332123,0.65653,0.345042,0.39299,0.859005,0.535472,0.140266,0.327115,0.112596,0.399568,0.175714,0.107231,0.034703,0.248979,0.263955,0.165348,0.273894,0.300166,0.215169,0.261528,0.117636,0.187998,0.36205,0.415089,0.397668,0.338402,0.386974,0.332271,0.422539,0.409535,0.958994,0.189622,0.315477,0.04508,0.318357,0.304431,0.238223,0.247159,0.226791,0.16269,0.151052,0.520382,0.053819,0.136078,0.174062,0.510135,0.655519,0.303611,0.298223,0.605429,0.481835,0.347207,0.289042,0.349361,0.339766,0.347755,0.120904,0.089141,0.174453,0.135302,0.235482,0.233778,0.378664,0.391536,0.276455,0.63316,0.574337,0.343299,0.308312,0.408629,0.386268,0.636185,0.509087,0.350272,0.386846,0.334235,0.269754,0.377941,0.252605,0.134353
sedu_ama5_2025t3-D113_M-01,0.06214,0.171155,0.212719,0.189828,0.132635,0.236237,0.203878,0.293563,0.454782,0.259303,0.270115,0.245804,0.505595,0.635898,0.166944,0.054566,0.056434,0.105662,0.113522,0.040435,0.239975,0.270597,0.134122,0.15858,0.201928,0.163068,0.247561,0.193989,0.312373,0.330961,0.102349,0.34261,0.304728,0.244246,0.176005,0.485974,0.639547,0.263205,0.06124,0.02962,0.105129,0.049446,0.002774,0.334961,0.26351,0.12161,0.151114,0.233758,0.219723,0.17591,0.199039,0.258539,0.149949,0.247727,0.11481,0.185139,0.467694,0.500787,0.493008,0.463607,0.849483,0.149136,0.144233,0.167869,0.077971,0.726336,0.087426,0.102582,0.063806,0.022202,0.346042,0.236093,0.263117,0.157419,0.175896,0.179159,0.443584,0.152987,0.224219,0.220219,0.365197,0.134499,0.18941,0.091827,0.153721,0.219492,0.197238,0.113618,0.659905,0.492958,0.504745,0.668463,0.126617,0.954933,0.074971,0.090172,0.099068,0.0,0.040481,0.328892,0.187415,0.151953,0.190752,0.287411,0.251462,0.216425,0.183117,0.235163,0.205318,0.202069,0.18363,0.176848,0.349529,0.209181,0.36804,0.397547,0.546769,0.727742,0.836385,0.163632,0.521532,0.244614,0.090577,0.015545,0.223071,0.228676,0.217297,0.166465,0.133172,0.213587,0.161863,0.232246,0.200946,0.229396,0.148162,0.265208,0.190117,0.172819,0.103643,0.142561,0.230261,0.330021,0.346915,0.375118,0.372123,0.512926,0.948882,0.563394,0.27196,0.210653,0.61462,0.297217,0.183237,0.519088,0.532092,0.078515,0.149126,0.187932,0.225733,0.269272,0.133994,0.095677,0.167291,0.173421,0.147035,0.166467,0.241449,0.183478,0.216221,0.258975,0.245934,0.233237,0.316913,0.187389,0.199768,0.138245,0.246749,0.28425,0.37798,0.531775,0.691519,0.412023,0.282632,0.383869,0.35055,0.407548,0.297951,0.402818,0.164415,0.263071,0.616412,0.564118,0.259905,0.088764,0.109192,0.152997,0.172374,0.27408,0.190893,0.234722,0.125647,0.072858,0.158773,0.32643,0.380719,0.259647,0.314768,0.137621,0.382125,0.179478,0.567984,0.475487,0.270923,0.311492,0.633618,0.586316,0.150022,0.353698,0.144966,0.292997,0.076031,0.105169,0.015615,0.178726,0.323226,0.212255,0.155914,0.174082,0.056395,0.246583,0.103054,0.162732,0.314477,0.343987,0.313082,0.330422,0.333639,0.223769,0.333741,0.33407,0.780448,0.15485,0.243767,0.066407,0.179625,0.22158,0.150439,0.269718,0.14551,0.087924,0.096089,0.451449,0.049114,0.114086,0.117596,0.142139,0.217737,0.217809,0.279725,0.209996,0.158964,0.336613,0.214796,0.268412,0.307982,0.211577,0.132249,0.103189,0.155641,0.101486,0.135413,0.173308,0.330542,0.363357,0.494682,0.44552,0.105991,0.177586,0.180168,0.368551,0.355248,0.240441,0.387614,0.319144,0.351903,0.187463,0.207154,0.384851,0.175775,0.125366
sedu_ama5_2025t3-D113_M-02,0.121427,0.196825,0.195434,0.158829,0.180683,0.23126,0.29986,0.324592,0.326572,0.28429,0.24016,0.217207,0.503666,0.685484,0.096836,0.069543,0.085703,0.151842,0.192334,0.039886,0.225923,0.124119,0.188747,0.143102,0.172553,0.288192,0.230038,0.279674,0.342563,0.385725,0.203727,0.380091,0.373744,0.177025,0.402033,0.455086,0.65275,0.231836,0.068193,0.083017,0.133092,0.160742,0.050315,0.167536,0.166164,0.095163,0.248471,0.197582,0.258189,0.240384,0.259761,0.333012,0.201152,0.357585,0.213604,0.199105,0.34293,0.508904,0.514723,0.672588,0.852969,0.162403,0.103026,0.157556,0.078169,0.63486,0.096706,0.144931,0.139705,0.025667,0.303118,0.109673,0.166069,0.174197,0.220177,0.24052,0.272941,0.22267,0.261835,0.250675,0.179647,0.261939,0.230926,0.193445,0.211277,0.237651,0.215441,0.161744,0.561905,0.381036,0.601236,0.732028,0.079227,0.921132,0.073864,0.028228,0.102735,0.126774,0.057825,0.178023,0.113648,0.193575,0.212774,0.287225,0.293935,0.239772,0.182988,0.246708,0.220587,0.257215,0.173982,0.231563,0.191452,0.255003,0.243896,0.364583,0.458638,0.608566,0.890698,0.131067,0.503255,0.203771,0.062142,0.045931,0.108545,0.130377,0.229272,0.188767,0.183966,0.217089,0.229387,0.264089,0.254144,0.243861,0.253129,0.281275,0.210265,0.22234,0.185641,0.184622,0.268928,0.408543,0.310951,0.302171,0.418626,0.530796,1.0,0.564457,0.323606,0.198129,0.574993,0.278457,0.174732,0.505633,0.291839,0.121132,0.189877,0.145927,0.13808,0.203743,0.217631,0.184657,0.169051,0.21878,0.234442,0.25401,0.299459,0.242378,0.297535,0.269851,0.225458,0.276951,0.195913,0.227029,0.307621,0.202916,0.250363,0.302111,0.376209,0.572972,0.637477,0.465582,0.393693,0.452808,0.405314,0.462304,0.290276,0.431312,0.145447,0.316053,0.706415,0.623173,0.294789,0.11,0.021042,0.082956,0.132797,0.138581,0.243101,0.320797,0.168131,0.226291,0.232334,0.420009,0.334737,0.253188,0.392552,0.217573,0.310976,0.232284,0.668191,0.558704,0.313755,0.376416,0.641012,0.619256,0.181915,0.403046,0.162172,0.201268,0.055412,0.051987,0.0,0.12349,0.488268,0.353719,0.233786,0.224037,0.153093,0.243876,0.07154,0.147428,0.294587,0.487955,0.434789,0.404493,0.443658,0.360498,0.342084,0.349541,0.669469,0.095022,0.277459,0.069855,0.173739,0.176171,0.097333,0.144522,0.104019,0.030236,0.095567,0.418978,0.016613,0.074759,0.064821,0.174897,0.253238,0.294733,0.19155,0.218741,0.162485,0.30229,0.205377,0.339857,0.305321,0.298515,0.118263,0.13457,0.147237,0.108751,0.159741,0.16718,0.340046,0.360432,0.217067,0.258869,0.138101,0.167339,0.131474,0.309609,0.289945,0.323772,0.419977,0.295698,0.338089,0.265274,0.261438,0.340668,0.139521,0.093862
sedu_ama5_2025t3-D113_M-03,0.11036,0.226186,0.279577,0.081633,0.187903,0.319411,0.287452,0.278734,0.298943,0.25938,0.168081,0.19139,0.367819,0.441234,0.196702,0.001291,0.050016,0.013395,0.101026,0.0,0.227342,0.162785,0.314057,0.271973,0.351728,0.218876,0.26227,0.28201,0.381104,0.280763,0.1456,0.127236,0.257797,0.153333,0.111194,0.383894,0.447723,0.424154,0.165162,0.076059,0.082609,0.093488,0.000113,0.276631,0.131448,0.123318,0.202213,0.280695,0.28443,0.226092,0.289573,0.403217,0.241964,0.319669,0.196099,0.243527,0.189392,0.393542,0.419297,0.473037,0.538992,0.298933,0.205596,0.231613,0.178405,0.395397,0.027585,0.111052,0.296561,0.030844,0.35844,0.228724,0.168131,0.100117,0.17699,0.226375,0.588354,0.247563,0.346401,0.35993,0.198439,0.301337,0.183608,0.148193,0.251141,0.347372,0.337808,0.194053,0.377929,0.466206,0.606671,0.59021,0.21849,0.842256,0.014898,0.178313,0.10211,0.089847,0.057359,0.252053,0.130557,0.144384,0.151484,0.321396,0.304403,0.26995,0.1806,0.255055,0.263802,0.313598,0.310948,0.218605,0.61883,0.340285,0.223211,0.27092,0.418926,0.531675,0.951295,0.303896,0.66738,0.299307,0.078512,0.027336,0.145361,0.137986,0.184094,0.265625,0.163404,0.17292,0.534811,0.263307,0.320753,0.277313,0.240507,0.347872,0.251088,0.207533,0.20597,0.291328,0.396753,0.557285,0.547752,0.474399,0.551363,0.657026,0.853514,0.44022,0.299814,0.27051,0.499916,0.25335,0.227367,0.229117,0.662342,0.12687,0.217442,0.180708,0.136385,0.213925,0.242274,0.199571,0.206033,0.229638,0.211768,0.259312,0.311433,0.323874,0.396352,0.268074,0.368801,0.274545,0.286754,0.151334,0.253825,0.259933,0.350717,0.364451,0.499748,0.533116,0.341314,0.302392,0.303201,0.434127,0.355977,0.376911,0.554967,0.556795,0.159299,0.380856,0.708973,0.659789,0.308819,0.077511,0.306658,0.140094,0.204552,0.176569,0.283264,0.39788,0.22313,0.215584,0.489255,0.391832,0.356479,0.342637,0.317147,0.174584,0.424893,0.264489,0.665373,0.423488,0.381778,0.350193,0.341694,0.650981,0.290428,0.401837,0.251482,0.252171,0.163084,0.193686,0.07542,0.182036,0.548252,0.180152,0.234533,0.202144,0.164721,0.350316,0.25111,0.334463,0.406688,0.357617,0.326537,0.406067,0.400442,0.334252,0.464933,0.351951,0.391995,0.213344,0.303873,0.120684,0.168249,0.217763,0.176592,0.231326,0.170837,0.188236,0.193858,0.333887,0.08047,0.201272,0.163221,0.149466,0.215353,0.347487,0.296021,0.317028,0.270286,0.225467,0.242899,0.356044,0.297264,0.347744,0.108999,0.134394,0.154933,0.24285,0.146078,0.31135,0.371539,0.430732,0.316198,0.312911,0.08396,0.22792,0.202409,0.427269,0.466693,0.277944,0.464025,0.489114,0.610567,0.322041,0.399029,0.284319,0.284697,0.174075
sedu_ama5_2025t3-D113_M-04,0.119957,0.214481,0.239364,0.136991,0.176042,0.21218,0.258947,0.288943,0.458922,0.309446,0.268044,0.267341,0.487324,0.728698,0.212029,0.065757,0.100362,0.149987,0.162444,0.017799,0.26448,0.178675,0.190794,0.100835,0.233859,0.217329,0.223642,0.270827,0.289638,0.316166,0.157521,0.256529,0.32706,0.195236,0.197737,0.469904,0.545162,0.198434,0.059608,0.073449,0.151489,0.13467,0.023791,0.281323,0.190893,0.138586,0.262182,0.187164,0.264088,0.193846,0.239472,0.300539,0.205227,0.34661,0.224591,0.208979,0.320762,0.500274,0.478465,0.49524,0.662638,0.178891,0.178066,0.145817,0.119069,0.46779,0.08065,0.167456,0.166991,0.045754,0.418093,0.238931,0.197214,0.16794,0.187633,0.173486,0.234082,0.185934,0.227962,0.268619,0.156822,0.274824,0.248289,0.195877,0.221741,0.228538,0.195412,0.1212,0.478484,0.435989,0.545524,0.629287,0.12389,0.927409,0.065102,0.102718,0.09629,0.144947,0.060974,0.28606,0.171572,0.192431,0.276804,0.391216,0.409381,0.319358,0.277376,0.2524,0.213146,0.25609,0.152521,0.236853,0.235623,0.267826,0.311141,0.391239,0.503745,0.513895,0.855571,0.220216,0.455052,0.268152,0.055463,0.012888,0.254326,0.201426,0.288913,0.220681,0.144103,0.266745,0.256536,0.245946,0.296461,0.292129,0.228683,0.354433,0.220193,0.206065,0.180777,0.13622,0.28124,0.386279,0.32384,0.37531,0.464592,0.545181,0.898034,0.489168,0.279723,0.242518,0.560225,0.2561,0.21255,0.243895,0.316502,0.081087,0.236605,0.199419,0.187632,0.306466,0.172636,0.181801,0.191418,0.220747,0.18792,0.236603,0.325588,0.26511,0.305226,0.359869,0.288078,0.337997,0.601387,0.164183,0.314255,0.228755,0.288514,0.357654,0.375877,0.578167,0.468841,0.354293,0.291155,0.408285,0.356405,0.439967,0.235103,0.421763,0.14169,0.358311,0.640454,0.610795,0.306047,0.031244,0.115494,0.115223,0.183474,0.218653,0.277557,0.304321,0.218553,0.217713,0.219653,0.374117,0.384404,0.335133,0.424565,0.237284,0.414725,0.222386,0.620828,0.29492,0.258966,0.360906,0.407675,0.587179,0.253735,0.685814,0.128949,0.259381,0.143064,0.151049,0.0,0.174185,0.347057,0.208763,0.166724,0.194388,0.166794,0.279992,0.145591,0.215864,0.365001,0.416802,0.358798,0.401648,0.395939,0.32528,0.324965,0.356301,0.448813,0.143644,0.274837,0.036579,0.202389,0.306965,0.125379,0.188909,0.170495,0.115692,0.05791,0.331523,0.044857,0.107839,0.085741,0.130968,0.198033,0.245387,0.24778,0.180581,0.169303,0.28218,0.165097,0.35094,0.394565,0.28645,0.090265,0.100831,0.166355,0.160862,0.159434,0.220028,0.350674,0.383475,0.292562,0.325249,0.103534,0.197043,0.225591,0.395721,0.397357,0.257711,0.403705,0.270826,0.339908,0.217467,0.225763,0.305281,0.209144,0.080915
sedu_ama5_2025t3-D113_M-05,0.112135,0.205769,0.247564,0.19489,0.237606,0.325688,0.317553,0.311156,0.301908,0.251386,0.233643,0.21533,0.36999,0.595179,0.206286,0.048216,0.059323,0.11899,0.199123,0.060727,0.191042,0.193136,0.248571,0.186804,0.224551,0.23851,0.306758,0.319208,0.382011,0.346793,0.185296,0.26321,0.285507,0.188059,0.253698,0.387911,0.604267,0.423677,0.187567,0.05881,0.120997,0.085612,0.086519,0.209083,0.208184,0.175904,0.24663,0.308496,0.284241,0.325285,0.324969,0.439291,0.324932,0.345929,0.309646,0.248447,0.3181,0.393233,0.43744,0.596165,0.724028,0.295198,0.202304,0.256605,0.163049,0.534266,0.087698,0.155871,0.134951,0.073398,0.274568,0.181655,0.193725,0.226545,0.437849,0.313841,0.475958,0.240768,0.403735,0.351762,0.185155,0.296649,0.237186,0.152694,0.207181,0.345809,0.402031,0.21905,0.471463,0.367188,0.594179,0.547498,0.21327,0.869259,0.100386,0.173922,0.11055,0.173663,0.083768,0.227335,0.116969,0.255524,0.240861,0.297729,0.240033,0.246377,0.260753,0.293588,0.285737,0.286527,0.253593,0.287739,0.360243,0.327915,0.241752,0.288138,0.409404,0.716651,0.876886,0.316603,0.494525,0.30406,0.159157,0.086523,0.148189,0.165555,0.249319,0.180432,0.288872,0.198637,0.258817,0.299667,0.301801,0.252126,0.313252,0.304134,0.424924,0.255472,0.256489,0.286885,0.328709,0.364493,0.37802,0.527724,0.785079,0.693153,0.73644,0.432066,0.317257,0.435372,0.666847,0.569099,0.315418,0.336596,0.646031,0.222262,0.086037,0.284154,0.337249,0.152888,0.247676,0.253612,0.221674,0.296294,0.225515,0.252104,0.290971,0.297684,0.345404,0.263513,0.267947,0.273273,0.226144,0.207936,0.265664,0.20161,0.329253,0.296077,0.380268,0.419085,0.48858,0.419281,0.416192,0.831285,0.579445,0.772315,0.512588,0.586504,0.304075,0.398098,0.720411,0.708033,0.426703,0.165921,0.082709,0.146041,0.132419,0.273753,0.23086,0.359779,0.218319,0.122641,0.291085,0.373213,0.357578,0.256769,0.432161,0.32649,0.338901,0.292155,0.699367,0.556467,0.444721,0.368513,0.497942,0.754561,0.244709,0.466715,0.258032,0.193772,0.064747,0.10808,0.057465,0.164427,0.63578,0.383744,0.266713,0.312331,0.182144,0.21281,0.136694,0.232266,0.326242,0.480281,0.489122,0.500117,0.508649,0.381108,0.375555,0.4035,0.573129,0.200238,0.44085,0.126381,0.280828,0.161842,0.161616,0.182611,0.133696,0.134593,0.153149,0.360526,0.071447,0.153859,0.145997,0.197379,0.322464,0.304031,0.23436,0.308925,0.238582,0.325392,0.293714,0.477866,0.379974,0.305473,0.20191,0.221191,0.28169,0.185818,0.120715,0.276886,0.312284,0.322613,0.201437,0.201153,0.142186,0.167715,0.156614,0.34571,0.320324,0.266846,0.502038,0.365204,0.452814,0.248675,0.248155,0.444101,0.209071,0.18037
sedu_ama5_2025t3-D113_M-06,0.11142,0.261092,0.325433,0.348652,0.223479,0.318707,0.263424,0.331235,0.414883,0.307021,0.334632,0.351731,0.497686,0.457342,0.244081,0.064168,0.038355,0.072473,0.202333,0.062515,0.227246,0.242631,0.222515,0.185572,0.299176,0.186433,0.345239,0.270577,0.41692,0.369148,0.134785,0.168838,0.33565,0.275965,0.188248,0.478018,0.468175,0.29911,0.080098,0.0,0.082685,0.051851,0.026746,0.304422,0.200427,0.424804,0.491716,0.368085,0.293196,0.264496,0.272241,0.362546,0.242765,0.327513,0.155484,0.235912,0.406575,0.494818,0.686595,0.445545,0.497786,0.246411,0.181617,0.213891,0.103359,0.59416,0.057377,0.139669,0.099065,0.12785,0.264279,0.275911,0.158938,0.271689,0.286494,0.225616,0.574514,0.150014,0.293546,0.229614,0.209371,0.232294,0.235015,0.111154,0.220309,0.321668,0.301463,0.138094,0.417891,0.43819,0.507338,0.450659,0.184269,0.550268,0.090653,0.153736,0.011608,0.033326,0.118167,0.220541,0.086274,0.239256,0.172968,0.305438,0.254734,0.22585,0.314756,0.216381,0.214458,0.270271,0.297508,0.209905,0.416652,0.286885,0.238572,0.265485,0.506724,0.455753,0.771559,0.263653,0.857867,0.241025,0.142503,0.021122,0.195565,0.160395,0.228936,0.140082,0.202361,0.101579,0.264951,0.287964,0.274067,0.2655,0.217712,0.296058,0.460581,0.317469,0.249494,0.217994,0.279761,0.312553,0.346507,0.254513,0.294633,0.333831,0.835468,0.286308,0.269881,0.2507,0.642855,0.37137,0.215545,0.288141,0.629753,0.1159,0.106573,0.259974,0.515023,0.164309,0.173997,0.250232,0.240076,0.239915,0.125215,0.281652,0.304217,0.249344,0.322125,0.269245,0.274772,0.229261,0.216297,0.170805,0.156615,0.135247,0.273784,0.196635,0.317289,0.501758,0.454525,0.378235,0.234646,0.345146,0.298454,0.327233,0.230247,0.331109,0.283495,0.310626,0.459069,0.42822,0.332023,0.124586,0.104885,0.228491,0.217096,0.2675,0.279584,0.358789,0.207041,0.051059,0.173861,0.29077,0.346862,0.157516,0.306727,0.102403,0.311925,0.260072,0.298103,0.2521,0.194949,0.342391,0.453534,0.472201,0.207588,0.406054,0.162022,0.308887,0.107106,0.124565,0.103295,0.175228,0.400495,0.192827,0.264995,0.242422,0.177287,0.172099,0.154007,0.223949,0.264148,0.363973,0.272339,0.301231,0.27541,0.259938,0.267428,0.313786,0.579551,0.201733,0.331374,0.099307,0.50644,0.141847,0.194686,0.217783,0.23971,0.129819,0.217075,0.438533,0.083026,0.2047,0.158033,0.161093,0.196409,0.240395,0.284012,0.249174,0.181386,0.273986,0.221349,0.274982,0.285151,0.275298,0.125319,0.139898,0.260444,0.199829,0.593313,0.245775,0.271211,0.298214,0.213336,0.265449,0.034745,0.128825,0.17509,0.362603,0.315087,0.214168,0.41506,0.259073,0.325236,0.465677,0.467586,0.356295,0.192886,0.124915
sedu_es_9ef-D01-01,0.497005,0.284663,0.307433,0.397549,0.441452,0.609727,0.467984,0.396163,0.310211,0.440404,0.446112,0.574519,0.463393,0.393016,0.248253,0.133674,0.147734,0.221265,0.422766,0.076657,0.433939,0.154273,0.429649,0.334392,0.328361,0.350486,0.538027,0.409138,0.425092,0.341365,0.320073,0.416484,0.559089,0.405885,0.40819,0.488713,0.436563,0.371273,0.165108,0.106708,0.223164,0.35796,0.085189,0.402919,0.327534,0.433664,0.482924,0.416869,0.59347,0.448931,0.302802,0.419877,0.405431,0.384594,0.480236,0.388158,0.473379,0.442634,0.479877,0.374165,0.569213,0.437585,0.230031,0.241177,0.15394,0.397904,0.277383,0.235446,0.521659,0.207152,0.506663,0.347477,0.305679,0.40054,0.451398,0.412608,0.391191,0.44398,0.369683,0.305714,0.336506,0.273117,0.440807,0.352534,0.447111,0.357037,0.372562,0.417557,0.620774,0.392328,0.422783,0.736251,0.343246,0.864376,0.21349,0.268595,0.23019,0.074329,0.211858,0.340719,0.249544,0.442216,0.389865,0.330752,0.393241,0.366705,0.276122,0.360115,0.330008,0.403591,0.339029,0.34107,0.262268,0.286635,0.616363,0.564406,0.459292,0.413103,0.532861,0.457666,0.359465,0.350067,0.165198,0.167265,0.420335,0.457983,0.414046,0.535125,0.422091,0.315348,0.349268,0.395045,0.471077,0.3077,0.381192,0.325513,0.332427,0.423274,0.297606,0.291513,0.341256,0.516785,0.489588,0.38297,0.461174,0.633605,0.598553,0.633297,0.442371,0.311701,0.405939,0.384146,0.207441,0.432973,0.333243,0.318712,0.320774,0.238643,0.201935,0.436394,0.292029,0.244272,0.577301,0.448717,0.208853,0.259507,0.53205,0.283635,0.279793,0.455771,0.403519,0.425977,0.232324,0.161233,0.296747,0.404977,0.40179,0.260352,0.545936,0.768604,0.462356,0.635594,0.31069,0.445104,0.41753,0.45876,0.369469,0.442027,0.244971,0.369091,0.623812,0.529706,0.495494,0.253227,0.045708,0.326868,0.271721,0.37863,0.303135,0.431289,0.248435,0.166443,0.294577,0.301319,0.403531,0.26441,0.361397,0.335875,0.390046,0.328187,0.879178,0.33622,0.521963,0.441198,0.367689,0.624746,0.223984,0.488074,0.367124,0.50758,0.064954,0.089004,0.0,0.346653,0.38777,0.325884,0.419726,0.452299,0.183332,0.197949,0.224094,0.300388,0.315224,0.439341,0.369071,0.377126,0.359719,0.333758,0.392596,0.526703,0.463308,0.299442,0.389616,0.171545,0.126634,0.585124,0.171006,0.090009,0.185418,0.00054,0.227917,0.337951,0.098762,0.25354,0.111691,0.450236,0.264221,0.254963,0.481275,0.261134,0.247454,0.389372,0.226395,0.363939,0.357908,0.327341,0.35026,0.281587,0.144725,0.181789,0.198958,0.231597,0.241614,0.239054,0.215916,0.397633,0.279407,0.234426,0.201254,0.611843,0.618681,0.332506,0.369876,0.563705,0.277188,0.36109,0.266898,0.275065,0.241732,0.244675
sedu_es_9ef-D01-02,0.255448,0.356544,0.316396,0.301758,0.371539,0.513044,0.704005,0.296131,0.560505,0.502066,0.636666,0.644649,0.462016,0.503063,0.248907,0.063726,0.158925,0.186169,0.219545,0.266779,0.582355,0.268988,0.534338,0.357567,0.412807,0.493664,0.472022,0.382036,0.425224,0.312378,0.305797,0.307267,0.484561,0.247669,0.24209,0.504905,0.512907,0.277165,0.087091,0.159462,0.187155,0.18148,0.235627,0.646194,0.581323,0.266684,0.795281,0.35923,0.530248,0.302325,0.325755,0.467853,0.32589,0.44175,0.38521,0.297414,0.409126,0.483236,0.488122,0.711087,0.465235,0.377442,0.159709,0.143419,0.114169,0.486642,0.163927,0.247062,0.381569,0.115659,0.974802,0.533669,0.567575,0.481786,0.626358,0.310997,0.328543,0.333955,0.387391,0.341672,0.257901,0.288049,0.471718,0.489709,0.275153,0.306518,0.280011,0.289723,0.4864,0.494136,0.499861,0.60534,0.225613,0.50241,0.133238,0.186188,0.328033,0.047758,0.143975,0.501997,0.54406,0.536472,0.736341,0.425021,0.470066,0.491877,0.467416,0.394045,0.358348,0.561826,0.283308,0.276445,0.225258,0.327185,0.368931,0.369737,0.56373,0.547468,0.437552,0.363803,0.474474,0.305171,0.167646,0.146807,0.622714,0.653833,0.612927,0.573144,0.3167,0.430318,0.617472,0.44506,0.412424,0.392834,0.290851,0.395736,0.37655,0.291822,0.334601,0.281664,0.400621,0.43299,0.371273,0.590347,0.557434,0.584467,0.429598,0.401118,0.377438,0.330906,0.478274,0.267708,0.147507,0.216236,0.31756,0.224899,0.385306,0.231472,0.247123,0.531786,0.236087,0.282556,0.498505,0.357803,0.26087,0.244505,0.559252,0.445509,0.309919,0.558293,0.440378,0.452434,0.306084,0.393787,0.37807,0.312225,0.323307,0.46558,0.291441,0.460182,0.495134,0.635109,0.280228,0.340386,0.289824,0.387269,0.308165,0.36523,0.150809,0.379375,0.491947,0.501404,0.274086,0.174003,0.140912,0.123009,0.325876,0.376411,0.275061,0.391004,0.222604,0.229035,0.335483,0.30635,0.421313,0.40784,0.495549,0.338513,0.382872,0.297792,0.357939,0.307926,0.418206,0.383241,0.483764,0.444444,0.205238,0.448045,0.29424,0.610891,0.336231,0.117009,0.0,0.190897,0.388192,0.370397,0.295018,0.299119,0.251741,0.311211,0.201127,0.216069,0.452473,0.385254,0.303312,0.348484,0.262244,0.31387,0.335956,0.403872,0.524071,0.319214,0.278617,0.100609,0.156295,0.595445,0.141397,0.216975,0.131707,0.075129,0.105608,0.378143,0.04594,0.116016,0.078682,0.434604,0.276946,0.273375,0.439832,0.300041,0.209526,0.279463,0.136398,0.29179,0.372465,0.389631,0.277934,0.233228,0.104948,0.151068,0.205293,0.194395,0.311004,0.275834,0.298291,0.338399,0.156173,0.256674,0.277251,0.472015,0.469326,0.338775,0.380168,0.60671,0.507139,0.293306,0.256576,0.178097,0.236748,0.234733
sedu_es_9ef-D01-03,0.177873,0.217083,0.300878,0.313459,0.244007,0.214222,0.226643,0.270289,0.407304,0.24089,0.985502,0.922577,0.387611,0.532769,0.305186,0.084496,0.154004,0.12324,0.219756,0.077259,0.487639,0.225745,0.220963,0.234315,0.327038,0.212975,0.15135,0.268189,0.282499,0.320103,0.157818,0.433013,0.268723,0.604058,0.340254,0.427635,0.546977,0.245826,0.094533,0.140566,0.055647,0.159067,0.070448,0.408019,0.381048,0.152951,0.203082,0.135452,0.241851,0.131834,0.221866,0.257867,0.14272,0.288681,0.241985,0.138146,0.572257,0.385538,0.433658,0.369915,0.523421,0.100802,0.135275,0.064578,0.097612,0.680685,0.043597,0.109103,0.190303,0.095779,0.531824,0.325867,0.336162,0.169351,0.364342,0.132426,0.177513,0.181589,0.165148,0.213838,0.297219,0.191061,0.163038,0.193451,0.159589,0.202771,0.218622,0.078621,0.691949,0.380409,0.39721,0.29388,0.155309,0.427246,0.109391,0.135112,0.335437,0.101519,0.115001,0.356899,0.310514,0.128118,0.112035,0.257018,0.292001,0.226484,0.539628,0.397658,0.336461,0.308261,0.155882,0.491629,0.219152,0.203307,0.530932,0.579388,0.45333,0.52852,0.19843,0.209625,0.338928,0.226068,0.063456,0.0,0.266541,0.264701,0.387273,0.129838,0.108531,0.159426,0.214529,0.235584,0.263742,0.156959,0.172284,0.196858,0.120736,0.227977,0.144752,0.119517,0.24801,0.654089,0.403064,0.365982,0.327877,0.428961,0.233748,0.290666,0.403676,0.210701,0.396342,0.301814,0.158731,0.600632,0.188291,0.057536,0.426004,0.28144,0.103596,0.588354,0.146,0.15143,0.247698,0.196014,0.237784,0.258808,0.273739,0.25895,0.264716,0.315216,0.145044,0.194196,0.236437,0.200262,0.23502,0.216835,0.252052,0.241348,0.253425,0.383357,0.476106,0.355358,0.268177,0.230607,0.329699,0.219733,0.215863,0.221892,0.157666,0.198802,0.290892,0.280514,0.174303,0.077708,0.052467,0.06796,0.145878,0.110404,0.1832,0.562971,0.083912,0.121471,0.250406,0.360046,0.397362,0.241501,0.264187,0.207876,0.335076,0.182644,0.298022,0.477436,0.224202,0.357084,0.486313,0.271296,0.23966,0.283882,0.15547,0.394582,0.153462,0.078019,0.323854,0.127895,0.367553,0.570717,0.1651,0.163478,0.108629,0.244923,0.18997,0.156452,0.34481,0.326597,0.291728,0.297277,0.271095,0.284963,0.472186,0.32619,0.675636,0.180058,0.312783,0.084257,0.064751,0.419793,0.05148,0.095264,0.009688,0.003445,0.032505,0.226097,0.081711,0.139578,0.028605,0.117814,0.19054,0.214085,0.239341,0.159036,0.146536,0.256437,0.112033,0.26047,0.237533,0.255316,0.168123,0.120327,0.042958,0.226774,0.187258,0.161931,0.28304,0.325157,0.147942,0.203941,0.117492,0.103455,0.219515,0.375576,0.392501,0.238951,0.295223,0.252424,0.285724,0.258104,0.268934,0.237127,0.242236,0.223096
sedu_es_9ef-D01-04,0.324011,0.209071,0.136888,0.114177,0.112395,0.196517,0.073846,0.195797,0.385216,0.118929,0.446507,0.43951,0.353949,0.348661,0.099075,0.217732,0.220654,0.18532,0.345786,0.085661,0.302408,0.594272,0.070293,0.104686,0.157347,0.104262,0.187616,0.138135,0.191557,0.21013,0.055506,0.178688,0.202335,0.396116,0.406608,0.379936,0.330996,0.239537,0.042284,0.164035,0.15682,0.284757,0.032438,0.619096,0.312816,0.199834,0.059649,0.149081,0.194088,0.075944,0.108984,0.184065,0.149656,0.177817,0.157913,0.125826,0.506343,0.292113,0.34726,0.329407,0.27121,0.115149,0.08346,0.147047,0.066808,0.325442,0.391485,0.113194,0.247883,0.170951,0.361943,0.339328,0.313057,0.074506,0.064559,0.113892,0.196231,0.154786,0.117743,0.173395,0.150354,0.089547,0.26984,0.132904,0.168942,0.217328,0.198065,0.057021,0.536218,0.42493,0.311682,0.228208,0.19203,0.290308,0.441685,0.19138,0.300521,0.137094,0.100677,0.537922,0.33473,0.040522,0.133765,0.242804,0.300263,0.242239,0.231178,0.200506,0.188896,0.180415,0.162353,0.218389,0.170227,0.076848,0.537658,0.530807,0.44186,0.488909,0.211803,0.163973,0.368065,0.101695,0.074452,0.037765,0.39085,0.330203,0.179341,0.139174,0.09386,0.227372,0.176986,0.144459,0.122438,0.223605,0.076867,0.248475,0.163315,0.111782,0.077366,0.081173,0.154578,0.401303,0.330477,0.441286,0.31257,0.32046,0.273959,0.328747,0.329257,0.139441,0.365344,0.318027,0.180139,0.5,0.375302,0.0,0.302052,0.316713,0.509994,0.769285,0.078257,0.105374,0.174636,0.092514,0.098584,0.161593,0.217462,0.130159,0.09631,0.293781,0.218857,0.2223,0.306854,0.179924,0.653593,0.142345,0.203952,0.341387,0.380019,0.429715,0.418018,0.368091,0.315657,0.27955,0.237047,0.282056,0.329556,0.298979,0.194428,0.123178,0.276627,0.311754,0.200376,0.095499,0.126903,0.510646,0.263416,0.221366,0.241069,0.16937,0.125755,0.078921,0.164003,0.287754,0.485268,0.327004,0.188519,0.14584,0.456245,0.11656,0.184192,0.253275,0.244752,0.395615,0.290712,0.304842,0.063813,0.210427,0.105049,0.281495,0.134219,0.121965,0.067978,0.259003,0.161499,0.238139,0.114096,0.119889,0.053132,0.390622,0.115413,0.170886,0.337422,0.364949,0.269054,0.270667,0.304277,0.230273,0.280347,0.364564,0.361961,0.356944,0.145867,0.114289,0.364634,0.307345,0.291327,0.255022,0.150015,0.019873,0.165899,0.24902,0.25389,0.293874,0.221316,0.188223,0.165692,0.194732,0.346877,0.088461,0.101405,0.339857,0.266971,0.223735,0.172617,0.172905,0.139641,0.054682,0.079717,0.144087,0.251619,0.16558,0.374854,0.405718,0.297219,0.362967,0.151314,0.21784,0.236283,0.481185,0.472948,0.167978,0.155607,0.274103,0.382019,0.270536,0.239193,0.334658,0.466602,0.194405
sedu_es_9ef-D02-01,0.059287,0.285194,0.288644,0.176454,0.163359,0.345031,0.263483,0.14476,0.390363,0.522325,0.293329,0.330307,0.458287,0.847578,0.283402,0.028815,0.035406,0.279269,0.120154,0.127069,0.297976,0.286059,0.170506,0.187036,0.246596,0.298483,0.324324,0.154039,0.189836,0.201444,0.178468,0.180661,0.236764,0.211216,0.143243,0.415037,0.881735,0.193961,0.20248,0.007478,0.072127,0.13616,0.090375,0.579208,0.302407,0.094851,0.223936,0.271122,0.278781,0.137662,0.192346,0.40082,0.148465,0.283139,0.192605,0.125033,0.326126,0.658695,0.710176,0.348192,0.272114,0.219559,0.226224,0.170995,0.244844,0.41643,0.025807,0.096527,0.110594,0.011579,0.592759,0.662493,0.251426,0.163439,0.173488,0.122611,0.211519,0.214713,0.11699,0.179802,0.142971,0.205909,0.229964,0.162143,0.27715,0.18577,0.173689,0.099406,0.346275,0.799058,0.358798,0.326151,0.206322,0.344202,0.045033,0.115407,0.10697,0.015584,0.077875,0.491673,0.193578,0.189878,0.314204,0.373105,0.420388,0.293033,0.227015,0.228111,0.172908,0.434655,0.164093,0.093913,0.205058,0.186124,0.299532,0.327132,0.84422,0.434005,0.31738,0.22408,0.457986,0.809448,0.122945,0.063389,0.399733,0.222904,0.297181,0.253264,0.117151,0.214908,0.244789,0.196974,0.234629,0.288949,0.167661,0.257294,0.182473,0.223377,0.088507,0.078561,0.245445,0.241393,0.65532,0.434708,0.390444,0.398233,0.368329,0.404522,0.286452,0.4879,0.46204,0.214428,0.232401,0.285464,0.293151,0.086708,0.146697,0.293748,0.153019,0.369526,0.08996,0.118138,0.122084,0.136905,0.093472,0.242825,0.26126,0.200625,0.214731,0.355151,0.29979,0.298551,0.328784,0.168433,0.217931,0.156597,0.191792,0.266906,0.263591,0.43116,0.38997,0.36352,0.273344,0.328923,0.424755,0.378815,0.325586,0.364588,0.193895,0.357314,0.326975,0.301111,0.189489,0.081472,0.11673,0.085677,0.384145,0.317543,0.27998,0.244146,0.101394,0.260412,0.107951,0.261622,0.351769,0.295484,0.231715,0.165192,0.397965,0.177883,0.403428,0.335519,0.275383,0.3883,0.243978,0.26681,0.370556,0.451351,0.188592,0.212393,0.15979,0.128633,0.000983,0.173762,0.341536,0.262676,0.21842,0.205811,0.05101,0.294693,0.14565,0.165541,0.337917,0.39634,0.284155,0.392524,0.257758,0.182773,0.344992,0.221701,0.35343,0.192401,0.309786,0.089935,0.124724,0.312991,0.276808,0.209111,0.276413,0.14146,0.095061,0.254396,0.0,0.164955,0.07853,0.092331,0.096189,0.126373,0.252793,0.099985,0.256026,0.346196,0.514183,0.250731,0.578046,0.184977,0.109437,0.11561,0.165386,0.214383,0.134446,0.165494,0.245978,0.244739,0.250494,0.324925,0.043036,0.165241,0.135436,0.337408,0.317082,0.702582,0.412173,0.68247,0.289357,0.228964,0.21512,0.288424,0.463758,0.19105
sedu_es_9ef-D02-02,0.146886,0.239846,0.163699,0.246851,0.104983,0.201041,0.140157,0.149406,0.541781,0.29928,0.363055,0.360751,0.564451,0.854116,0.228935,0.135391,0.14593,0.328142,0.076425,0.13809,0.193593,0.256777,0.104831,0.250501,0.163478,0.189537,0.175257,0.116797,0.158462,0.240777,0.135537,0.442465,0.357933,0.331304,0.35855,0.516818,0.877341,0.296152,0.140142,0.155004,0.113663,0.037946,0.101871,0.463041,0.269736,0.076128,0.086712,0.136655,0.168965,0.091226,0.101941,0.321037,0.145261,0.153632,0.120114,0.069952,0.477897,0.714294,0.815335,0.394118,0.719939,0.117875,0.157719,0.192424,0.148348,0.740955,0.147387,0.076687,0.055042,0.119084,0.484175,0.36885,0.265499,0.159371,0.080556,0.123309,0.090421,0.154247,0.133778,0.171748,0.209721,0.084454,0.120533,0.122364,0.213793,0.093661,0.113644,0.042899,0.600126,0.871819,0.525402,0.437907,0.206954,0.577339,0.164753,0.138856,0.196894,0.131866,0.125089,0.410136,0.238904,0.10806,0.16763,0.257784,0.216811,0.151655,0.184944,0.161813,0.133634,0.203498,0.149277,0.057125,0.170252,0.146885,0.435247,0.395406,0.921188,0.800991,0.419214,0.24237,0.503018,0.242334,0.118038,0.10144,0.388652,0.256998,0.153438,0.189953,0.128364,0.201477,0.119941,0.233173,0.12569,0.153184,0.085636,0.164601,0.127356,0.144582,0.105529,0.0,0.165591,0.28266,0.599381,0.385624,0.314118,0.316466,0.559914,0.442898,0.305964,0.230613,0.532692,0.268659,0.188961,0.770913,0.234096,0.066075,0.160799,0.381832,0.293867,0.371135,0.48874,0.131682,0.082016,0.124843,0.10588,0.238479,0.251558,0.097476,0.093598,0.234217,0.181655,0.227418,0.210952,0.175361,0.525868,0.047593,0.104749,0.167885,0.285279,0.51292,0.655377,0.411587,0.213907,0.35654,0.425374,0.328889,0.286683,0.327041,0.180316,0.244958,0.404897,0.387493,0.179635,0.227283,0.110287,0.263714,0.399071,0.198661,0.19241,0.142828,0.132029,0.070001,0.020806,0.128235,0.329202,0.212948,0.336489,0.144055,0.246784,0.189311,0.264005,0.536732,0.305389,0.356381,0.604532,0.429442,0.201577,0.364316,0.140162,0.236666,0.148136,0.14934,0.090225,0.256497,0.26741,0.191639,0.072226,0.127119,0.07005,0.232551,0.184854,0.188388,0.171775,0.296814,0.260434,0.318982,0.265403,0.142146,0.318483,0.34786,0.803943,0.248737,0.220752,0.12721,0.165248,0.275821,0.386446,0.269202,0.311233,0.089485,0.105654,0.397465,0.151078,0.247672,0.21366,0.226751,0.090144,0.154606,0.231284,0.092152,0.166547,0.315454,0.240988,0.227948,0.284158,0.261892,0.200081,0.152843,0.125533,0.211875,0.182618,0.186349,0.194102,0.200374,0.28977,0.273765,0.143642,0.194172,0.185985,0.253384,0.243698,0.161305,0.366706,0.321942,0.298793,0.126296,0.124876,0.26751,0.145374,0.218529
sedu_es_9ef-D02-03,0.093346,0.285195,0.237467,0.193123,0.151835,0.306421,0.228781,0.173655,0.397639,0.226041,0.294003,0.331444,0.473404,0.90901,0.229936,0.30779,0.069798,0.131484,0.112618,0.162169,0.290055,0.239956,0.137384,0.178431,0.194744,0.23922,0.294752,0.129748,0.195612,0.259175,0.19168,0.491448,0.200715,0.23395,0.215032,0.401902,0.922392,0.193037,0.142504,0.056667,0.097601,0.121966,0.102154,0.358424,0.252215,0.094941,0.182461,0.246881,0.258817,0.122437,0.156787,0.149519,0.154729,0.270075,0.163933,0.125999,0.41341,0.665827,0.724998,0.326324,0.626557,0.202876,0.202982,0.146251,0.169326,0.69238,0.067178,0.097362,0.079146,0.248862,0.383725,0.494769,0.25694,0.166344,0.176234,0.122127,0.168319,0.217803,0.113262,0.193854,0.368188,0.165379,0.233874,0.155107,0.245271,0.140133,0.175249,0.098649,0.568817,0.792017,0.399798,0.371319,0.181962,0.542857,0.066025,0.06989,0.110982,0.057666,0.076589,0.309874,0.211082,0.179381,0.306559,0.363015,0.355364,0.282105,0.220359,0.222567,0.17298,0.635173,0.162589,0.139807,0.165816,0.182239,0.34365,0.40231,0.836287,0.707245,0.365043,0.171435,0.409218,0.725482,0.364216,0.369731,0.271904,0.239859,0.288639,0.244182,0.126617,0.28969,0.193256,0.237104,0.171321,0.306873,0.170147,0.272228,0.224093,0.202078,0.125028,0.075346,0.198439,0.274407,0.624108,0.400112,0.348313,0.363055,0.451712,0.452928,0.309934,0.648625,0.5,0.254147,0.250687,0.673541,0.244438,0.261167,0.123102,0.170781,0.19488,0.390521,0.098052,0.128811,0.076981,0.167808,0.125438,0.25837,0.291823,0.153852,0.204034,0.329805,0.268963,0.331841,0.357326,0.169135,0.241123,0.158953,0.191667,0.269812,0.29134,0.477316,0.638275,0.416506,0.297375,0.359872,0.443002,0.419947,0.29667,0.421361,0.198675,0.307329,0.33768,0.312003,0.194808,0.115839,0.117932,0.136112,0.398452,0.316302,0.273613,0.232836,0.12843,0.197119,0.083719,0.298406,0.387196,0.314361,0.281038,0.192976,0.384186,0.179924,0.387262,0.632108,0.331645,0.406319,0.531777,0.269588,0.298045,0.445518,0.182814,0.237909,0.15135,0.126646,0.0,0.20377,0.335472,0.286548,0.201421,0.196733,0.069235,0.291372,0.112651,0.145959,0.288957,0.421255,0.33328,0.403364,0.280342,0.195186,0.397798,0.236071,0.708562,0.161035,0.281571,0.090544,0.156314,0.34524,0.153996,0.207822,0.086937,0.303386,0.054096,0.259232,0.037936,0.158871,0.100384,0.150945,0.129794,0.181496,0.243633,0.083104,0.19261,0.353325,0.171815,0.263603,0.559136,0.215862,0.131146,0.126867,0.186692,0.196329,0.577174,0.154852,0.269108,0.270327,0.273631,0.324893,0.101841,0.175527,0.153223,0.329573,0.314053,0.228287,0.317296,0.350828,0.294779,0.173195,0.176105,0.312249,0.134514,0.178183
sedu_es_9ef-D02-04,0.094383,0.239069,0.196884,0.265592,0.10622,0.242527,0.198592,0.199077,0.494316,0.496615,0.275843,0.247733,0.555604,0.537783,0.176408,0.056473,0.064643,0.092938,0.098311,0.060093,0.26181,0.141074,0.083178,0.18125,0.177279,0.190606,0.199782,0.171865,0.232859,0.281578,0.107834,0.21244,0.347835,0.207996,0.222783,0.791329,0.520681,0.177032,0.067768,0.05495,0.048914,0.059044,0.0,0.238338,0.175833,0.025165,0.084339,0.165771,0.155364,0.115578,0.177871,0.213227,0.124472,0.210033,0.140879,0.083079,0.309662,0.995035,1.0,0.455586,0.489289,0.116009,0.099795,0.090613,0.126638,0.515248,0.071486,0.064028,0.079978,0.007644,0.305591,0.144661,0.190975,0.105291,0.072325,0.137742,0.132278,0.202677,0.177556,0.202069,0.203497,0.108576,0.00881,0.087593,0.140176,0.155917,0.132473,0.039957,0.333355,0.710159,0.512307,0.434766,0.108285,0.447448,0.066775,0.059018,0.119292,0.076514,0.057705,0.22921,0.130289,0.082692,0.082126,0.207929,0.167568,0.110341,0.128046,0.09567,0.039402,0.225599,0.082726,0.131017,0.169882,0.166371,0.248097,0.250576,0.801027,0.431045,0.414676,0.189829,0.465781,0.323075,0.065875,0.018532,0.19158,0.167297,0.093401,0.028038,0.151209,0.154265,0.154882,0.239161,0.20999,0.117967,0.142392,0.151735,0.076296,0.121015,0.140886,0.060506,0.20066,0.269142,0.540279,0.261832,0.317173,0.33801,0.508933,0.259418,0.310384,0.279793,0.471419,0.199446,0.126082,0.278419,0.229306,0.02959,0.224666,0.200381,0.16833,0.283632,0.103258,0.150222,0.108458,0.150974,0.178589,0.234422,0.346338,0.206294,0.138999,0.20499,0.098925,0.182255,0.188904,0.143159,0.220321,0.107237,0.164421,0.204187,0.131281,0.497866,0.407969,0.410895,0.156259,0.269988,0.336203,0.358079,0.23588,0.377458,0.15981,0.348634,0.416628,0.453802,0.151408,0.125945,0.0534,0.161481,0.194029,0.099199,0.199126,0.211418,0.137341,0.061525,0.151052,0.218787,0.30158,0.211459,0.39892,0.161289,0.192132,0.217511,0.251015,0.279155,0.279603,0.370987,0.377925,0.407233,0.248233,0.452515,0.112472,0.260468,0.130373,0.079758,0.002817,0.208951,0.22984,0.050025,0.109033,0.163248,0.084513,0.17573,0.096202,0.139101,0.250389,0.237023,0.290376,0.299879,0.23612,0.167403,0.345886,0.278291,0.534137,0.130449,0.283688,0.062785,0.149137,0.26872,0.163568,0.10867,0.117236,0.045785,0.076768,0.341834,0.020105,0.112002,0.116403,0.196068,0.206988,0.213279,0.188483,0.163992,0.152019,0.263342,0.112463,0.253964,0.316927,0.293411,0.135262,0.133094,0.065429,0.176264,0.177213,0.177274,0.211122,0.229617,0.244749,0.241879,0.161662,0.212454,0.587022,0.246956,0.251935,0.212364,0.422595,0.542122,0.289047,0.12092,0.178609,0.191714,0.383108,0.157613
sedu_es_9ef-D03-01,0.116684,0.174014,0.162458,0.07591,0.185409,0.190543,0.191672,0.197917,0.223043,0.435957,0.220126,0.206247,0.346022,0.581369,0.131453,0.048047,0.114805,0.106881,0.12109,0.061288,0.183427,0.106334,0.176974,0.247914,0.167561,0.201765,0.173107,0.215589,0.216647,0.223373,0.179018,0.198674,0.225535,0.157556,0.142455,0.327394,0.565977,0.176102,0.035752,0.086256,0.096573,0.109596,0.0809,0.172477,0.139166,0.116926,0.204052,0.160239,0.242693,0.145734,0.172185,0.253371,0.18516,0.293604,0.208116,0.175643,0.21054,0.34329,0.35997,0.509038,0.511074,0.124388,0.090295,0.113378,0.055702,0.284628,0.055908,0.116178,0.121385,0.067127,0.259185,0.120745,0.114289,0.165383,0.139239,0.146218,0.194355,0.142815,0.188884,0.238546,0.099511,0.190958,0.115067,0.208786,0.234747,0.19161,0.466168,0.161038,0.292248,0.285442,0.377111,0.352203,0.081255,0.334468,0.043388,0.086586,0.110736,0.072234,0.077743,0.145354,0.067776,0.16097,0.151071,0.224809,0.258769,0.206081,0.120294,0.14499,0.144036,0.188848,0.42822,0.181475,0.154455,0.218285,0.216939,0.284942,0.308667,0.314239,0.323727,0.152025,0.318566,0.209273,0.055447,0.0584,0.091591,0.084634,0.177263,0.129971,0.131047,0.159927,0.256911,0.204034,0.223034,0.172495,0.17524,0.190015,0.129122,0.131952,0.11578,0.176981,0.250088,0.375403,0.335829,0.33306,0.674761,0.42476,0.317844,0.278654,0.232805,0.333607,0.376107,0.244185,0.12055,0.225133,0.250354,0.07717,0.173316,0.117319,0.097399,0.205045,0.157665,0.12216,0.156762,0.174779,0.130909,0.197211,0.241078,0.220321,0.239317,0.229079,0.192173,0.201798,0.199822,0.163889,0.292959,0.22952,0.237444,0.242537,0.312492,0.407864,0.288482,0.33748,0.303213,0.653462,0.538578,0.580221,0.709235,0.891973,0.103773,0.263562,0.619342,0.526214,0.264191,0.052675,0.065007,0.079605,0.118183,0.082999,0.152971,0.221475,0.112443,0.142416,0.18853,0.331038,0.260721,0.19079,0.222628,0.183285,0.28678,0.174448,0.73615,0.30888,0.231241,0.314445,0.248551,0.507148,0.153066,0.325077,0.146099,0.155838,0.068551,0.105178,0.0,0.119017,0.453857,0.163478,0.133176,0.144518,0.078961,0.209468,0.121078,0.17233,0.272723,0.384444,0.356103,0.684406,0.615539,0.425431,0.245874,0.419709,0.260476,0.105853,0.2379,0.075069,0.123043,0.20282,0.099552,0.107778,0.090126,0.027237,0.312004,0.24087,0.032568,0.08067,0.063403,0.097626,0.176874,0.194885,0.150085,0.185019,0.181317,0.229848,0.105657,0.563671,0.227801,0.228702,0.11155,0.10412,0.113277,0.133636,0.101401,0.181847,0.236599,0.260739,0.198628,0.194118,0.069636,0.143498,0.120095,0.271414,0.27852,0.209813,0.291875,0.545401,0.299734,0.198764,0.21025,0.263724,0.415705,0.115918
sedu_es_9ef-D03-02,0.081587,0.173622,0.144026,0.043741,0.154774,0.203906,0.157613,0.158847,0.146905,0.475374,0.170863,0.156051,0.494868,0.768828,0.085723,0.00284,0.081464,0.074082,0.124969,0.005425,0.198155,0.095032,0.148213,0.096888,0.125026,0.139988,0.15674,0.171382,0.206726,0.182455,0.125889,0.094475,0.146653,0.141991,0.074898,0.485467,0.788638,0.222436,0.081819,0.066837,0.152933,0.103335,0.026914,0.188893,0.122105,0.094307,0.177239,0.143819,0.210343,0.126154,0.157446,0.444541,0.401366,0.248318,0.153728,0.11194,0.182877,0.457445,0.519391,0.768645,0.544236,0.177327,0.151652,0.159882,0.082648,0.240171,0.092457,0.127748,0.122364,0.057598,0.257027,0.419368,0.116311,0.120129,0.103257,0.15237,0.179532,0.151825,0.392391,0.424348,0.090222,0.194266,0.106052,0.137477,0.199523,0.205596,0.161349,0.169126,0.226875,0.25002,0.6537,0.305351,0.122091,0.381654,0.071227,0.117507,0.137047,0.005011,0.073555,0.163588,0.086629,0.131594,0.115618,0.215096,0.258028,0.188578,0.17269,0.120599,0.116011,0.511767,0.191057,0.14583,0.16004,0.189542,0.199213,0.258207,0.286321,0.529309,0.570508,0.166588,0.317283,0.233341,0.098862,0.07693,0.093191,0.095508,0.132299,0.094798,0.136668,0.146627,0.204334,0.138902,0.228001,0.151224,0.198803,0.183397,0.136771,0.149573,0.129321,0.175543,0.211707,0.33572,0.331831,0.491282,0.993729,0.57338,0.271499,0.23224,0.253465,0.582053,0.667957,0.614708,0.470904,0.151049,0.306242,0.144809,0.181634,0.107204,0.118434,0.184835,0.12132,0.135897,0.134073,0.167887,0.1371,0.168989,0.244456,0.215114,0.230431,0.198598,0.176993,0.18621,0.178985,0.065797,0.226243,0.19327,0.20179,0.246426,0.283204,0.356327,0.252466,0.270189,0.556507,0.980384,0.739901,0.870283,0.715784,0.665503,0.125575,0.535945,0.650611,0.823595,0.281674,0.073525,0.100359,0.093883,0.154103,0.112091,0.135152,0.20675,0.156192,0.155549,0.183398,0.313526,0.226054,0.201468,0.211093,0.177688,0.263676,0.156863,0.784484,0.535929,0.480457,0.253202,0.21851,0.599704,0.426223,0.606599,0.178958,0.180423,0.084675,0.132549,0.0,0.154841,0.52765,0.15689,0.163911,0.162121,0.124394,0.173363,0.1003,0.167057,0.260871,0.622185,0.587717,0.731523,0.879683,0.669035,0.259857,0.296216,0.257762,0.13729,0.257271,0.098695,0.128985,0.223643,0.122108,0.114851,0.122151,0.048394,0.111396,0.181924,0.016866,0.088253,0.095342,0.087469,0.171235,0.210498,0.181813,0.208031,0.210787,0.18436,0.160458,0.593477,0.238134,0.189772,0.126921,0.140244,0.120216,0.127206,0.138367,0.192334,0.205243,0.227617,0.228164,0.185606,0.028598,0.164126,0.164072,0.274756,0.292967,0.211554,0.34996,0.637435,0.332243,0.207028,0.271393,0.538726,0.560042,0.131639
sedu_es_9ef-D03-03,0.231037,0.36477,0.415728,0.218765,0.27109,0.441652,0.117739,0.244856,0.354959,0.828582,0.311913,0.452899,0.519468,0.482949,0.198073,0.151726,0.138301,0.154027,0.243367,0.26805,0.27955,0.174047,0.178757,0.184632,0.389848,0.080693,0.433257,0.129867,0.179548,0.153876,0.142559,0.244587,0.496791,0.257171,0.185556,0.480787,0.485826,0.074043,0.069379,0.003486,0.16728,0.25722,0.207414,0.344868,0.076157,0.251006,0.168154,0.370999,0.328397,0.153677,0.188346,0.150008,0.228814,0.378882,0.240038,0.307615,0.181636,0.468183,0.444068,0.405324,0.497822,0.334227,0.161648,0.018385,0.150559,0.637074,0.080341,0.239907,0.236459,0.141299,0.319307,0.288423,0.068262,0.245488,0.209761,0.165844,0.231829,0.2259,0.088084,0.250953,0.045773,0.283304,0.26444,0.252482,0.348621,0.290434,0.430109,0.314149,0.242781,0.429166,0.543318,0.410353,0.143825,0.449125,0.054802,0.240148,0.078629,0.076949,0.240224,0.222966,0.002796,0.197073,0.105401,0.306881,0.490687,0.251573,0.234536,0.122563,0.041418,0.131328,0.383132,0.270095,0.098222,0.256115,0.081481,0.211233,0.49291,0.388193,0.43854,0.16978,0.565234,0.246858,0.227278,0.205349,0.275975,0.126243,0.166579,0.140457,0.139808,0.245478,0.334137,0.229675,0.276848,0.304005,0.282514,0.345846,0.235715,0.297316,0.159705,0.240136,0.285654,0.268313,0.231197,0.162906,0.26428,0.311564,0.396512,0.083117,0.24456,0.144113,0.685089,0.206892,0.135509,0.215964,0.210097,0.209327,0.258054,0.26693,0.090751,0.254101,0.125973,0.147803,0.172822,0.268736,0.144477,0.305231,0.295359,0.225675,0.35111,0.273793,0.226191,0.306976,0.32922,0.206347,0.323704,0.35033,0.330175,0.342527,0.038803,0.687697,0.348338,0.305338,0.172579,0.27301,0.202948,0.301041,0.153164,0.307096,0.273447,0.299589,0.477855,0.414679,0.300108,0.124482,0.256092,0.156892,0.23089,0.268917,0.342314,0.34646,0.185794,0.22295,0.181677,0.422835,0.335064,0.324074,0.607905,0.303654,0.418182,0.184525,0.308038,0.155124,0.193758,0.355293,0.292691,0.375748,0.359293,0.363458,0.335424,0.329872,0.202755,0.235133,0.025844,0.268875,0.24594,0.251965,0.303528,0.22652,0.1423,0.265604,0.199509,0.190233,0.294659,0.350924,0.265773,0.442614,0.242466,0.256657,0.264004,0.251279,0.533525,0.149708,0.229491,0.278672,0.656146,0.250997,0.224358,0.154054,0.241377,0.06649,0.214136,0.294491,0.085351,0.158391,0.121586,0.045759,0.070634,0.152494,0.233254,0.172838,0.197086,0.234686,0.0,0.283584,0.118093,0.172019,0.19097,0.235921,0.395661,0.212645,0.231923,0.226051,0.156525,0.141372,0.157787,0.265424,0.042601,0.212548,0.255619,0.362185,0.366275,0.198521,0.409832,0.538873,0.22665,0.168229,0.188026,0.091004,0.610197,0.272769
sedu_es_9ef-D03-04,0.311785,0.348298,0.426925,0.268844,0.346532,0.367626,0.290919,0.303724,0.53713,0.514242,0.324122,0.303662,0.523873,0.529961,0.202232,0.114512,0.115068,0.185891,0.267825,0.147417,0.472577,0.219718,0.610825,0.533647,0.625759,0.270145,0.314426,0.280037,0.34426,0.306643,0.282977,0.251909,0.578689,0.24143,0.155976,0.511426,0.538855,0.205636,0.104987,0.071972,0.216551,0.250884,0.179841,0.375214,0.208618,0.236999,0.321311,0.295688,0.350246,0.196989,0.237284,0.295713,0.351372,0.484209,0.317963,0.225202,0.262021,0.496118,0.565553,0.583842,0.560557,0.359388,0.236198,0.112184,0.164141,0.679455,0.140978,0.194721,0.614882,0.16088,0.477132,0.252538,0.208861,0.306518,0.236764,0.244422,0.288306,0.326611,0.211423,0.295431,0.219748,0.342965,0.239111,0.306999,0.325394,0.328123,0.365588,0.318156,0.309937,0.57652,0.612243,0.447457,0.164078,0.591947,0.119221,0.195005,0.244025,0.111237,0.223193,0.31525,0.13142,0.272505,0.195505,0.391234,0.5,0.399861,0.382203,0.178861,0.146701,0.280349,0.304336,0.248474,0.593649,0.269685,0.157767,0.283964,0.618416,0.517862,0.569744,0.238326,0.594568,0.320766,0.23522,0.22328,0.261236,0.147637,0.269118,0.418825,0.194361,0.309591,0.35857,0.201411,0.355816,0.370107,0.358048,0.394298,0.264849,0.408305,0.244331,0.273308,0.307962,0.40649,0.386518,0.256641,0.457433,0.368691,0.547371,0.174594,0.325679,0.224879,0.71485,0.245299,0.218883,0.269924,0.352054,0.31346,0.374916,0.23734,0.196809,0.350971,0.212725,0.254521,0.291488,0.347656,0.233382,0.300869,0.46771,0.350492,0.374347,0.394379,0.337919,0.379117,0.40085,0.166363,0.450843,0.366955,0.341811,0.369927,0.253101,0.67344,0.394745,0.265199,0.211218,0.374823,0.223662,0.421673,0.251596,0.428968,0.214606,0.324976,0.616197,0.583262,0.341867,0.177303,0.605751,0.168903,0.346373,0.290102,0.364865,0.36563,0.311275,0.260983,0.858905,0.432344,0.333506,0.313032,0.703071,0.416202,0.43546,0.246624,0.377679,0.21673,0.260812,0.328662,0.397229,0.559506,0.264712,0.390795,0.369767,0.369807,0.227919,0.278288,0.0,0.269514,0.363822,0.283174,0.378847,0.301487,0.26515,0.25289,0.234202,0.278615,0.377133,0.381087,0.279014,0.415803,0.298894,0.253127,0.348436,0.433073,0.608877,0.242939,0.331396,0.211406,0.337101,0.39871,0.224038,0.242357,0.263518,0.142722,0.223535,0.333681,0.134802,0.14872,0.137359,0.150434,0.176463,0.263002,0.379241,0.280119,0.230741,0.209104,0.174271,0.28095,0.253312,0.291738,0.23332,0.278269,0.260971,0.257922,0.27216,0.291563,0.248355,0.255612,0.306565,0.298745,0.054331,0.233712,0.340252,0.414574,0.465319,0.327403,0.61414,0.212694,0.410862,0.293124,0.370567,0.197544,0.324705,0.256132
sedu_es_9ef-D04-01,0.009984,0.177024,0.503187,0.125698,0.132376,0.168481,0.187559,0.271612,0.2802,0.136719,0.224444,0.201028,0.322345,0.277159,0.478094,0.138584,0.152744,0.13372,0.092188,0.040192,0.154789,0.179681,0.099553,0.171742,0.418872,0.175573,0.152656,0.167078,0.369657,0.353916,0.084936,0.105464,0.156348,0.222353,0.10286,0.292326,0.292445,0.649894,0.287778,0.14994,0.275172,0.092459,0.00226,0.193235,0.170206,0.097307,0.141673,0.173575,0.151077,0.141242,0.16257,0.333061,0.252236,0.207607,0.091029,0.153713,0.303962,0.278216,0.286418,0.466592,0.357323,0.324597,0.657028,0.617109,0.266353,0.355471,0.191264,0.263775,0.083892,0.037587,0.198115,0.139539,0.166818,0.104043,0.14348,0.1303,0.501322,0.110003,0.271704,0.275541,0.250357,0.325659,0.364125,0.080412,0.166422,0.20515,0.220855,0.096109,0.322042,0.25104,0.314918,0.338304,0.498588,0.657107,0.183071,0.197197,0.167441,0.018233,0.040564,0.162155,0.098884,0.109034,0.100663,0.251673,0.237038,0.127234,0.119897,0.153838,0.169899,0.380652,0.199149,0.16573,0.481333,0.217146,0.24622,0.254819,0.268519,0.321836,0.952392,0.500914,0.636301,0.289344,0.063251,0.027844,0.076721,0.091051,0.156402,0.120753,0.08957,0.38814,0.149295,0.140611,0.168472,0.285008,0.191239,0.195211,0.146716,0.230003,0.109005,0.146862,0.215942,0.249193,0.289286,0.302429,0.394919,0.314223,0.728082,0.296668,0.25541,0.441424,0.607403,0.445864,0.394489,0.288308,0.715969,0.070024,0.079905,0.130552,0.068922,0.123852,0.169287,0.088592,0.110051,0.179845,0.129275,0.345418,0.166838,0.137204,0.252137,0.132259,0.181122,0.136727,0.146697,0.060439,0.120813,0.133372,0.258995,0.178569,0.318358,0.319454,0.327502,0.297468,0.332611,0.423309,0.351755,0.414839,0.368716,0.397245,0.29121,0.393675,0.496713,0.578458,0.584111,0.057367,0.114385,0.102875,0.161556,0.171323,0.193049,0.255584,0.168668,0.138951,0.132842,0.285382,0.261871,0.184777,0.13039,0.069958,0.313456,0.160737,0.279471,0.307313,0.298991,0.274727,0.321442,0.584754,0.324096,0.443931,0.165499,0.229313,0.045575,0.187511,0.023661,0.211193,0.577878,0.135492,0.177372,0.170087,0.072963,0.113325,0.198321,0.232919,0.17531,0.364962,0.267188,0.304138,0.260746,0.24039,0.365063,0.362978,0.388068,0.328917,0.408718,0.084374,0.306375,0.195994,0.17548,0.202907,0.127081,0.249434,0.073991,0.280514,0.064469,0.184903,0.194772,0.10254,0.184287,0.202599,0.197704,0.204268,0.181215,0.228329,0.373982,0.22798,0.294553,0.203511,0.085868,0.061225,0.231628,0.134362,0.109557,0.277748,0.22951,0.276205,0.223473,0.212062,0.0,0.100023,0.129441,0.241522,0.229481,0.217211,0.395748,0.419473,0.514038,0.176765,0.226202,0.39583,0.176374,0.117799
sedu_es_9ef-D04-02,0.127904,0.303119,0.278802,0.153631,0.244111,0.218295,0.246085,0.219731,0.372534,0.51391,0.272993,0.23463,0.623949,0.619816,0.332688,0.159665,0.276445,0.230714,0.134086,0.011789,0.239276,0.155051,0.232558,0.161257,0.275193,0.196034,0.198985,0.202009,0.273677,0.245468,0.185764,0.244067,0.244985,0.245193,0.183581,0.587481,0.669415,0.691187,0.254352,0.207192,0.293878,0.118459,0.023932,0.28555,0.156878,0.185975,0.225102,0.190691,0.26569,0.162601,0.203284,0.586034,0.492337,0.263388,0.213928,0.198025,0.286765,0.527758,0.607446,0.866169,0.398901,0.385127,0.34067,0.386023,0.25062,0.436539,0.249867,0.306683,0.10083,0.067532,0.28346,0.203811,0.172344,0.197853,0.146453,0.153343,0.229647,0.170727,0.50986,0.518694,0.181789,0.383442,0.14411,0.215573,0.289064,0.247759,0.229641,0.150826,0.365224,0.372879,0.448578,0.415144,0.332928,0.594354,0.225297,0.203244,0.254144,0.033457,0.103898,0.213077,0.120758,0.214082,0.182021,0.293471,0.346053,0.266249,0.176634,0.150638,0.138671,0.215433,0.23272,0.13518,0.208828,0.25085,0.256674,0.310199,0.396493,0.676314,0.697416,0.319627,0.474085,0.293121,0.079595,0.058288,0.120621,0.129336,0.236003,0.425326,0.156695,0.510054,0.23808,0.179189,0.294553,0.211798,0.185631,0.183265,0.145658,0.187469,0.134868,0.18861,0.256583,0.408866,0.414775,0.735858,0.880006,0.784256,0.768185,0.38075,0.30255,0.470304,0.637022,0.477733,0.369507,0.279132,0.771225,0.086078,0.208611,0.12522,0.129994,0.23705,0.162576,0.139823,0.228421,0.191109,0.158534,0.253654,0.252075,0.258221,0.235455,0.300459,0.226276,0.194794,0.167859,0.204187,0.276403,0.272335,0.248049,0.17545,0.332428,0.449879,0.347932,0.379554,0.398929,0.823991,0.492169,0.737947,0.46939,0.523982,0.291653,0.658004,0.414285,0.709843,0.447578,0.073524,0.101843,0.104714,0.148155,0.14561,0.167027,0.227715,0.163926,0.142098,0.16204,0.292298,0.256765,0.140647,0.263834,0.223067,0.324615,0.207297,0.431059,0.350858,0.385971,0.33595,0.302005,0.478808,0.560358,0.762102,0.164003,0.240382,0.122391,0.252568,0.0,0.263044,0.477457,0.157074,0.167573,0.189257,0.106102,0.177605,0.173875,0.228004,0.224703,0.475101,0.360917,0.858732,0.886112,0.460807,0.431422,0.408427,0.386947,0.328251,0.44072,0.099399,0.138103,0.311554,0.216798,0.173243,0.115656,0.208316,0.11411,0.297673,0.014587,0.1449,0.199173,0.114925,0.200861,0.18907,0.208198,0.174834,0.182907,0.26295,0.336754,0.707501,0.294811,0.241415,0.10847,0.084922,0.251852,0.12426,0.129157,0.319538,0.234103,0.270432,0.224767,0.213986,0.043886,0.184349,0.202519,0.284595,0.276468,0.244474,0.469122,0.622799,0.635787,0.239405,0.233235,0.371367,0.55263,0.159608
sedu_es_9ef-D04-03,0.140892,0.302198,0.336339,0.664243,0.209908,0.48979,0.379682,0.417963,0.399231,0.31282,0.2063,0.154661,0.50277,0.375368,0.26837,0.123833,0.053667,0.164356,0.280739,0.03987,0.266416,0.285088,0.349413,0.498636,0.412453,0.416465,0.459613,0.345737,0.678828,0.5,0.380172,0.245293,0.387646,0.218959,0.25048,0.421193,0.431879,0.275966,0.229218,0.274248,0.321271,0.176686,0.091481,0.450788,0.302441,0.25495,0.239303,0.457183,0.336572,0.353352,0.31217,0.720027,0.627597,0.516995,0.233544,0.216941,0.405814,0.40666,0.446062,0.397425,0.50624,0.159406,0.242223,0.216953,0.213862,0.4965,0.359328,0.407783,0.148848,0.162854,0.266457,0.136529,0.273058,0.3331,0.318361,0.318389,0.276583,0.298662,0.488778,0.4036,0.390513,0.21827,0.222005,0.218252,0.582798,0.286467,0.230694,0.22027,0.32104,0.349898,0.509574,0.604928,0.19872,0.628079,0.405457,0.084569,0.200018,0.148087,0.159369,0.246441,0.180916,0.271855,0.222407,0.284034,0.292641,0.153173,0.287179,0.269136,0.226007,0.352402,0.408981,0.207106,0.415365,0.68893,0.248858,0.202616,0.448947,0.490658,0.487197,0.218663,0.707843,0.331424,0.185198,0.143659,0.179351,0.196031,0.237992,0.298364,0.293354,0.24613,0.223149,0.294997,0.439889,0.182159,0.305361,0.263723,0.228449,0.39319,0.25455,0.396312,0.481528,0.236166,0.269397,0.243592,0.309564,0.244549,0.970137,0.536319,0.468622,0.328985,0.523576,0.304816,0.175531,0.346498,0.264854,0.221122,0.163239,0.203243,0.334641,0.216075,0.267597,0.256239,0.198882,0.345852,0.320312,0.319596,0.306154,0.442165,0.469032,0.206015,0.263866,0.309757,0.163749,0.219851,0.248596,0.18957,0.215737,0.239734,0.298985,0.453316,0.483348,0.422578,0.310863,0.513475,0.39819,0.555049,0.346876,0.516416,0.274108,0.313893,0.46672,0.465606,0.24875,0.228907,0.060734,0.242677,0.325262,0.297014,0.226002,0.334425,0.24257,0.241762,0.28266,0.217535,0.25591,0.235151,0.383802,0.24911,0.219704,0.300017,0.312149,0.491314,0.493335,0.468264,0.503855,0.470201,0.204679,0.466701,0.340701,0.234618,0.09145,0.059304,0.055464,0.165778,0.297088,0.218973,0.329045,0.383426,0.182813,0.106146,0.174997,0.333407,0.236105,0.378682,0.314975,0.59981,0.496997,0.270436,0.50376,0.424881,0.580695,0.428319,0.361548,0.156713,0.182695,0.142588,0.200351,0.096174,0.110677,0.134071,0.052222,0.526471,0.080321,0.154653,0.108806,0.293962,0.298658,0.238074,0.185807,0.259721,0.188704,0.2832,0.340892,0.513605,0.370046,0.34166,0.218714,0.245978,0.138338,0.202344,0.704598,0.134271,0.211864,0.221301,0.209495,0.22789,0.206628,0.17949,0.537532,0.225385,0.238894,0.248255,0.43569,0.288193,0.235596,0.263053,0.209091,0.25163,0.18015,0.121172
sedu_es_9ef-D04-04,0.111415,0.192567,0.301441,0.071304,0.195813,0.19313,0.301301,0.158822,0.2648,0.205818,0.161732,0.13825,0.335384,0.381496,0.206413,0.050752,0.158286,0.164809,0.126052,0.026545,0.149234,0.076633,0.283462,0.155395,0.328817,0.193217,0.17057,0.184294,0.281558,0.197542,0.205378,0.216825,0.20177,0.104376,0.077838,0.384312,0.499716,0.40505,0.171603,0.116388,0.150707,0.135819,0.037562,0.151634,0.089905,0.132174,0.332017,0.197031,0.237835,0.149414,0.1874,0.344557,0.240736,0.278285,0.321506,0.320049,0.14985,0.376641,0.393331,0.574246,0.446251,0.313786,0.224505,0.272259,0.172471,0.290634,0.121211,0.167066,0.10508,0.021285,0.21422,0.100819,0.110831,0.134574,0.171664,0.139662,0.223107,0.184382,0.287451,0.268256,0.151357,0.342884,0.186809,0.204596,0.25759,0.212237,0.24636,0.174343,0.411661,0.370834,0.469832,0.511017,0.233016,0.670918,0.094285,0.13034,0.14924,0.061669,0.127215,0.122759,0.073304,0.255955,0.281862,0.259989,0.302854,0.26406,0.141837,0.173573,0.196613,0.220593,0.241758,0.171026,0.192331,0.261233,0.190985,0.283488,0.365363,0.594432,0.725878,0.218622,0.504272,0.247655,0.074729,0.217397,0.074517,0.090333,0.302759,0.290219,0.119498,0.15941,0.23789,0.166391,0.263356,0.223813,0.204454,0.21394,0.191456,0.12109,0.15407,0.275517,0.261209,0.40481,0.327313,0.675235,0.903217,0.947758,0.50843,0.56824,0.311558,0.226824,0.537694,0.450421,0.312163,0.176606,0.490165,0.094132,0.135176,0.067331,0.085795,0.160388,0.187562,0.115844,0.156996,0.169516,0.169907,0.382232,0.195495,0.269983,0.359429,0.239074,0.263427,0.213045,0.181361,0.189941,0.307823,0.423191,0.271964,0.282262,0.359099,0.389801,0.284337,0.286038,0.43195,0.677218,0.487455,0.583974,0.456714,0.443576,0.181982,0.388044,0.552652,0.541634,0.311648,0.022841,0.07774,0.052751,0.077637,0.123328,0.141406,0.268507,0.131893,0.177883,0.20882,0.332255,0.219663,0.175906,0.375506,0.352607,0.329333,0.179809,0.646149,0.421829,0.358791,0.27589,0.248287,0.495553,0.252107,0.379842,0.214079,0.152855,0.110388,0.137605,0.0,0.143091,0.578092,0.17217,0.159043,0.139083,0.105112,0.188322,0.109845,0.195592,0.222844,0.493786,0.41089,0.420941,0.412298,0.292273,0.326289,0.292322,0.278364,0.177615,0.282516,0.045934,0.060152,0.197934,0.123447,0.113284,0.040067,0.114,0.082269,0.247469,0.004027,0.095501,0.094462,0.123848,0.199873,0.196651,0.154346,0.190906,0.142244,0.197122,0.206472,0.341149,0.224643,0.235002,0.044187,0.068214,0.14444,0.113836,0.074231,0.203017,0.298064,0.313911,0.297194,0.168295,0.078713,0.135756,0.112715,0.244528,0.235646,0.223243,0.325718,0.280876,0.425883,0.212935,0.226231,0.359641,0.141785,0.068419
sedu_es_9ef-D05-01,0.040103,0.243321,0.218583,0.219716,0.104292,0.49623,0.243982,0.233282,0.401378,0.2566,0.270009,0.400426,0.459528,0.797168,0.230243,0.105588,0.130093,0.16664,0.169881,0.05743,0.214902,0.27367,0.09075,0.358661,0.181439,0.260761,0.432823,0.187238,0.290576,0.317903,0.11108,0.356736,0.169192,0.219614,0.239185,0.447905,0.584555,0.31716,0.251575,0.125968,0.129381,0.126776,0.0,0.301837,0.270685,0.105143,0.137392,0.238002,0.325257,0.175978,0.230033,0.273988,0.141753,0.215475,0.106791,0.126978,0.434179,0.47466,0.498306,0.63104,0.541574,0.46028,0.252335,0.253608,0.216807,0.592518,0.126407,0.102856,0.290688,0.051271,0.338394,0.234711,0.284774,0.104995,0.147051,0.38751,0.231012,0.250825,0.218419,0.217271,0.241077,0.169013,0.206168,0.061863,0.153803,0.214471,0.157586,0.058342,0.537409,0.492614,0.415129,0.581746,0.400248,0.932125,0.136705,0.255958,0.161103,0.075631,0.045983,0.317885,0.252568,0.110653,0.225718,0.312873,0.286069,0.182026,0.223582,0.251687,0.230111,0.2103,0.13785,0.176256,0.249068,0.214465,0.437134,0.454156,0.542578,0.69151,0.379421,0.591311,0.608064,0.392231,0.089378,0.05226,0.231271,0.270816,0.214011,0.163521,0.183059,0.242448,0.164408,0.229666,0.197583,0.181309,0.198404,0.23225,0.185195,0.452965,0.362939,0.1034,0.232484,0.34486,0.392517,0.41616,0.396741,0.373835,0.491289,0.484363,0.358058,0.479094,0.426235,0.303757,0.202179,0.617429,0.523651,0.088029,0.167576,0.187953,0.449552,0.358071,0.142916,0.152072,0.288634,0.13698,0.184045,0.23344,0.461065,0.196976,0.216983,0.267905,0.243729,0.25207,0.275779,0.146615,0.160983,0.107797,0.215493,0.344296,0.406537,0.45778,0.680811,0.893728,0.311082,0.405332,0.465106,0.436954,0.719,0.447561,0.19936,0.408525,0.57974,0.558562,0.2292,0.127224,0.092814,0.193681,0.335127,0.287694,0.252822,0.236521,0.146121,0.188667,0.195811,0.323187,0.442079,0.351854,0.169789,0.118905,0.378259,0.207829,0.352275,0.653829,0.672453,0.421457,0.603901,0.590057,0.341437,0.785572,0.132822,0.250888,0.142701,0.119328,0.061903,0.198202,0.311677,0.162234,0.16816,0.187811,0.075347,0.288636,0.105401,0.169399,0.358703,0.352879,0.386161,0.347929,0.311813,0.215954,0.407034,0.341781,0.656736,0.278745,0.359369,0.08096,0.104403,0.280827,0.167107,0.226468,0.093287,0.115376,0.112531,0.40623,0.29223,0.400097,0.161502,0.334659,0.237925,0.255206,0.270027,0.148097,0.218873,0.402417,0.484833,0.297745,0.623571,0.2357,0.118867,0.119119,0.123766,0.175534,0.174014,0.21557,0.365022,0.412053,0.290485,0.305189,0.160351,0.21042,0.164657,0.367099,0.36819,0.229313,0.448055,0.879114,0.524877,0.209094,0.218781,0.40389,0.17263,0.11987
sedu_es_9ef-D05-02,0.154419,0.234928,0.233153,0.118597,0.223533,0.238155,0.279251,0.218587,0.222202,0.214206,0.228334,0.231201,0.360416,0.53641,0.158739,0.012234,0.110534,0.132495,0.114224,0.027448,0.226171,0.143359,0.247813,0.160041,0.230622,0.267352,0.202078,0.218712,0.327412,0.262929,0.220243,0.37523,0.233733,0.173503,0.103646,0.365539,0.564119,0.285985,0.162933,0.05818,0.118422,0.085373,0.068695,0.239326,0.170541,0.184138,0.2594,0.223445,0.292068,0.202344,0.22847,0.308028,0.203782,0.304406,0.207586,0.171705,0.232729,0.366939,0.378692,0.397164,0.761298,0.196449,0.155071,0.238151,0.185745,0.517722,0.069216,0.104903,0.100519,0.04821,0.292026,0.162054,0.193354,0.204864,0.18797,0.195582,0.228618,0.174762,0.265735,0.197201,0.200865,0.279851,0.187164,0.213024,0.23664,0.217029,0.188555,0.162498,0.557749,0.299526,0.377024,0.597558,0.178584,0.965021,0.038652,0.103828,0.133275,0.012154,0.082964,0.183975,0.151351,0.219152,0.208365,0.294558,0.318879,0.274686,0.179948,0.197467,0.208071,0.245529,0.186033,0.132513,0.227183,0.209095,0.233115,0.283422,0.356357,0.542809,0.586049,0.177555,0.414587,0.252381,0.100159,0.049994,0.124877,0.155047,0.260181,0.369491,0.161992,0.196541,0.261062,0.215508,0.241009,0.239496,0.244445,0.224807,0.162851,0.202461,0.171254,0.192872,0.262003,0.405018,0.345558,0.349765,0.418184,0.596734,0.861891,0.5838,0.272784,0.215116,0.368297,0.230453,0.142511,0.45034,0.343587,0.117767,0.163277,0.127407,0.106037,0.210911,0.208662,0.154026,0.214226,0.205212,0.187661,0.243494,0.2621,0.212036,0.261281,0.307488,0.228852,0.226066,0.161863,0.172638,0.265333,0.21477,0.234734,0.197536,0.327254,0.35178,0.464591,0.338835,0.30999,0.412561,0.347386,0.408552,0.30197,0.419382,0.15633,0.337815,0.618975,0.545331,0.239518,0.075596,0.07772,0.096886,0.133093,0.164155,0.167991,0.311706,0.181029,0.203194,0.176948,0.29112,0.276139,0.147539,0.258627,0.222667,0.289922,0.209108,0.743104,0.514905,0.258988,0.322243,0.461158,0.538974,0.212892,0.335664,0.195516,0.228176,0.109075,0.077519,0.024649,0.152371,0.37382,0.21562,0.198567,0.203575,0.132159,0.140527,0.107874,0.194951,0.219744,0.370822,0.311476,0.692048,0.55292,0.23362,0.332199,0.262796,0.517448,0.168018,0.246978,0.055054,0.113107,0.188763,0.106843,0.130454,0.096325,0.056003,0.075895,0.248434,0.0,0.135464,0.098407,0.103995,0.190134,0.2471,0.153083,0.165343,0.163229,0.214632,0.204361,0.577731,0.249963,0.248144,0.101337,0.105906,0.129619,0.131282,0.15331,0.158866,0.246431,0.257289,0.150486,0.164868,0.049739,0.169587,0.106011,0.295724,0.264726,0.307081,0.279285,0.320194,0.337041,0.251665,0.243715,0.29023,0.188105,0.09952
sedu_es_9ef-D05-03,0.081516,0.244528,0.248754,0.178503,0.155205,0.236953,0.262928,0.25097,0.321134,0.289927,0.220699,0.182511,0.393359,0.516122,0.371936,0.157013,0.252027,0.237124,0.151793,0.009462,0.182566,0.156633,0.186546,0.222028,0.223165,0.199064,0.236844,0.265694,0.31026,0.402842,0.156128,0.124083,0.191716,0.145147,0.125219,0.402677,0.537781,0.544886,0.313608,0.179445,0.240473,0.14121,0.0,0.201584,0.137015,0.202916,0.2181,0.206498,0.248609,0.216489,0.283259,0.424879,0.369769,0.428915,0.170278,0.213709,0.204495,0.389052,0.411723,0.656155,0.35025,0.483847,0.531195,0.510602,0.292337,0.346874,0.237913,0.290223,0.150316,0.05976,0.234686,0.177303,0.160004,0.142296,0.185501,0.22791,0.316937,0.200013,0.39364,0.408738,0.185631,0.49005,0.21586,0.116466,0.222514,0.303264,0.256729,0.133716,0.273966,0.320428,0.389877,0.364743,0.561163,0.751681,0.229485,0.245277,0.178224,0.137656,0.068224,0.197088,0.137883,0.194665,0.214928,0.447085,0.338164,0.261545,0.393294,0.234945,0.220666,0.248405,0.252281,0.151518,0.408947,0.330447,0.284249,0.35297,0.33933,0.37026,0.468852,0.484497,0.565894,0.304725,0.090057,0.055235,0.153392,0.147219,0.209704,0.195325,0.181759,0.161782,0.249977,0.207039,0.355677,0.239299,0.283377,0.302384,0.206883,0.221057,0.245113,0.229543,0.293937,0.448605,0.322004,0.327239,0.441094,0.375785,0.438075,0.251054,0.289769,0.422953,0.474731,0.325697,0.237455,0.200604,0.963218,0.148039,0.150977,0.160482,0.152164,0.203962,0.215839,0.235641,0.221554,0.208768,0.191395,0.216436,0.280311,0.329127,0.325072,0.264341,0.27096,0.22878,0.183822,0.118932,0.199208,0.178224,0.248962,0.265926,0.316992,0.378129,0.28367,0.300372,0.293541,0.426051,0.303198,0.399012,0.430026,0.664114,0.253169,0.585526,0.449675,0.686202,0.486546,0.076906,0.184546,0.15635,0.175801,0.15936,0.244204,0.28527,0.261286,0.226015,0.192406,0.276016,0.258078,0.21762,0.269863,0.169107,0.299814,0.233636,0.311821,0.283537,0.334903,0.310069,0.278191,0.574184,0.388362,0.524541,0.191726,0.213294,0.155925,0.20726,0.078405,0.23177,0.654481,0.170449,0.225127,0.199011,0.21396,0.180649,0.150536,0.272667,0.236495,0.338181,0.302938,0.313183,0.38608,0.355747,0.497912,0.511815,0.357594,0.317731,0.299284,0.073914,0.090968,0.264806,0.200003,0.159704,0.124126,0.230414,0.173814,0.26978,0.075954,0.330161,0.191043,0.183498,0.207477,0.238357,0.192954,0.211398,0.199311,0.194981,0.33712,0.289367,0.269598,0.269957,0.108517,0.104228,0.189149,0.192549,0.163953,0.293603,0.252279,0.363342,0.224793,0.219821,0.074913,0.171968,0.20486,0.261411,0.255465,0.328576,0.402102,0.384095,0.576957,0.22563,0.242708,0.256341,0.328675,0.113956
sedu_es_9ef-D05-04,0.112292,0.239217,0.257208,0.186141,0.164788,0.26584,0.290837,0.229625,0.539379,0.242092,0.299974,0.286058,0.61581,0.448086,0.305434,0.074776,0.059018,0.101403,0.088471,0.081601,0.183872,0.581962,0.17416,0.197852,0.223435,0.261239,0.238414,0.2221,0.322534,0.356839,0.147775,0.115279,0.330999,0.256884,0.158646,0.592641,0.491121,0.377173,0.196976,0.064282,0.219128,0.072239,0.012619,0.317922,0.261705,0.101196,0.190451,0.228458,0.174499,0.205281,0.202495,0.285475,0.20875,0.21681,0.091717,0.208678,0.475106,0.578008,0.63251,0.423415,0.560779,0.170503,0.320478,0.296358,0.161464,0.571312,0.16768,0.19624,0.058882,0.408045,0.386339,0.242756,0.298775,0.159861,0.233813,0.191651,0.235602,0.250123,0.261608,0.622877,0.200804,0.69789,0.273405,0.062275,0.132121,0.211488,0.19201,0.138226,0.43089,0.671922,0.59498,0.557187,0.215483,0.547894,0.116982,0.063745,0.116472,0.007422,0.035914,0.266368,0.238502,0.179611,0.296254,0.764778,0.421537,0.256425,0.292551,0.327579,0.281529,0.24968,0.180425,0.196718,0.226464,0.279355,0.426319,0.391423,0.78594,0.684605,0.608948,0.275285,0.621343,0.301411,0.086878,0.022694,0.194575,0.191286,0.296293,0.285874,0.16454,0.31551,0.147777,0.234053,0.200825,0.26538,0.245807,0.342947,0.262403,0.312033,0.201999,0.149971,0.247036,0.256497,0.339977,0.299591,0.320339,0.248381,0.730504,0.600936,0.397152,0.305191,0.652817,0.286888,0.31809,0.487192,0.329261,0.098613,0.083165,0.105507,0.196928,0.379998,0.190388,0.176803,0.145701,0.258331,0.286653,0.249963,0.247142,0.20729,0.258972,0.322975,0.36099,0.389945,0.321696,0.039713,0.170614,0.102535,0.23963,0.360953,0.394642,0.542072,0.642861,0.46148,0.29806,0.425343,0.435709,0.446423,0.291864,0.379931,0.186179,0.377624,0.531727,0.488965,0.269308,0.153609,0.028229,0.412136,0.184699,0.349238,0.304497,0.283225,0.239872,0.095607,0.17759,0.190435,0.400104,0.425174,0.362585,0.111683,0.389999,0.256173,0.287298,0.389379,0.35447,0.421702,0.510241,0.507108,0.293922,0.492757,0.173935,0.149178,0.059699,0.002115,0.0,0.10529,0.351779,0.256751,0.240772,0.253688,0.129689,0.281628,0.194519,0.197301,0.293994,0.393421,0.328017,0.386687,0.248388,0.176925,0.371361,0.419015,0.619254,0.316603,0.336549,0.072063,0.516785,0.243128,0.370192,0.26839,0.388896,0.195114,0.049885,0.452258,0.034138,0.568637,0.359662,0.180228,0.209636,0.311782,0.280784,0.158665,0.175427,0.39754,0.289414,0.251375,0.376281,0.270776,0.122513,0.140266,0.111164,0.252715,0.172582,0.137803,0.317451,0.332045,0.327629,0.339072,0.185118,0.209467,0.121061,0.324834,0.303302,0.228897,0.549867,0.290285,0.277544,0.136065,0.133768,0.311456,0.119304,0.115864
sedu_es_9ef-D06-01,0.089945,0.207781,0.097059,0.061816,0.196863,0.188811,0.18508,0.189507,0.237298,0.35795,0.32343,0.304692,0.336319,0.388712,0.089753,0.045904,0.155067,0.11991,0.235565,0.026708,0.211,0.241725,0.196405,0.213067,0.10303,0.136291,0.173985,0.190183,0.210535,0.230932,0.13892,0.201895,0.210724,0.70357,0.248964,0.325526,0.374813,0.217473,0.03097,0.107685,0.123863,0.1331,0.057096,0.277484,0.256638,0.183413,0.209149,0.158887,0.303367,0.14828,0.161643,0.244124,0.187029,0.286788,0.191732,0.098803,0.840124,0.472538,0.405797,0.372458,0.471288,0.148775,0.095116,0.141362,0.028057,0.285028,0.104955,0.13358,0.131845,0.066768,0.331343,0.205003,0.216832,0.167818,0.162482,0.156171,0.219674,0.158715,0.188167,0.23328,0.07821,0.183272,0.251765,0.198593,0.190026,0.222706,0.341867,0.120128,0.910085,0.397108,0.654429,0.519998,0.126209,0.672072,0.097224,0.118591,0.160154,0.026968,0.069693,0.226189,0.183489,0.182273,0.240448,0.286009,0.301759,0.293985,0.239999,0.230841,0.24599,0.176204,0.303831,0.204154,0.136431,0.150954,0.403315,1.0,0.416284,0.591619,0.662706,0.148333,0.354189,0.136907,0.063778,0.052394,0.207911,0.205205,0.279423,0.225844,0.147076,0.204709,0.236085,0.214736,0.186005,0.437488,0.153158,0.253965,0.248932,0.153011,0.172127,0.120947,0.205683,0.3922,0.359386,0.544246,0.601014,0.748176,0.499335,0.612602,0.340151,0.180624,0.641973,0.612138,0.387125,0.296687,0.516634,0.089988,0.198443,0.172199,0.227433,0.35933,0.147924,0.174287,0.158207,0.144983,0.113649,0.177999,0.254759,0.188292,0.202892,0.317199,0.252129,0.272445,0.276663,0.245546,0.260574,0.197778,0.257498,0.291799,0.438097,0.482651,0.450267,0.385465,0.614093,0.592652,0.487764,0.517233,0.436247,0.351255,0.152678,0.209986,0.564084,0.475188,0.326246,0.074561,0.06888,0.118034,0.113436,0.186986,0.185649,0.252646,0.129225,0.12448,0.166833,0.456344,0.43614,0.265973,0.218826,0.190779,0.441761,0.200024,0.666674,0.534712,0.386691,0.376706,0.346842,0.514326,0.103339,0.264605,0.168604,0.1824,0.11638,0.113087,0.02868,0.166123,0.308216,0.261046,0.114242,0.14357,0.14467,0.333301,0.116675,0.193033,0.31872,0.666815,0.633764,0.373712,0.398098,0.290751,0.238533,0.536017,0.363535,0.133678,0.277392,0.081384,0.360723,0.259656,0.145565,0.251416,0.079129,0.0,0.333428,0.265021,0.106136,0.136707,0.127068,0.150281,0.233208,0.26459,0.315518,0.203743,0.206154,0.367322,0.141668,0.347682,0.222535,0.219969,0.131023,0.107388,0.148818,0.151675,0.104474,0.223585,0.383139,0.369593,0.274858,0.468906,0.065011,0.135925,0.117688,0.388333,0.369638,0.30024,0.267882,0.52381,0.372445,0.255282,0.254091,0.573856,0.443427,0.151776
sedu_es_9ef-D06-02,0.189308,0.225774,0.123192,0.167058,0.262244,0.262148,0.304294,0.360691,0.232221,0.207905,0.843847,0.671796,0.333596,0.364485,0.102068,0.46594,0.194997,0.222783,0.420514,0.259579,0.216779,0.369523,0.311196,0.155775,0.147916,0.123331,0.224229,0.394035,0.368237,0.482651,0.144908,0.437731,0.266987,0.736874,0.255821,0.303752,0.350089,0.229941,0.173202,0.189692,0.549034,0.353066,0.179338,0.324552,0.187559,0.170954,0.275032,0.221151,0.249883,0.223006,0.227389,0.232891,0.310026,0.228385,0.215261,0.180679,0.89285,0.245871,0.348021,0.181849,0.462932,0.212982,0.135811,0.083697,0.046688,0.477865,0.490838,0.407175,0.319072,0.129851,0.332607,0.260217,0.14243,0.216078,0.233331,0.194507,0.214316,0.29453,0.252655,0.212037,0.241593,0.144318,0.409966,0.185284,0.145636,0.284044,0.152958,0.241814,0.91043,0.301588,0.301209,0.282824,0.080337,0.395198,0.498509,0.058479,0.139858,0.177799,0.187932,0.196991,0.147877,0.313757,0.36256,0.231649,0.30751,0.279006,0.547851,0.26708,0.258824,0.178726,0.187144,0.415709,0.11779,0.235391,0.304091,0.671284,0.32689,0.431978,0.273852,0.215105,0.369809,0.241367,0.151002,0.204191,0.182946,0.165888,0.318886,0.294759,0.259728,0.178481,0.146864,0.24358,0.219225,0.320355,0.244043,0.273215,0.292529,0.139575,0.477917,0.17302,0.296191,0.230795,0.248637,0.211151,0.236209,0.247788,0.249474,0.293259,0.304314,0.20452,0.469572,0.413234,0.357952,0.459433,0.321099,0.281479,0.059563,0.148367,0.197778,0.817007,0.084026,0.495799,0.201048,0.292878,0.191449,0.213791,0.359245,0.218188,0.25286,0.312628,0.32839,0.37721,0.351028,0.289316,0.273919,0.252428,0.295585,0.252179,0.263451,0.366291,0.541497,0.408897,0.283995,0.363793,0.316343,0.304912,0.151204,0.278605,0.241285,0.189289,0.241575,0.21708,0.334268,0.250944,0.15034,0.175871,0.195886,0.258316,0.24758,0.326274,0.203259,0.124329,0.238417,0.333684,0.409386,0.234053,0.240529,0.229626,0.38166,0.25785,0.224545,0.379209,0.173543,0.408858,0.437777,0.258008,0.213702,0.384813,0.263769,0.155241,0.0,0.07442,0.026474,0.113635,0.246055,0.367936,0.213914,0.268797,0.38269,0.758668,0.141535,0.16156,0.39543,0.391513,0.327352,0.352477,0.281157,0.249161,0.164967,0.21519,0.567166,0.147563,0.33178,0.248092,0.159077,0.107326,0.132143,0.291996,0.069716,0.102521,0.220328,0.208667,0.242867,0.156465,0.063478,0.323408,0.259667,0.271709,0.423703,0.374593,0.246069,0.384366,0.182827,0.311159,0.273468,0.198296,0.330191,0.265817,0.195821,0.12403,0.242481,0.200984,0.315867,0.280285,0.265432,0.362987,0.082703,0.079711,0.12077,0.368077,0.3402,0.42004,0.278159,0.217553,0.263886,0.245408,0.177346,0.307308,0.232718,0.379737
sedu_es_9ef-D06-03,0.042341,0.324895,0.311094,0.130451,0.127179,0.297222,0.206719,0.187014,0.25662,0.18508,0.45278,0.561548,0.231246,0.381538,0.127439,0.107035,0.128964,0.10469,0.072414,0.110451,0.195025,0.224927,0.162528,0.187184,0.28612,0.062873,0.257027,0.207609,0.213345,0.255697,0.129476,0.425909,0.152216,0.87005,0.407735,0.265158,0.39333,0.21622,0.095475,0.158259,0.331495,0.012436,0.04436,0.252684,0.21624,0.09388,0.121564,0.199712,0.35485,0.114638,0.437172,0.20845,0.178356,0.224926,0.353807,0.094187,0.89012,0.186897,0.401461,0.30082,0.37732,0.20891,0.154225,0.141127,0.080783,0.426692,0.326536,0.190932,0.037394,0.088057,0.281155,0.175554,0.171408,0.117139,0.081622,0.15935,0.215029,0.322034,0.24784,0.298476,0.137519,0.103239,0.121122,0.118524,0.155892,0.282715,0.152758,0.041573,0.818154,0.411752,0.543685,0.284292,0.163317,0.394857,0.358486,0.0,0.133341,0.072314,0.144145,0.276913,0.134125,0.166752,0.218834,0.280869,0.25677,0.360009,0.26547,0.174149,0.134544,0.2108,0.139314,0.267487,0.118963,0.220304,0.347051,0.743145,0.418106,0.602336,0.547456,0.154673,0.375267,0.116119,0.168264,0.158757,0.402744,0.232841,0.163625,0.288109,0.176463,0.185472,0.154164,0.25386,0.270776,0.343349,0.122282,0.257703,0.262694,0.128352,0.223077,0.07062,0.222485,0.37786,0.358625,0.416054,0.415686,0.42566,0.234582,0.352479,0.581638,0.18484,0.466979,0.527424,0.328941,0.467925,0.530001,0.223565,0.162002,0.37461,0.202552,0.390187,0.078271,0.218912,0.236355,0.289559,0.223366,0.252316,0.414751,0.305008,0.231316,0.404332,0.356169,0.40294,0.251994,0.302938,0.204692,0.208305,0.248764,0.188554,0.209202,0.392281,0.448215,0.405687,0.456682,0.42883,0.339033,0.42546,0.359002,0.360599,0.225498,0.128238,0.250103,0.288107,0.278828,0.242466,0.137556,0.151027,0.174007,0.19846,0.325646,0.252004,0.161312,0.086054,0.190485,0.228805,0.367238,0.171392,0.495083,0.46969,0.34511,0.231175,0.187274,0.53341,0.45428,0.397777,0.381734,0.336087,0.107431,0.251907,0.219866,0.244376,0.220823,0.100549,0.040366,0.379815,0.22314,0.145015,0.090986,0.184536,0.180281,0.304186,0.135078,0.152639,0.262287,0.549369,0.493019,0.298639,0.233124,0.249495,0.345782,0.590477,0.576963,0.130672,0.272203,0.211362,0.141157,0.375967,0.160468,0.196121,0.134775,0.071225,0.030767,0.192795,0.095335,0.199348,0.162702,0.21784,0.173116,0.214512,0.422229,0.135117,0.131181,0.321377,0.230561,0.259004,0.231821,0.272277,0.282598,0.279685,0.194485,0.185112,0.264555,0.207687,0.253197,0.210709,0.238378,0.293628,0.184481,0.218372,0.235718,0.346399,0.317544,0.349131,0.209615,0.282072,0.403752,0.295115,0.249018,0.412903,0.285298,0.273421
sedu_es_9ef-D06-04,0.149042,0.312673,0.230048,0.210443,0.24826,0.248451,0.278219,0.220084,0.346605,0.650405,0.404258,0.329784,0.546233,0.498364,0.056568,0.531008,0.289515,0.311029,0.186706,0.235218,0.266181,0.177762,0.251079,0.199045,0.186111,0.221069,0.222944,0.183647,0.264551,0.321905,0.257405,0.258562,0.46068,0.611164,0.162411,0.501742,0.486549,0.177299,0.004254,0.23584,0.675126,0.179498,0.145034,0.275994,0.225751,0.160214,0.277979,0.212038,0.275433,0.147248,0.175885,0.24194,0.235374,0.344805,0.454348,0.140965,0.707919,0.498311,0.544041,0.456635,0.598137,0.232375,0.182828,0.09982,0.041018,0.551572,0.792883,0.342964,0.150442,0.167111,0.281623,0.145874,0.184033,0.283084,0.228804,0.200849,0.174495,0.205854,0.194447,0.209969,0.159871,0.216063,0.235933,0.209975,0.23262,0.237944,0.196449,0.195798,0.639637,0.404645,0.647203,0.535108,0.080897,0.484788,0.706759,0.136084,0.23225,0.099696,0.221221,0.172959,0.361754,0.283723,0.221686,0.24571,0.288853,0.246368,0.277182,0.137082,0.132913,0.197266,0.193433,0.237793,0.158335,0.24917,0.255562,0.735381,0.525491,0.503904,0.570289,0.186909,0.551715,0.173333,0.208299,0.238601,0.155763,0.104206,0.214136,0.209293,0.189515,0.202192,0.192362,0.204708,0.234001,0.267962,0.277261,0.214383,0.198343,0.309973,0.20814,0.174851,0.227053,0.36669,0.294234,0.246181,0.37858,0.309352,0.546727,0.269041,0.389507,0.221274,0.667951,0.364294,0.2025,0.259763,0.304779,0.257706,0.241049,0.200313,0.170971,0.267787,0.117058,0.229769,0.233459,0.262958,0.245579,0.260656,0.339221,0.222573,0.242061,0.288187,0.193648,0.262213,0.155443,0.207473,0.755948,0.244122,0.22337,0.19927,0.359757,0.655109,0.523226,0.391874,0.31175,0.474218,0.298919,0.415484,0.198465,0.370635,0.205983,0.238539,0.486187,0.468085,0.357169,0.239864,0.112364,0.177088,0.226832,0.221049,0.244353,0.296285,0.207949,0.20427,0.177822,0.40658,0.317594,0.165088,0.551041,0.330629,0.312386,0.21297,0.32356,0.351874,0.297012,0.333525,0.527717,0.45104,0.139916,0.378569,0.279979,0.24821,0.153557,0.137756,0.225984,0.208582,0.32182,0.282107,0.247741,0.264883,0.198611,0.208138,0.149474,0.156512,0.236388,0.420006,0.37102,0.412154,0.287332,0.206822,0.288502,0.441534,0.62143,0.178657,0.277777,0.240548,0.229958,0.262442,0.191467,0.183275,0.140301,0.052324,0.157887,0.439781,0.12524,0.101807,0.121556,0.151051,0.20601,0.266046,0.198218,0.21223,0.185065,0.29866,0.187514,0.269944,0.253145,0.199818,0.574735,0.265995,0.236437,0.177172,0.253185,0.194467,0.228458,0.225394,0.196122,0.226132,0.053438,0.181967,0.1593,0.276671,0.231848,0.25515,0.454944,0.505812,0.321875,0.210498,0.227599,0.370952,0.515888,0.211132
sedu_es_9ef-D07-01,0.108957,0.270907,0.330333,0.116172,0.236081,0.261924,0.255392,0.271585,0.25588,0.235454,0.223094,0.206057,0.471512,0.49165,0.4007,0.009913,0.08943,0.0289,0.107195,0.0,0.277487,0.162044,0.343364,0.298202,0.447504,0.214507,0.21257,0.252219,0.386007,0.307066,0.18612,0.218278,0.227063,0.206119,0.151167,0.455901,0.543993,0.507555,0.13409,0.111293,0.171756,0.117827,0.001381,0.320261,0.147317,0.132667,0.199398,0.217463,0.271877,0.170538,0.237252,0.506458,0.392338,0.332355,0.240981,0.226965,0.2427,0.41316,0.482112,0.727731,0.358229,0.238798,0.46877,0.426108,0.171755,0.379228,0.089128,0.187866,0.320925,0.077188,0.367168,0.224933,0.173627,0.118726,0.142256,0.174665,0.571757,0.225719,0.396524,0.45511,0.460787,0.304449,0.142738,0.210621,0.30934,0.318029,0.344658,0.179932,0.32249,0.372229,0.370273,0.352698,0.387771,0.5,0.082523,0.140786,0.124047,0.069657,0.111913,0.252871,0.112561,0.137673,0.129032,0.325667,0.378455,0.277147,0.220523,0.183876,0.182668,0.284533,0.31845,0.182225,0.664782,0.323104,0.219113,0.265093,0.348354,0.349912,0.705467,0.427553,0.48153,0.298913,0.122655,0.09241,0.138464,0.115908,0.19922,0.447242,0.125429,0.165826,0.551363,0.199444,0.338082,0.246482,0.207398,0.288093,0.2139,0.258815,0.18208,0.258431,0.333724,0.378792,0.403441,0.347992,0.440691,0.396197,0.929617,0.286213,0.315069,0.47487,0.466461,0.263354,0.268215,0.238062,0.700151,0.131199,0.242864,0.169494,0.119243,0.234867,0.203826,0.178154,0.220815,0.220005,0.207417,0.317188,0.308261,0.322213,0.362234,0.287657,0.31106,0.246715,0.232974,0.178755,0.28878,0.321396,0.328816,0.299345,0.331975,0.395715,0.286435,0.290007,0.362288,0.403334,0.304196,0.36809,0.376889,0.381585,0.159759,0.509694,0.413786,0.581985,0.506311,0.080039,0.379257,0.104713,0.223102,0.166618,0.248866,0.321012,0.220738,0.20586,0.516194,0.361647,0.308287,0.276831,0.296129,0.258415,0.407855,0.221543,0.411181,0.283309,0.264595,0.319946,0.257382,0.537158,0.440394,0.574985,0.255221,0.293468,0.179769,0.230402,0.037065,0.225009,0.542785,0.140111,0.216585,0.18505,0.163131,0.239677,0.248545,0.308149,0.326957,0.454215,0.316241,0.730302,0.702949,0.45637,0.325108,0.323393,0.362923,0.255452,0.30086,0.150454,0.198915,0.267942,0.15829,0.195776,0.177704,0.190894,0.141865,0.240256,0.06573,0.14635,0.161406,0.131801,0.186492,0.255556,0.312011,0.256007,0.231765,0.217449,0.228695,0.576471,0.262234,0.295791,0.130969,0.147899,0.122259,0.195444,0.148488,0.288947,0.290961,0.343371,0.538885,0.463605,0.052033,0.194627,0.264083,0.368845,0.416607,0.245825,0.361359,0.307729,0.622909,0.286641,0.356443,0.316413,0.291399,0.194214
sedu_es_9ef-D07-02,0.187124,0.266656,0.212432,0.121837,0.254837,0.248838,0.25227,0.192289,0.207892,0.230278,0.27672,0.257788,0.305515,0.345717,0.160494,0.06831,0.152362,0.131435,0.15332,0.119081,0.200579,0.220485,0.294251,0.181502,0.228274,0.184138,0.233012,0.250723,0.267949,0.212602,0.210589,0.225067,0.204653,0.206909,0.127055,0.304276,0.344311,0.26485,0.099329,0.125221,0.143241,0.148079,0.158986,0.233058,0.178205,0.198211,0.29029,0.229196,0.345522,0.20002,0.246897,0.287908,0.251439,0.340355,0.223958,0.192991,0.218908,0.286344,0.353501,0.410973,0.556813,0.307008,0.222577,0.215221,0.099042,0.291696,0.09088,0.158117,0.175396,0.107872,0.238207,0.172126,0.155662,0.228237,0.170769,0.196208,0.283153,0.196824,0.27349,0.283375,0.107601,0.382675,0.244265,0.231166,0.302163,0.279935,0.208394,0.190458,0.500944,0.331899,0.343217,0.619186,0.198418,0.657492,0.097929,0.169816,0.101297,0.092403,0.17981,0.142022,0.135087,0.264614,0.263559,0.386537,0.395923,0.389614,0.276423,0.211526,0.203619,0.198729,0.254589,0.156843,0.226725,0.549243,0.183005,0.328877,0.343387,0.29116,0.637042,0.225403,0.412138,0.230179,0.158101,0.136558,0.141068,0.18736,0.263903,0.230553,0.171123,0.148475,0.352086,0.21288,0.34373,0.335962,0.276066,0.316996,0.280727,0.243866,0.23622,0.239241,0.611203,0.441532,0.38384,0.369997,0.471482,0.706407,0.590592,0.615433,0.277237,0.225854,0.401396,0.313566,0.177065,0.159628,0.7546,0.443572,0.135721,0.165657,0.137009,0.229399,0.173799,0.206899,0.224371,0.209292,0.493064,0.520471,0.597987,0.601747,0.640477,0.361723,0.324592,0.287683,0.274801,0.257593,0.292953,0.259356,0.29143,0.272682,0.351917,0.355446,0.230328,0.247029,0.334215,0.394962,0.3005,0.360212,0.294442,0.775462,0.209962,0.302682,0.713837,0.648724,0.772508,0.152255,0.179217,0.14255,0.139331,0.211913,0.323978,0.308778,0.196943,0.240824,0.205555,0.337614,0.288533,0.214597,0.258793,0.237976,0.362802,0.231289,0.880297,0.279863,0.197278,0.327619,0.223258,0.62893,0.226765,0.32027,0.267021,0.233295,0.195606,0.17867,0.142403,0.198383,0.972163,0.579014,0.299566,0.233155,0.183328,0.223072,0.528453,0.258474,0.30482,0.408225,0.315507,0.377684,0.412804,0.349152,0.629937,0.59549,0.255692,0.248712,0.299833,0.162283,0.128131,0.223265,0.192485,0.167188,0.156597,0.158083,0.199254,0.208195,0.070072,0.156556,0.1513,0.101454,0.155251,0.287391,0.241313,0.238043,0.257951,0.24317,0.194961,0.336031,0.231301,0.20304,0.198016,0.207715,0.22668,0.531719,0.138517,0.252158,0.33162,0.334773,0.214049,0.260191,0.0,0.165371,0.125366,0.362235,0.348058,0.293537,0.325719,0.276833,0.407089,0.409052,0.41716,0.794832,0.23154,0.224676
sedu_es_9ef-D07-03,0.082125,0.171776,0.12488,0.027109,0.130618,0.181645,0.09536,0.1177,0.198975,0.35192,0.139794,0.189261,0.370032,0.640165,0.106007,0.009726,0.059452,0.042583,0.110961,0.021318,0.225549,0.090686,0.102169,0.0,0.118756,0.075434,0.118099,0.076608,0.164273,0.187598,0.089517,0.335603,0.149573,0.131308,0.14065,0.323156,0.704955,0.115526,0.008295,0.024926,0.070817,0.123792,0.038127,0.263403,0.09278,0.061618,0.097536,0.097223,0.177669,0.047044,0.080621,0.147199,0.114989,0.152107,0.125553,0.145496,0.192415,0.295514,0.352443,0.457749,0.697674,0.148435,0.076074,0.055021,0.022296,0.504442,0.029351,0.091911,0.11673,0.068515,0.28359,0.151783,0.106715,0.033499,0.016069,0.054713,0.108936,0.117219,0.112032,0.189477,0.085768,0.13416,0.051498,0.121654,0.214547,0.120453,0.207489,0.106985,0.330732,0.29815,0.320324,0.368401,0.081422,0.456794,0.014748,0.100321,0.118964,0.02997,0.09636,0.161322,0.074538,0.048674,0.060855,0.162507,0.235901,0.141296,0.075983,0.018874,0.012641,0.105629,0.247823,0.089565,0.139618,0.362094,0.193367,0.235764,0.31831,0.449988,0.337248,0.116349,0.355828,0.168921,0.082056,0.081039,0.124097,0.10709,0.072657,0.267165,0.059397,0.125247,0.141315,0.162084,0.195921,0.117553,0.091924,0.090665,0.036864,0.068192,0.097678,0.164902,0.420804,0.321206,0.314314,0.268387,0.599861,0.37746,0.55025,0.235764,0.21316,0.270922,0.391362,0.261668,0.140697,0.43687,0.226074,0.182742,0.19077,0.153928,0.132279,0.242995,0.090917,0.095209,0.099041,0.063735,0.34855,0.435727,0.419868,0.348894,0.391586,0.167817,0.104821,0.117613,0.192868,0.087381,0.243521,0.207978,0.216962,0.240036,0.20887,0.433069,0.423729,0.283988,0.277931,0.618534,0.499368,0.524596,0.365595,0.544902,0.126156,0.179766,0.514808,0.46019,0.42259,0.040575,0.092323,0.09304,0.173427,0.043819,0.167092,0.153826,0.107472,0.154814,0.084884,0.273637,0.212638,0.168823,0.203221,0.150755,0.276357,0.164195,0.692218,0.431621,0.220673,0.279848,0.381952,0.410532,0.143605,0.289058,0.101922,0.223893,0.08132,0.12063,0.01633,0.151617,0.405885,0.056925,0.087011,0.097993,0.089164,0.231023,0.360535,0.163829,0.224919,0.397217,0.322355,1.0,0.811146,0.353493,0.226782,0.152239,0.484367,0.10351,0.209106,0.103331,0.185928,0.225606,0.129473,0.097643,0.133131,0.074576,0.068441,0.217715,0.006821,0.040891,0.086067,0.058329,0.136613,0.175919,0.165372,0.130471,0.160722,0.169348,0.062663,0.815106,0.177445,0.160968,0.062319,0.102931,0.114686,0.355373,0.114401,0.145345,0.181016,0.20404,0.191605,0.168833,0.050694,0.179204,0.173224,0.243762,0.265718,0.146535,0.292525,0.44268,0.2725,0.139521,0.195547,0.219357,0.413168,0.071608
sedu_es_9ef-D07-04,0.147442,0.205401,0.237304,0.073525,0.17733,0.284585,0.210945,0.231342,0.237961,0.206738,0.248505,0.299062,0.280948,0.252686,0.294921,0.0,0.043637,0.052471,0.621974,0.023726,0.184202,0.132882,0.212859,0.082952,0.236322,0.131347,0.226736,0.177521,0.24567,0.190068,0.133266,0.168664,0.133042,0.195872,0.119824,0.254659,0.28767,0.221691,0.092652,0.033249,0.101986,0.724297,0.017928,0.327948,0.074071,0.179921,0.173937,0.212806,0.30323,0.191142,0.171536,0.232353,0.183982,0.245037,0.172353,0.300984,0.252226,0.258919,0.339585,0.305062,0.26783,0.284246,0.203362,0.216525,0.142796,0.355625,0.034681,0.081489,0.684099,0.060366,0.267012,0.293329,0.091165,0.154395,0.39738,0.148269,0.57475,0.188751,0.242889,0.246628,0.062016,0.269944,0.669911,0.147277,0.274788,0.289814,0.671212,0.208439,0.311802,0.310355,0.218629,0.238108,0.28358,0.376722,0.017328,0.538627,0.009583,0.250489,0.105636,0.21738,0.047876,0.168937,0.101711,0.3417,0.34363,0.232909,0.158626,0.13698,0.133363,0.200911,0.403759,0.140665,0.508572,0.425545,0.190558,0.233077,0.325884,0.247035,0.593581,0.334321,0.481068,0.2012,0.062824,0.001446,0.182765,0.129201,0.124322,0.408392,0.068837,0.133834,0.259064,0.237305,0.296793,0.245517,0.176527,0.287704,0.160155,0.235639,0.15235,0.221833,0.47845,0.306009,0.324766,0.189912,0.314898,0.32608,0.867699,0.22396,0.219454,0.148706,0.5,0.238033,0.193928,0.277395,0.685432,0.213826,0.207876,0.222854,0.091396,0.235986,0.175566,0.149298,0.254445,0.243906,0.38649,0.384892,0.395399,0.436772,0.531432,0.245826,0.313448,0.234991,0.29294,0.121103,0.229312,0.174047,0.283513,0.215239,0.286827,0.404436,0.225138,0.263248,0.217434,0.331289,0.275664,0.272889,0.197733,0.306769,0.185194,0.223425,0.342131,0.293612,0.557874,0.060339,0.230568,0.151377,0.231904,0.168164,0.359819,0.274916,0.210458,0.143247,0.112896,0.226864,0.235175,0.142212,0.200202,0.160377,0.329702,0.256017,0.300363,0.171413,0.185961,0.288555,0.195552,0.280462,0.186936,0.279365,0.126634,0.289685,0.107785,0.213226,0.079296,0.208119,0.390582,0.137528,0.232157,0.163862,0.15605,0.197308,0.564017,0.368536,0.209506,0.387911,0.233276,0.627905,0.488303,0.243039,0.243105,0.170368,0.278673,0.227971,0.1808,0.086374,0.283196,0.189106,0.21013,0.234674,0.224952,0.146163,0.220325,0.305351,0.03004,0.215074,0.172991,0.100159,0.046992,0.158604,0.270266,0.254281,0.259065,0.122396,0.252604,0.535368,0.160403,0.274605,0.076609,0.079263,0.165909,0.479782,0.124663,0.279314,0.141114,0.192362,0.265044,0.237476,0.03986,0.125455,0.222017,0.335378,0.346571,0.151368,0.273461,0.156388,0.396224,0.199041,0.211513,0.236577,0.203805,0.102378
sedu_es_9ef-D08-01,0.024136,0.197266,0.166077,0.098568,0.098903,0.210656,0.282373,0.189476,0.340494,0.157967,0.205127,0.182328,0.318869,0.399303,0.236213,0.047774,0.082316,0.093567,0.0635,0.028875,0.130668,0.156506,0.091617,0.155694,0.135655,0.315764,0.161963,0.196745,0.291898,0.308435,0.173751,0.1956,0.204458,0.142872,0.13799,0.335507,0.317324,0.367577,0.207543,0.116589,0.032684,0.070041,0.024849,0.137149,0.259454,0.04454,0.111013,0.153268,0.140624,0.178528,0.195868,0.310092,0.186619,0.147965,0.145077,0.121778,0.272207,0.353309,0.427659,0.286402,0.256847,0.173839,0.30541,0.214031,0.136993,0.305599,0.032765,0.035788,0.111108,0.058443,0.211371,0.22706,0.187004,0.077799,0.095501,0.17328,0.194044,0.205038,0.312649,0.274784,0.223628,0.119174,0.082104,0.129758,0.175734,0.157275,0.094298,0.045153,0.307772,0.382949,0.492279,0.365302,0.224145,0.431634,0.058977,0.077533,0.118821,0.075456,0.042859,0.176162,0.131368,0.084837,0.108082,0.147486,0.098691,0.058402,0.106089,0.174911,0.182508,0.317091,0.13151,0.156012,0.25531,0.231829,0.282013,0.231752,0.371156,0.495785,0.439518,0.312797,0.415725,0.303844,0.093399,0.048047,0.101155,0.12715,0.105889,0.106563,0.170998,0.135324,0.138731,0.291832,0.170735,0.069832,0.1433,0.125768,0.102776,0.078889,0.182154,0.108241,0.259009,0.358555,0.462906,0.551688,0.448638,0.448594,0.414461,0.341047,0.296926,0.326802,0.446264,0.455676,0.291256,0.302003,0.294116,0.068972,0.095585,0.123066,0.192028,0.190378,0.223293,0.162714,0.108751,0.151778,0.225577,0.207638,0.23472,0.168533,0.179752,0.132874,0.123677,0.141057,0.092994,0.13549,0.183516,0.144455,0.20033,0.17885,0.347906,0.3843,0.48884,0.452102,0.330394,0.511208,0.705658,0.503445,1.0,0.519969,0.194524,0.343635,0.295763,0.362842,0.22075,0.126254,0.044661,0.143048,0.110012,0.075985,0.19893,0.236668,0.143021,0.085362,0.145148,0.188051,0.297609,0.200416,0.179545,0.13862,0.204353,0.278264,0.239969,0.640432,0.562326,0.384662,0.339287,0.370819,0.213826,0.511649,0.151479,0.206452,0.064773,0.074019,0.112415,0.157513,0.336629,0.0507,0.076397,0.158666,0.083865,0.128997,0.145528,0.23433,0.168425,0.321438,0.38574,0.270179,0.208999,0.165972,0.503508,0.287912,0.360905,0.130156,0.334061,0.063433,0.041165,0.238446,0.131087,0.129678,0.046351,0.175969,0.070714,0.36754,0.190384,0.201313,0.158741,0.173831,0.219157,0.44915,0.096803,0.168319,0.173836,0.233721,0.298535,0.265239,0.475394,0.278961,0.125671,0.117028,0.067836,0.204433,0.111945,0.243482,0.305844,0.238765,0.080893,0.134479,0.149208,0.168164,0.122229,0.192171,0.198546,0.177753,0.336147,0.621542,0.438669,0.141337,0.149678,0.382265,0.20976,0.128893
sedu_es_9ef-D08-02,0.260047,0.227584,0.298033,0.146163,0.137939,0.23597,0.215887,0.240533,0.468741,0.382701,0.251736,0.259212,0.54022,0.785983,0.186605,0.034787,0.157901,0.308822,0.209903,0.007451,0.264323,0.166348,0.175538,0.15491,0.246167,0.15184,0.207914,0.202034,0.258286,0.231104,0.242209,0.330594,0.384852,0.340051,0.208414,0.547926,0.781319,0.337399,0.172389,0.265419,0.189388,0.166857,0.0,0.221847,0.164406,0.153847,0.229234,0.194311,0.220552,0.172504,0.207577,0.36261,0.301588,0.245954,0.276877,0.199454,0.273271,0.528065,0.580505,0.937489,0.481032,0.296225,0.250624,0.291377,0.226228,0.446705,0.157972,0.178691,0.194761,0.007111,0.281417,0.166696,0.16265,0.138627,0.349069,0.167444,0.243828,0.233787,0.33739,0.3534,0.155607,0.29531,0.210735,0.505843,0.462212,0.242301,0.462357,0.184427,0.3296,0.436989,0.691136,0.464255,0.267074,0.66994,0.148761,0.28327,0.294734,0.14389,0.054649,0.231577,0.154003,0.192685,0.194378,0.330972,0.313906,0.223436,0.232341,0.161815,0.141132,0.323132,0.210352,0.185039,0.261448,0.2018,0.406411,0.611504,0.459233,0.611917,0.62366,0.243422,0.486318,0.321115,0.069602,0.034677,0.185654,0.205026,0.175053,0.200229,0.175525,0.182281,0.245156,0.203321,0.28839,0.22211,0.2353,0.243726,0.197723,0.134347,0.187574,0.196564,0.234628,0.528404,0.389635,0.563469,0.621142,0.528785,0.489018,0.317078,0.38919,0.460339,0.714825,0.462735,0.359707,0.242989,0.503038,0.09975,0.26257,0.207022,0.200344,0.523208,0.162598,0.176623,0.162511,0.219893,0.147225,0.209547,0.288503,0.243837,0.248428,0.213167,0.244947,0.237739,0.293413,0.138932,0.426778,0.370275,0.234147,0.274091,0.323195,0.555443,0.410946,0.340779,0.660053,0.616808,0.51044,0.553973,0.680304,0.733714,0.188543,0.490058,0.574313,0.758094,0.358412,0.070697,0.330405,0.16683,0.203241,0.169872,0.177077,0.246333,0.227443,0.212598,0.207472,0.34852,0.29286,0.221062,0.641615,0.491616,0.319856,0.20322,0.447052,0.624215,0.841921,0.317156,0.395818,0.519704,0.367555,0.514565,0.169533,0.28109,0.123805,0.339562,0.063959,0.239485,0.436853,0.186366,0.175005,0.194464,0.200637,0.203587,0.10138,0.203635,0.288171,0.732481,0.510617,0.393549,0.536577,0.367026,0.462377,0.444654,0.464935,0.25407,0.280088,0.062001,0.200066,0.291838,0.202038,0.172342,0.170261,0.146639,0.149481,0.339961,0.069844,0.182518,0.168643,0.204712,0.213448,0.227559,0.234387,0.245714,0.2033,0.209821,0.246306,0.35168,0.299908,0.245067,0.110996,0.088225,0.210663,0.151755,0.174903,0.274137,0.263097,0.387003,0.292347,0.25862,0.127333,0.202676,0.22689,0.316227,0.325205,0.427089,0.466797,0.308778,0.527964,0.239895,0.273799,0.440365,0.206994,0.14643
sedu_es_9ef-D08-03,0.143516,0.260916,0.190946,0.129615,0.194597,0.212158,0.26057,0.211432,0.38896,0.304419,0.231296,0.214788,0.363597,0.434574,0.16937,0.114928,0.261255,0.25062,0.144756,0.0,0.198728,0.149913,0.226159,0.173337,0.131897,0.249297,0.180565,0.213686,0.305654,0.238907,0.363682,0.314674,0.308771,0.185313,0.188055,0.352305,0.411032,0.534991,0.233452,0.228217,0.238603,0.141117,0.028953,0.144381,0.162662,0.183989,0.303511,0.184735,0.288791,0.209019,0.203319,0.370006,0.316582,0.308645,0.329598,0.171399,0.24185,0.359381,0.410697,0.41562,0.334135,0.330847,0.30597,0.349101,0.209382,0.285434,0.194598,0.206659,0.126832,0.058059,0.255651,0.120789,0.177544,0.207946,0.228755,0.222942,0.237715,0.171967,0.30988,0.297249,0.189992,0.396549,0.243898,0.585527,0.514231,0.20824,0.177832,0.194757,0.31274,0.369344,0.726973,0.404288,0.341216,0.511538,0.162997,0.206688,0.284021,0.106979,0.069395,0.15286,0.146809,0.252975,0.254771,0.30774,0.313206,0.27604,0.227686,0.238153,0.241819,0.38148,0.206466,0.140491,0.265503,0.263721,0.319787,0.381144,0.356454,0.651672,0.677778,0.329681,0.525438,0.313503,0.089564,0.096666,0.121849,0.130148,0.267594,0.260368,0.198643,0.213511,0.260899,0.217636,0.258953,0.268143,0.275983,0.268549,0.238602,0.215576,0.203379,0.209922,0.273322,0.611048,0.560748,0.825854,0.778554,0.685605,0.422013,0.366517,0.291638,0.45231,0.668569,0.596235,0.430167,0.272267,0.439116,0.149854,0.19119,0.131253,0.159262,0.205423,0.241825,0.180214,0.184559,0.238868,0.178595,0.248983,0.261199,0.234511,0.254135,0.268587,0.253622,0.255262,0.166076,0.147324,0.440338,0.380293,0.241811,0.270179,0.597428,0.563488,0.343157,0.376826,0.686944,0.677766,0.564243,0.562327,0.864596,0.786393,0.233431,0.467919,0.483916,0.510829,0.454226,0.11659,0.131628,0.145541,0.123933,0.174314,0.211445,0.287378,0.206153,0.273687,0.190777,0.380184,0.293274,0.228786,0.374455,0.352057,0.313271,0.227032,0.4318,0.852026,0.901731,0.349076,0.314887,0.486769,0.271374,0.472166,0.462113,0.183515,0.136543,0.347743,0.050275,0.357006,0.600759,0.263115,0.210394,0.20951,0.158683,0.180866,0.175089,0.26932,0.227364,0.749748,0.711502,0.396236,0.37275,0.266663,0.684437,0.458643,0.335614,0.269024,0.385646,0.066082,0.115541,0.402567,0.316449,0.158406,0.092867,0.153319,0.119051,0.294903,0.071342,0.214449,0.304753,0.139504,0.220615,0.296721,0.159079,0.19721,0.202301,0.231908,0.312561,0.320164,0.342119,0.290108,0.127981,0.116936,0.202067,0.180062,0.151659,0.441233,0.317825,0.344441,0.19973,0.17281,0.090998,0.168134,0.136236,0.336922,0.326043,0.232993,0.439033,0.473001,0.722491,0.23906,0.283079,0.492576,0.14525,0.122939
sedu_es_9ef-D08-04,0.149459,0.286942,0.212003,0.205051,0.222132,0.302749,0.309611,0.266742,0.424421,0.328605,0.218779,0.206166,0.381226,0.538378,0.201922,0.133852,0.237485,0.235789,0.173955,0.0,0.272206,0.236211,0.365454,0.32774,0.262878,0.277001,0.27652,0.264218,0.344801,0.272232,0.342782,0.445988,0.363153,0.214768,0.211579,0.395784,0.526098,0.517843,0.259839,0.197339,0.20096,0.125036,0.038758,0.208046,0.266275,0.376942,0.518307,0.288795,0.295854,0.270828,0.265416,0.401484,0.311386,0.323764,0.347208,0.340924,0.292227,0.399868,0.45209,0.429059,0.445085,0.328157,0.286833,0.347127,0.250951,0.471006,0.199624,0.210268,0.253212,0.063141,0.276982,0.167373,0.248078,0.245759,0.278233,0.270237,0.269747,0.225341,0.345727,0.302686,0.239207,0.34089,0.223959,0.391504,0.364986,0.250875,0.183431,0.227376,0.401807,0.395819,0.684561,0.424265,0.316379,0.582206,0.209277,0.18807,0.280042,0.062465,0.075054,0.258221,0.201023,0.294775,0.294009,0.294587,0.295422,0.286149,0.229715,0.278888,0.267829,0.296071,0.192964,0.184271,0.357076,0.230175,0.339343,0.349541,0.412498,0.744207,0.594632,0.316533,0.509585,0.351485,0.125049,0.083844,0.185985,0.212408,0.291083,0.363167,0.267648,0.220737,0.304266,0.246255,0.302321,0.28013,0.273478,0.282488,0.416632,0.203469,0.219424,0.218191,0.280873,0.524973,0.55976,0.766752,0.727873,0.651904,0.38474,0.378221,0.296241,0.35922,0.614633,0.541481,0.370837,0.433211,0.405342,0.166035,0.268529,0.177439,0.202873,0.236819,0.254425,0.186316,0.225502,0.26744,0.172066,0.226288,0.289103,0.287501,0.249874,0.295498,0.298132,0.286073,0.21313,0.207025,0.442561,0.36701,0.276865,0.269879,0.518704,0.540305,0.489723,0.408974,0.490351,0.91349,0.791802,0.84262,0.947533,0.733813,0.261229,0.456862,0.468679,0.491362,0.446684,0.128747,0.27624,0.162117,0.154376,0.256915,0.209456,0.3164,0.19179,0.213614,0.433606,0.35118,0.332103,0.228478,0.392502,0.355697,0.324912,0.230681,0.424174,0.891265,0.96633,0.344206,0.472848,0.503561,0.278929,0.452493,0.399933,0.262854,0.168732,0.199813,0.077199,0.258438,0.532497,0.430391,0.250404,0.272356,0.144671,0.225,0.150507,0.23867,0.278599,0.505651,0.509801,0.343108,0.398622,0.305533,0.646989,0.436187,0.5352,0.271451,0.423906,0.081519,0.145118,0.284281,0.205685,0.18669,0.138305,0.300957,0.160967,0.333679,0.053527,0.189347,0.198638,0.197609,0.274023,0.272714,0.209705,0.25739,0.234846,0.310357,0.309524,0.346454,0.382494,0.306587,0.169376,0.144731,0.213335,0.164662,0.155877,0.287745,0.336749,0.33396,0.245697,0.250516,0.153749,0.250583,0.21586,0.356485,0.339656,0.279079,0.488931,0.487367,0.652275,0.287654,0.299697,0.455652,0.203259,0.172106
sedu_es_9ef-D09-01,0.424266,0.31663,0.323556,0.347279,0.24776,0.281067,0.463686,0.294972,0.477691,0.294568,0.587452,0.568103,0.467827,0.527958,0.34818,0.046269,0.171347,0.133855,0.281652,0.041436,0.510952,0.354925,0.300858,0.316145,0.358365,0.498721,0.229546,0.299239,0.292475,0.265255,0.168524,0.600422,0.514979,0.517888,0.484136,0.5,0.579822,0.285337,0.173398,0.073804,0.146899,0.207549,0.032382,0.553853,0.525286,0.237694,0.472507,0.204387,0.306187,0.186565,0.251624,0.316819,0.248005,0.303071,0.448448,0.179144,0.557837,0.428428,0.459587,0.364057,0.556501,0.19441,0.180741,0.260478,0.304952,0.574362,0.146344,0.223151,0.550402,0.074038,0.60291,0.437472,0.614745,0.250752,0.308693,0.171115,0.21925,0.245612,0.198347,0.209279,0.300566,0.281608,0.294329,0.469122,0.419125,0.282121,0.213555,0.148613,0.707393,0.418945,0.403683,0.280394,0.221331,0.477228,0.190222,0.14597,0.388059,0.546588,0.120469,0.473804,0.420838,0.25412,0.434277,0.3901,0.482085,0.400852,0.260963,0.259678,0.209523,0.335062,0.14059,0.16879,0.319301,0.203904,0.611097,0.663131,0.557567,0.620089,0.274538,0.185196,0.396379,0.266774,0.050802,0.0,0.682734,0.55973,0.317659,0.430684,0.17875,0.336855,0.439302,0.377334,0.463414,0.305102,0.222952,0.316832,0.248991,0.257183,0.151863,0.117677,0.279767,0.369039,0.329563,0.394089,0.413219,0.428728,0.292443,0.447988,0.494412,0.216689,0.353451,0.276867,0.227004,0.491679,0.2854,0.061602,0.572419,0.441097,0.386766,0.587129,0.156817,0.130169,0.302111,0.221038,0.146587,0.223508,0.273016,0.27783,0.243971,0.47643,0.351212,0.349015,0.25416,0.217866,0.216962,0.390458,0.192101,0.233871,0.5112,0.620629,0.52701,0.546791,0.306515,0.313188,0.330584,0.323469,0.236599,0.268667,0.207258,0.309028,0.314733,0.305249,0.202703,0.074715,0.123555,0.254399,0.275822,0.263104,0.182383,0.28061,0.152339,0.153017,0.175671,0.281569,0.423905,0.24657,0.276305,0.251687,0.375334,0.185163,0.579068,0.467384,0.16979,0.376032,0.634737,0.273432,0.238968,0.355987,0.154728,0.683171,0.186925,0.172988,0.0727,0.16734,0.266199,0.253825,0.19461,0.218586,0.093615,0.295683,0.071832,0.135621,0.390105,0.393425,0.280793,0.350403,0.267258,0.250947,0.235621,0.535612,0.638993,0.529164,0.320339,0.08612,0.173786,0.606805,0.140347,0.25352,0.284138,0.103819,0.096816,0.361429,0.121703,0.114034,0.104452,0.29208,0.155616,0.222606,0.454601,0.169402,0.223795,0.313775,0.190926,0.319338,0.385742,0.315418,0.172797,0.10454,0.160432,0.185737,0.203689,0.235548,0.258385,0.277062,0.344326,0.488437,0.040496,0.171136,0.241732,0.597352,0.554173,0.272815,0.32662,0.399809,0.303788,0.288364,0.273054,0.275874,0.29397,0.240885
sedu_es_9ef-D09-02,0.151336,0.2241,0.219538,0.115773,0.224953,0.185936,0.20219,0.175129,0.413997,0.37546,0.398468,0.535573,0.339367,0.365773,0.186535,0.063889,0.149314,0.141374,0.12153,0.058238,0.25411,0.179613,0.316743,0.233181,0.296045,0.174893,0.163452,0.186192,0.223128,0.189829,0.168179,0.145693,0.246096,0.523409,0.310111,0.339745,0.348775,0.163745,0.042639,0.193685,0.208575,0.125616,0.054751,0.305217,0.203695,0.227055,0.209921,0.145524,0.486375,0.104373,0.165256,0.244912,0.196543,0.30699,0.301418,0.110419,0.432005,0.332912,0.401787,0.360749,0.282737,0.110832,0.06778,0.100109,0.084379,0.307489,0.066659,0.114729,0.123075,0.066922,0.37761,0.213442,0.218319,0.281184,0.111088,0.115092,0.170575,0.160065,0.137805,0.218711,0.174008,0.199436,0.202911,0.194775,0.218826,0.169929,0.16897,0.091229,0.454575,0.414434,0.358948,0.301968,0.114221,0.315627,0.051815,0.066016,0.148877,0.088581,0.113371,0.250953,0.152559,0.268792,0.310777,0.282941,0.449628,0.576894,0.217623,0.183305,0.158391,0.242012,0.1532,0.101582,0.206159,0.198358,0.62003,0.723288,0.464002,0.361362,0.311175,0.131768,0.322125,0.145006,0.063921,0.053685,0.186174,0.128202,0.322813,0.207702,0.099587,0.396633,0.207693,0.166051,0.316519,0.358569,0.141627,0.248447,0.194172,0.206639,0.124045,0.104887,0.204581,0.998552,0.354927,0.470371,0.360597,0.376298,0.572829,0.31619,0.471499,0.129656,0.341456,0.231185,0.117247,0.216428,0.263054,0.086708,0.210887,0.151318,0.178451,0.33265,0.115872,0.103417,0.461553,0.41045,0.123705,0.194744,0.278271,0.346876,0.210461,0.64839,0.454001,0.509278,0.199103,0.150148,0.216243,0.161645,0.187211,0.226884,0.624164,0.72961,0.311158,0.314498,0.289294,0.279373,0.22956,0.280076,0.267139,0.277593,0.103898,0.228399,0.310356,0.325927,0.264475,0.063188,0.073217,0.123739,0.157408,0.199085,0.189429,0.214156,0.113228,0.16041,0.115058,0.689908,0.635984,0.191734,0.274929,0.222871,0.618939,0.140777,0.312238,0.220982,0.214475,0.301076,0.21053,0.278883,0.159737,0.258895,0.185883,0.196989,0.13505,0.105866,0.005184,0.172668,0.247507,0.212356,0.165102,0.143462,0.07919,0.257177,0.121275,0.187153,0.244524,0.384371,0.31159,0.312909,0.262804,0.254719,0.229361,0.782678,0.331681,0.135926,0.183372,0.087822,0.165813,0.317738,0.14112,0.202059,0.127549,0.032237,0.072682,0.17285,0.056152,0.106829,0.098499,0.099056,0.100782,0.184454,0.244281,0.102213,0.148551,0.504531,0.122377,0.256444,0.193919,0.384854,0.122631,0.103788,0.106071,0.130018,0.140488,0.15314,0.535485,0.525739,0.529901,0.254582,0.0,0.130245,0.184394,0.598492,0.553366,0.351346,0.256603,0.496001,0.308861,0.233931,0.252827,0.297615,0.323513,0.156268
sedu_es_9ef-D09-03,0.121081,0.166843,0.142312,0.100877,0.159621,0.176999,0.144081,0.138402,0.161349,0.210267,0.419116,0.413296,0.345864,0.395995,0.076938,0.044203,0.182146,0.153278,0.134675,0.047264,0.212096,0.099174,0.196515,0.129177,0.160702,0.096966,0.135636,0.143396,0.187618,0.128058,0.110007,0.134911,0.232274,0.399881,0.633027,0.353241,0.363876,0.211416,0.072469,0.125061,0.128652,0.116032,0.046848,0.190348,0.157317,0.127931,0.196092,0.125322,0.382077,0.106917,0.156385,0.239769,0.170797,0.278627,0.185769,0.054337,0.393997,0.342754,0.418327,0.355344,0.246297,0.112429,0.098043,0.168855,0.113008,0.258348,0.085242,0.109661,0.128509,0.010933,0.583601,0.112107,0.142762,0.139818,0.106895,0.113653,0.139893,0.145886,0.132267,0.197433,0.128721,0.223138,0.159853,0.191262,0.207857,0.149497,0.11238,0.109815,0.445796,0.341489,0.378915,0.291876,0.155164,0.313544,0.058971,0.118108,0.160976,0.067631,0.072455,0.145449,0.088949,0.158528,0.154478,0.209838,0.253922,0.430256,0.142423,0.132666,0.116507,0.208905,0.087637,0.138846,0.199454,0.148716,0.875641,0.975155,0.402838,0.294647,0.288127,0.172959,0.324643,0.157237,0.042771,0.022718,0.127811,0.096351,0.173291,0.182064,0.126941,0.096648,0.225182,0.161869,0.200557,0.337922,0.162721,0.189496,0.187828,0.170883,0.105914,0.10537,0.193248,0.98744,0.37135,0.435585,0.38517,0.38912,0.614225,0.274705,0.488301,0.189702,0.330971,0.234201,0.124506,0.194399,0.25309,0.078376,0.223625,0.155867,0.126088,0.245632,0.111509,0.106818,0.320188,0.326207,0.074759,0.192021,0.25415,0.18577,0.198695,0.456865,0.3224,0.37996,0.171107,0.124085,0.229647,0.167246,0.207521,0.182473,0.845995,0.99762,0.249383,0.315605,0.338441,0.302706,0.250544,0.267022,0.293268,0.278904,0.12809,0.289298,0.368967,0.353897,0.335994,0.055255,0.056722,0.119218,0.108619,0.121114,0.16244,0.205112,0.12552,0.156279,0.1545,0.799885,0.663443,0.140657,0.226288,0.175342,0.619816,0.132557,0.379816,0.248268,0.216888,0.325239,0.221604,0.370819,0.194385,0.257723,0.171382,0.158705,0.10027,0.11468,0.0,0.168006,0.283043,0.170656,0.156534,0.160813,0.094267,0.175524,0.140821,0.190394,0.197851,0.393027,0.375111,0.314656,0.315082,0.284894,0.194435,0.949004,0.276247,0.17545,0.245022,0.053359,0.147409,0.257389,0.13995,0.125017,0.119192,0.049217,0.080068,0.15538,0.03219,0.13046,0.110895,0.096487,0.145165,0.198413,0.165651,0.16085,0.207614,0.558918,0.131264,0.287498,0.223861,0.213961,0.133639,0.105313,0.117039,0.151781,0.1071,0.193684,0.553033,0.537669,0.548226,0.218791,0.007533,0.135575,0.133606,0.610099,0.562958,0.437215,0.302419,0.390167,0.308573,0.312019,0.351091,0.331774,0.114288,0.181887
sedu_es_9ef-D09-04,0.18536,0.289275,0.208611,0.118317,0.256654,0.270903,0.236582,0.218609,0.475938,0.696206,0.326335,0.334408,0.53957,0.625321,0.128453,0.106811,0.21718,0.189226,0.155637,0.065128,0.602786,0.15664,0.237145,0.124363,0.221187,0.186964,0.20926,0.215214,0.255716,0.227563,0.223954,0.225305,0.459707,0.273367,0.24923,0.526984,0.606193,0.206425,0.059053,0.172209,0.205532,0.156368,0.051207,0.477408,0.351242,0.158699,0.263602,0.189578,0.336962,0.131417,0.189093,0.285608,0.20757,0.339295,0.270684,0.142144,0.304009,0.514738,0.589971,0.623261,0.563465,0.1376,0.136236,0.13543,0.111572,0.574729,0.157018,0.186188,0.16965,0.085747,0.610209,0.33127,0.363594,0.195219,0.1448,0.159734,0.200956,0.230037,0.175957,0.270928,0.180998,0.227903,0.156997,0.250066,0.248465,0.209627,0.21198,0.146798,0.366479,0.551818,0.638274,0.537808,0.120836,0.496007,0.112671,0.301577,0.416629,0.087832,0.113957,0.42355,0.338526,0.201583,0.215235,0.27368,0.343106,0.351681,0.642581,0.162608,0.122775,0.252346,0.183993,0.165265,0.22383,0.198128,0.662144,0.718385,0.592501,0.546929,0.524512,0.18993,0.544475,0.182398,0.100468,0.065385,0.349339,0.307231,0.244744,0.182109,0.171426,0.190017,0.277264,0.192098,0.284381,0.270426,0.196259,0.231065,0.204842,0.218282,0.167724,0.147923,0.250552,0.476564,0.389989,0.361344,0.48975,0.442427,0.524015,0.298279,0.335507,0.222347,0.620319,0.253801,0.168767,0.248565,0.279669,0.110116,0.54985,0.349321,0.332426,0.495473,0.143921,0.183615,0.275373,0.224685,0.188162,0.255285,0.380032,0.278303,0.23397,0.403392,0.214661,0.281392,0.210361,0.175489,0.326573,0.260917,0.26407,0.290173,0.634867,1.0,0.443081,0.354368,0.364789,0.392363,0.297785,0.392334,0.289035,0.362442,0.117808,0.286853,0.598481,0.554526,0.287009,0.092137,0.128329,0.305793,0.450019,0.16443,0.207897,0.244426,0.197149,0.209149,0.22615,0.407033,0.350197,0.260722,0.570903,0.314103,0.338833,0.200848,0.441716,0.305391,0.30703,0.35201,0.439523,0.521739,0.223543,0.323119,0.160829,0.487237,0.206092,0.191482,0.0,0.409858,0.301122,0.180199,0.184779,0.215671,0.167179,0.473814,0.208214,0.226434,0.28855,0.45644,0.415386,0.427667,0.369473,0.303946,0.281829,0.766651,0.562136,0.158163,0.280191,0.112358,0.401259,0.562809,0.351329,0.36865,0.355697,0.066073,0.166301,0.341808,0.052506,0.130468,0.29112,0.139668,0.394388,0.237136,0.467979,0.205151,0.21468,0.267399,0.12507,0.344652,0.225797,0.300016,0.145416,0.142405,0.142385,0.186646,0.205907,0.241122,0.288806,0.296321,0.345439,0.460537,0.079062,0.446755,0.465122,0.372371,0.369273,0.285887,0.498066,0.629614,0.575526,0.303122,0.35934,0.297564,0.611434,0.17023
sedu_es_9ef-D10-01,0.20656,0.232329,0.357269,0.089507,0.155858,0.29961,0.233249,0.23072,0.232557,0.158303,0.244657,0.24658,0.400041,0.706056,0.43089,0.075266,0.162278,0.292787,0.070461,0.022427,0.162884,0.084154,0.134921,0.194413,0.296344,0.216401,0.240175,0.263138,0.297382,0.247816,0.175515,0.351477,0.145445,0.305755,0.201451,0.446048,0.567362,0.593081,0.251495,0.283013,0.245162,0.02718,0.002137,0.40266,0.104618,0.112872,0.190554,0.236752,0.226477,0.220212,0.272075,0.505031,0.387356,0.280095,0.220123,0.172925,0.246617,0.407496,0.522644,0.576919,0.381603,0.317838,0.573327,0.489179,0.222158,0.417198,0.196402,0.229834,0.080362,0.038153,0.263267,0.294916,0.081155,0.141497,0.185483,0.227227,0.283752,0.259583,0.429374,0.467089,0.173534,0.213852,0.089996,0.154329,0.192117,0.296415,0.222529,0.19206,0.369969,0.312164,0.387533,0.336654,0.435212,0.730561,0.230672,0.223479,0.278669,0.0,0.047857,0.195331,0.061806,0.154443,0.145572,0.255611,0.259531,0.158906,0.189291,0.198254,0.193535,0.454397,0.221788,0.26695,0.166762,0.269952,0.162245,0.322487,0.367084,0.476157,0.328758,0.472219,0.356737,0.366545,0.123063,0.098839,0.106474,0.097816,0.157838,0.109788,0.199509,0.192176,0.245059,0.245448,0.279665,0.157393,0.246743,0.239484,0.186084,0.234712,0.136056,0.191592,0.280957,0.268441,0.38253,0.350757,0.487117,0.419287,0.353624,0.354603,0.545759,0.563828,0.552497,0.40373,0.408867,0.478158,0.451859,0.179906,0.149748,0.296928,0.071113,0.256421,0.196135,0.15159,0.141404,0.241186,0.217825,0.225273,0.331802,0.285458,0.289862,0.212121,0.264035,0.256068,0.245877,0.160678,0.251659,0.228484,0.236724,0.271229,0.21429,0.347812,0.456476,0.426137,0.417992,0.563378,0.532233,0.511336,0.47202,0.515474,0.247239,0.571872,0.398109,0.552433,0.573792,0.110514,0.222367,0.075376,0.120322,0.157229,0.208571,0.308572,0.168736,0.172442,0.273633,0.270248,0.263178,0.285188,0.395661,0.392762,0.285468,0.231917,0.355393,0.550906,0.449451,0.394821,0.437045,0.625301,0.524195,0.963849,0.236984,0.154773,0.072996,0.241893,0.009717,0.181794,0.888306,0.127512,0.173455,0.191388,0.113002,0.195184,0.13409,0.188788,0.303963,0.445566,0.354777,0.385205,0.468266,0.425543,0.470518,0.42742,0.541582,0.22353,0.470663,0.10354,0.040721,0.219352,0.110216,0.077168,0.039015,0.112531,0.111994,0.268677,0.078121,0.229817,0.114675,0.166724,0.192291,0.191808,0.184823,0.209379,0.242505,0.216621,0.348783,0.311965,0.460907,0.30007,0.204124,0.191153,0.162579,0.213432,0.183511,0.260333,0.169655,0.201881,0.197897,0.205022,0.128537,0.167742,0.196202,0.308197,0.370532,0.206491,0.485682,0.415844,0.514822,0.218465,0.276877,0.259152,0.199396,0.187737
sedu_es_9ef-D10-02,0.083741,0.267834,0.261076,0.200843,0.141202,0.850988,0.233797,0.252617,0.308717,0.275176,0.325714,0.505917,0.303887,0.42895,0.619268,0.176542,0.20417,0.213712,0.133502,0.047208,0.205978,0.149489,0.12327,0.303586,0.221277,0.243572,0.697277,0.261439,0.311832,0.314534,0.306581,0.387598,0.107082,0.273606,0.272177,0.340361,0.461735,0.808868,0.408904,0.239096,0.284903,0.118623,0.0,0.249987,0.147095,0.112041,0.100395,0.449585,0.569911,0.226326,0.275499,0.389999,0.324199,0.2099,0.137503,0.161614,0.33191,0.303146,0.466564,0.542112,0.445825,0.802577,0.856275,0.682376,0.336845,0.598717,0.297313,0.230193,0.372619,0.051893,0.291507,0.189169,0.150802,0.163906,0.14337,0.233536,0.283201,0.30364,0.362668,0.376052,0.221304,0.244436,0.089805,0.064622,0.177781,0.326223,0.221694,0.138816,0.496368,0.392507,0.322969,0.664887,0.816094,0.820912,0.343871,0.534893,0.426299,0.438405,0.048317,0.230011,0.140067,0.135598,0.105236,0.21962,0.216964,0.109399,0.215696,0.152034,0.12242,0.307967,0.232851,0.234189,0.49242,0.506499,0.224538,0.216077,0.449941,0.571618,0.34168,0.891507,0.388906,0.438514,0.133499,0.078124,0.195023,0.198738,0.100255,0.050753,0.232352,0.131999,0.198774,0.280721,0.22541,0.120483,0.233969,0.219522,0.172241,0.252715,0.201608,0.146276,0.296765,0.253112,0.425964,0.356687,0.49409,0.410728,0.614181,0.595646,0.614956,0.632377,0.557748,0.537813,0.518452,0.775719,0.533451,0.122594,0.127622,0.506322,0.295958,0.29499,0.182933,0.225047,0.355686,0.272497,0.201816,0.283005,0.60774,0.213194,0.240441,0.187155,0.234077,0.264958,0.184359,0.16253,0.144442,0.125778,0.556596,0.232568,0.205374,0.326397,0.502169,0.633215,0.34797,0.753926,0.732631,0.683505,0.692238,0.709095,0.398628,0.524253,0.347893,0.474538,0.738975,0.159355,0.166941,0.342316,0.620428,0.181876,0.299137,0.327439,0.271617,0.07464,0.218332,0.197711,0.290789,0.272765,0.164935,0.162194,0.504657,0.685539,0.269337,0.83934,0.839305,0.673959,0.49008,0.764284,0.467695,0.633613,0.398179,0.255784,0.129154,0.226678,0.069586,0.326573,0.636547,0.058608,0.198025,0.243421,0.178457,0.164846,0.201731,0.53572,0.228215,0.368634,0.318815,0.349521,0.23832,0.236618,0.693762,0.565949,0.671086,0.470651,0.567515,0.10288,0.133688,0.324285,0.411494,0.178036,0.147272,0.233869,0.186445,0.46543,0.157439,0.369173,0.451205,0.421328,0.215719,0.240576,0.224979,0.196651,0.323157,0.24915,0.567545,0.266229,0.431962,0.366025,0.184332,0.194823,0.258649,0.332071,0.238121,0.367033,0.135375,0.366838,0.241227,0.278787,0.116636,0.189193,0.254757,0.229014,0.269599,0.255001,0.533792,0.639719,0.59766,0.251818,0.278927,0.337917,0.215187,0.208872
sedu_es_9ef-D10-03,0.178665,0.250651,0.252717,0.175159,0.177472,0.197721,0.086046,0.138548,0.151397,0.583364,0.445226,0.401759,0.339786,0.527232,0.194772,0.28009,0.212396,0.206715,0.159662,0.314003,0.234053,0.211398,0.137602,0.264606,0.247228,0.0,0.192282,0.105155,0.156684,0.19905,0.028653,0.537116,0.157445,0.48315,0.648502,0.359793,0.577957,0.371806,0.155852,0.210141,0.33413,0.061849,0.230032,0.621552,0.478778,0.134507,0.108686,0.167069,0.147773,0.088811,0.127165,0.104109,0.170035,0.15476,0.083705,0.146954,0.476123,0.249615,0.367145,0.247146,0.662702,0.233685,0.257637,0.244664,0.12418,0.819199,0.276642,0.304664,0.091536,0.218041,0.57111,0.518296,0.457709,0.123909,0.109532,0.118562,0.162503,0.223235,0.125778,0.189854,0.142048,0.11419,0.130519,0.058931,0.13157,0.221824,0.224315,0.112689,0.673255,0.343209,0.29977,0.268366,0.217121,0.588826,0.31749,0.176142,0.236389,0.100943,0.267936,0.537981,0.111101,0.129038,0.095938,0.199427,0.156232,0.118092,0.172968,0.083867,0.072169,0.141346,0.21266,0.222908,0.147946,0.180414,0.308754,0.377978,0.356187,0.643357,0.228944,0.202053,0.370885,0.215175,0.243102,0.244462,0.530892,0.430961,0.129135,0.13473,0.163724,0.11821,0.137337,0.211414,0.149678,0.187108,0.154595,0.135582,0.135097,0.237701,0.140484,0.141629,0.159886,0.231705,0.34976,0.204493,0.244786,0.235178,0.201457,0.244933,0.819665,0.169919,0.5,0.477248,0.382503,0.966712,0.35449,0.268815,0.112007,0.265281,0.180488,0.442964,0.074165,0.113512,0.117864,0.136962,0.18434,0.220484,0.267789,0.148277,0.214275,0.187795,0.182825,0.168812,0.307735,0.148406,0.068832,0.137819,0.155351,0.087084,0.159604,0.352771,0.642972,0.334082,0.311874,0.278792,0.334625,0.277783,0.23158,0.253845,0.265056,0.165042,0.152769,0.164492,0.262798,0.256774,0.16036,0.235077,0.259807,0.147891,0.204085,0.204234,0.150581,0.081373,0.109565,0.24729,0.306734,0.102604,0.186425,0.142511,0.274565,0.191917,0.176783,0.616113,0.290311,0.331056,0.621202,0.229861,0.207481,0.242244,0.292094,0.229911,0.138729,0.146311,0.189608,0.205909,0.266824,0.20182,0.136679,0.145034,0.101963,0.213159,0.161512,0.148033,0.151781,0.324946,0.239431,0.278291,0.207657,0.157922,0.237178,0.74921,0.957099,0.749964,0.291719,0.313696,0.166621,0.434094,0.193407,0.214518,0.178423,0.195752,0.184417,0.252246,0.259769,0.256638,0.180502,0.210724,0.100082,0.19585,0.240631,0.122655,0.111688,0.250014,0.250499,0.223479,0.246908,0.126471,0.32419,0.239441,0.226077,0.251331,0.277813,0.180703,0.174594,0.149443,0.149161,0.267635,0.084301,0.15384,0.234877,0.257415,0.232758,0.213105,0.285521,0.719519,0.304487,0.211393,0.236535,0.326772,0.786815,0.365431
sedu_es_9ef-D10-04,0.05535,0.21615,0.195412,0.188139,0.143173,0.289833,0.260952,0.233642,0.331063,0.357441,0.317308,0.274797,0.388514,0.919755,0.428106,0.130199,0.189781,0.1812,0.134833,0.066324,0.258661,0.149143,0.16198,0.224065,0.162263,0.234126,0.239456,0.223135,0.320175,0.313303,0.200628,0.394613,0.178484,0.248167,0.171938,0.399812,0.698782,0.59372,0.306598,0.201047,0.235783,0.064692,0.049938,0.240281,0.205289,0.069009,0.185476,0.242803,0.228615,0.20409,0.261628,0.397203,0.267783,0.267144,0.160955,0.104918,0.570524,0.412722,0.658505,0.7204,0.729075,0.324073,0.570348,0.520807,0.280946,0.586828,0.234207,0.199325,0.095902,0.04592,0.309225,0.133367,0.205528,0.15887,0.18571,0.257806,0.27294,0.22729,0.380864,0.363987,0.201305,0.266739,0.129287,0.132938,0.167455,0.277407,0.1438,0.111203,0.543505,0.595838,0.482213,0.424372,0.457253,0.877368,0.20626,0.197618,0.278908,0.021263,0.0527,0.397456,0.155921,0.174317,0.182307,0.247059,0.210026,0.177683,0.18106,0.240243,0.239877,0.288518,0.12341,0.210219,0.236107,0.230061,0.275818,0.324332,0.63971,0.587621,0.422255,0.518739,0.432208,0.356644,0.132216,0.081596,0.163473,0.16404,0.177488,0.273811,0.22574,0.221601,0.212552,0.255598,0.239373,0.190743,0.243238,0.228676,0.204073,0.22191,0.401686,0.152103,0.256238,0.342026,0.839637,0.426545,0.682107,0.492254,0.5,0.442695,0.437731,0.675025,0.572829,0.437461,0.372034,0.627108,0.459019,0.152153,0.210045,0.185082,0.177492,0.264194,0.222852,0.241316,0.131584,0.227693,0.230977,0.247216,0.38631,0.221104,0.230802,0.210538,0.237436,0.245979,0.191807,0.188447,0.217982,0.168479,0.256541,0.252233,0.330255,0.386823,0.536506,0.429738,0.377928,0.705029,0.626189,0.686838,0.602717,0.72489,0.301724,0.487793,0.59804,0.655144,0.611502,0.171048,0.126504,0.153363,0.21164,0.180552,0.2002,0.317458,0.199355,0.136815,0.230486,0.335535,0.346168,0.242971,0.255849,0.213374,0.300716,0.272566,0.635315,0.627213,0.485316,0.398576,0.555792,0.87108,0.407315,0.861916,0.4228,0.251496,0.123093,0.206581,0.0,0.273307,0.685422,0.180548,0.200095,0.226336,0.16049,0.209715,0.178795,0.215636,0.510954,0.410425,0.393403,0.559587,0.503817,0.417125,0.506789,0.44478,0.638288,0.265402,0.773805,0.083747,0.1478,0.314935,0.23643,0.176666,0.117216,0.170123,0.155988,0.303663,0.044829,0.208254,0.22712,0.232962,0.281057,0.289437,0.258901,0.271954,0.240439,0.306463,0.374721,0.452391,0.767295,0.317245,0.184494,0.180369,0.205235,0.218774,0.231338,0.323223,0.292117,0.30612,0.262518,0.253472,0.148948,0.430097,0.186802,0.307305,0.292119,0.329103,0.720963,0.690256,0.603699,0.300231,0.350029,0.368802,0.417382,0.177534
sedu_es_9ef-D11-01,0.551752,0.357729,0.245325,0.149271,0.314666,0.261014,0.351829,0.276918,0.430152,0.344749,0.347428,0.356531,0.340961,0.431555,0.174079,0.128533,0.230806,0.195185,0.175329,0.084304,0.313828,0.201411,0.628014,0.178402,0.259227,0.366517,0.244177,0.371769,0.292345,0.219186,0.714096,0.276738,0.409871,0.236561,0.362299,0.330756,0.37862,0.207074,0.071061,0.189495,0.172178,0.23475,0.100994,0.219945,0.253611,0.511253,0.412895,0.187477,0.408095,0.162754,0.245694,0.353087,0.268947,0.495705,0.445687,0.187245,0.200407,0.352529,0.429678,0.437637,0.266923,0.155194,0.135811,0.11821,0.145841,0.270778,0.101845,0.182365,0.213791,0.140968,0.378392,0.152861,0.203922,0.614457,0.176407,0.160826,0.284169,0.291931,0.199036,0.292015,0.233542,0.36613,0.208603,0.374722,0.36655,0.266027,0.210148,0.195195,0.320358,0.327164,0.372116,0.270187,0.124051,0.290238,0.104005,0.082891,0.200274,0.165621,0.128059,0.221364,0.169603,0.59732,0.307975,0.380236,0.46766,0.416953,0.293402,0.191153,0.140325,0.320172,0.249198,0.204334,0.195301,0.24077,0.253516,0.335857,0.39973,0.264785,0.321429,0.173286,0.360084,0.218762,0.107889,0.080047,0.163255,0.163926,0.305476,0.259707,0.118369,0.152533,0.4118,0.223865,0.435267,0.269776,0.220665,0.290904,0.22641,0.241559,0.196097,0.136481,0.316192,0.469835,0.335865,0.365974,0.481312,0.491793,0.271498,0.25996,0.312249,0.168129,0.368774,0.175429,0.187802,0.213353,0.319578,0.094715,0.368963,0.167302,0.104141,0.286598,0.196477,0.18495,0.356402,0.290737,0.193443,0.291743,0.370635,0.475989,0.283155,0.461149,0.301746,0.325874,0.150901,0.313275,0.375173,0.315309,0.250392,0.288343,0.292453,0.5,0.200104,0.761485,0.347503,0.31826,0.243194,0.333032,0.272805,0.308708,0.082139,0.343563,0.424435,0.389787,0.769298,0.073375,0.149215,0.095501,0.192531,0.100095,0.287819,0.293979,0.18764,0.379192,0.263666,0.383498,0.316699,0.237903,0.417007,0.38649,0.347306,0.194824,0.385804,0.284193,0.28352,0.340268,0.167523,0.640775,0.255343,0.395453,0.228713,0.235568,0.291519,0.208837,0.0,0.277133,0.548056,0.543494,0.188975,0.196826,0.214056,0.27216,0.153752,0.23341,0.271554,0.481985,0.833095,0.394825,0.276313,0.325703,0.267312,0.591682,0.236534,0.188195,0.202509,0.106652,0.181125,0.397339,0.160295,0.122434,0.173132,0.069163,0.109801,0.161889,0.036926,0.14548,0.126362,0.142372,0.11758,0.190764,0.255473,0.203213,0.22013,0.221915,0.067374,0.309819,0.162871,0.389213,0.143987,0.131431,0.088801,0.169184,0.208229,0.252631,0.259559,0.241975,0.3031,0.306146,0.100481,0.197464,0.241296,0.331125,0.315993,0.285987,0.304026,0.18423,0.358758,0.306096,0.301161,0.238982,0.202145,0.208814
sedu_es_9ef-D11-02,0.032061,0.259834,0.318374,0.220779,0.168757,0.250823,0.269443,0.218771,0.174173,0.142014,0.367178,0.342586,0.387481,0.310311,0.243587,0.091275,0.477976,0.477857,0.113324,0.094504,0.180534,0.149562,0.176972,0.205555,0.296092,0.159748,0.230005,0.225582,0.278006,0.280368,0.082569,0.146212,0.159052,0.269315,0.16248,0.340441,0.313024,0.35049,0.124619,0.444714,0.270645,0.122887,0.057737,0.290014,0.157137,0.11478,0.236011,0.218469,0.230632,0.1745,0.22889,0.292963,0.21183,0.299797,0.114725,0.194009,0.290614,0.324221,0.340575,0.309855,0.286847,0.167431,0.253404,0.250092,0.151514,0.335933,0.136951,0.229009,0.118661,0.097023,0.304996,0.41362,0.133028,0.163821,0.190363,0.165974,0.247782,0.13238,0.217224,0.265004,0.148801,0.24969,0.236829,0.093479,0.198949,0.262149,0.202347,0.138219,0.388517,0.217322,0.328289,0.297968,0.202663,0.466545,0.125445,0.118695,0.091382,0.110612,0.122119,0.169988,0.082986,0.21701,0.191869,0.321666,0.307229,0.199333,0.26486,0.177101,0.156555,0.520923,0.210917,0.19894,0.302531,0.344537,0.247324,0.293387,0.298397,0.265895,0.382018,0.256799,0.43993,0.306531,0.115297,0.09381,0.110318,0.104018,0.20328,0.165638,0.160208,0.085039,0.166079,0.247924,0.292449,0.192768,0.284266,0.223016,0.182123,0.267012,0.159251,0.169352,0.341788,0.343092,0.304622,0.199992,0.283675,0.259845,0.379698,0.254422,0.577916,0.272792,0.471169,0.285502,0.179578,0.255847,0.368874,0.163129,0.072624,0.129895,0.101919,0.152348,0.174072,0.15789,0.167111,0.240389,0.165685,0.23358,0.253918,0.22004,0.297678,0.223447,0.189344,0.19534,0.15254,0.101547,0.127927,0.149024,0.227748,0.136036,0.263816,0.368608,0.221318,0.393232,0.301991,0.381703,0.229257,0.331874,0.22773,0.306518,0.228284,0.364991,0.327442,0.371743,0.826861,0.132895,0.088712,0.115826,0.081113,0.179238,0.188356,0.297387,0.200899,0.166758,0.124186,0.30211,0.270396,0.114271,0.194408,0.157536,0.261247,0.204901,0.274509,0.272147,0.234992,0.378352,0.193188,0.334656,0.280018,0.5,0.211133,0.154931,0.057095,0.076529,0.0,0.126772,0.394654,0.238531,0.181603,0.22366,0.130644,0.08078,0.185982,0.218213,0.160971,0.418033,0.309621,0.308897,0.226489,0.235753,0.260638,0.634311,0.328585,0.494843,0.272168,0.124434,0.091266,0.140073,0.112612,0.040442,0.094778,0.070713,0.022308,0.127771,0.061552,0.136855,0.082772,0.110216,0.137701,0.13435,0.084817,0.132088,0.125827,0.249072,0.256886,0.223856,0.587527,0.250267,0.179984,0.167269,0.169446,0.124996,0.108899,0.136695,0.118355,0.162487,0.099899,0.095813,0.003324,0.108989,0.106597,0.23621,0.192166,0.178442,0.322266,0.184178,0.25294,0.175314,0.141483,0.254217,0.147244,0.188463
sedu_es_9ef-D11-03,0.076836,0.222426,0.266186,0.231114,0.091797,0.173945,0.194179,0.112304,0.170728,0.024798,0.265675,0.221443,0.343903,0.241678,0.330655,0.056873,0.116799,0.12224,0.142452,0.069149,0.184038,0.14638,0.315894,0.434692,0.361773,0.161646,0.133544,0.098371,0.235008,0.238077,0.044815,0.058253,0.045823,0.197792,0.104576,0.267828,0.222729,0.336229,0.326757,0.191876,0.20651,0.126557,0.04967,0.16683,0.151107,0.036189,0.153842,0.158303,0.144253,0.098573,0.111669,0.214577,0.177804,0.220572,0.0,0.116358,0.284616,0.2728,0.317462,0.269995,0.178587,0.313377,0.445382,0.363343,0.305911,0.249726,0.163869,0.199826,0.386643,0.038981,0.197098,0.076806,0.145964,0.112915,0.154957,0.117304,0.201466,0.240301,0.190263,0.22531,0.14004,0.285963,0.210917,0.009012,0.101276,0.186804,0.129454,0.098366,0.3143,0.18734,0.299757,0.203462,0.343614,0.391325,0.176499,0.173872,0.164888,0.167472,0.077386,0.125393,0.106575,0.152207,0.138003,0.279805,0.228312,0.095012,0.265445,0.10332,0.123427,0.148491,0.102964,0.122546,0.514737,0.225191,0.260261,0.38878,0.2778,0.223712,0.355725,0.280471,0.343515,0.433777,0.102721,0.105764,0.155678,0.13622,0.129007,0.293497,0.119533,0.104362,0.122901,0.170484,0.171498,0.115945,0.202036,0.128845,0.161023,0.297715,0.174411,0.104452,0.213977,0.256953,0.224681,0.168294,0.312941,0.271689,0.370626,0.328195,0.322503,0.30875,0.397404,0.274577,0.303538,0.262431,0.338331,0.105542,0.088741,0.17331,0.10314,0.249689,0.157327,0.147113,0.052594,0.219811,0.164227,0.144074,0.219452,0.17429,0.21546,0.08596,0.212114,0.16637,0.186505,0.048399,0.090176,0.096284,0.20058,0.179128,0.315209,0.308154,0.204233,0.268726,0.286154,0.372981,0.287464,0.334857,0.27494,0.303833,0.187808,0.5,0.329151,0.290368,0.74083,0.137085,0.411683,0.099596,0.142097,0.181586,0.190807,0.214788,0.214968,0.132792,0.507729,0.311316,0.238211,0.166391,0.107575,0.102202,0.263735,0.194369,0.284477,0.356242,0.301399,0.295369,0.227707,0.354412,0.424331,0.476938,0.153167,0.183665,0.174406,0.182792,0.06369,0.183499,0.408704,0.155086,0.207058,0.163606,0.163604,0.075796,0.193626,0.180708,0.12877,0.298669,0.341181,0.225831,0.201176,0.168332,0.256521,0.374724,0.258002,0.334148,0.352605,0.06764,0.074952,0.196387,0.138764,0.093853,0.084383,0.191988,0.096907,0.159202,0.114379,0.277153,0.168686,0.17405,0.133951,0.161039,0.110302,0.159734,0.150206,0.189683,0.315186,0.188524,0.28878,0.174113,0.105707,0.116873,0.140697,0.286937,0.165034,0.191819,0.180286,0.198711,0.158518,0.121199,0.06079,0.124589,0.09742,0.132458,0.146929,0.225525,0.363866,0.259384,0.27323,0.162352,0.198997,0.3356,0.157894,0.106766
sedu_es_9ef-D11-04,0.182393,0.30257,0.516573,0.062362,0.340098,0.265467,0.210964,0.210396,0.13117,0.185136,0.338833,0.375237,0.2816,0.293656,0.151476,0.217758,0.264583,0.259551,0.334591,0.187615,0.16998,0.171458,0.253398,0.132647,0.480307,0.140299,0.187626,0.238815,0.243333,0.280853,0.18924,0.155476,0.193458,0.304103,0.273282,0.27526,0.306057,0.286167,0.032027,0.563889,0.606697,0.363229,0.115197,0.275742,0.137187,0.161016,0.214422,0.163253,0.360402,0.183184,0.17502,0.238384,0.263528,0.290251,0.242197,0.249292,0.328603,0.211474,0.381216,0.333735,0.235692,0.268485,0.242079,0.224415,0.0,0.322006,0.468278,0.575893,0.334869,0.171102,0.262768,0.43606,0.082004,0.142088,0.14065,0.179544,0.228958,0.219662,0.193491,0.255572,0.110726,0.243466,0.341366,0.212494,0.248573,0.264351,0.265222,0.241013,0.330014,0.326696,0.565774,0.282655,0.166016,0.344045,0.473503,0.234747,0.197275,0.164178,0.209474,0.142759,0.068969,0.173026,0.158638,0.250875,0.335695,0.29352,0.275552,0.159545,0.146833,0.200849,0.281608,0.314075,0.275058,0.273377,0.264254,0.393081,0.337987,0.445072,0.852124,0.217449,0.411333,0.16102,0.129247,0.162018,0.133614,0.119506,0.239557,0.210377,0.193834,0.136788,0.193527,0.231107,0.249821,0.26296,0.259246,0.245358,0.238465,0.224915,0.2811,0.238594,0.301735,0.417549,0.333545,0.422523,0.590782,0.475639,0.243928,0.2334,0.352185,0.20454,0.704643,0.750001,0.445525,0.203706,0.420573,0.220447,0.143211,0.205992,0.15346,0.25484,0.163231,0.243074,0.245515,0.264312,0.180527,0.291711,0.301766,0.271789,0.361871,0.328427,0.226276,0.306596,0.173875,0.139828,0.267432,0.300548,0.355563,0.237972,0.308392,0.458648,0.260915,0.378381,0.605942,0.638942,0.465431,0.548403,0.440624,0.346994,0.285193,0.221171,0.360004,0.331885,0.45692,0.181118,0.194675,0.19576,0.183665,0.129357,0.249968,0.302591,0.228339,0.202335,0.197997,0.410255,0.37147,0.211233,0.240523,0.216266,0.39828,0.259945,0.317644,0.50446,0.650231,0.400441,0.226324,0.320373,0.14736,0.287354,0.249242,0.212004,0.141516,0.349289,0.133703,0.457813,0.394812,0.234357,0.187347,0.259906,0.276983,0.257179,0.179316,0.276419,0.265506,0.724455,0.929925,0.473147,0.393416,0.335733,0.217956,0.406608,0.335267,0.168973,0.304572,0.209936,0.150869,0.412423,0.403801,0.190223,0.162741,0.043984,0.153783,0.186753,0.230766,0.231584,0.367525,0.249259,0.20268,0.285025,0.328027,0.258053,0.246021,0.320081,0.189998,0.413694,0.243574,0.234824,0.207374,0.208548,0.262851,0.2029,0.179521,0.495823,0.272896,0.26429,0.225534,0.221912,0.016948,0.125105,0.158694,0.350663,0.326168,0.240556,0.293582,0.220972,0.358714,0.257969,0.280169,0.544097,0.252932,0.260274
sedu_es_9ef-D12-01,0.120183,0.256645,0.347479,0.203014,0.266226,0.350643,0.244877,0.265992,0.246024,0.122191,0.237107,0.2057,0.259865,0.41022,0.301449,0.094778,0.225288,0.224089,0.138313,0.090882,0.221242,0.221972,0.207836,0.543694,0.519092,0.21493,0.296484,0.311271,0.383748,0.290987,0.203565,0.32628,0.17839,0.164937,0.284985,0.316722,0.436366,0.548535,0.344686,0.222871,0.245389,0.075494,0.090065,0.231396,0.247235,0.220217,0.254913,0.32917,0.281832,0.278444,0.302895,0.468585,0.407985,0.354531,0.190107,0.176564,0.245567,0.295748,0.411417,0.292266,0.389669,0.398937,0.434889,0.423632,0.261341,0.470486,0.200989,0.247513,0.131959,0.11759,0.269791,0.166285,0.187677,0.273112,0.266925,0.559966,0.321338,0.283487,0.385153,0.395757,0.249201,0.292842,0.202639,0.183339,0.205814,0.315724,0.222709,0.254567,0.38439,0.315859,0.313204,0.281149,0.394211,0.687709,0.256744,0.25847,0.335912,0.080403,0.117757,0.249362,0.143211,0.250266,0.186274,0.238662,0.277939,0.252955,0.270426,0.275998,0.287538,0.680111,0.181124,0.27072,0.32179,0.315409,0.23276,0.217487,0.385198,0.547104,0.282603,0.4428,0.392937,0.318224,0.236103,0.146268,0.15466,0.143799,0.221952,0.167362,0.298974,0.202999,0.287185,0.270104,0.268051,0.245557,0.345366,0.304336,0.302164,0.668438,0.466477,0.208105,0.330142,0.362721,0.419152,0.403925,0.455727,0.348032,0.305095,0.252408,0.377949,0.384363,0.483948,0.474263,0.340188,0.750082,0.539915,0.295159,0.107472,0.231701,0.354508,0.250048,0.596424,0.210754,0.183148,0.30251,0.184989,0.192509,0.346263,0.255086,0.324365,0.290626,0.334298,0.325045,0.209379,0.11733,0.189415,0.193313,0.264043,0.219039,0.316157,0.31077,0.450681,0.676303,0.323419,0.564186,0.39693,0.519136,0.546752,0.529416,0.405082,0.473283,0.379186,0.458749,0.543321,0.234014,0.109911,0.45852,0.166574,0.261696,0.259918,0.401293,0.253707,0.187386,0.28235,0.329963,0.36353,0.2339,0.219398,0.225873,0.293834,0.250396,0.277352,0.566702,0.554585,0.382847,0.434227,0.594778,0.400765,0.537031,0.352199,0.219847,0.065016,0.143126,0.113535,0.277391,0.443505,0.229762,0.280321,0.311559,0.150788,0.18113,0.230857,0.271203,0.29435,0.363313,0.31786,0.360973,0.341734,0.318332,0.499079,0.521834,0.609999,0.335954,0.532257,0.164771,0.015463,0.246775,0.232377,0.208678,0.084252,0.132952,0.186022,0.25078,0.701642,0.365959,0.217023,0.264115,0.205234,0.287423,0.229894,0.207227,0.176649,0.234509,0.500689,0.303694,0.334232,0.400358,0.268744,0.262038,0.303796,0.254094,0.173306,0.308873,0.19904,0.201247,0.151958,0.257436,0.041473,0.191717,0.243035,0.368708,0.378046,0.593692,0.500604,0.399538,0.411524,0.295598,0.330212,0.219891,0.254121,0.252441
sedu_es_9ef-D12-02,0.068802,0.216287,0.204247,0.182522,0.143808,0.236222,0.211414,0.177235,0.141481,0.154803,0.277521,0.251402,0.361515,0.341336,0.357486,0.082687,0.168359,0.173312,0.117831,0.085631,0.174281,0.191259,0.171612,0.225799,0.156457,0.1741,0.218169,0.169379,0.23252,0.220654,0.156158,0.179362,0.160383,0.234241,0.161826,0.331932,0.296867,0.564229,0.221787,0.174069,0.26564,0.075587,0.082315,0.134909,0.227304,0.155524,0.227665,0.227782,0.197044,0.191103,0.179188,0.227126,0.206724,0.289436,0.151359,0.121524,0.301209,0.322789,0.372114,0.443593,0.236427,0.226173,0.56277,0.524023,0.206614,0.272484,0.199559,0.224461,0.079119,0.052722,0.169966,0.075402,0.167706,0.227711,0.222454,0.191217,0.226288,0.185893,0.190005,0.200973,0.122383,0.274629,0.20481,0.18793,0.222002,0.214857,0.113518,0.192017,0.31975,0.251065,0.354933,0.291467,0.444271,0.407973,0.18681,0.186885,0.180956,0.024743,0.07691,0.135559,0.099532,0.255075,0.202301,0.293944,0.271095,0.160828,0.205184,0.183419,0.184178,0.193757,0.148212,0.180836,0.182323,0.207305,0.266079,0.369675,0.318424,0.297117,0.364532,0.420504,0.412428,0.361907,0.080981,0.106186,0.109578,0.132146,0.213685,0.153064,0.194069,0.144751,0.227482,0.194245,0.197582,0.179357,0.284275,0.22108,0.191315,0.248858,0.147781,0.139238,0.21649,0.319734,0.347622,0.236535,0.398066,0.304999,0.371567,0.32696,0.285248,0.432949,0.5,0.296598,0.258703,0.299439,0.352343,0.148349,0.118357,0.117445,0.088595,0.172859,0.180951,0.143954,0.10006,0.26672,0.106397,0.163371,0.216659,0.175258,0.235203,0.152465,0.242562,0.234361,0.197307,0.136346,0.229466,0.177581,0.228521,0.17453,0.349458,0.396906,0.263078,0.638462,0.371011,0.436293,0.332996,0.386694,0.331544,0.381948,0.211738,0.41872,0.397783,0.341695,0.943502,0.127483,0.143707,0.098064,0.112353,0.24267,0.266353,0.258288,0.187459,0.196998,0.180524,0.359815,0.275317,0.171987,0.188241,0.174123,0.296711,0.168706,0.354185,0.377264,0.330029,0.338396,0.244398,0.775212,0.318427,0.443542,0.230104,0.156656,0.123407,0.131171,0.0,0.159739,0.558304,0.251533,0.233774,0.245427,0.121938,0.100765,0.195483,0.187429,0.171929,0.438139,0.636307,0.310345,0.307805,0.245712,0.308545,0.405267,0.309373,0.334963,0.341949,0.076452,0.108783,0.155504,0.10123,0.136335,0.074864,0.175959,0.08694,0.191074,0.070695,0.223687,0.126684,0.113694,0.192381,0.186517,0.147603,0.224301,0.229252,0.289166,0.28084,0.261033,0.335602,0.211373,0.185818,0.129095,0.183916,0.191975,0.142159,0.189648,0.196618,0.22039,0.190568,0.170055,0.051854,0.137301,0.087404,0.243982,0.21692,0.247369,0.418603,0.251423,0.538744,0.172091,0.212979,0.392445,0.131059,0.180541
sedu_es_9ef-D12-03,0.111843,0.269366,0.522867,0.176432,0.269253,0.253295,0.245321,0.188983,0.310086,0.349484,0.346057,0.320674,0.41666,0.711056,0.191242,0.467182,0.859688,0.494884,0.240057,0.127976,0.257109,0.279306,0.388801,0.420489,0.547824,0.405515,0.244344,0.436424,0.286754,0.259803,0.408365,0.622922,0.463319,0.364595,0.238898,0.441562,0.51766,0.410099,0.244599,0.583484,0.31469,0.179509,0.124803,0.228693,0.484475,0.201152,0.274649,0.263063,0.241207,0.195981,0.53256,0.311123,0.232878,0.293233,0.373171,0.150215,0.429725,0.400826,0.464457,0.352609,0.471052,0.21373,0.291009,0.32593,0.187774,0.490028,0.339785,0.30658,0.135408,0.129525,0.204158,0.171229,0.264196,0.268797,0.447331,0.212992,0.233651,0.212347,0.263734,0.243321,0.193939,0.21168,0.233877,0.45616,0.373291,0.229226,0.459875,0.210075,0.55079,0.330423,0.396225,0.390043,0.29345,0.776358,0.377244,0.313175,0.516795,0.0,0.20849,0.207166,0.212064,0.274362,0.22873,0.202392,0.258997,0.198576,0.355134,0.195421,0.210072,0.479695,0.146489,0.237692,0.190792,0.217186,0.341049,0.437447,0.414812,0.515251,0.325521,0.283441,0.417848,0.366375,0.205698,0.173948,0.167392,0.206544,0.219422,0.213264,0.22658,0.14239,0.251654,0.213759,0.237502,0.183166,0.226261,0.161733,0.24411,0.214269,0.361292,0.149476,0.251705,0.380318,0.423931,0.490716,0.414422,0.358923,0.332849,0.345937,0.370746,0.298078,0.414893,0.292546,0.157613,0.617821,0.391856,0.229137,0.208981,0.186337,0.150997,0.332665,0.471308,0.145509,0.185296,0.243287,0.168671,0.198972,0.282241,0.235795,0.386311,0.242719,0.250741,0.227051,0.16929,0.262471,0.454019,0.434843,0.258961,0.167228,0.392497,0.384883,0.538435,0.423594,0.384117,0.5,0.405329,0.613514,0.551925,0.590748,0.260578,0.384333,0.430196,0.410441,0.319355,0.244856,0.151487,0.187131,0.153854,0.189398,0.154313,0.312197,0.136449,0.173414,0.196279,0.320179,0.3212,0.132228,0.45699,0.446298,0.306306,0.212858,0.381183,0.736458,0.872469,0.354031,0.504328,0.465612,0.212219,0.640819,0.353421,0.237774,0.182398,0.161397,0.113932,0.210358,0.383456,0.257301,0.205823,0.249001,0.094378,0.174566,0.181859,0.20714,0.183093,0.385116,0.369266,0.399398,0.437044,0.282539,0.491696,0.446758,0.60653,0.250493,0.32899,0.18146,0.063932,0.170516,0.171072,0.162494,0.08176,0.110433,0.1627,0.31712,0.143215,0.302502,0.190466,0.202804,0.260817,0.209594,0.182898,0.223473,0.203189,0.343628,0.27837,0.32672,0.520558,0.259195,0.265218,0.217721,0.168198,0.151332,0.168561,0.203501,0.256095,0.232431,0.160531,0.234742,0.091947,0.246817,0.175295,0.279959,0.255439,0.614927,0.396375,0.368236,0.552435,0.249758,0.249105,0.30658,0.222513,0.28146
sedu_es_9ef-D12-04,0.104131,0.169853,0.206492,0.123888,0.172385,0.224686,0.241352,0.250488,0.262316,0.301987,0.213952,0.214337,0.342566,0.695644,0.212564,0.053764,0.159387,0.183274,0.194681,0.012295,0.159992,0.128147,0.196889,0.143909,0.194874,0.196892,0.212278,0.235579,0.319182,0.268757,0.14685,0.274851,0.174735,0.189762,0.133199,0.363094,0.581739,0.346379,0.18115,0.103067,0.193634,0.257848,0.025561,0.167173,0.136129,0.170922,0.261113,0.21548,0.225388,0.206395,0.220274,0.358788,0.268515,0.30874,0.17894,0.185988,0.264063,0.363992,0.379201,0.470598,0.557806,0.262345,0.242455,0.285201,0.195173,0.441105,0.129798,0.201784,0.234551,0.032276,0.240307,0.135179,0.126042,0.200639,0.219434,0.19259,0.252712,0.150382,0.293899,0.304733,0.15479,0.316781,0.25259,0.181025,0.234918,0.251138,0.194567,0.182151,0.45066,0.285745,0.377002,0.45341,0.348641,1.0,0.119753,0.177404,0.137133,0.028876,0.059267,0.168668,0.055974,0.227382,0.195348,0.29517,0.410783,0.313697,0.212768,0.200029,0.20348,0.242809,0.277099,0.319943,0.195472,0.275714,0.33753,0.40651,0.337333,0.461085,0.474142,0.295224,0.529072,0.310928,0.078555,0.048901,0.096998,0.085488,0.206261,0.190203,0.164246,0.165192,0.25107,0.229025,0.364263,0.275367,0.345156,0.33691,0.186632,0.205407,0.149672,0.19991,0.276817,0.492854,0.375782,0.360231,0.497364,0.522899,0.493698,0.394698,0.282071,0.294835,0.506081,0.352982,0.228503,0.362097,0.748036,0.161016,0.156498,0.114665,0.075306,0.190614,0.198916,0.139239,0.176011,0.227764,0.167876,0.195151,0.233884,0.260191,0.317353,0.233788,0.24981,0.21493,0.258245,0.143539,0.275859,0.32232,0.266332,0.240572,0.361114,0.426657,0.415821,0.389401,0.32467,0.508521,0.41535,0.472493,0.456778,0.702124,0.21879,0.437969,0.641226,0.717619,0.427015,0.068799,0.105232,0.072629,0.114551,0.160934,0.1987,0.301386,0.175101,0.189485,0.209887,0.351841,0.28963,0.18535,0.223826,0.180857,0.323661,0.194566,0.563403,0.428653,0.351392,0.33703,0.388368,0.574043,0.284489,0.604785,0.236424,0.174887,0.042852,0.151942,0.0,0.147809,0.529563,0.212418,0.201657,0.203169,0.125409,0.142822,0.164124,0.212429,0.254585,0.397592,0.341728,0.379797,0.38946,0.271699,0.483605,0.486994,0.459488,0.215893,0.356344,0.068491,0.111703,0.187261,0.105547,0.114365,0.079057,0.124989,0.096513,0.292321,0.025556,0.252719,0.112594,0.095793,0.198426,0.203817,0.170461,0.225812,0.201131,0.234175,0.275682,0.323613,0.412376,0.235985,0.141325,0.132351,0.186226,0.141542,0.114447,0.260009,0.235072,0.345933,0.187528,0.181056,0.070621,0.124458,0.145921,0.315833,0.292842,0.348413,0.437229,0.435612,0.478264,0.224236,0.238253,0.317699,0.283843,0.145834
sedu_es_9ef-D13-01,0.079958,0.265189,0.216157,0.110271,0.319466,0.336333,0.420236,0.235072,0.1197,0.151798,0.242241,0.227391,0.28397,0.363219,0.145677,0.017561,0.191636,0.134777,0.105013,0.0,0.152836,0.291558,0.180618,0.222023,0.193115,0.184432,0.281958,0.242443,0.301778,0.238242,0.17255,0.115485,0.145248,0.203828,0.166536,0.314578,0.328864,0.429727,0.213342,0.326804,0.224903,0.112357,0.00767,0.145301,0.185444,0.13803,0.205379,0.253835,0.254102,0.336583,0.35588,0.404355,0.32353,0.319617,0.199619,0.159425,0.250401,0.290731,0.36802,0.361359,0.239863,0.21925,0.293173,0.362311,0.185157,0.24664,0.147567,0.174958,0.118776,0.05561,0.251745,0.119652,0.168263,0.139514,0.247973,0.343698,0.381061,0.35237,0.350578,0.415505,0.175601,0.331217,0.212637,0.176606,0.241385,0.380121,0.198695,0.191676,0.310792,0.285463,0.399464,0.308993,0.305435,0.728323,0.138589,0.195557,0.200142,0.093839,0.06629,0.170704,0.125561,0.182069,0.183846,0.341366,0.354084,0.247731,0.347285,0.369865,0.340972,0.243583,0.170873,0.221521,0.434397,0.405499,0.33101,0.374238,0.327535,0.339399,0.412667,0.449043,0.605959,0.327472,0.068903,0.165724,0.123989,0.113163,0.240789,0.194224,0.295326,0.197295,0.253368,0.189642,0.357307,0.279457,0.403926,0.385696,0.32366,0.270413,0.332084,0.19299,0.404796,0.416592,0.372835,0.313032,0.424531,0.334152,0.378612,0.304409,0.346388,0.441752,0.402231,0.276421,0.237985,0.232488,0.628962,0.220982,0.172463,0.15442,0.109939,0.188342,0.246835,0.315671,0.179129,0.248089,0.219376,0.177348,0.254232,0.249415,0.403068,0.253187,0.248462,0.267565,0.280231,0.126114,0.221085,0.367928,0.457539,0.260105,0.40804,0.384909,0.26255,0.637089,0.381017,0.412811,0.290231,0.379115,0.485092,0.418251,0.202146,0.540472,0.710735,0.714658,0.645454,0.209599,0.213387,0.130099,0.147566,0.281181,0.243887,0.281717,0.474289,0.239038,0.35277,0.550504,0.477153,0.235635,0.23234,0.207759,0.478012,0.232388,0.324299,0.380826,0.551217,0.390373,0.263777,0.949331,0.403477,0.514539,0.310868,0.180263,0.149014,0.140768,0.052711,0.210204,0.389681,0.244294,0.340091,0.247276,0.287638,0.305113,0.389819,0.449431,0.215177,0.379885,0.668717,0.356997,0.308377,0.312633,0.367443,0.560891,0.303358,0.26345,0.422168,0.186505,0.080087,0.235334,0.130031,0.158554,0.111014,0.118063,0.19093,0.182612,0.063179,0.811464,0.177053,0.245367,0.221241,0.271973,0.195544,0.260775,0.258208,0.287555,0.581606,0.300784,0.398442,0.269631,0.288166,0.245369,0.124135,0.205408,0.180268,0.352577,0.31782,0.350606,0.249992,0.239186,0.089252,0.202062,0.171722,0.311728,0.300062,0.275257,0.441131,0.323616,0.635869,0.275982,0.316893,0.371954,0.318391,0.30992
sedu_es_9ef-D13-02,0.199354,0.303647,0.285082,0.233415,0.11821,0.397677,0.240018,0.241745,0.371919,0.307115,0.234344,0.325408,0.400876,0.914621,0.263827,0.105147,0.149871,0.313964,0.175273,0.027139,0.216992,0.139979,0.148961,0.228188,0.252113,0.203637,0.340583,0.230589,0.26039,0.294062,0.105808,0.292847,0.223531,0.184306,0.17287,0.397378,0.788518,0.314147,0.217336,0.165178,0.219079,0.135465,0.0,0.319462,0.152323,0.117541,0.180579,0.212145,0.296205,0.186969,0.348827,0.421953,0.239481,0.24788,0.133663,0.177819,0.397021,0.400656,0.577509,0.607585,0.680582,0.531432,0.317234,0.308995,0.24905,0.531209,0.183471,0.235299,0.297214,0.01727,0.397515,0.376917,0.153233,0.125875,0.153575,0.181686,0.240351,0.253572,0.29912,0.430968,0.158391,0.307015,0.171011,0.095917,0.178139,0.252249,0.202005,0.143095,0.379865,0.364087,0.460094,0.531428,0.342291,0.764073,0.199909,0.285699,0.177645,0.1482,0.040001,0.425297,0.129593,0.16125,0.180979,0.296139,0.258257,0.182099,0.215307,0.171303,0.15899,0.35305,0.19751,0.221752,0.339749,0.359182,0.229084,0.267809,0.421592,0.539664,0.44939,0.406544,0.604136,0.303361,0.051723,0.02575,0.264009,0.18693,0.157746,0.254268,0.19267,0.161959,0.195259,0.245468,0.272243,0.193541,0.495661,0.235158,0.1818,0.293572,0.33488,0.186361,0.394015,0.296705,0.536712,0.298448,0.617622,0.394508,0.477401,0.315608,0.315853,0.40486,0.540786,0.358218,0.277009,0.36104,0.378344,0.096911,0.203825,0.306229,0.183389,0.472469,0.164297,0.196543,0.244661,0.231354,0.178631,0.237855,0.418396,0.25112,0.285043,0.187967,0.227215,0.241487,0.256621,0.122622,0.215182,0.160075,0.240097,0.235123,0.251724,0.449869,0.488938,0.48443,0.316862,0.657168,0.573482,0.611051,0.414215,0.580435,0.253803,0.412911,0.605719,0.609467,0.649232,0.073898,0.151874,0.173668,0.452534,0.148381,0.191454,0.257357,0.239905,0.173426,0.21841,0.258265,0.272285,0.231011,0.29735,0.158354,0.264774,0.228814,0.567456,0.474798,0.419412,0.356173,0.51841,0.62708,0.342524,0.855458,0.485674,0.26065,0.090017,0.215315,0.060393,0.249258,0.621513,0.150612,0.167264,0.205952,0.188566,0.220943,0.097007,0.189624,0.427103,0.352477,0.362638,0.534494,0.51102,0.34845,0.367064,0.423231,0.570945,0.327577,0.381399,0.050797,0.202573,0.281235,0.313903,0.151092,0.265922,0.204167,0.137288,0.341356,0.28014,0.178401,0.205817,0.308828,0.230041,0.245615,0.196227,0.214107,0.242585,0.243848,0.293318,0.488297,0.451908,0.250109,0.115683,0.107422,0.227047,0.192419,0.156915,0.313229,0.230115,0.267272,0.26659,0.254106,0.137671,0.337842,0.191714,0.264798,0.284506,0.257469,0.480814,0.433417,0.311368,0.382709,0.393754,0.296557,0.206312,0.127737
sedu_es_9ef-D13-03,0.029294,0.237235,0.291147,0.208487,0.154222,0.468196,0.228304,0.277359,0.334242,0.187454,0.421415,0.393564,0.474144,0.636771,0.382457,0.125589,0.146983,0.151534,0.134414,0.032186,0.147181,0.305686,0.119464,0.311029,0.391316,0.23433,0.422911,0.27116,0.354261,0.292969,0.261854,0.271863,0.228064,0.394502,0.221811,0.467486,0.644584,0.60436,0.498287,0.1653,0.168419,0.101962,0.004163,0.23478,0.281501,0.176845,0.158349,0.405222,0.321144,0.257007,0.274538,0.525908,0.394687,0.299459,0.169446,0.190181,0.653069,0.460724,0.524931,0.608972,0.371437,0.292327,0.468619,0.443112,0.394205,0.446084,0.130712,0.155078,0.152686,0.206836,0.515519,0.21063,0.248758,0.189832,0.202483,0.255726,0.291993,0.228996,0.44407,0.377823,0.247084,0.238443,0.246559,0.134922,0.217869,0.268374,0.215996,0.166559,0.603343,0.439065,0.329806,0.469799,0.447787,0.822353,0.187267,0.256332,0.227175,0.057178,0.027222,0.35679,0.189936,0.163746,0.193556,0.306142,0.267631,0.163317,0.228841,0.298166,0.272959,0.500876,0.188049,0.239242,0.248693,0.265693,0.513381,0.485046,0.449275,0.536114,0.336787,0.532166,0.421114,0.380216,0.244055,0.0464,0.163529,0.207422,0.212151,0.274468,0.209351,0.197899,0.220143,0.259611,0.230326,0.190211,0.221274,0.293306,0.224224,0.216309,0.31466,0.141912,0.291705,0.495715,0.604211,0.412273,0.384136,0.368605,0.534104,0.498024,0.416282,0.58122,0.482608,0.376423,0.244906,0.676415,0.61816,0.23872,0.078044,0.156574,0.248678,0.267026,0.20204,0.151314,0.168706,0.282413,0.152507,0.212089,0.258476,0.217653,0.243426,0.264022,0.325108,0.324434,0.241302,0.161538,0.13951,0.130559,0.251123,0.296213,0.425948,0.369987,0.513291,0.451857,0.292509,0.605576,0.542918,0.518444,0.732292,0.723312,0.288472,0.589428,0.634755,0.899232,0.524369,0.293082,0.098175,0.268997,0.199655,0.280416,0.23841,0.334826,0.154081,0.086238,0.22918,0.274895,0.41413,0.296865,0.134598,0.118388,0.358829,0.210373,0.32632,0.609772,0.565132,0.508553,0.423667,0.948064,0.452587,0.694845,0.672147,0.162104,0.072464,0.156764,0.0,0.213501,0.544632,0.280131,0.212552,0.24954,0.064045,0.221668,0.200064,0.236882,0.46109,0.331702,0.318429,0.303369,0.429753,0.36248,0.543519,0.476376,0.543516,0.251326,0.406037,0.081333,0.013002,0.187749,0.261075,0.17385,0.03264,0.118062,0.108666,0.390749,0.047527,0.295957,0.185816,0.237041,0.18439,0.224475,0.239461,0.174746,0.152821,0.326896,0.444537,0.274808,0.404516,0.307148,0.338752,0.14917,0.153417,0.164719,0.121644,0.25499,0.283781,0.420109,0.173353,0.271016,0.120816,0.341772,0.12311,0.37241,0.373775,0.382021,0.433995,0.413416,0.487713,0.197579,0.204096,0.270742,0.162857,0.35522
sedu_es_9ef-D13-04,0.074864,0.215957,0.309919,0.202753,0.183866,0.343526,0.262277,0.301294,0.191627,0.165412,0.18869,0.171584,0.233355,0.374033,0.20443,0.0,0.045971,0.07832,0.28728,0.031915,0.185479,0.244923,0.185462,0.323928,0.390352,0.249219,0.287052,0.295519,0.391937,0.301782,0.167051,0.111123,0.186893,0.147877,0.162097,0.253975,0.369143,0.507185,0.505902,0.098302,0.104047,0.23849,0.077164,0.234895,0.270112,0.185878,0.203743,0.284575,0.231954,0.302863,0.334597,0.383568,0.304669,0.325479,0.176899,0.191085,0.270689,0.255396,0.315719,0.416306,0.357315,0.277879,0.263672,0.46005,0.421425,0.258463,0.072413,0.103602,0.283205,0.088554,0.348174,0.19998,0.262084,0.1947,0.22332,0.330488,0.326436,0.288968,0.337394,0.318526,0.249609,0.310421,0.321325,0.153881,0.179634,0.324704,0.211321,0.243786,0.390504,0.33754,0.337097,0.438605,0.278415,0.954058,0.102309,0.177355,0.16049,0.196652,0.094153,0.242419,0.213887,0.196054,0.226147,0.345351,0.376049,0.259845,0.323085,0.373057,0.35803,0.497178,0.150556,0.288935,0.409599,0.290711,0.409617,0.429564,0.365685,0.375035,0.471703,0.460758,0.502279,0.341791,0.150206,0.111116,0.1582,0.199769,0.251033,0.209056,0.279601,0.308477,0.272212,0.250378,0.27226,0.241585,0.352362,0.371669,0.32841,0.288298,0.284928,0.221947,0.3121,0.485429,0.382984,0.339312,0.315848,0.413925,0.512951,0.510938,0.345945,0.554961,0.314989,0.487934,0.171364,0.347852,0.628004,0.216508,0.160532,0.168134,0.198973,0.241468,0.298332,0.292018,0.165989,0.31421,0.279765,0.211175,0.323368,0.252017,0.309895,0.287552,0.345119,0.388815,0.263898,0.14019,0.463154,0.193867,0.308703,0.391439,0.393594,0.286644,0.311082,0.34452,0.285917,0.38005,0.258882,0.35967,0.520229,0.550091,0.263827,0.605315,0.684846,0.79122,0.239757,0.172336,0.146459,0.174508,0.13732,0.277026,0.259694,0.398667,0.281857,0.223429,0.333842,0.354541,0.416334,0.376541,0.197255,0.188857,0.37134,0.275219,0.515794,0.328125,0.51246,0.341297,0.238757,0.751359,0.473197,0.383694,0.291166,0.199911,0.141166,0.141035,0.097619,0.17791,0.478869,0.396233,0.488619,0.545053,0.251862,0.263899,0.233114,0.297848,0.401284,0.301202,0.315749,0.289682,0.289379,0.307247,0.384725,0.37531,0.27444,0.189556,0.368445,0.10725,0.075721,0.21047,0.167279,0.264013,0.078057,0.065716,0.194866,0.218722,0.109505,0.410217,0.169337,0.264619,0.293959,0.321292,0.307084,0.310307,0.255711,0.441292,0.649459,0.269977,0.519879,0.328432,0.196803,0.211944,0.14074,0.269495,0.612303,0.275701,0.328306,0.442493,0.246053,0.295856,0.150741,0.204842,0.173386,0.374948,0.380478,0.486067,0.371283,0.379436,0.48496,0.313645,0.323355,0.243893,0.18868,0.192687
sedu_es_9ef-D14-01,0.030224,0.160144,0.228724,0.203502,0.079775,0.176459,0.112695,0.074459,0.11147,0.087714,0.166239,0.179285,0.295512,0.260316,0.327619,0.056923,0.041882,0.029178,0.067151,0.094008,0.120306,0.101614,0.054955,0.20124,0.201528,0.096445,0.116724,0.054635,0.146049,0.326814,0.037307,0.10743,0.117143,0.161502,0.086317,0.25607,0.151503,0.222666,0.373005,0.030174,0.107568,0.051447,0.035327,0.130898,0.09808,0.0,0.010152,0.111208,0.022224,0.060793,0.125253,0.107797,0.113942,0.206843,0.002346,0.062722,0.187599,0.251419,0.36169,0.10538,0.153692,0.198817,0.399982,0.203265,0.323612,0.210275,0.097019,0.099289,0.052009,0.023234,0.167324,0.119303,0.123867,0.05748,0.036969,0.078592,0.08187,0.151425,0.102815,0.148112,0.179792,0.126455,0.042695,0.00224,0.09177,0.122071,0.297901,0.040746,0.176451,0.38284,0.166076,0.192113,0.300708,0.376585,0.113278,0.108913,0.099411,0.080373,0.056805,0.107412,0.050495,0.045093,0.037446,0.243221,0.154254,0.013449,0.17672,0.053191,0.03931,0.152577,0.253594,0.131955,0.171801,0.199939,0.107746,0.144281,0.361074,0.133222,0.211262,0.349763,0.277569,0.453971,0.106722,0.105638,0.070696,0.068565,0.068028,0.021688,0.108603,0.126657,0.036141,0.17086,0.198853,0.135687,0.298272,0.186484,0.059069,0.139381,0.101907,0.101717,0.186768,0.10955,0.383147,0.082317,0.110696,0.11899,0.264869,0.196057,0.192454,0.429568,0.285603,0.265211,0.291164,0.26922,0.215675,0.065652,0.006581,0.139571,0.06247,0.205843,0.100595,0.112234,0.007657,0.117538,0.309397,0.354151,0.3768,0.200542,0.276006,0.061598,0.078279,0.117162,0.122354,0.282126,0.038596,0.061694,0.129019,0.094682,0.078679,0.188844,0.155376,0.266021,0.130584,0.291091,0.341799,0.346374,0.171801,0.22814,0.194861,0.446196,0.125569,0.165185,0.121857,0.115368,0.039174,0.087288,0.13775,0.137486,0.224985,0.209388,0.155765,0.134617,0.072606,0.156348,0.223641,0.132673,0.105875,0.09324,0.283959,0.171735,0.135207,0.171724,0.172993,0.289763,0.118647,0.17459,0.776597,0.934933,0.356148,0.103501,0.103804,0.040835,0.040184,0.081129,0.292775,0.033762,0.089673,0.149119,0.059123,0.137807,0.206848,0.150774,0.108548,0.194167,0.17223,0.204228,0.095576,0.133858,0.234771,0.09969,0.241732,0.271011,0.735878,0.107062,0.045057,0.060138,0.063534,0.143765,0.055068,0.186585,0.047785,0.144839,0.065536,0.452379,0.088717,0.097956,0.152227,0.123752,0.092865,0.087461,0.157842,0.213391,0.167851,0.146614,0.658219,0.145525,0.105371,0.126983,0.13782,0.237669,0.212721,0.129237,0.077173,0.103247,0.101829,0.367005,0.032694,0.072048,0.312248,0.069218,0.049627,0.190711,0.597437,0.203442,0.16599,0.072641,0.081505,0.179072,0.114817,0.290097
sedu_es_9ef-D14-02,0.06542,0.194333,0.398166,0.208863,0.107512,0.235635,0.23256,0.244138,0.209292,0.122459,0.207012,0.187545,0.453171,0.430253,0.348613,0.050382,0.083052,0.154446,0.083701,0.062289,0.179209,0.145307,0.119056,0.307413,0.346195,0.210532,0.188437,0.195561,0.242989,0.226956,0.106424,0.188733,0.133884,0.219136,0.074956,0.419175,0.351964,0.278257,0.371792,0.165898,0.122875,0.078839,0.040746,0.168866,0.165402,0.054496,0.156474,0.189096,0.142465,0.162592,0.391596,0.361152,0.26496,0.231185,0.115365,0.165514,0.215691,0.436857,0.444382,0.375501,0.257065,0.272383,0.444677,0.260342,0.359976,0.296525,0.100686,0.156015,0.120959,0.035649,0.369866,0.181601,0.152401,0.106602,0.144069,0.163774,0.221814,0.237405,0.312248,0.3668,0.193081,0.250749,0.124198,0.077224,0.140056,0.214906,0.331443,0.107014,0.347706,0.228034,0.226802,0.222812,0.320119,0.489112,0.116861,0.259183,0.280724,0.074297,0.058207,0.16599,0.098764,0.131992,0.158703,0.230901,0.260725,0.164858,0.202467,0.174998,0.145913,0.334262,0.289829,0.184035,0.262767,0.268845,0.194344,0.289343,0.393987,0.250397,0.282005,0.47547,0.319953,0.367596,0.149532,0.097537,0.118635,0.10336,0.150482,0.097855,0.152065,0.112252,0.164627,0.181044,0.2423,0.177212,0.226278,0.212563,0.189788,0.279005,0.151722,0.186992,0.287565,0.197666,0.228327,0.277641,0.382597,0.307697,0.297734,0.329027,0.383803,0.456701,0.328514,0.224239,0.442937,0.234755,0.297924,0.156365,0.08525,0.126608,0.092785,0.181122,0.15021,0.15641,0.112896,0.214753,0.188417,0.214042,0.279047,0.208631,0.260534,0.177672,0.217538,0.211998,0.174262,0.078095,0.15724,0.147822,0.216662,0.185779,0.33528,0.344669,0.255918,0.264588,0.284178,0.41582,0.347135,0.434612,0.336084,0.317496,0.224967,0.511368,0.272776,0.386287,0.288178,0.135316,0.185545,0.072414,0.138648,0.241088,0.241996,0.276203,0.188514,0.213241,0.2092,0.264668,0.260199,0.190108,0.264816,0.240974,0.248198,0.203194,0.258578,0.307962,0.250339,0.278454,0.359027,0.315457,0.819595,1.0,0.217427,0.15418,0.10657,0.197564,0.019551,0.163551,0.296972,0.129315,0.218821,0.215701,0.128529,0.193235,0.188646,0.184507,0.232151,0.350344,0.238708,0.366252,0.369252,0.391777,0.284563,0.425451,0.324229,0.445304,0.540376,0.201589,0.059058,0.181782,0.104828,0.080873,0.096542,0.492424,0.160278,0.253127,0.061508,0.26601,0.121961,0.125232,0.172661,0.191156,0.183271,0.19867,0.207251,0.221011,0.219146,0.214763,0.387316,0.212625,0.139477,0.174708,0.167695,0.226427,0.150293,0.209055,0.225839,0.249213,0.220692,0.220672,0.050349,0.137397,0.172971,0.220358,0.217847,0.234805,0.527641,0.251433,0.251287,0.249844,0.261369,0.312556,0.138939,0.169218
sedu_es_9ef-D14-03,0.02716,0.190792,0.301172,0.227585,0.148692,0.236174,0.223106,0.15314,0.228808,0.13424,0.251528,0.242597,0.423775,0.435356,0.485403,0.05943,0.111251,0.117377,0.1117,0.026954,0.142679,0.164987,0.147889,0.311089,0.266129,0.191841,0.173295,0.163005,0.244661,0.226168,0.248471,0.127937,0.136967,0.189467,0.117688,0.412397,0.317725,0.536613,0.397598,0.141535,0.188686,0.104685,0.0,0.181424,0.167954,0.243884,0.128194,0.196086,0.10488,0.159562,0.199889,0.376136,0.289364,0.181382,0.096267,0.126442,0.212281,0.4041,0.425979,0.517798,0.195719,0.300179,0.545541,0.490552,0.378099,0.270458,0.168736,0.207068,0.436682,0.008186,0.210209,0.152705,0.154139,0.17822,0.117955,0.135593,0.191867,0.184879,0.332738,0.310851,0.196554,0.253263,0.138323,0.08841,0.152319,0.19946,0.14667,0.116251,0.350656,0.417352,0.221732,0.271428,0.474229,0.557419,0.179434,0.168213,0.162299,0.23594,0.041088,0.153138,0.087776,0.163096,0.114345,0.206007,0.219852,0.076426,0.133614,0.129861,0.120763,0.197723,0.151659,0.159708,0.285407,0.219669,0.182142,0.203111,0.314759,0.215131,0.296593,0.483508,0.37474,0.586338,0.068863,0.031166,0.08531,0.10794,0.120962,0.074417,0.15488,0.094916,0.152505,0.203487,0.176856,0.082776,0.21245,0.139591,0.11601,0.212485,0.129414,0.114814,0.234575,0.216373,0.316304,0.328832,0.409269,0.380131,0.36282,0.406332,0.337187,0.594316,0.45366,0.311021,0.319471,0.277198,0.365787,0.080703,0.033078,0.115229,0.074499,0.206868,0.149238,0.129348,0.090671,0.214675,0.1308,0.173729,0.240213,0.139668,0.209261,0.133744,0.172201,0.186136,0.151665,0.10269,0.11439,0.108616,0.186307,0.110991,0.188849,0.269175,0.252127,0.357929,0.303785,0.484919,0.498387,0.476646,0.467586,0.367352,0.252822,0.723691,0.441191,0.576815,0.440373,0.093545,0.106575,0.085199,0.117019,0.174767,0.159902,0.264263,0.164539,0.112571,0.120072,0.218449,0.267674,0.13366,0.133609,0.118108,0.205957,0.198005,0.232329,0.278908,0.285676,0.338821,0.181838,0.463821,0.791872,0.99737,0.17125,0.157092,0.07683,0.151111,0.028608,0.143707,0.568244,0.112033,0.140955,0.193603,0.085727,0.104258,0.216263,0.207938,0.180842,0.358182,0.353275,0.240639,0.395447,0.391867,0.33091,0.272816,0.295342,0.274711,0.583432,0.069157,0.0524,0.118385,0.121543,0.109857,0.059523,0.324275,0.094217,0.220383,0.065668,0.386244,0.132819,0.127953,0.169198,0.138238,0.137287,0.177896,0.221376,0.203258,0.301365,0.212829,0.579685,0.20276,0.113935,0.108433,0.159925,0.208361,0.16299,0.240892,0.10848,0.145002,0.145233,0.330866,0.005875,0.098794,0.298777,0.166371,0.16033,0.220492,0.600999,0.307144,0.3385,0.130628,0.152817,0.253874,0.121208,0.171545
sedu_es_9ef-D14-04,0.244199,0.472497,0.457709,0.487346,0.11833,0.286252,0.31462,0.270397,0.433811,0.090102,0.213252,0.21633,0.367474,0.252866,0.396885,0.071494,0.063821,0.120537,0.194043,0.044837,0.159075,0.261615,0.095729,0.454294,0.405801,0.386156,0.22481,0.270321,0.279835,0.361807,0.122928,0.137724,0.10539,0.173659,0.223578,0.367437,0.269189,0.202951,0.305905,0.072878,0.042897,0.192475,0.0,0.207046,0.205408,0.162122,0.070659,0.205358,0.140807,0.204321,0.457529,0.246839,0.152741,0.130201,0.090663,0.194478,0.253479,0.391567,0.380395,0.381244,0.253175,0.230631,0.283782,0.240541,0.369326,0.273551,0.119579,0.12109,0.245665,0.313121,0.195904,0.186012,0.22372,0.182075,0.106966,0.177537,0.209954,0.299417,0.246889,0.178752,0.291153,0.109282,0.107207,0.046254,0.118715,0.225605,0.180511,0.064486,0.245047,0.310032,0.206281,0.224847,0.305025,0.33698,0.181079,0.261005,0.151964,0.258636,0.052662,0.209061,0.175664,0.139898,0.114816,0.432109,0.154401,0.0635,0.098274,0.143088,0.095904,0.231509,0.159454,0.135059,0.94612,0.518872,0.236595,0.187122,0.372981,0.236197,0.233291,0.465284,0.294704,0.576673,0.06495,0.020226,0.165538,0.236202,0.113491,0.008877,0.19789,0.127764,0.157374,0.227002,0.16976,0.093714,0.337376,0.14755,0.09501,0.448815,0.140525,0.089408,0.43827,0.166615,0.409579,0.168924,0.25628,0.220674,0.397844,0.327955,0.310275,0.461375,0.414075,0.202187,0.186287,0.222084,0.401242,0.054225,0.101971,0.198424,0.165381,0.290396,0.140343,0.166135,0.161188,0.241754,0.20611,0.223837,0.268917,0.146766,0.286228,0.179113,0.184188,0.204988,0.313831,0.12352,0.131925,0.054541,0.363719,0.151577,0.182918,0.225935,0.246914,0.404881,0.072402,0.298254,0.33939,0.337445,0.176358,0.326639,0.409601,0.345033,0.253792,0.271138,0.13361,0.156634,0.124411,0.19926,0.227545,0.219482,0.177937,0.235206,0.162679,0.104086,0.197504,0.094089,0.221908,0.170458,0.119661,0.104667,0.325397,0.502656,0.177959,0.314998,0.167452,0.324187,0.256421,0.222974,0.379933,0.5,0.087306,0.219311,0.143352,0.096319,0.118516,0.192627,0.216388,0.061406,0.163829,0.273136,0.072015,0.153798,0.366106,0.328063,0.575414,0.14324,0.199625,0.29637,0.203709,0.156168,0.312022,0.126081,0.304777,0.334426,0.34969,0.074997,0.083896,0.169336,0.168308,0.28508,0.110052,0.334047,0.117356,0.28534,0.177793,0.222372,0.131077,0.221997,0.217533,0.228023,0.210369,0.406434,0.347986,0.241289,0.275359,0.262335,0.382348,0.261041,0.101537,0.132063,0.145999,0.724975,0.196436,0.19873,0.178583,0.254056,0.259022,0.212115,0.117696,0.160137,0.54335,0.204149,0.223366,0.184563,0.343625,0.239012,0.1911,0.109438,0.123621,0.1677,0.159534,0.139946
sedu_es_9ef-D15-01,0.251852,0.368745,0.445995,0.595919,0.132319,0.306835,0.344215,0.323336,0.146612,0.096615,0.159573,0.151187,0.272097,0.057902,0.370677,0.066228,0.049255,0.056634,0.176182,0.099632,0.19843,0.178949,0.124641,0.684882,0.37051,0.449133,0.234359,0.182267,0.372297,0.372008,0.072699,0.037413,0.158514,0.187379,0.121887,0.214571,0.085781,0.246279,0.659865,0.044436,0.104237,0.190655,0.117049,0.199939,0.195109,0.178294,0.126246,0.221861,0.168641,0.186648,0.375989,0.197409,0.217619,0.179449,0.07668,0.123496,0.153934,0.230974,0.253646,0.232027,0.118449,0.271415,0.333274,0.300939,0.671811,0.14463,0.136947,0.17091,0.275105,0.058286,0.205269,0.159799,0.222993,0.231448,0.14745,0.212189,0.145261,0.247569,0.181376,0.20667,0.410219,0.228968,0.173358,0.077038,0.159055,0.199919,0.317041,0.126599,0.159101,0.170503,0.113437,0.076021,0.369304,0.213268,0.153594,0.178661,0.309078,0.278185,0.085639,0.186164,0.182299,0.17922,0.132705,0.215937,0.226633,0.158303,0.188651,0.156066,0.120974,0.266214,0.281128,0.112672,0.600867,0.332788,0.346761,0.185178,0.292134,0.259102,0.192437,0.342335,0.236628,0.332837,0.179225,0.092979,0.211046,0.164318,0.111674,0.154439,0.222688,0.141195,0.190385,0.193737,0.186402,0.151999,0.357653,0.167268,0.206371,0.520364,0.177307,0.033243,0.378697,0.129775,0.289129,0.035928,0.122787,0.07922,0.228996,0.214117,0.222801,0.285782,0.110131,0.135788,0.31494,0.173308,0.144667,0.299038,0.095307,0.283526,0.28343,0.482733,0.195419,0.17626,0.137815,0.288405,0.165418,0.23107,0.2907,0.154736,0.196206,0.207163,0.224624,0.274366,0.058746,0.03732,0.011697,0.0,0.139504,0.073878,0.144302,0.186871,0.082794,0.175059,0.075575,0.148983,0.116317,0.191718,0.116251,0.171267,0.259693,0.37307,0.118381,0.202107,0.099224,0.161568,0.121887,0.303767,0.264128,0.218451,0.240936,0.261347,0.330334,0.137727,0.119651,0.150921,0.239733,0.11404,0.13085,0.129226,0.141502,0.226526,0.085477,0.139502,0.158725,0.234155,0.082222,0.200943,0.438728,0.373928,0.433274,0.194521,0.142783,0.173999,0.096332,0.178864,0.190879,0.13038,0.29074,0.260184,0.171352,0.10576,0.215414,0.214616,0.312881,0.136107,0.104621,0.093186,0.066804,0.13879,0.198342,0.309288,0.138898,0.358526,0.326374,0.111064,0.356454,0.293178,0.320211,0.147515,0.222782,0.318192,0.336861,0.145249,0.108612,0.302191,0.182176,0.211011,0.163204,0.190184,0.146408,0.115539,0.231656,0.204805,0.265735,0.166364,0.430042,0.242465,0.118948,0.165636,0.160213,0.919755,0.236675,0.220327,0.062744,0.187675,0.21168,0.274316,0.038659,0.176241,0.20606,0.109329,0.076183,0.201186,0.309672,0.135578,0.088963,0.173098,0.168716,0.16067,0.170413,0.149863
sedu_es_9ef-D15-02,0.150693,0.311064,0.472204,0.247138,0.441826,0.366719,0.331721,0.341942,0.0,0.252282,0.128025,0.190574,0.0803,0.054903,0.445314,0.489226,0.6928,0.450534,0.18823,0.189535,0.267425,0.465818,0.210715,0.329347,0.680257,0.146943,0.40138,0.319164,0.312426,0.242315,0.159096,0.255612,0.220053,0.255898,0.249179,0.124653,0.096291,0.430643,0.319141,0.617467,0.264942,0.182725,0.234938,0.315259,0.248196,0.431216,0.180992,0.380648,0.19803,0.354686,0.387406,0.357174,0.290192,0.255385,0.259416,0.352457,0.164085,0.064412,0.13216,0.301044,0.120814,0.205747,0.771534,0.408639,0.327433,0.210572,0.267898,0.340432,0.175619,0.275742,0.268735,0.546582,0.210505,0.314697,0.268073,0.273963,0.325077,0.230534,0.280589,0.273524,0.259623,0.25098,0.269465,0.25013,0.218393,0.37164,0.342838,0.199564,0.16854,0.19587,0.120934,0.130188,0.379279,0.438435,0.381591,0.337802,0.360299,0.203289,0.26789,0.254928,0.164979,0.263742,0.206466,0.185544,0.327711,0.203852,0.304962,0.301796,0.254652,0.703399,0.302008,0.28991,0.632279,0.422254,0.08734,0.115178,0.150276,0.102746,0.207045,0.384628,0.269174,0.165403,0.352011,0.232048,0.299458,0.219138,0.247228,0.161776,0.255123,0.222771,0.31045,0.254764,0.251487,0.212261,0.276873,0.331249,0.307749,0.348131,0.234672,0.196768,0.76975,0.175622,0.231288,0.158404,0.0472,0.121737,0.177693,0.17772,0.195303,0.383839,0.214854,0.289225,0.252008,0.137134,0.276372,0.334994,0.170891,0.250647,0.161645,0.118073,0.255147,0.266961,0.257562,0.312012,0.23229,0.304307,0.296705,0.212353,0.474204,0.236252,0.266291,0.28831,0.401856,0.229703,0.173096,0.486756,0.472528,0.220101,0.127615,0.083297,0.068147,0.14145,0.170167,0.141831,0.0688,0.14998,0.129803,0.213367,0.646262,0.272038,0.205627,0.229458,0.348052,0.31804,0.278523,0.252733,0.21267,0.366333,0.236183,0.417212,0.259483,0.205884,0.289087,0.43,0.433088,0.168893,0.246361,0.275586,0.437872,0.247852,0.161256,0.066657,0.12277,0.212014,0.009272,0.392187,0.390346,0.342511,0.360637,0.247291,0.225237,0.174676,0.270887,0.25087,0.293771,0.211255,0.285479,0.376394,0.234363,0.40879,0.49169,0.382473,0.23429,0.254857,0.061991,0.205939,0.141271,0.370104,0.21168,0.155877,0.142488,0.2539,0.365576,0.358031,0.468664,0.092426,0.177994,0.198409,0.248496,0.295405,0.225079,0.015771,0.92505,0.479296,0.206696,0.46916,0.221621,0.18715,0.328841,0.246529,0.204103,0.248538,0.189077,0.195688,0.226773,0.211785,0.260406,0.327119,0.414555,0.177389,0.321601,0.233258,0.181158,0.189245,0.126455,0.210478,0.187806,0.195487,0.289147,0.347701,0.311352,0.218631,0.222927,0.181917,0.340107,0.270526,0.158626,0.117889,0.461029,0.335654
sedu_es_9ef-D15-03,0.157386,0.21691,0.73021,0.20228,0.335344,0.346557,0.316965,0.547194,0.095228,0.18562,0.183322,0.216466,0.174264,0.075602,0.332745,0.071886,0.044735,0.026643,0.296791,0.198383,0.110229,0.142867,0.271083,0.281378,0.674134,0.231051,0.308604,0.340983,0.318273,0.262183,0.144816,0.149589,0.202155,0.189477,0.083671,0.165429,0.11975,0.165893,0.249852,0.075692,0.0408,0.302275,0.173705,0.265983,0.105856,0.20404,0.224403,0.329451,0.246389,0.287804,0.356764,0.383963,0.293623,0.321545,0.224986,0.655228,0.144678,0.154384,0.210679,0.175253,0.121686,0.206582,0.177383,0.166176,0.308265,0.168852,0.01852,0.213874,0.80796,0.169625,0.272488,0.205701,0.083023,0.228291,0.244279,0.269951,0.358736,0.266806,0.331524,0.594853,0.192442,0.253042,0.323588,0.218142,0.204187,0.407835,0.682558,0.284197,0.193282,0.173012,0.151752,0.161213,0.148649,0.300068,0.088915,0.230752,0.05963,0.699225,0.214535,0.147896,0.0,0.215708,0.154466,0.22108,0.352518,0.24153,0.262157,0.270151,0.276233,0.364668,0.540518,0.359603,0.35911,0.39956,0.074507,0.120578,0.20107,0.01403,0.210469,0.26631,0.287244,0.239205,0.191905,0.179232,0.099541,0.035667,0.185761,0.123167,0.247242,0.15192,0.237572,0.265377,0.312559,0.214815,0.299785,0.295676,0.291536,0.376392,0.257118,0.5439,0.39483,0.173447,0.187175,0.061861,0.158795,0.168623,0.160718,0.140192,0.212387,0.243659,0.163835,0.195934,0.103128,0.07606,0.224047,0.257236,0.052823,0.155201,0.028621,0.127774,0.255372,0.219276,0.225966,0.318402,0.216715,0.252651,0.271674,0.305767,0.405287,0.261922,0.338574,0.297921,0.227142,0.144125,0.178104,0.278468,0.409292,0.230248,0.130973,0.149887,0.077602,0.154472,0.123284,0.220081,0.120647,0.203379,0.072403,0.138991,0.220647,0.323639,0.236634,0.243669,0.180486,0.189037,0.130651,0.076984,0.14453,0.24102,0.22913,0.435017,0.214825,0.174781,0.293266,0.350655,0.332019,0.242812,0.194789,0.211583,0.375814,0.266849,0.228143,0.030458,0.104117,0.250285,0.049876,0.225755,0.5,0.401146,0.369374,0.100971,0.101814,0.109424,0.076166,0.07179,0.237481,0.184374,0.317473,0.292691,0.193512,0.278092,0.287535,0.271073,0.369913,0.250208,0.121228,0.691315,0.231883,0.384672,0.099004,0.406771,0.145222,0.155681,0.393409,0.575695,0.089109,0.028348,0.077031,0.103174,0.100094,0.112614,0.18579,0.067205,0.240872,0.14894,0.08068,0.235735,0.194088,0.189921,0.286652,0.262551,0.253376,0.259833,0.126682,0.2615,0.224,0.315614,0.223795,0.273184,0.211969,0.23723,0.120568,0.222368,0.164563,0.19622,0.173021,0.24584,0.061497,0.0852,0.157263,0.293812,0.333031,0.180815,0.299957,0.1899,0.087572,0.228634,0.236432,0.056922,0.720585,0.276851
sedu_es_9ef-D15-04,0.236139,0.222927,0.305289,0.007451,0.11028,0.212067,0.107094,0.157545,0.074978,0.065071,0.344233,0.609871,0.258231,0.223639,0.193488,0.115888,0.201718,0.311999,0.677828,0.055727,0.169915,0.055894,0.110419,0.110491,0.259352,0.039944,0.185443,0.136583,0.167184,0.117331,0.0,0.244315,0.19738,0.707724,0.245041,0.280849,0.243068,0.304784,0.230678,0.328989,0.244302,0.703014,0.021972,0.263466,0.036363,0.158413,0.116417,0.142821,0.255957,0.095444,0.146783,0.158134,0.178903,0.183093,0.220667,0.142437,0.283078,0.208496,0.309394,0.307808,0.180017,0.296203,0.328333,0.356251,0.239736,0.218854,0.212177,0.215432,0.635046,0.032509,0.21282,0.206864,0.093338,0.078393,0.076445,0.104321,0.225175,0.150168,0.140204,0.255489,0.157335,0.267876,0.603685,0.064436,0.274235,0.235219,0.230469,0.238181,0.347177,0.236884,0.264101,0.223167,0.355021,0.336673,0.221282,0.649953,0.343668,0.290136,0.088722,0.173691,0.108979,0.103435,0.100096,0.303863,0.319343,0.201836,0.147251,0.085814,0.085613,0.274406,0.152614,0.143209,0.278068,0.161568,0.322548,0.551919,0.304187,0.241924,0.276233,0.280118,0.389667,0.20107,0.03718,0.189375,0.422146,0.15054,0.093162,0.164268,0.080856,0.263821,0.35572,0.318392,0.236899,0.201099,0.179455,0.182017,0.132824,0.219137,0.146699,0.230584,0.179871,0.350358,0.285573,0.183145,0.328753,0.31141,0.229609,0.26271,0.741733,0.203913,0.338932,0.270217,0.417112,0.309262,0.386903,0.07032,0.17924,0.42379,0.093461,0.712712,0.158387,0.117887,0.159854,0.140465,0.115934,0.166853,0.260129,0.192569,0.243333,0.23141,0.188858,0.182262,0.148333,0.071804,0.10749,0.114881,0.221547,0.186949,0.233468,0.359987,0.209973,0.250721,0.36915,0.342852,0.21771,0.346874,0.237862,0.335886,0.230192,0.292534,0.480343,0.478707,0.223957,0.035394,0.304445,0.16703,0.168882,0.090375,0.181754,0.235511,0.202519,0.18521,0.06956,0.247221,0.276363,0.168202,0.383654,0.357218,0.274646,0.168822,0.278864,0.203613,0.288145,0.349877,0.174093,0.514269,0.238776,0.232587,0.470198,0.316032,0.129311,0.279051,0.02633,0.190633,0.350656,0.120765,0.190481,0.134215,0.284529,0.144691,0.195508,0.287092,0.130113,0.392728,0.296255,0.312296,0.284434,0.276599,0.29481,1.0,0.23834,0.441841,0.222373,0.050986,0.108453,0.328553,0.215343,0.094327,0.104935,0.110454,0.155291,0.151699,0.094501,0.332905,0.173383,0.137885,0.115809,0.198088,0.123111,0.082364,0.195556,0.12351,0.343007,0.273305,0.173063,0.212207,0.071646,0.041729,0.153278,0.41526,0.230697,0.175641,0.162055,0.167644,0.20791,0.223435,0.038506,0.144827,0.169497,0.240825,0.243408,0.235762,0.242022,0.214955,0.338431,0.287955,0.289137,0.232307,0.159465,0.127593
sedu_es_9ef-D16-01,0.324016,0.373881,0.337304,0.384696,0.675336,0.274491,0.433379,0.376292,0.431022,0.647392,0.372467,0.361692,0.330267,0.42731,0.183464,0.066675,0.198732,0.195182,0.145249,0.035091,0.319937,0.215631,0.399244,0.236781,0.373358,0.392748,0.270617,0.416049,0.388243,0.263262,0.401945,0.301329,0.410627,0.3385,0.410102,0.307586,0.427705,0.304287,0.095502,0.168924,0.206545,0.183146,0.050249,0.355579,0.238736,0.431105,0.440839,0.500119,0.795921,0.35542,0.290124,0.421603,0.411134,0.505627,0.503188,0.367342,0.422022,0.292642,0.358138,0.440393,0.365558,0.17795,0.162911,0.249251,0.153745,0.338986,0.141359,0.219424,0.155895,0.099357,0.735894,0.282097,0.268177,0.37029,0.355928,0.312309,0.398097,0.316311,0.270879,0.331554,0.299428,0.690859,0.415792,0.550963,0.509807,0.304429,0.411295,0.308923,0.460979,0.388253,0.397688,0.342945,0.190795,0.455818,0.135928,0.104553,0.208673,0.128689,0.13554,0.297906,0.309186,0.393664,0.633416,0.712881,0.61022,0.941403,0.615035,0.415817,0.374187,0.364282,0.354158,0.166723,0.260367,0.299639,0.309538,0.346992,0.404676,0.435936,0.418195,0.179303,0.420422,0.217802,0.322025,0.085728,0.226887,0.276227,0.695528,0.407779,0.280402,0.338262,0.406729,0.28586,0.411912,0.739559,0.349221,0.470493,0.400931,0.40599,0.236557,0.323615,0.31,0.688574,0.400217,0.499767,0.489922,0.472129,0.389077,0.411946,0.414082,0.188036,0.388972,0.227441,0.210247,0.213299,0.611909,0.181542,0.347534,0.21599,0.193443,0.285043,0.330898,0.215116,0.794263,0.79061,0.19751,0.29626,0.318274,0.338096,0.314906,0.980384,0.755732,0.825333,0.232695,0.260338,0.503806,0.450549,0.268691,0.297505,0.481236,0.456306,0.302656,0.312635,0.373764,0.370223,0.286741,0.374506,0.328239,0.357427,0.143376,0.324532,0.449694,0.435301,0.352697,0.091866,0.137796,0.121949,0.18712,0.409822,0.214,0.33117,0.244231,0.258076,0.374693,0.498957,0.344666,0.275841,0.569799,0.555215,0.383577,0.212632,0.390372,0.318811,0.277064,0.330921,0.211257,0.34679,0.205725,0.338043,0.235979,0.221286,0.177756,0.158425,0.0,0.205916,0.747191,0.75467,0.380677,0.379347,0.2021,0.356914,0.184449,0.255033,0.30955,0.480266,0.353303,0.403042,0.313233,0.316391,0.328295,0.720343,0.311864,0.186719,0.280594,0.090911,0.212174,0.38518,0.144758,0.219274,0.173503,0.104607,0.169787,0.174026,0.040722,0.145892,0.119085,0.154395,0.202882,0.221503,0.304013,0.181192,0.178692,0.253871,0.216395,0.323052,0.212041,0.342449,0.136504,0.121732,0.174104,0.142145,0.164921,0.211729,0.310723,0.32512,0.310621,0.307443,0.080981,0.199761,0.222408,0.492115,0.463436,0.424885,0.265725,0.461443,0.394995,0.315517,0.28734,0.275055,0.653411,0.180676
sedu_es_9ef-D16-02,0.108018,0.206198,0.086349,0.207473,0.309161,0.137124,0.124626,0.026535,0.237256,0.052771,0.198045,0.144159,0.159859,0.143004,0.074595,0.440178,0.857646,0.79527,0.070122,0.089572,0.44182,0.277068,0.141655,0.139028,0.074239,0.105582,0.132136,0.069259,0.048187,0.08307,0.12055,0.250348,0.25641,0.191936,0.164488,0.201907,0.159726,0.217901,0.108667,0.487576,0.215694,0.024656,0.098988,0.422878,0.400211,0.140524,0.153288,0.264281,0.282587,0.057282,0.067515,0.064365,0.088422,0.115972,0.207116,0.008724,0.262921,0.16285,0.449089,0.201431,0.111909,0.134429,0.170687,0.170144,0.108107,0.167684,0.246456,0.151813,0.037654,0.133593,0.379402,0.337392,0.405719,0.159373,0.31792,0.09712,0.075801,0.111415,0.059612,0.075709,0.204327,0.268379,0.146687,0.103346,0.211684,0.095143,0.028413,0.175401,0.265983,0.318995,0.154305,0.085292,0.179792,0.168508,0.217177,0.678687,0.884116,0.014914,0.152181,0.395246,0.417775,0.157993,0.350555,0.312931,0.217871,0.378458,0.20456,0.142927,0.110898,0.306055,0.027028,0.0,0.131754,0.03884,0.269304,0.289941,0.343488,0.311984,0.097734,0.45651,0.424219,0.108175,0.143681,0.249576,0.37706,0.338623,0.337252,0.196141,0.112905,0.272794,0.251337,0.238683,0.106943,0.276112,0.089327,0.132341,0.152708,0.156589,0.070256,0.142506,0.07107,0.208198,0.236521,0.293028,0.22293,0.172887,0.109859,0.232059,0.18576,0.350902,0.141088,0.129745,0.330087,0.248305,0.225331,0.132344,0.367646,0.31153,0.350054,0.658342,0.058314,0.09466,0.328008,0.232831,0.077095,0.07908,0.187569,0.088341,0.023505,0.440351,0.286065,0.326179,0.137039,0.107993,0.074316,0.067083,0.050404,0.147976,0.21743,0.147147,0.223263,0.142822,0.126718,0.129282,0.13925,0.178849,0.200619,0.1811,0.118488,0.144579,0.263108,0.270222,0.161298,0.179593,0.144942,0.307888,0.219204,0.21714,0.123579,0.069701,0.118343,0.095217,0.032533,0.287619,0.242442,0.158215,0.185321,0.181591,0.194369,0.118519,0.095756,0.189245,0.21196,0.171114,0.123705,0.275685,0.096817,0.107833,0.1047,0.375711,0.193753,0.196278,0.318465,0.235171,0.211862,0.305548,0.102788,0.121812,0.215218,0.170544,0.120586,0.149101,0.15431,0.108409,0.12459,0.136677,0.049916,0.010931,0.192425,0.434807,0.17532,0.199382,0.140254,0.124895,0.10559,0.518894,0.317135,0.300184,0.248981,0.131072,0.204765,0.135574,0.078039,0.208671,0.202653,0.112704,0.08894,0.167813,0.224144,0.06712,0.140497,0.206628,0.171504,0.099599,0.136329,0.096383,0.143189,0.120909,0.074155,0.345097,0.140151,0.183625,0.159746,0.136852,0.334356,0.380722,0.016905,0.334421,0.190276,0.329634,0.291467,0.148775,0.142827,0.170086,0.268672,0.385749,0.384743,0.165789,0.365195,0.151194
sedu_es_9ef-D16-03,0.352382,0.300069,0.484416,0.398337,0.66693,0.293413,0.375229,0.354362,0.350241,0.565627,0.226927,0.397463,0.328058,0.40941,0.069793,0.096429,0.166432,0.231072,0.179277,0.14171,0.249847,0.113864,0.587132,0.395167,0.562905,0.349832,0.271797,0.397806,0.313486,0.212176,0.411067,0.230825,0.527881,0.379002,0.179261,0.30988,0.378142,0.172395,0.06926,0.120931,0.230231,0.19862,0.174007,0.173972,0.157838,0.439,0.470344,0.510714,0.643058,0.362375,0.277328,0.328488,0.597061,0.721889,0.493226,0.340168,0.19582,0.317271,0.345327,0.374284,0.392552,0.182171,0.117748,0.128826,0.100864,0.360887,0.152617,0.206917,0.17347,0.136772,0.332458,0.116272,0.161392,0.425775,0.406542,0.376475,0.314019,0.307816,0.228666,0.274416,0.250918,0.636803,0.353758,0.565273,0.589657,0.271802,0.353025,0.433158,0.234506,0.293383,0.45782,0.380742,0.089859,0.390403,0.123968,0.082475,0.197381,0.141523,0.167094,0.164495,0.203536,0.432827,0.571895,0.568055,0.462073,0.711807,0.437861,0.36854,0.490342,0.345868,0.316519,0.264052,0.195269,0.262128,0.205342,0.260707,0.353501,0.358413,0.620721,0.134077,0.374349,0.144281,0.162706,0.200228,0.141524,0.176733,0.60819,0.490252,0.320404,0.373313,0.404891,0.274529,0.465963,0.590287,0.425772,0.437061,0.399482,0.428829,0.254331,0.350942,0.268903,0.48796,0.335038,0.286841,0.38434,0.339465,0.372944,0.207784,0.276461,0.174014,0.45531,0.22025,0.149241,0.19623,0.23362,0.293097,0.29374,0.205081,0.137351,0.179537,0.336252,0.230588,0.741766,0.910684,0.422903,0.384182,0.478893,0.449206,0.443493,0.698842,0.565585,0.690907,0.180638,0.173188,0.489925,0.432786,0.251209,0.28428,0.524816,0.68604,0.264427,0.265828,0.254015,0.332889,0.168015,0.329616,0.204795,0.351701,0.176411,0.232464,0.463784,0.452473,0.398955,0.136488,0.127936,0.127846,0.125885,0.54151,0.221743,0.350466,0.261778,0.242042,0.424466,0.578637,0.290422,0.233159,0.683985,0.560628,0.274103,0.184823,0.310444,0.244596,0.260215,0.271871,0.26146,0.407101,0.158795,0.268013,0.3303,0.152169,0.141148,0.104622,0.0,0.163448,0.500446,0.638505,0.422129,0.416327,0.231686,0.28178,0.152449,0.188855,0.262812,0.353884,0.29775,0.313994,0.267908,0.280005,0.275284,0.650373,0.375618,0.115603,0.251292,0.137861,0.209403,0.262371,0.140874,0.121632,0.17189,0.016631,0.161273,0.205898,0.048843,0.104535,0.056942,0.138308,0.2176,0.250004,0.186161,0.226074,0.153207,0.19782,0.149449,0.249905,0.191236,0.281443,0.21721,0.219023,0.224388,0.181196,0.234575,0.148225,0.217962,0.209703,0.219936,0.219149,0.093425,0.175286,0.161468,0.390705,0.359885,0.248264,0.338359,0.139891,0.262078,0.281096,0.278748,0.202774,0.365132,0.200001
sedu_es_9ef-D16-04,0.367777,0.354717,0.529069,0.409359,0.709137,0.312299,0.420092,0.372283,0.444128,0.551308,0.268056,0.434388,0.412798,0.47132,0.115717,0.120875,0.16247,0.203096,0.160652,0.092804,0.316041,0.168599,0.444287,0.294834,0.485345,0.397684,0.284182,0.404105,0.384729,0.291915,0.428805,0.258615,0.535869,0.415578,0.209825,0.389635,0.451138,0.251678,0.115048,0.116674,0.224153,0.178298,0.111627,0.277576,0.186614,0.454719,0.49169,0.53641,0.684219,0.346842,0.275047,0.385062,0.432074,0.548985,0.504002,0.343785,0.233267,0.402221,0.422861,0.458459,0.44859,0.213304,0.152835,0.171036,0.15066,0.435694,0.144316,0.212869,0.168039,0.136031,0.416202,0.184561,0.209823,0.422148,0.396869,0.352983,0.336167,0.329129,0.258842,0.292183,0.307337,0.702376,0.354372,0.585018,0.487661,0.262827,0.385713,0.406972,0.280917,0.401916,0.500235,0.459956,0.13865,0.467419,0.122174,0.114211,0.216573,0.121628,0.155587,0.244453,0.246189,0.431752,0.595608,0.620981,0.509025,0.762621,0.461648,0.350029,0.325791,0.379733,0.341334,0.228987,0.236141,0.31584,0.244856,0.310459,0.428091,0.419804,0.691337,0.176829,0.465577,0.20447,0.160293,0.164803,0.19893,0.217699,0.623496,0.370577,0.315681,0.343919,0.417189,0.297048,0.517964,0.634598,0.413253,0.442445,0.390621,0.447363,0.258172,0.339908,0.335503,0.566085,0.438432,0.381285,0.475955,0.423603,0.430818,0.256469,0.307139,0.211231,0.508643,0.248028,0.154767,0.220186,0.300814,0.276922,0.353816,0.232103,0.137236,0.229038,0.33914,0.231224,0.786771,0.909394,0.424407,0.44889,0.519449,0.507481,0.50778,0.769842,0.617781,0.706114,0.221685,0.22416,0.513779,0.457468,0.291682,0.308547,0.575898,0.73772,0.324268,0.285005,0.29309,0.388837,0.24821,0.366875,0.306327,0.364174,0.16284,0.299621,0.522604,0.484642,0.37801,0.125957,0.139818,0.124005,0.192527,0.553013,0.2851,0.37171,0.258148,0.338611,0.424725,0.594097,0.329594,0.261829,0.712745,0.586802,0.348444,0.229266,0.407276,0.280715,0.291537,0.305672,0.304704,0.438926,0.216831,0.347372,0.318246,0.219987,0.195598,0.152458,0.0,0.202573,0.587299,0.599515,0.439936,0.426676,0.216473,0.348129,0.211098,0.232841,0.302997,0.412114,0.320893,0.386556,0.321967,0.299942,0.30877,0.675571,0.423567,0.146966,0.287982,0.132744,0.228394,0.309481,0.151601,0.144871,0.187689,0.060126,0.194886,0.255246,0.052553,0.118332,0.098736,0.132837,0.217533,0.277358,0.235947,0.213493,0.192419,0.201196,0.159248,0.314254,0.238734,0.334537,0.171805,0.193564,0.202526,0.206889,0.20831,0.175188,0.28789,0.28967,0.257369,0.272097,0.070084,0.21026,0.210971,0.498073,0.465663,0.257312,0.409072,0.215587,0.366654,0.303779,0.35121,0.217053,0.446599,0.166287
sedu_es_9ef-D17-01,0.422545,0.333722,0.269552,0.35737,0.654385,0.273172,0.586995,0.305788,0.286628,0.602288,0.378142,0.348628,0.239274,0.312911,0.086765,0.079327,0.186013,0.237986,0.158513,0.079943,0.271331,0.228452,0.63887,0.409521,0.441401,0.378153,0.256516,0.38734,0.279841,0.171444,0.433595,0.256554,0.417418,0.345517,0.364953,0.247579,0.292737,0.194814,0.036992,0.098679,0.209248,0.157811,0.118343,0.287739,0.243432,0.434959,0.738781,0.442647,0.771739,0.361547,0.225523,0.32315,0.401552,0.498832,0.412826,0.325066,0.40976,0.234873,0.295082,0.299682,0.24204,0.181163,0.114616,0.150954,0.084893,0.240709,0.160778,0.211629,0.131628,0.110197,0.394865,0.22609,0.226399,0.658995,0.576227,0.324626,0.316101,0.327456,0.206038,0.206182,0.235449,0.581079,0.623663,0.474066,0.384458,0.252879,0.322979,0.385692,0.413127,0.327404,0.299564,0.219781,0.101158,0.295845,0.132328,0.089609,0.180244,0.068255,0.156151,0.229217,0.188145,0.662302,0.814592,0.600884,0.585766,0.96291,0.371562,0.42918,0.390044,0.298112,0.29017,0.161774,0.154616,0.174653,0.241026,0.303962,0.375207,0.364026,0.249418,0.118101,0.25513,0.129987,0.114645,0.106591,0.192189,0.183876,0.861751,0.580576,0.320646,0.360833,0.444973,0.240746,0.326329,0.758509,0.381532,0.467797,0.459166,0.433532,0.205315,0.289326,0.211108,0.670749,0.35543,0.432192,0.426822,0.386083,0.206129,0.337023,0.37038,0.116487,0.287272,0.185977,0.120926,0.152806,0.246229,0.263315,0.207404,0.108487,0.168228,0.260759,0.277788,0.194198,0.745155,0.784882,0.134882,0.190878,0.281663,0.27094,0.238689,0.978121,0.743255,0.848276,0.265259,0.229016,0.382059,0.292502,0.214589,0.285524,0.422987,0.377001,0.240753,0.234193,0.234122,0.285075,0.192291,0.297427,0.195815,0.285667,0.131608,0.218248,0.353802,0.271471,0.416198,0.119074,0.062631,0.090487,0.120896,0.478874,0.196496,0.30586,0.21028,0.211357,0.245616,0.480642,0.29736,0.24398,0.456386,0.466472,0.333826,0.172301,0.318772,0.221906,0.178408,0.251004,0.143548,0.250077,0.125644,0.23599,0.233326,0.141132,0.118891,0.083268,0.0,0.140493,0.467639,0.618788,0.428498,0.430046,0.173935,0.219031,0.123419,0.160892,0.315531,0.345401,0.257291,0.290888,0.226069,0.229455,0.233609,0.478902,0.2186,0.154701,0.250653,0.100587,0.158746,0.303125,0.096948,0.221511,0.12833,0.040174,0.218957,0.113529,0.039159,0.098412,0.031487,0.109858,0.141263,0.188834,0.301691,0.167707,0.128454,0.232751,0.102062,0.244391,0.14438,0.248732,0.163105,0.163035,0.211821,0.127503,0.154163,0.139569,0.261187,0.227633,0.241466,0.272418,0.023699,0.126657,0.130822,0.476305,0.428295,0.43139,0.223868,0.400901,0.260322,0.310706,0.271376,0.166298,0.609196,0.178919
sedu_es_9ef-D17-02,0.277167,0.331688,0.399637,0.349943,0.538269,0.258189,0.412819,0.317235,0.466251,0.511014,0.477095,0.579114,0.340199,0.402453,0.222293,0.12473,0.264187,0.250112,0.179503,0.006241,0.251989,0.205624,0.414528,0.255985,0.372115,0.347781,0.245822,0.372283,0.348592,0.248742,0.330438,0.214282,0.337598,0.558622,0.222198,0.34613,0.383388,0.399036,0.222333,0.195275,0.300524,0.156208,0.029128,0.458381,0.224633,0.389072,0.501296,0.433725,0.606569,0.301212,0.258748,0.420425,0.423855,0.516899,0.420956,0.369724,0.440196,0.31555,0.389572,0.415774,0.334653,0.339632,0.33468,0.341227,0.247862,0.310921,0.208663,0.272563,0.153584,0.08489,0.366543,0.194003,0.223451,0.352376,0.338774,0.296518,0.354068,0.29705,0.306217,0.328612,0.261969,0.779723,0.412029,0.46905,0.542867,0.282737,0.253351,0.27131,0.483072,0.369993,0.398608,0.317199,0.315734,0.612986,0.188806,0.181127,0.250531,0.089133,0.120768,0.236152,0.257155,0.411664,0.607582,0.714312,0.578694,0.719962,0.433686,0.375569,0.352069,0.319175,0.381599,0.126706,0.243443,0.418257,0.467458,0.560988,0.422077,0.441931,0.408594,0.293209,0.518224,0.297793,0.054537,0.200246,0.182999,0.232246,0.602713,0.424471,0.258611,0.314194,0.390645,0.261187,0.436672,0.573512,0.382241,0.436783,0.377225,0.400836,0.24925,0.38262,0.280839,0.695845,0.457747,0.521588,0.591523,0.529099,0.341533,0.37173,0.364603,0.281056,0.495686,0.36198,0.265549,0.226732,0.438222,0.203489,0.322923,0.171967,0.148335,0.332467,0.29455,0.229122,0.568314,0.578573,0.187192,0.351916,0.325581,0.365467,0.459208,0.728026,0.58506,0.615995,0.262512,0.188457,0.423591,0.49767,0.212639,0.274919,0.474188,0.47505,0.318705,0.343419,0.339931,0.463753,0.358486,0.443511,0.403289,0.449652,0.216402,0.449874,0.453286,0.477066,0.502609,0.060173,0.154646,0.084967,0.161372,0.354873,0.249119,0.31361,0.27495,0.311917,0.343495,0.467573,0.339904,0.24771,0.503096,0.502188,0.341291,0.201683,0.396172,0.339415,0.371393,0.357247,0.243231,0.456561,0.329278,0.462755,0.241259,0.197262,0.191112,0.227067,0.0,0.239828,0.854996,0.834876,0.360448,0.333835,0.240859,0.283717,0.166579,0.22749,0.295238,0.414586,0.362049,0.325944,0.291288,0.252349,0.391406,0.847085,0.329112,0.284526,0.371203,0.030268,0.136565,0.382376,0.148081,0.169137,0.099342,0.125439,0.174152,0.185392,0.035811,0.208943,0.153707,0.137834,0.163014,0.216072,0.235893,0.178181,0.187005,0.22005,0.298326,0.277302,0.25916,0.294435,0.135413,0.098177,0.202194,0.179798,0.187883,0.265265,0.275873,0.281777,0.263582,0.243674,0.063425,0.156935,0.17368,0.430844,0.389089,0.296038,0.415984,0.431347,0.396956,0.304432,0.293929,0.287772,0.547145,0.146308
sedu_es_9ef-D17-03,0.415939,0.349373,0.545686,0.479926,0.764351,0.289398,0.428793,0.335475,0.309205,0.707692,0.30125,0.496297,0.237989,0.332756,0.102526,0.106501,0.20583,0.272289,0.196117,0.117986,0.280051,0.175642,0.493425,0.336562,0.519503,0.376855,0.275499,0.408479,0.304925,0.211993,0.442478,0.254462,0.404744,0.479248,0.209727,0.254758,0.306586,0.231003,0.072555,0.127242,0.271807,0.17374,0.138312,0.221231,0.195376,0.547686,0.549151,0.579382,0.73277,0.364333,0.248803,0.331797,0.446428,0.554015,0.525212,0.310627,0.22686,0.238237,0.286183,0.323103,0.275149,0.232405,0.177326,0.181736,0.125183,0.246013,0.200827,0.232799,0.156903,0.152342,0.317979,0.159799,0.156452,0.512056,0.4432,0.362209,0.342789,0.350434,0.222093,0.227022,0.269551,0.770554,0.410767,0.634792,0.501315,0.289455,0.337768,0.427329,0.277884,0.228883,0.327175,0.239668,0.134949,0.348655,0.173062,0.118362,0.203368,0.10211,0.186908,0.177996,0.224298,0.518418,0.668028,0.681542,0.536531,0.836557,0.369115,0.345483,0.309954,0.3519,0.307131,0.197345,0.175864,0.238745,0.191263,0.286045,0.277664,0.291999,0.554864,0.15165,0.267714,0.180682,0.14911,0.161337,0.146691,0.208856,0.69645,0.386774,0.32454,0.343461,0.438235,0.259629,0.36761,0.680948,0.444586,0.442366,0.398226,0.515075,0.233086,0.311965,0.25874,0.538971,0.382862,0.353064,0.468635,0.394635,0.229079,0.236255,0.307663,0.138154,0.353597,0.234382,0.159159,0.184916,0.300045,0.331292,0.327102,0.205062,0.120022,0.225812,0.292759,0.22457,0.715167,0.796477,0.182622,0.213787,0.329788,0.295136,0.310996,0.826229,0.652848,0.747519,0.202577,0.19775,0.523362,0.442599,0.206558,0.186764,0.399102,0.435087,0.176059,0.251286,0.247638,0.359468,0.203978,0.369815,0.200711,0.353537,0.165086,0.26815,0.382683,0.310102,0.529894,0.148499,0.141244,0.124485,0.148435,0.405484,0.231913,0.349571,0.265778,0.278557,0.42973,0.54678,0.249973,0.147956,0.643391,0.662957,0.278383,0.180111,0.344955,0.235188,0.237348,0.266511,0.156284,0.303475,0.200972,0.30488,0.306466,0.164847,0.145003,0.131438,0.0,0.178623,0.599169,0.696751,0.466373,0.445391,0.212335,0.268198,0.148975,0.1764,0.235686,0.365584,0.273562,0.314962,0.298633,0.262616,0.289497,0.659924,0.255588,0.188719,0.278429,0.13079,0.18076,0.259941,0.122801,0.111427,0.149302,0.032118,0.232368,0.110873,0.071656,0.143104,0.065331,0.134276,0.146711,0.210983,0.206315,0.185793,0.159995,0.166514,0.152531,0.254222,0.169579,0.271558,0.215422,0.20552,0.234244,0.160028,0.230342,0.148334,0.193502,0.182161,0.197853,0.218808,0.05367,0.13648,0.169602,0.437227,0.392433,0.261856,0.27616,0.412376,0.317518,0.37076,0.330521,0.201434,0.729549,0.196147
sedu_es_9ef-D17-04,0.65009,0.364935,0.506706,0.483841,0.70744,0.278257,0.448523,0.394253,0.235939,0.65967,0.265377,0.246623,0.236733,0.309319,0.126261,0.13072,0.2234,0.486597,0.185315,0.096438,0.326455,0.205457,0.495838,0.343789,0.502306,0.449584,0.285017,0.443227,0.284992,0.216929,0.461607,0.239747,0.443426,0.417536,0.258119,0.252121,0.280068,0.1918,0.07145,0.307853,0.246926,0.155165,0.125195,0.269694,0.239579,0.467988,0.53786,0.482712,0.668227,0.383292,0.239269,0.296613,0.424834,0.532198,0.432854,0.324673,0.198784,0.253521,0.294989,0.31149,0.288071,0.165302,0.135125,0.144115,0.142234,0.27424,0.223089,0.235448,0.13182,0.167062,0.319434,0.203825,0.211191,0.586052,0.441552,0.377745,0.352261,0.350086,0.177954,0.185305,0.305975,0.642385,0.371714,0.497806,0.402663,0.268924,0.346833,0.405277,0.248153,0.216932,0.29919,0.216246,0.113938,0.271754,0.200222,0.25552,0.410925,0.094809,0.19421,0.205163,0.164697,0.540223,0.599298,0.58719,0.526862,0.721833,0.343957,0.341731,0.283102,0.329594,0.307758,0.100847,0.142897,0.173224,0.154234,0.422918,0.29385,0.278714,0.242517,0.116001,0.216513,0.134396,0.134041,0.111935,0.185822,0.162922,0.625178,0.363945,0.336748,0.321307,0.459685,0.273569,0.35717,0.570432,0.3927,0.400388,0.351419,0.550982,0.201516,0.267947,0.199487,0.467981,0.366607,0.33481,0.441884,0.398189,0.226213,0.245212,0.434232,0.113295,0.300531,0.17657,0.155214,0.213869,0.221583,0.258584,0.286957,0.151755,0.166168,0.220254,0.31576,0.208557,0.695479,0.714936,0.146484,0.185871,0.303171,0.257461,0.211812,0.766928,0.5557,0.654484,0.112949,0.208003,0.333451,0.227482,0.145743,0.097013,0.333347,0.400997,0.180335,0.216624,0.206094,0.270052,0.160321,0.298787,0.155908,0.247171,0.13783,0.208735,0.302653,0.23233,0.398244,0.132526,0.350998,0.149676,0.199393,0.41293,0.202696,0.280524,0.242517,0.213723,0.203619,0.484143,0.199044,0.07595,0.752806,0.77866,0.185438,0.178706,0.25563,0.2101,0.197641,0.217949,0.146864,0.209306,0.117774,0.235765,0.204257,0.210831,0.178074,0.355435,0.0,0.203121,0.452598,0.554198,0.474129,0.463722,0.185487,0.099415,0.133463,0.146408,0.177175,0.321018,0.213922,0.253591,0.179538,0.186675,0.240495,0.359512,0.233058,0.16151,0.215386,0.098244,0.229312,0.283636,0.159369,0.138776,0.17992,0.049683,0.270105,0.116827,0.06577,0.133087,0.106012,0.129657,0.125046,0.148365,0.167987,0.139063,0.129963,0.141055,0.124711,0.198195,0.140498,0.252621,0.163086,0.152466,0.193381,0.127196,0.229747,0.147488,0.117232,0.099501,0.178538,0.222709,0.040564,0.18087,0.187365,0.391256,0.336713,0.232872,0.226406,0.431316,0.23807,0.240301,0.195306,0.171195,0.707625,0.13805
sedu_es_9ef-D18-01,0.26613,0.398848,0.469655,0.471837,0.279019,0.41623,0.235489,0.360456,0.273701,0.807353,0.369086,0.38456,0.309355,0.319988,0.232709,0.182159,0.092326,0.126469,0.237364,0.303061,0.677897,0.208314,0.204613,0.365912,0.474402,0.165107,0.422311,0.30853,0.294482,0.266334,0.188631,0.411276,0.37136,0.327003,0.185065,0.320082,0.363198,0.100105,0.0,0.039001,0.134943,0.177558,0.524679,0.380394,0.114976,0.178712,0.172203,0.357929,0.337829,0.231109,0.345034,0.31414,0.274513,0.421037,0.544822,0.643965,0.31095,0.297479,0.336017,0.301842,0.330492,0.777796,0.099168,0.038072,0.074319,0.443379,0.06468,0.17557,0.211497,0.449856,0.353063,0.510294,0.100439,0.171334,0.223903,0.502251,0.379194,0.382347,0.24813,0.323558,0.17435,0.227274,0.185668,0.242409,0.515548,0.407735,0.5,0.249265,0.358483,0.314016,0.310319,0.254433,0.058,0.333002,0.111565,0.132572,0.047297,0.150787,0.528529,0.292906,0.045222,0.136887,0.334703,0.602814,0.395867,0.27278,0.320596,0.188253,0.120052,0.251386,0.342196,0.420438,0.172077,0.332336,0.126565,0.238297,0.312683,0.259006,0.28163,0.162856,0.385698,0.187107,0.52128,0.538242,0.288819,0.344083,0.190156,0.113047,0.188826,0.280656,0.564399,0.292802,0.573369,0.5419,0.512492,0.354849,0.220144,0.306013,0.189414,0.299365,0.375122,0.267715,0.280138,0.235308,0.310889,0.360027,0.233302,0.148851,0.345605,0.1418,0.412834,0.285512,0.226905,0.252335,0.361499,0.644291,0.283503,0.285261,0.160122,0.345521,0.150726,0.23036,0.258897,0.262636,0.598874,0.620692,0.703624,0.662087,0.919876,0.340673,0.32543,0.317349,0.75113,0.316889,0.693798,0.732564,0.677664,0.300531,0.108897,0.391513,0.262835,0.327726,0.211761,0.270095,0.267689,0.347009,0.153131,0.333393,0.237326,0.171155,0.585688,0.267483,0.196434,0.209243,0.233775,0.174081,0.310418,0.224217,0.355199,0.384593,0.210949,0.189842,0.749629,0.340162,0.341145,0.234611,0.404296,0.347045,0.722586,0.265625,0.339779,0.135529,0.184379,0.37776,0.214714,0.522231,0.242279,0.345256,0.290461,0.334139,0.234738,0.233456,0.063942,0.20569,0.482917,0.204888,0.233763,0.215051,0.204396,0.414277,0.142284,0.186046,0.700932,0.406573,0.242018,0.420384,0.283645,0.291908,0.299155,0.138832,0.344518,0.348635,0.663441,0.306142,0.285314,0.416026,0.388615,0.22432,0.226792,0.0954,0.205264,0.245125,0.156135,0.137091,0.327697,0.20013,0.153719,0.212325,0.377667,0.268896,0.187419,0.251906,0.404746,0.340319,0.156937,0.273032,0.272185,0.288309,0.593927,0.240075,0.258101,0.274156,0.242211,0.245433,0.540473,0.409799,0.17307,0.205775,0.304887,0.685,0.6619,0.279976,0.223747,0.71795,0.349604,0.325044,0.312569,0.166403,0.86321,0.287764
sedu_es_9ef-D18-02,0.320174,0.255309,0.343333,0.113675,0.393857,0.322909,0.324154,0.251467,0.071757,0.307613,0.105773,0.116365,0.085271,0.091761,0.121024,0.051532,0.080705,0.093461,0.138276,0.136177,0.13292,0.168701,0.698304,0.496417,0.56558,0.32732,0.285857,0.335336,0.313706,0.16764,0.367361,0.18297,0.308174,0.062146,0.0,0.101485,0.109115,0.137714,0.106517,0.048838,0.110819,0.139424,0.213997,0.111923,0.156406,0.322008,0.385436,0.327367,0.363715,0.340155,0.303277,0.35987,0.423871,0.5,0.378605,0.332729,0.047702,0.104017,0.101815,0.138517,0.07733,0.23375,0.13765,0.126784,0.109394,0.104508,0.05166,0.137343,0.506574,0.171575,0.206751,0.089612,0.11684,0.311637,0.389729,0.37123,0.319382,0.258961,0.282355,0.268085,0.182385,0.310423,0.261211,0.396123,0.375182,0.327779,0.340558,0.48714,0.090427,0.129032,0.165467,0.133483,0.079867,0.176265,0.065035,0.103985,0.091246,0.088615,0.191938,0.092601,0.078921,0.329187,0.268146,0.298289,0.391245,0.369783,0.2379,0.375606,0.400706,0.286001,0.305596,0.339744,0.498036,0.279115,0.039211,0.092961,0.112214,0.100571,0.161636,0.173119,0.186648,0.15758,0.216196,0.249671,0.099379,0.088139,0.373859,0.542814,0.292114,0.328811,0.405444,0.209595,0.301567,0.388841,0.408798,0.426462,0.381451,0.347434,0.222923,0.401255,0.304156,0.256232,0.195981,0.15051,0.209689,0.191685,0.096882,0.119942,0.192959,0.206119,0.173702,0.146479,0.082304,0.073795,0.188074,0.310134,0.128305,0.09339,0.034824,0.097491,0.359486,0.217558,0.222192,0.388519,0.213389,0.256714,0.226316,0.339585,0.353403,0.312031,0.402809,0.413899,0.250947,0.167246,0.354232,0.368247,0.317766,0.356263,0.230663,0.139042,0.087106,0.148885,0.179339,0.25031,0.103555,0.208518,0.181659,0.184707,0.183451,0.223034,0.289162,0.220511,0.212473,0.174288,0.512536,0.054902,0.074709,0.285683,0.240033,0.392691,0.195438,0.265589,0.899505,0.334655,0.237128,0.286274,0.265714,0.297823,0.334338,0.216716,0.28673,0.158786,0.100052,0.213407,0.098873,0.212445,0.180815,0.226387,0.354533,0.117317,0.154163,0.091732,0.070355,0.085566,0.299253,0.38377,0.348182,0.31995,0.162781,0.231911,0.185941,0.21083,0.298129,0.251076,0.181616,0.278242,0.238575,0.307405,0.16524,0.12453,0.083256,0.112162,0.238807,0.199237,0.06275,0.045101,0.064916,0.103262,0.090066,0.069065,0.135611,0.103484,0.097264,0.102245,0.04436,0.100644,0.184558,0.229784,0.174083,0.251674,0.182016,0.177725,0.095807,0.239261,0.137227,0.240586,0.219573,0.264717,0.186962,0.197267,0.133367,0.14583,0.223961,0.198169,0.111501,0.147013,0.100506,0.129659,0.063881,0.319874,0.330039,0.197464,0.171617,0.17263,0.175168,0.281977,0.241662,0.033366,0.213468,0.183664
sedu_es_9ef-D18-03,0.248497,0.310843,0.356288,0.315037,0.327056,0.356903,0.352907,0.357877,0.107138,0.3257,0.118302,0.132376,0.098987,0.159954,0.111199,0.074104,0.082402,0.084145,0.164859,0.118056,0.481916,0.15897,0.320111,0.35659,0.354621,0.336555,0.323481,0.456566,0.396464,0.249471,0.316789,0.2555,0.336314,0.088173,0.082041,0.1492,0.180255,0.098704,0.045396,0.035726,0.026648,0.151615,0.42255,0.111943,0.136677,0.276196,0.345201,0.328613,0.341007,0.352008,0.390801,0.478986,0.3862,0.5,0.630984,0.624859,0.050902,0.154412,0.147785,0.182273,0.129438,0.616804,0.073468,0.066184,0.076632,0.102545,0.002059,0.131724,0.173481,0.368441,0.271761,0.322172,0.11042,0.259844,0.354017,0.60363,0.37636,0.311666,0.330536,0.317986,0.228043,0.311248,0.239127,0.381925,0.541144,0.399674,0.41758,0.360152,0.116984,0.180632,0.208975,0.181025,0.047959,0.192998,0.048575,0.06339,0.028941,0.170113,0.395273,0.124602,0.052631,0.272096,0.505178,0.549579,0.408642,0.363807,0.242873,0.365572,0.358063,0.381605,0.304885,0.405342,0.180534,0.352311,0.042471,0.096751,0.15781,0.121311,0.19143,0.166048,0.183003,0.114924,0.380079,0.438509,0.075048,0.270099,0.316355,0.237212,0.283806,0.313461,0.697518,0.277591,0.579675,0.56168,0.618076,0.450038,0.407117,0.317572,0.240253,0.374341,0.388729,0.281231,0.225693,0.204682,0.229447,0.247247,0.120772,0.125598,0.269966,0.208592,0.126302,0.152013,0.052302,0.07985,0.202397,0.580863,0.152915,0.131288,0.017595,0.146996,0.341994,0.246921,0.267869,0.410592,0.624078,0.592857,0.614902,0.68294,0.933622,0.348531,0.405552,0.440115,0.536332,0.264932,0.709586,0.745765,0.673664,0.435685,0.225748,0.182025,0.102172,0.202751,0.203443,0.240418,0.139555,0.255379,0.18851,0.230181,0.178807,0.230596,0.602102,0.30257,0.18297,0.079001,0.088984,0.033694,0.089714,0.243738,0.270673,0.472995,0.203675,0.261429,0.850473,0.338239,0.308674,0.334408,0.313609,0.334218,0.603843,0.255748,0.309965,0.143242,0.128092,0.286837,0.10278,0.529486,0.210813,0.273846,0.299108,0.100479,0.155781,0.050859,0.013701,0.071478,0.441259,0.284687,0.323414,0.323624,0.168711,0.31826,0.160127,0.201242,0.718718,0.297553,0.232963,0.324258,0.254368,0.380574,0.211027,0.123389,0.089982,0.258388,0.657649,0.143276,0.537914,0.254383,0.227442,0.057079,0.054268,0.023105,0.100903,0.127375,0.07175,0.078569,0.209145,0.148426,0.243527,0.275769,0.214101,0.274146,0.185561,0.203042,0.337804,0.304152,0.15943,0.356663,0.1463,0.199371,0.422655,0.194479,0.199782,0.165731,0.273463,0.264557,0.443866,0.252765,0.159384,0.101199,0.115487,0.624063,0.591825,0.196424,0.176276,0.20984,0.190364,0.335369,0.291589,0.0,0.217464,0.131926
sedu_es_9ef-D18-04,0.266696,0.249756,0.377251,0.195262,0.378957,0.39707,0.35869,0.34663,0.067749,0.317072,0.17024,0.221831,0.118267,0.168091,0.153736,0.052821,0.063981,0.08293,0.278576,0.068086,0.288967,0.157851,0.394769,0.162196,0.346301,0.243155,0.397449,0.405932,0.386804,0.210676,0.247048,0.24054,0.304399,0.145702,0.083849,0.195147,0.200557,0.186777,0.117504,0.010893,0.033798,0.102399,0.113216,0.122107,0.114236,0.379238,0.376108,0.431834,0.380052,0.424788,0.423209,0.460645,0.426334,0.489273,0.563458,0.406306,0.137866,0.165648,0.162765,0.21444,0.105322,0.249666,0.137608,0.148938,0.10085,0.174555,0.0,0.158848,0.158654,0.065141,0.229621,0.179658,0.073698,0.29155,0.434747,0.411336,0.410042,0.272779,0.369062,0.344847,0.152278,0.322182,0.264005,0.314359,0.302696,0.454213,0.420317,0.432358,0.175919,0.189454,0.250328,0.185967,0.105734,0.247437,0.057579,0.136673,0.021932,0.089276,0.085408,0.133921,0.037113,0.341431,0.429212,0.34152,0.382936,0.335136,0.264944,0.420762,0.434851,0.312172,0.31504,0.5,0.176941,0.340939,0.080399,0.14034,0.164902,0.182527,0.173646,0.260373,0.240266,0.177693,0.115653,0.094661,0.119149,0.108561,0.384072,0.27953,0.382389,0.333416,0.561001,0.309756,0.349695,0.450388,0.449411,0.448415,0.409733,0.2904,0.287636,0.432355,0.373491,0.265347,0.271385,0.211102,0.232999,0.246867,0.104797,0.126243,0.26575,0.289328,0.213412,0.27109,0.072278,0.102916,0.229354,0.310533,0.095074,0.15351,0.145899,0.121076,0.348304,0.305299,0.252922,0.389117,0.212354,0.290494,0.310012,0.378402,0.557953,0.329733,0.41399,0.41908,0.487756,0.243603,0.487357,0.550243,0.575756,0.435363,0.188287,0.192852,0.169515,0.243897,0.220215,0.277933,0.159856,0.245399,0.207438,0.257516,0.250923,0.276519,0.46222,0.296733,0.296796,0.079774,0.094768,0.091996,0.032265,0.295534,0.301507,0.493078,0.222559,0.209066,0.645801,0.400529,0.408542,0.381859,0.512535,0.520914,0.532186,0.279673,0.280009,0.175614,0.153194,0.342514,0.162082,0.466367,0.22432,0.2938,0.26216,0.10556,0.153144,0.048051,0.050379,0.04534,0.39689,0.324025,0.292311,0.3447,0.208319,0.329559,0.170501,0.246819,0.590419,0.29911,0.262225,0.313606,0.278698,0.38441,0.198968,0.172404,0.164206,0.192203,0.554008,0.128089,0.032587,0.098855,0.061389,0.118427,0.062015,0.047826,0.165139,0.176564,0.062421,0.132455,0.014711,0.129377,0.322156,0.299007,0.201099,0.290363,0.215667,0.263381,0.231825,0.330848,0.223523,0.284037,0.169627,0.200287,0.384528,0.226478,0.641469,0.221466,0.257565,0.264169,0.225887,0.228911,0.148382,0.106481,0.0937,0.519699,0.52131,0.230171,0.223673,0.26029,0.19317,0.339945,0.254266,0.077527,0.252186,0.125394
sedu_es_9ef-D19-01,0.505521,0.390064,0.377231,0.337371,0.288749,0.679754,0.223009,0.325152,0.0,0.209133,0.335798,0.605942,0.144516,0.002583,0.159158,0.077283,0.075889,0.13513,0.464448,0.237328,0.257836,0.537653,0.279304,0.449897,0.586251,0.129559,0.528355,0.281067,0.31423,0.281383,0.178587,0.146743,0.158342,0.684299,0.435186,0.106367,0.06201,0.084968,0.149587,0.169896,0.140556,0.468183,0.303346,0.484857,0.248688,0.32296,0.132581,0.288477,0.482703,0.279659,0.27293,0.252831,0.422079,0.247,0.216901,0.241589,0.493932,0.007423,0.306522,0.123031,0.10628,0.369315,0.169676,0.07278,0.117082,0.22286,0.384864,0.443091,0.817321,0.349939,0.300586,0.547176,0.294745,0.342175,0.217715,0.289253,0.244665,0.386971,0.238751,0.286937,0.276438,0.21744,0.403524,0.212556,0.25175,0.322722,0.364758,0.545752,0.320981,0.269473,0.14209,0.086895,0.202791,0.157311,0.67047,0.42035,0.164224,0.75,0.404714,0.333883,0.080717,0.29147,0.167552,0.198092,0.377072,0.526732,0.448303,0.22147,0.136286,0.746851,0.393899,0.416015,0.588309,0.531992,0.027795,0.12672,0.348807,0.290168,0.11652,0.204425,0.270124,0.317239,0.325265,0.329705,0.31975,0.152971,0.202088,0.201647,0.300932,0.145143,0.269591,0.254925,0.226927,0.641746,0.307766,0.346565,0.57931,0.384522,0.4502,0.457282,0.600839,0.417151,0.231394,0.241293,0.347123,0.332538,0.059527,0.164637,0.624611,0.121209,0.18817,0.337448,0.22123,0.66191,0.170037,0.387548,0.137463,0.382215,0.532598,0.480833,0.568675,0.422667,0.602122,0.548107,0.245912,0.302231,0.366912,0.174889,0.345,0.69528,0.417626,0.57567,0.075972,0.216976,0.207214,0.215644,0.193041,0.143371,0.114178,0.168216,0.057187,0.214507,0.408287,0.506655,0.108097,0.277334,0.269479,0.233137,0.381981,0.05264,0.207151,0.165297,0.263159,0.417073,0.211293,0.564492,0.420211,0.241624,0.286394,0.399687,0.40999,0.074425,0.190824,0.154441,0.359528,0.093379,0.287256,0.314367,0.17149,0.342135,0.16725,0.084855,0.175328,0.295764,0.025015,0.19934,0.116158,0.159878,0.392586,0.271206,0.178071,0.294409,0.352419,0.292552,0.270796,0.243683,0.4372,0.336033,0.710451,0.195581,0.248981,0.258544,0.179272,0.240346,0.21493,0.351737,0.452063,0.471838,0.188304,0.282856,0.210827,0.357387,0.323486,0.340056,0.483047,0.212048,0.262867,0.302906,0.311745,0.123324,0.398934,0.042109,0.676753,0.853125,0.224029,0.384427,0.099736,0.210578,0.363993,0.242086,0.198657,0.189144,0.21646,0.30012,0.179897,0.300618,0.369781,0.396991,0.4178,0.455687,0.401557,0.221951,0.1091,0.011885,0.127608,0.245743,0.433042,0.183035,0.273741,0.388098,0.320723,0.428178,0.189031,0.069213,0.197631,0.312103,0.209942,0.019244,0.802858,0.445837
sedu_es_9ef-D19-02,0.324962,0.428869,0.626309,0.552242,0.285172,0.248696,0.331906,0.268064,0.274034,0.224895,0.312212,0.306699,0.259569,0.130718,0.373613,0.059754,0.021859,0.037988,0.416585,0.136389,0.162262,0.218104,0.645477,0.809483,0.879198,0.538433,0.212443,0.520907,0.353294,0.630112,0.19752,0.124784,0.286721,0.199836,0.051094,0.229099,0.13448,0.172284,0.218132,0.067072,0.05901,0.380905,0.126505,0.190044,0.371077,0.172359,0.240755,0.230302,0.205088,0.206933,0.446194,0.360098,0.258999,0.591744,0.483957,0.320201,0.185981,0.231395,0.182607,0.333716,0.167639,0.298663,0.203152,0.213972,0.303635,0.2531,0.070517,0.195776,0.957953,0.135465,0.188159,0.395388,0.121331,0.201658,0.201657,0.192774,0.292554,0.270099,0.251839,0.201917,0.272772,0.379918,0.373064,0.244806,0.16652,0.281677,0.327935,0.220442,0.261999,0.140007,0.186034,0.476879,0.169633,0.478898,0.082861,0.166076,0.108181,0.780605,0.141452,0.089628,0.04586,0.201009,0.167326,0.278103,0.39095,0.320714,0.659849,0.220665,0.209035,0.252244,0.169329,0.273144,0.759529,0.450998,0.120943,0.183093,0.177547,0.077297,0.258295,0.159877,0.2867,0.281583,0.117321,0.13285,0.015759,0.059426,0.192586,0.32735,0.135226,0.085604,0.25262,0.143772,0.281288,0.298622,0.420702,0.293821,0.253514,0.540568,0.469478,0.21388,0.467309,0.575572,0.329059,0.104789,0.177392,0.200145,0.232107,0.165485,0.240742,0.326109,0.257735,0.503936,0.165054,0.145722,0.250773,0.153361,0.10348,0.127867,0.097405,0.145917,0.233356,0.217301,0.226816,0.260745,0.175688,0.142163,0.189602,0.285007,0.499256,0.295564,0.283097,0.273843,0.173414,0.166704,0.228433,0.238062,0.291256,0.276766,0.181287,0.16274,0.127529,0.179769,0.105419,0.182132,0.129405,0.363081,0.077486,0.113577,0.205169,0.312344,0.264972,0.210909,0.029277,0.098899,0.351521,0.042229,0.200455,0.189463,0.149174,0.345535,0.14324,0.129028,0.583407,0.289741,0.248178,0.17186,0.432991,0.455691,0.265739,0.217683,0.22324,0.134505,0.0,0.241934,0.113097,0.190877,0.303736,0.330497,0.245909,0.183008,0.124809,0.150396,0.092729,0.016157,0.422044,0.402112,0.594334,0.59015,0.201866,0.163814,0.117237,0.134787,0.333731,0.254283,0.111934,0.211628,0.214227,0.292529,0.047938,0.138017,0.195642,0.132969,0.26663,0.130532,0.110769,0.02279,0.069306,0.09009,0.080153,0.127836,0.160045,0.113868,0.122387,0.146213,0.036001,0.209364,0.156806,0.114913,0.243212,0.207574,0.033747,0.297408,0.338106,0.204642,0.396283,0.193002,0.0929,0.13042,0.181823,0.151757,0.092026,0.154488,0.168731,0.172189,0.053426,0.139023,0.059275,0.038152,0.091353,0.211922,0.171134,0.234238,0.256488,0.09411,0.05959,0.238438,0.195111,0.095253,0.167768,0.168493
sedu_es_9ef-D19-03,0.22744,0.250208,0.434867,0.410616,0.540541,0.293443,0.483789,0.30003,0.205672,0.246174,0.197896,0.13968,0.231348,0.145843,0.242239,0.099167,0.104481,0.578865,0.5,0.14638,0.178875,0.408965,0.756756,0.791364,0.791559,0.536817,0.28091,0.603764,0.66552,0.290054,0.207284,0.191968,0.28778,0.173248,0.065748,0.219367,0.171459,0.186265,0.191091,0.257818,0.147104,0.417123,0.193356,0.218884,0.385523,0.281651,0.309228,0.279967,0.245924,0.247937,0.282412,0.625865,0.598617,0.367298,0.232872,0.253678,0.165585,0.199691,0.219444,0.245747,0.18883,0.287592,0.162082,0.16647,0.227708,0.250679,0.131827,0.246795,0.733532,0.184651,0.251612,0.441948,0.131846,0.316606,0.227044,0.243574,0.219013,0.2328,0.524353,0.495129,0.27216,0.333383,0.355379,0.242834,0.455683,0.294831,0.247833,0.275468,0.230182,0.163939,0.182761,0.165031,0.153162,0.518773,0.168854,0.120559,0.086056,0.394915,0.212579,0.158827,0.064995,0.320408,0.240871,0.255453,0.372594,0.345218,0.612798,0.240967,0.20964,0.58413,0.488739,0.264064,0.729884,0.820528,0.107588,0.164295,0.236853,0.152562,0.227162,0.204318,0.250556,0.195642,0.216042,0.201555,0.089278,0.062449,0.254546,0.414066,0.240628,0.125007,0.290931,0.208852,0.327207,0.284193,0.300143,0.288008,0.31674,0.295867,0.576766,0.504245,0.556614,0.255843,0.221247,0.153815,0.212907,0.189618,0.182177,0.1399,0.204203,0.371821,0.176234,0.573103,0.128048,0.09525,0.222053,0.595858,0.110077,0.13813,0.153174,0.173112,0.200389,0.273579,0.258766,0.310942,0.200243,0.170767,0.293214,0.300177,0.75282,0.317979,0.276567,0.312565,0.41309,0.183337,0.192021,0.472104,0.502286,0.188856,0.158021,0.203923,0.133532,0.185041,0.113148,0.231068,0.099783,0.448725,0.106762,0.198673,0.203494,0.31308,0.235321,0.277052,0.173863,0.175409,0.399816,0.107858,0.150324,0.173868,0.143575,0.346077,0.260927,0.117899,0.615543,0.530861,0.438515,0.121076,0.227337,0.238079,0.430704,0.235979,0.224139,0.100722,0.12361,0.205798,0.110166,0.253684,0.273823,0.309008,0.300766,0.185984,0.10835,0.16782,0.434842,0.090856,0.434504,0.475848,0.640712,0.718035,0.316795,0.395317,0.374475,0.403251,0.265142,0.217953,0.120393,0.200704,0.196104,0.272006,0.117141,0.173628,0.193341,0.157567,0.253714,0.21167,0.443413,0.081133,0.107654,0.122032,0.124463,0.101006,0.257383,0.143835,0.16762,0.149128,0.059263,0.532049,0.149723,0.171763,0.672452,0.228774,0.153679,0.380391,0.402979,0.239647,0.474294,0.235338,0.200532,0.247479,0.193172,0.136196,0.168568,0.215832,0.109399,0.103536,0.093013,0.218406,0.0,0.067265,0.162533,0.193121,0.189434,0.244357,0.653482,0.122011,0.118462,0.233394,0.168347,0.10784,0.422106,0.237469
sedu_es_9ef-D19-04,0.186774,0.309105,0.5,0.420392,0.310223,0.376629,0.315978,0.324478,0.208322,0.265594,0.163811,0.149274,0.218616,0.139117,0.264031,0.119276,0.125938,0.164201,0.190422,0.154187,0.238986,0.332326,0.322758,0.390847,0.461671,0.320068,0.362975,0.353542,0.370956,0.281262,0.24092,0.195211,0.357547,0.132399,0.147002,0.213987,0.155158,0.166299,0.214188,0.07692,0.074072,0.150433,0.159653,0.281968,0.327033,0.360695,0.322942,0.390894,0.273112,0.304728,0.335361,0.406882,0.314168,0.460379,0.30028,0.261283,0.13184,0.215604,0.232218,0.190281,0.142723,0.122225,0.104235,0.118533,0.278002,0.219838,0.072875,0.171632,0.203628,0.211276,0.319039,0.630203,0.257991,0.412454,0.325179,0.299737,0.255762,0.182327,0.2524,0.224431,0.297729,0.24376,0.259301,0.32549,0.289217,0.322894,0.244127,0.289065,0.173245,0.160352,0.174712,0.115514,0.164876,0.234675,0.139009,0.124233,0.18789,0.179315,0.201049,0.233018,0.152095,0.351183,0.222156,0.25996,0.340408,0.310075,0.303363,0.28863,0.280513,0.893696,0.230612,0.217758,0.256638,0.300729,0.142204,0.08276,0.242529,0.166442,0.134534,0.213174,0.252273,0.207168,0.229895,0.147846,0.185059,0.168986,0.263025,0.180722,0.287253,0.13201,0.35929,0.275463,0.315317,0.27271,0.316943,0.326541,0.31557,0.387017,0.18111,0.227791,0.346757,0.252721,0.244641,0.192174,0.190605,0.213985,0.1506,0.141906,0.162962,0.263948,0.161236,0.151883,0.0,0.135385,0.14322,0.729494,0.213162,0.19196,0.132585,0.129995,0.261003,0.190097,0.273349,0.375038,0.143304,0.218822,0.255798,0.278436,0.292572,0.291733,0.281243,0.304101,0.144033,0.175797,0.215854,0.24645,0.226087,0.205702,0.206493,0.176809,0.079772,0.221143,0.113088,0.225783,0.074197,0.184028,0.163806,0.144816,0.212951,0.293064,0.21601,0.219748,0.184913,0.200884,0.065891,0.132828,0.147108,0.295198,0.156682,0.371548,0.181491,0.128024,0.301064,0.286855,0.256025,0.167809,0.230817,0.250232,0.20343,0.189759,0.215995,0.157309,0.083699,0.221174,0.061206,0.216606,0.278719,0.322125,0.286356,0.213941,0.101269,0.065823,0.064187,0.112792,0.227053,0.30168,0.347062,0.344071,0.097408,0.141391,0.217247,0.146144,0.271955,0.222768,0.12253,0.194111,0.178884,0.259155,0.126277,0.185278,0.170804,0.134106,0.313278,0.186845,0.151859,0.123764,0.077399,0.071884,0.156851,0.035231,0.13803,0.105078,0.125842,0.109023,0.051823,0.128408,0.184999,0.166706,0.162275,0.181548,0.144452,0.20696,0.137214,0.196754,0.222935,0.336797,0.198828,0.256236,0.174015,0.176354,0.115231,0.108992,0.078593,0.087857,0.104135,0.153463,0.007385,0.112842,0.178739,0.281498,0.256629,0.12744,0.253642,0.160037,0.117267,0.177412,0.142904,0.080549,0.211382,0.185573
sedu_es_9ef-D20-01,0.069918,0.101864,0.183369,0.118873,0.207417,0.185886,0.124011,0.120879,0.023461,0.10326,0.214305,0.193034,0.124967,0.05837,0.144526,0.300608,0.350568,0.321078,0.270351,0.182618,0.154781,0.237445,0.188649,0.191581,0.161987,0.08501,0.169493,0.104769,0.158972,0.069756,0.100973,0.060049,0.158263,0.286771,0.119897,0.165059,0.083958,0.220735,0.161992,0.19949,0.219347,0.23291,0.224496,0.19304,0.198618,0.229549,0.177485,0.177645,0.146053,0.129522,0.117518,0.196333,0.184995,0.146758,0.131515,0.118988,0.17697,0.126663,0.22625,0.135282,0.015491,0.158485,0.201555,0.247657,0.189961,0.144086,0.219497,0.146237,0.257757,0.184858,0.129856,0.184894,0.130697,0.166609,0.138401,0.13599,0.160123,0.130581,0.103706,0.104203,0.101624,0.094925,0.252086,0.144909,0.111326,0.18649,0.126857,0.165159,0.19881,0.237893,0.139111,0.094722,0.179828,0.139331,0.212064,0.878458,0.911279,0.0,0.208753,0.146849,0.086488,0.160805,0.126596,0.052281,0.141465,0.146023,0.076139,0.113039,0.118206,0.116254,0.11293,0.209832,0.246619,0.101029,0.180628,0.196097,0.222969,0.116132,0.089721,0.409526,0.218009,0.164393,0.202973,0.168056,0.122423,0.079834,0.135444,0.163135,0.129149,0.058571,0.128762,0.107777,0.107714,0.120419,0.136617,0.12809,0.152203,0.197491,0.066286,0.126384,0.148643,0.197519,0.268489,0.161308,0.175703,0.15655,0.07813,0.092645,0.1336,0.28637,0.216588,0.184408,0.109631,0.233447,0.196786,0.233372,0.138395,0.145082,0.160108,0.155355,0.100333,0.078953,0.153481,0.14945,0.079753,0.095565,0.128113,0.108083,0.138416,0.168099,0.170062,0.15317,0.137473,0.071237,0.108856,0.159433,0.325905,0.169734,0.186876,0.186619,0.157802,0.119127,0.149642,0.149036,0.160003,0.133116,0.235992,0.134867,0.16709,0.172073,0.129493,0.118915,0.23397,0.215056,0.133903,0.153156,0.115161,0.174574,0.185393,0.183924,0.064049,0.096974,0.138673,0.305906,0.271144,0.184689,0.108547,0.116522,0.36004,0.257663,0.103201,0.170394,0.150895,0.19873,0.124435,0.176882,0.169356,0.137811,0.260872,0.119578,0.111937,0.145676,0.116023,0.1476,0.135699,0.173566,0.141203,0.160569,0.046983,0.15826,0.227838,0.305567,0.194586,0.161718,0.117569,0.168626,0.111872,0.118512,0.124347,0.221283,0.159051,0.189889,0.224766,0.218572,0.070354,0.100829,0.162243,0.283618,0.100279,0.122218,0.230556,0.170062,0.152165,0.19874,0.141707,0.105984,0.128313,0.192117,0.189809,0.293379,0.35078,0.227297,0.131621,0.12244,0.174883,0.087184,0.218163,0.215077,0.142592,0.194157,0.177585,0.192477,0.153353,0.144929,0.105806,0.157277,0.041706,0.127203,0.109126,0.245363,0.262256,0.147575,0.215993,0.198909,0.300894,0.165577,0.185039,0.181758,0.271513,0.23193
sedu_es_9ef-D20-02,0.252521,0.335883,0.388641,0.295212,0.353921,0.349941,0.326556,0.351619,0.100232,0.233507,0.401469,0.594925,0.144019,0.158696,0.093622,0.151428,0.127071,0.165451,0.279517,0.203264,0.176599,0.188351,0.595412,0.519717,0.88786,0.580559,0.322239,0.738594,0.407792,0.334211,0.239825,0.179663,0.293459,0.694938,0.327794,0.18838,0.164702,0.179609,0.112112,0.065325,0.146115,0.230071,0.235789,0.205511,0.409521,0.297282,0.368933,0.328672,0.528318,0.295167,0.328626,0.42725,0.423551,0.5,0.289136,0.278999,0.379794,0.197163,0.197726,0.209785,0.174698,0.280899,0.081204,0.127182,0.111339,0.196101,0.112198,0.506508,0.265148,0.2369,0.327292,0.16681,0.129335,0.355016,0.335089,0.318453,0.266566,0.281539,0.294168,0.296954,0.270779,0.323488,0.360253,0.32867,0.279835,0.337813,0.312397,0.329514,0.368303,0.152727,0.206978,0.156989,0.102048,0.262851,0.440385,0.125857,0.09543,0.09458,0.283867,0.183385,0.048029,0.357345,0.258836,0.268692,0.423038,0.659536,0.68121,0.292116,0.285948,0.738722,0.288253,0.307582,0.168217,0.372031,0.570852,0.212354,0.226345,0.154247,0.182324,0.172972,0.203906,0.109754,0.265442,0.301635,0.1255,0.076436,0.283465,0.280168,0.304413,0.194984,0.373645,0.29077,0.328155,0.567542,0.34947,0.419497,0.442855,0.396286,0.620098,0.303115,0.413228,0.590901,0.259245,0.17864,0.261831,0.210923,0.106046,0.165606,0.690192,0.163771,0.148048,0.259596,0.06101,0.102615,0.21928,0.700531,0.13426,0.15681,0.112931,0.159216,0.282379,0.251204,0.548075,0.724405,0.263644,0.283754,0.354616,0.335498,0.72413,0.630635,0.569603,0.661258,0.178102,0.155734,0.26826,0.281248,0.277741,0.243061,0.289704,0.193576,0.125478,0.228438,0.187045,0.284964,0.098912,0.544923,0.18435,0.197991,0.250303,0.269555,0.268427,0.256079,0.263325,0.197108,0.11964,0.096364,0.135523,0.280878,0.21512,0.469172,0.270935,0.158576,0.347176,0.349577,0.32262,0.14864,0.257774,0.291619,0.243489,0.291983,0.293555,0.133088,0.134843,0.250462,0.092864,0.294045,0.197916,0.216544,0.438945,0.148916,0.099861,0.060162,0.026726,0.090242,0.286358,0.288862,0.375798,0.349408,0.23138,0.229025,0.141458,0.207989,0.284674,0.284904,0.212537,0.245886,0.221539,0.28479,0.147188,0.424358,0.175214,0.109387,0.295395,0.253187,0.1102,0.09333,0.078851,0.096311,0.136828,0.025156,0.10462,0.108543,0.11147,0.107499,0.051344,0.150691,0.199661,0.236471,0.184151,0.235212,0.195606,0.214383,0.120927,0.286193,0.172072,0.345894,0.275541,0.322839,0.242873,0.158153,0.208795,0.148679,0.188631,0.147867,0.146871,0.2115,0.0,0.070696,0.150832,0.321623,0.243455,0.509366,0.216477,0.169791,0.206739,0.271897,0.234974,0.086292,0.22257,0.236213
sedu_es_9ef-D20-03,0.138473,0.116233,0.191431,0.190995,0.193843,0.207889,0.193351,0.183715,0.00409,0.205443,0.016974,0.034869,0.137208,0.127492,0.071028,0.057707,0.335153,0.126637,0.461864,0.071555,0.097548,0.115147,0.353446,0.543195,0.365256,0.122013,0.181556,0.181552,0.187217,0.186654,0.124897,0.151356,0.172971,0.074856,0.162183,0.09471,0.131047,0.077509,0.089519,0.102857,0.167213,0.5,0.110323,0.111618,0.069989,0.164591,0.177498,0.168166,0.157516,0.223118,0.185165,0.201491,0.188355,0.1999,0.177562,0.17185,0.063737,0.081688,0.14668,0.090124,0.136293,0.17921,0.116978,0.112593,0.089925,0.107304,0.119544,0.206047,0.649819,0.121935,0.139624,0.057835,0.023921,0.152076,0.169339,0.162951,0.181026,0.206417,0.137851,0.128671,0.115235,0.282913,0.405299,0.1922,0.128996,0.181769,0.469483,0.200965,0.040721,0.063233,0.100093,0.113699,0.05292,0.200537,0.139531,0.067519,0.024291,0.333422,0.159265,0.044122,0.000954,0.18805,0.178086,0.179791,0.278752,0.234253,0.318407,0.200244,0.142217,0.130319,0.374341,0.201981,0.39237,0.174912,0.027139,0.068894,0.116517,0.048832,0.160462,0.072564,0.189648,0.104994,0.125543,0.1294,0.018963,0.017493,0.232411,0.356251,0.166583,0.087264,0.124718,0.102858,0.1606,0.228966,0.232537,0.197621,0.226438,0.212849,0.258934,0.159582,0.200716,0.124838,0.021944,0.046961,0.113667,0.056263,0.14179,0.103932,0.073204,0.222147,0.155343,0.409383,0.138689,0.006457,0.159229,0.201832,0.032284,0.070512,0.063376,0.064808,0.112779,0.232861,0.14713,0.195214,0.144976,0.151567,0.135766,0.123534,0.250892,0.186158,0.157629,0.225021,0.1327,0.14574,0.227994,0.216347,0.186357,0.178556,0.118012,0.148962,0.066772,0.126099,0.134303,0.154572,0.077504,0.180942,0.001516,0.16726,0.135974,0.172035,0.226678,0.168435,0.186903,0.155453,0.299823,0.040676,0.093869,0.13173,0.149551,0.247464,0.209129,0.603396,0.492455,0.229792,0.160237,0.130367,0.19093,0.197706,0.174738,0.142626,0.18061,0.050008,0.063901,0.136772,0.075823,0.161944,0.227496,0.210771,0.149753,0.027629,0.004577,0.054453,0.091775,0.058228,0.341102,0.627418,0.554737,0.563616,0.34375,0.160306,0.549935,0.114902,0.187911,0.208091,0.159602,0.182697,0.213557,0.249903,0.099393,0.316127,0.07161,0.119788,0.167192,0.15954,0.076385,0.047585,0.065906,0.104347,0.062747,0.093849,0.419777,0.067906,0.457508,0.096539,0.037184,0.279877,0.129216,0.177789,0.322584,0.257423,0.194833,0.539604,0.332919,0.154825,0.312881,0.138948,0.136325,0.177418,0.130929,0.09585,0.143621,0.12561,0.158792,0.153853,0.157946,0.213552,0.507715,0.0,0.07262,0.170122,0.154256,0.228565,0.15835,0.065942,0.093158,0.235139,0.168117,0.075455,0.439515,0.186324
sedu_es_9ef-D20-04,0.180909,0.185997,0.200464,0.098393,0.234799,0.198697,0.131306,0.044035,0.01776,0.131726,0.227197,0.20779,0.108358,0.030777,0.131695,0.590872,0.674502,0.666824,0.288779,0.176937,0.156676,0.181638,0.234315,0.152817,0.181962,0.066978,0.192941,0.100341,0.06753,0.055448,0.118439,0.229943,0.286861,0.246953,0.110639,0.157979,0.071585,0.232919,0.149081,0.681978,0.781551,0.241813,0.182481,0.204658,0.177708,0.25968,0.197337,0.182742,0.174365,0.155743,0.098564,0.120411,0.186543,0.189639,0.241801,0.145203,0.165637,0.097187,0.186459,0.095084,0.02051,0.22291,0.405169,0.241428,0.138142,0.135489,0.713368,0.584494,0.246773,0.176744,0.141001,0.230575,0.142184,0.220557,0.409812,0.147943,0.104635,0.13014,0.081721,0.089367,0.135255,0.152825,0.302798,0.165949,0.241577,0.191481,0.142066,0.31669,0.184489,0.172983,0.064647,0.013714,0.217299,0.152066,0.686559,0.857115,0.724729,0.0,0.221005,0.166487,0.102915,0.220283,0.132293,0.116687,0.167599,0.140295,0.134865,0.101644,0.097933,0.197784,0.118515,0.178288,0.231333,0.198803,0.182134,0.180086,0.193294,0.122392,0.038098,0.735826,0.195101,0.24491,0.166379,0.28177,0.178115,0.106561,0.164558,0.206508,0.173805,0.2038,0.306808,0.274595,0.107738,0.141018,0.187549,0.113346,0.153686,0.221811,0.100264,0.250758,0.129439,0.171922,0.206389,0.091886,0.118661,0.096576,0.031914,0.084345,0.15577,0.535469,0.288801,0.189878,0.291184,0.219169,0.352383,0.215059,0.170032,0.17761,0.116717,0.473376,0.118194,0.102903,0.174472,0.168086,0.094183,0.109444,0.154158,0.083944,0.244724,0.17067,0.133106,0.152438,0.282656,0.103757,0.08492,0.155643,0.280709,0.076314,0.102609,0.123164,0.099129,0.151408,0.101381,0.125535,0.132056,0.133686,0.139428,0.135676,0.332012,0.171461,0.209208,0.19908,0.215265,0.211891,0.139611,0.197212,0.132668,0.181388,0.136361,0.173786,0.135613,0.118174,0.099113,0.176874,0.222161,0.09127,0.153036,0.178603,0.288889,0.314391,0.07399,0.126624,0.122988,0.204027,0.071734,0.267403,0.185238,0.110771,0.1981,0.239895,0.123451,0.146792,0.104751,0.152957,0.148913,0.204195,0.130522,0.204033,0.206531,0.125569,0.353072,0.313649,0.104507,0.107275,0.080951,0.141862,0.055936,0.083295,0.134575,0.292336,0.130776,0.3174,0.208501,0.213406,0.110021,0.190012,0.16713,0.31882,0.133173,0.249146,0.228271,0.125254,0.161538,0.222748,0.147355,0.122709,0.115548,0.172436,0.127056,0.282341,0.355143,0.184639,0.186316,0.132325,0.13826,0.084463,0.206749,0.199797,0.190121,0.481829,0.132962,0.186721,0.024557,0.018556,0.084251,0.1678,0.055158,0.109786,0.123073,0.153192,0.148321,0.144522,0.149521,0.143973,0.183355,0.139572,0.114033,0.133625,0.235651,0.2281
sedu_es_9ef-D21-01,0.414425,0.515907,0.61669,0.649713,0.25892,0.25253,0.236158,0.200261,0.19596,0.20418,0.188163,0.165917,0.069936,0.099629,0.117948,0.067042,0.051411,0.166935,0.703783,0.134278,0.173113,0.328319,0.293237,0.494355,0.483336,0.170134,0.301713,0.245582,0.241303,0.093342,0.178853,0.152584,0.190467,0.096375,0.090682,0.076462,0.087449,0.210009,0.117294,0.045713,0.156984,0.035041,0.141467,0.192697,0.289375,0.377929,0.25867,0.355792,0.20286,0.27391,0.518385,0.245368,0.328353,0.33675,0.168909,0.262622,0.227162,0.089974,0.111654,0.356022,0.123828,0.251926,0.140577,0.15016,0.10622,0.195192,0.170539,0.212986,0.073569,0.153675,0.283579,0.253147,0.227696,0.446854,0.335413,0.26008,0.207468,0.096302,0.203353,0.170694,0.174546,0.256105,0.326035,0.192917,0.221194,0.269372,0.270723,0.262439,0.225187,0.171641,0.169185,0.146101,0.144768,0.225594,0.183874,0.047621,0.0,0.048402,0.168955,0.202542,0.191938,0.375111,0.311277,0.383214,0.450254,0.310297,0.615173,0.355386,0.331359,0.280183,0.325557,0.186231,0.245572,0.419032,0.122407,0.150685,0.232592,0.245594,0.155998,0.13597,0.191568,0.107845,0.19436,0.164133,0.267269,0.215173,0.370809,0.247965,0.252474,0.26801,0.283274,0.190826,0.436353,0.485788,0.815356,0.676004,0.30338,0.67474,0.337147,0.281148,0.454241,0.163352,0.371549,0.200135,0.124658,0.190139,0.128695,0.259961,0.086423,0.13112,0.205223,0.225493,0.083926,0.17006,0.14222,0.508632,0.02666,0.137155,0.497449,0.141733,0.190933,0.308816,0.15359,0.28406,0.40255,0.457572,0.511187,0.45031,0.462204,0.298038,0.321888,0.350689,0.221444,0.15844,0.162796,0.173639,0.157641,0.289854,0.241469,0.141525,0.202343,0.128629,0.060428,0.175601,0.080096,0.148203,0.057555,0.155151,0.222955,0.203846,0.175436,0.158636,0.215292,0.15611,0.141434,0.243233,0.106135,0.447289,0.121781,0.337158,0.29063,0.437579,0.210684,0.177939,0.278141,0.242714,0.114074,0.126732,0.253531,0.120903,0.118257,0.145633,0.05904,0.167398,0.054822,0.181935,0.169224,0.189014,0.258752,0.126137,0.16925,0.147071,0.070919,0.130484,0.244833,0.331555,0.265987,0.214554,0.337441,0.219645,0.101898,0.123481,0.285181,0.170244,0.119614,0.101554,0.081474,0.147103,0.135846,0.075379,0.131718,0.146859,0.186208,0.108366,0.127564,0.180172,0.207211,0.233646,0.167468,0.042156,0.205466,0.058222,0.115046,0.189235,0.086466,0.155279,0.197853,0.129044,0.233976,0.142035,0.058636,0.226406,0.096418,0.121391,0.419172,0.207284,0.157064,0.150607,0.240908,0.136495,0.120767,0.196774,0.224983,0.152064,0.127688,0.154663,0.082097,0.133149,0.0597,0.319685,0.278957,0.155276,0.140231,0.088495,0.086234,0.110476,0.008957,0.117037,0.13754,0.116489
sedu_es_9ef-D21-02,0.378829,0.512068,0.632037,0.497414,0.320729,0.366621,0.393411,0.295599,0.282728,0.18974,0.186627,0.151849,0.234953,0.082245,0.294793,0.378081,0.43959,0.444533,0.361789,0.088604,0.173595,0.425887,0.384209,0.499731,0.591078,0.301643,0.350024,0.34756,0.366174,0.257727,0.181107,0.158422,0.257765,0.165481,0.059952,0.222679,0.132339,0.201743,0.24968,0.131651,0.210283,0.322612,0.12797,0.354859,0.317597,0.361467,0.387362,0.378139,0.274865,0.277588,0.512103,0.398156,0.385868,0.405561,0.25745,0.342574,0.249557,0.193783,0.238263,0.370368,0.118264,0.342305,0.236883,0.264524,0.311609,0.211072,0.191897,0.333647,0.34403,0.139142,0.32868,0.254844,0.208273,0.327547,0.306591,0.265756,0.327554,0.261641,0.301657,0.271591,0.253367,0.430768,0.481973,0.277996,0.285952,0.397464,0.32017,0.317824,0.256863,0.279967,0.144866,0.154135,0.260344,0.350574,0.290232,0.276506,0.350202,0.277022,0.258485,0.249902,0.149927,0.38574,0.375592,0.435301,0.606126,0.453979,0.489035,0.372629,0.368253,0.341549,0.26419,0.247745,0.52983,0.737285,0.185716,0.298994,0.336459,0.170416,0.206648,0.250853,0.314814,0.258283,0.158842,0.124485,0.227379,0.183509,0.34427,0.346368,0.279534,0.176374,0.347849,0.231328,0.608457,0.538708,0.774373,0.654642,0.411643,0.56182,0.293981,0.297335,0.85187,0.261031,0.41765,0.186882,0.231455,0.190874,0.132689,0.256015,0.201899,0.239618,0.194634,0.242582,0.07873,0.07949,0.266312,0.679119,0.150002,0.158257,0.160796,0.320239,0.260561,0.26455,0.268814,0.353353,0.653166,0.591709,0.676049,0.819812,0.832713,0.405591,0.524566,0.460702,0.282117,0.117633,0.230728,0.261667,0.312685,0.284293,0.294056,0.222593,0.184426,0.20487,0.155749,0.248044,0.109973,0.205677,0.152922,0.174298,0.290754,0.347708,0.241123,0.264135,0.562921,0.175143,0.179815,0.104279,0.203477,0.36812,0.195741,0.442407,0.262394,0.54259,0.291454,0.234291,0.335254,0.178924,0.164983,0.193149,0.421984,0.24232,0.240566,0.13211,0.042293,0.260979,0.072227,0.231958,0.321392,0.307858,0.320315,0.17346,0.131229,0.185454,0.151804,0.084866,0.346408,0.333607,0.361764,0.356146,0.225956,0.336179,0.492346,0.236026,0.411878,0.313622,0.141011,0.220722,0.201671,0.301034,0.107547,0.237687,0.173404,0.224666,0.336609,0.198318,0.113372,0.107086,0.088905,0.222767,0.132552,0.145085,0.199732,0.154697,0.21426,0.100331,0.084638,0.173567,0.184739,0.171653,0.294053,0.242698,0.179808,0.307116,0.165246,0.281068,0.241604,0.271028,0.166389,0.218363,0.240118,0.438858,0.134641,0.21496,0.224765,0.217411,0.21959,0.240113,0.0,0.098153,0.12224,0.355967,0.275989,0.204881,0.382225,0.08018,0.145225,0.22409,0.15235,0.090978,0.256162,0.189855
sedu_es_9ef-D21-03,0.160942,0.246923,0.323028,0.179492,0.259233,0.310826,0.237284,0.177888,0.006607,0.104073,0.161336,0.175999,0.095927,0.0,0.606566,0.509101,0.559767,0.51932,0.134346,0.158288,0.162937,0.238597,0.22525,0.35132,0.306738,0.206371,0.239014,0.214198,0.233725,0.207585,0.202738,0.124241,0.096925,0.149342,0.103342,0.099407,0.016812,0.202936,0.681396,0.227612,0.172429,0.175482,0.162337,0.251962,0.230266,0.20816,0.169635,0.270826,0.19711,0.27063,0.257169,0.237851,0.590716,0.228667,0.154045,0.571103,0.161536,0.089735,0.199266,0.097865,0.040913,0.257289,0.780987,0.259292,0.602247,0.126639,0.181863,0.248188,0.218005,0.126491,0.20909,0.166905,0.199341,0.28428,0.242109,0.285575,0.268922,0.329299,0.268291,0.274087,0.158723,0.210518,0.23093,0.162859,0.491895,0.277268,0.233855,0.283291,0.154074,0.155727,0.048831,0.03818,0.543473,0.185622,0.269145,0.495763,0.515241,0.156806,0.195607,0.163739,0.479298,0.249215,0.163045,0.209066,0.273195,0.145513,0.237702,0.252627,0.592217,0.20226,0.200438,0.211323,0.327822,0.232124,0.089024,0.099844,0.208386,0.068504,0.136414,0.644655,0.208832,0.244813,0.214253,0.158956,0.163619,0.200231,0.200281,0.42731,0.644745,0.214184,0.238856,0.257303,0.204521,0.172592,0.30075,0.213312,0.299323,0.41872,0.229359,0.169487,0.250578,0.095205,0.164986,0.048799,0.070004,0.055804,0.170884,0.193934,0.25712,0.579691,0.18452,0.196884,0.269583,0.135504,0.20043,0.221364,0.096837,0.258884,0.121096,0.691406,0.305813,0.26648,0.139033,0.384826,0.257318,0.209493,0.309847,0.169802,0.253666,0.174727,0.280738,0.327778,0.525787,0.090245,0.097383,0.157809,0.199538,0.157639,0.141838,0.038686,0.032095,0.156652,0.092022,0.175867,0.107596,0.203478,0.098083,0.182168,0.305982,0.300821,0.176661,0.154206,0.151642,0.287852,0.176693,0.19407,0.231866,0.317919,0.227082,0.327576,0.312742,0.188861,0.20713,0.156139,0.240415,0.193577,0.194869,0.233602,0.160234,0.309391,0.092555,0.145305,0.173431,0.228154,0.031687,0.196343,0.847994,0.697794,0.233949,0.22849,0.153759,0.118843,0.158542,0.22518,0.236425,0.211733,0.316887,0.353527,0.227081,0.184955,0.337637,0.246393,0.617626,0.126242,0.100157,0.177131,0.091845,0.196219,0.197187,0.169322,0.120333,0.563306,0.392714,0.182524,0.127667,0.140826,0.209633,0.218184,0.162596,0.233281,0.606513,0.098129,0.223339,0.655615,0.222389,0.210296,0.181752,0.228123,0.236597,0.283702,0.3154,0.186388,0.250142,0.14165,0.242119,0.19982,0.22547,0.247586,0.228701,0.422318,0.308768,0.221062,0.083741,0.071906,0.241081,0.248935,0.067632,0.143192,0.141624,0.20851,0.18334,0.267932,0.65015,0.19873,0.179098,0.237809,0.234279,0.101308,0.185012,0.247272
sedu_es_9ef-D21-04,0.198198,0.338346,0.456005,0.245433,0.619756,0.344144,0.560888,0.299513,0.452752,0.612413,0.273224,0.178528,0.485569,0.41062,0.26246,0.148982,0.137991,0.157012,0.251308,0.162398,0.265252,0.443528,0.387621,0.254096,0.5,0.303621,0.301113,0.373404,0.701781,0.404494,0.255102,0.225049,0.476618,0.205336,0.105655,0.490768,0.498245,0.198677,0.106103,0.292789,0.145374,0.273192,0.214905,0.387685,0.229317,0.2295,0.362242,0.29449,0.339614,0.240202,0.315946,0.678906,0.573727,0.434224,0.246809,0.29882,0.284325,0.469422,0.534044,0.577944,0.532935,0.201789,0.111343,0.132909,0.125685,0.625861,0.088484,0.203211,0.278357,0.307634,0.362527,0.251491,0.215594,0.33183,0.251295,0.265301,0.303464,0.223085,0.582069,0.582551,0.303472,0.234227,0.279391,0.240527,0.734812,0.368175,0.299224,0.227579,0.333691,0.500864,0.49826,0.465231,0.136927,0.777138,0.100779,0.18234,0.091932,0.153983,0.358359,0.258821,0.084222,0.685633,0.258334,0.286054,0.404527,0.388114,0.410023,0.247701,0.249067,0.349517,0.656755,0.212814,0.566392,0.95802,0.156682,0.193089,0.587102,0.488783,0.546344,0.262141,0.910852,0.156479,0.335809,0.262297,0.095494,0.067798,0.305263,0.205556,0.245086,0.136097,0.313281,0.304466,0.43391,0.259017,0.27325,0.249622,0.276148,0.375932,0.285306,0.565957,0.683565,0.397201,0.368577,0.35599,0.367581,0.345449,0.521727,0.207897,0.301841,0.2373,0.524713,0.291753,0.087316,0.163417,0.352772,0.333162,0.181924,0.175638,0.119902,0.210232,0.226801,0.279605,0.350915,0.278902,0.308834,0.346034,0.381638,0.425752,0.585366,0.428289,0.277362,0.261049,0.392278,0.214125,0.219719,0.495474,0.611261,0.199135,0.298568,0.465348,0.382166,0.314543,0.256669,0.320181,0.148949,0.305565,0.247359,0.257973,0.239136,0.239259,0.416464,0.519311,0.340933,0.249457,0.042894,0.132542,0.189835,0.192391,0.215162,0.375957,0.295879,0.079539,0.259115,0.539265,0.478518,0.111499,0.440874,0.271276,0.565693,0.340721,0.306629,0.170369,0.151468,0.290259,0.377367,0.435901,0.168278,0.365814,0.775665,0.266873,0.117489,0.064457,0.139554,0.155671,0.320366,0.185525,0.293885,0.29978,0.25019,0.412795,0.513823,0.511745,0.285231,0.42333,0.233937,0.352315,0.253161,0.279598,0.215876,0.348959,0.51921,0.541457,0.279753,0.301054,0.183394,0.164387,0.108622,0.221853,0.151538,0.046205,0.230817,0.390056,0.221293,0.14085,0.088052,0.164151,0.205511,0.245397,0.340815,0.237088,0.145593,0.251961,0.172457,0.291608,0.269929,0.316161,0.286049,0.328257,0.193783,0.173734,0.127679,0.173832,0.184089,0.192015,0.135801,0.16948,0.0,0.100194,0.215667,0.250937,0.237973,0.172632,0.482286,0.546141,0.241218,0.252726,0.206547,0.238347,0.817739,0.271429
sedu_es_9ef-D22-01,0.189793,0.270823,0.358544,0.204968,0.305387,0.307368,0.288002,0.339619,0.491919,0.521242,0.204649,0.159779,0.537616,0.871744,0.144217,0.067885,0.124381,0.161483,0.192546,0.10177,0.256659,0.177272,0.271466,0.205981,0.684125,0.307462,0.306703,0.321492,0.41583,0.321702,0.268176,0.257784,0.618041,0.165706,0.190305,0.502115,0.874425,0.275874,0.127593,0.075559,0.172663,0.189059,0.132387,0.253924,0.201211,0.238627,0.317666,0.300937,0.322277,0.281704,0.299609,0.407939,0.330839,0.5,0.310346,0.251623,0.255969,0.518629,0.514449,0.841742,0.618989,0.182262,0.129618,0.191084,0.153905,0.648322,0.088423,0.167747,0.171626,0.13961,0.368861,0.182768,0.202042,0.300536,0.28247,0.289698,0.280773,0.167791,0.257335,0.277609,0.236649,0.345858,0.252262,0.300402,0.309017,0.288249,0.266879,0.275927,0.303507,0.458491,0.621767,0.535361,0.14493,0.919496,0.116095,0.077578,0.170578,0.053029,0.177357,0.216558,0.112669,0.273904,0.204333,0.310651,0.413514,0.350005,0.330319,0.266258,0.244913,0.719645,0.259305,0.207276,0.224606,0.301789,0.462577,0.545309,0.535505,0.571611,0.568294,0.190789,0.63771,0.263448,0.210513,0.162656,0.15619,0.136492,0.266038,0.195167,0.233614,0.211384,0.323037,0.241193,0.327545,0.293138,0.334266,0.35636,0.282844,0.296547,0.212739,0.253043,0.332425,0.737049,0.345162,0.322702,0.38421,0.345087,0.592979,0.229982,0.229374,0.231591,0.609762,0.252191,0.118553,0.258104,0.656421,0.236085,0.221434,0.164239,0.104871,0.152607,0.255069,0.179489,0.278142,0.301694,0.2059,0.218449,0.316689,0.308736,0.350748,0.346804,0.251679,0.280657,0.188939,0.201509,0.305387,0.257365,0.241935,0.234923,0.312581,0.565284,0.440443,0.357794,0.271179,0.392228,0.227776,0.378476,0.591325,0.703083,0.172908,0.382903,0.610588,0.906716,0.270252,0.144104,0.107776,0.104395,0.133436,0.217541,0.252032,0.344173,0.226772,0.259737,0.223577,0.380611,0.298067,0.199151,0.563196,0.29004,0.254918,0.188667,0.383726,0.28062,0.275291,0.287982,0.441226,0.574758,0.244502,0.379098,0.312712,0.244258,0.116634,0.122413,0.009647,0.156453,0.366957,0.253153,0.293148,0.278041,0.151883,0.158627,0.164376,0.210491,0.23936,0.368231,0.291564,0.36695,0.298805,0.290762,0.29801,0.455809,0.624383,0.128353,0.289093,0.168648,0.189913,0.227215,0.108559,0.153405,0.16438,0.0,0.097101,0.398146,0.053815,0.096023,0.092627,0.093484,0.232923,0.198349,0.1713,0.168809,0.16776,0.260574,0.228984,0.277961,0.294937,0.326267,0.199635,0.240237,0.169986,0.155487,0.158901,0.191424,0.177772,0.461458,0.149875,0.21412,0.053614,0.131068,0.225437,0.276776,0.254823,0.641126,0.529889,0.277342,0.326537,0.212517,0.198351,0.245424,0.176534,0.197251
sedu_es_9ef-D22-02,0.087523,0.297244,0.306114,0.215801,0.156494,0.265939,0.381613,0.299049,0.307613,0.170818,0.168287,0.117683,0.251105,0.235545,0.161945,0.098912,0.110554,0.150918,0.076603,0.067801,0.169695,0.267341,0.236342,0.242123,0.290481,0.326205,0.256386,0.355739,0.634028,0.543146,0.193523,0.160167,0.222621,0.082912,0.10642,0.215069,0.25275,0.228617,0.133314,0.1132,0.14182,0.112408,0.105868,0.259628,0.249879,0.137099,0.3712,0.24018,0.23229,0.23344,0.320214,0.622334,0.542819,0.614801,0.23631,0.221843,0.256605,0.246812,0.266824,0.282753,0.235266,0.218763,0.161224,0.192694,0.160552,0.201358,0.055575,0.149024,0.121803,0.159236,0.355713,0.164986,0.229199,0.226063,0.255151,0.25247,0.313899,0.190507,0.542823,0.554033,0.251636,0.387567,0.35233,0.186925,0.491744,0.306534,0.23241,0.185004,0.306025,0.256273,0.251641,0.245674,0.163799,0.433731,0.10051,0.0,0.053555,0.146279,0.185786,0.246625,0.173576,0.286491,0.394263,0.691743,0.545872,0.402783,0.642436,0.375957,0.376968,0.347731,0.280209,0.144805,0.314328,0.493733,0.218414,0.266721,0.329462,0.313806,0.335373,0.22366,0.623259,0.213548,0.168067,0.172911,0.1679,0.150663,0.324772,0.329711,0.179775,0.203444,0.304468,0.260903,0.824443,0.604341,0.722716,0.804319,0.333389,0.298119,0.242479,0.217762,0.4514,0.322744,0.235609,0.301556,0.274442,0.24998,0.331408,0.298463,0.283252,0.253307,0.28569,0.178861,0.118281,0.155464,0.313301,0.262157,0.118494,0.118251,0.155903,0.207167,0.286978,0.242778,0.21362,0.279132,0.760368,0.658943,0.739944,0.863495,0.785865,0.376373,0.41295,0.384228,0.167643,0.122244,0.159387,0.132656,0.189721,0.325418,0.382181,0.2396,0.22312,0.286063,0.512064,0.282933,0.12081,0.285499,0.228891,0.283248,0.186718,0.347194,0.291885,0.399058,0.247858,0.154508,0.068899,0.089766,0.134631,0.255833,0.22728,0.365056,0.266438,0.600308,0.182986,0.202414,0.294645,0.229129,0.206707,0.20508,0.288364,0.243964,0.219077,0.225375,0.211973,0.290064,0.151241,0.302362,0.18806,0.449613,0.301675,0.179661,0.116025,0.058406,0.039994,0.128435,0.384508,0.299062,0.268251,0.249977,0.213225,0.19765,0.136557,0.233689,0.239489,0.698488,0.199938,0.211733,0.396377,0.498486,0.265966,0.277423,0.206421,0.166816,0.211394,0.142169,0.104787,0.166568,0.077244,0.162598,0.111022,0.1025,0.063898,0.168637,0.076868,0.129685,0.108212,0.152489,0.132871,0.166637,0.210968,0.158477,0.139216,0.253137,0.565159,0.172077,0.225843,0.335367,0.18715,0.20442,0.097008,0.141777,0.138694,0.148786,0.239281,0.246337,0.19921,0.210554,0.031479,0.110639,0.11822,0.289788,0.236512,0.124484,0.266259,0.174107,0.274228,0.208166,0.146154,0.141592,0.131012,0.135141
sedu_es_9ef-D22-03,0.092349,0.345699,0.279109,0.173949,0.210543,0.334826,0.333733,0.284345,0.082495,0.138458,0.167275,0.192773,0.203174,0.123426,0.476006,0.332796,0.325406,0.318399,0.140795,0.22013,0.095775,0.177358,0.194957,0.24455,0.237355,0.293042,0.316878,0.299519,0.35393,0.339903,0.22775,0.17993,0.127413,0.120748,0.163475,0.162757,0.114552,0.338565,0.644463,0.423769,0.498792,0.235678,0.152358,0.131637,0.132821,0.190283,0.317456,0.297189,0.192554,0.251305,0.291634,0.309198,0.276504,0.358573,0.22899,0.186402,0.1873,0.170059,0.220433,0.138013,0.12617,0.326114,0.499066,0.33387,0.559958,0.194016,0.404326,0.988305,0.170118,0.155402,0.17224,0.100363,0.0709,0.255153,0.297477,0.279283,0.284783,0.241959,0.250275,0.287279,0.145492,0.382752,0.333359,0.159117,0.252972,0.327347,0.218677,0.211961,0.139135,0.078851,0.203747,0.176433,0.615488,0.366823,0.477376,0.204699,0.218409,0.152432,0.2126,0.088531,0.053575,0.306507,0.308763,0.320814,0.409896,0.196275,0.327253,0.277396,0.26551,0.186179,0.225052,0.217714,0.333134,0.390604,0.058158,0.174539,0.187764,0.142811,0.227435,0.666857,0.309528,0.369365,0.183142,0.248157,0.099499,0.125881,0.237791,0.206167,0.25807,0.188969,0.25311,0.205162,0.341545,0.213415,0.425406,0.337284,0.328145,0.347061,0.230729,0.173995,0.35042,0.185754,0.141973,0.106546,0.192974,0.088638,0.256493,0.172494,0.388867,0.68151,0.281661,0.239597,0.186979,0.15751,0.304651,0.316693,0.039475,0.117434,0.048157,0.056648,0.231376,0.269281,0.140461,0.33009,0.25078,0.281941,0.30883,0.299922,0.423831,0.154616,0.255796,0.304485,0.032588,0.083702,0.165739,0.220732,0.212586,0.23237,0.238425,0.168617,0.13584,0.310713,0.218985,0.36263,0.174906,0.367519,0.242224,0.332745,0.348488,0.435054,0.263066,0.31521,0.304961,0.278778,0.098389,0.132286,0.104855,0.240994,0.268484,0.376393,0.230003,0.39303,0.196296,0.228666,0.212168,0.224696,0.233968,0.240768,0.161048,0.235202,0.150959,0.324303,0.297299,0.3119,0.152548,0.295856,0.338457,0.5,0.308934,0.115984,0.140992,0.0,0.086698,0.191437,0.400145,0.231657,0.353534,0.344595,0.196759,0.121253,0.219866,0.212025,0.211053,0.303823,0.226922,0.361733,0.117941,0.224117,0.324081,0.314655,0.185157,0.218083,0.358349,0.234612,0.084944,0.112714,0.103864,0.036455,0.049424,0.132484,0.117276,0.155569,0.185278,0.630892,0.100847,0.173978,0.210671,0.222816,0.087974,0.185915,0.221279,0.294987,0.324738,0.188491,0.294048,0.195437,0.205267,0.273345,0.267827,0.232396,0.297858,0.117225,0.143316,0.135246,0.086999,0.105336,0.08423,0.071415,0.040873,0.17039,0.099297,0.171231,0.348041,0.177209,0.200368,0.249535,0.191047,0.130652,0.092133,0.188499
sedu_es_9ef-D22-04,0.231819,0.414486,0.947915,0.301154,0.24868,0.299296,0.247853,0.290585,0.177908,0.209024,0.157556,0.175859,0.278801,0.121786,0.321297,0.129368,0.08874,0.070497,0.20728,0.238691,0.116202,0.214224,0.191663,0.295142,0.877964,0.173018,0.289843,0.219432,0.372748,0.200738,0.085201,0.183523,0.154381,0.171254,0.033251,0.284765,0.22305,0.059373,0.173396,0.068194,0.057145,0.312725,0.178884,0.386569,0.10771,0.10718,0.15341,0.266857,0.239217,0.141694,0.38004,0.399533,0.303444,0.225046,0.195113,0.627563,0.107172,0.257831,0.282071,0.300675,0.192704,0.247325,0.145227,0.125836,0.252709,0.301198,0.008448,0.165115,0.440602,0.173679,0.212208,0.273278,0.07694,0.076972,0.097626,0.104161,0.263667,0.218361,0.326209,0.477761,0.127773,0.224985,0.230401,0.139276,0.355366,0.331857,0.489154,0.158366,0.149521,0.191596,0.113191,0.242756,0.151969,0.472049,0.084037,0.200491,0.050191,0.427657,0.267926,0.222378,0.027838,0.098872,0.116763,0.207276,0.386621,0.245228,0.23915,0.118574,0.096432,0.222142,0.439242,0.260906,0.650281,0.507902,0.063221,0.121388,0.295283,0.055632,0.40297,0.149687,0.725331,0.277132,0.217087,0.340199,0.205298,0.112586,0.112616,0.142886,0.093346,0.035467,0.182591,0.145186,0.427908,0.297769,0.422843,0.310973,0.16051,0.375824,0.177171,0.366612,0.50338,0.216804,0.242486,0.118027,0.204757,0.221804,0.147367,0.063899,0.163882,0.169019,0.18479,0.122126,0.025292,0.020467,0.27873,0.232341,0.027943,0.161749,0.071154,0.128665,0.098201,0.120404,0.198198,0.106421,0.350161,0.521662,0.241971,0.434347,0.657058,0.253406,0.250909,0.155126,0.189997,0.198682,0.180247,0.4717,0.35032,0.165783,0.09117,0.214653,0.113422,0.223879,0.086349,0.215745,0.149988,0.199046,0.096858,0.187303,0.252879,0.250741,0.195505,0.254521,0.130634,0.158303,0.188366,0.103569,0.176876,0.157657,0.163703,0.269245,0.103615,0.311192,0.182356,0.217372,0.199831,0.062222,0.168843,0.148958,0.356448,0.190369,0.272403,0.010769,0.0,0.223723,0.082184,0.145576,0.321916,0.305491,0.274753,0.210513,0.413399,0.175718,0.216071,0.125766,0.232318,0.085771,0.233134,0.179897,0.126209,0.276448,0.147449,0.211368,0.472683,0.220512,0.075558,0.552561,0.213776,0.239427,0.116341,0.24479,0.21014,0.137088,0.177387,0.432989,0.291036,0.054437,0.120648,0.112947,0.183147,0.133183,0.121655,0.145691,0.21874,0.067152,0.104728,0.143891,0.083546,0.083884,0.169945,0.142505,0.17152,0.231725,0.142371,0.302358,0.147526,0.189313,0.135573,0.214026,0.260991,0.373148,0.086612,0.133076,0.181733,0.223597,0.126558,0.162322,0.053385,0.12543,0.203008,0.228763,0.198273,0.078948,0.289028,0.108354,0.092311,0.212723,0.129164,0.053848,0.292763,0.246848
sedu_es_9ef-D23-01,0.301186,0.273766,0.613111,0.32059,0.493125,0.356307,0.355972,0.625715,0.09527,0.340586,0.174677,0.17451,0.177817,0.19355,0.134894,0.085638,0.0,0.067934,0.359871,0.178855,0.207599,0.239626,0.401762,0.28728,0.589211,0.372664,0.318061,0.525325,0.405164,0.298273,0.315657,0.118148,0.429958,0.11953,0.103881,0.213056,0.206942,0.248804,0.13487,0.013047,0.082641,0.307421,0.258645,0.156819,0.243253,0.407382,0.43975,0.321704,0.394956,0.476621,0.380986,0.447831,0.484166,0.5857,0.383722,0.640613,0.145848,0.215535,0.272636,0.293131,0.138766,0.251644,0.17248,0.189234,0.098903,0.250265,0.092542,0.164433,0.35456,0.268638,0.325632,0.195251,0.123255,0.399665,0.407145,0.466037,0.410781,0.391335,0.321685,0.489891,0.297185,0.425033,0.470705,0.416468,0.349667,0.375058,0.669307,0.441606,0.183721,0.264725,0.294801,0.256415,0.1537,0.318557,0.134642,0.211939,0.060396,0.102688,0.259979,0.141955,0.042977,0.364059,0.306498,0.356544,0.557366,0.47132,0.42234,0.437784,0.403826,0.442127,0.605917,0.631341,0.479812,0.580024,0.088108,0.144877,0.29702,0.173906,0.248818,0.246443,0.283811,0.18211,0.337752,0.287305,0.180793,0.109313,0.403959,0.265215,0.389329,0.348379,0.476304,0.391086,0.436466,0.381104,0.477588,0.5215,0.499316,0.491119,0.357159,0.835007,0.672026,0.423231,0.37514,0.299293,0.408362,0.368661,0.163882,0.220157,0.241569,0.265994,0.252989,0.274429,0.02164,0.085718,0.23482,0.686063,0.131208,0.213225,0.163634,0.132332,0.402025,0.300169,0.361258,0.527482,0.209068,0.363303,0.377357,0.368645,0.421888,0.428596,0.360717,0.503967,0.183919,0.423637,0.323601,0.324667,0.445975,0.42901,0.352667,0.342877,0.211256,0.26525,0.303355,0.36642,0.197403,0.347932,0.235461,0.278761,0.301458,0.318823,0.390429,0.379517,0.355609,0.213459,0.078408,0.139452,0.128137,0.339731,0.235957,0.467271,0.260437,0.142697,0.42282,0.390948,0.379616,0.323886,0.322535,0.3325,0.36861,0.304309,0.359151,0.221927,0.164456,0.342469,0.165793,0.38765,0.19472,0.291212,0.392223,0.163534,0.089629,0.048782,0.106428,0.16032,0.368933,0.666636,0.498822,0.494693,0.261905,0.211794,0.156035,0.286327,0.375604,0.383596,0.357894,0.678536,0.323051,0.426834,0.206442,0.378915,0.13739,0.090208,0.402055,0.492648,0.446979,0.106997,0.132385,0.11757,0.16645,0.065097,0.304132,0.163676,0.131222,0.453978,0.364117,0.426743,0.560722,0.240787,0.262213,0.614844,0.509509,0.30988,0.109891,0.362551,0.28019,0.34209,0.260742,0.338662,0.230818,0.20191,0.154589,0.219109,0.288488,0.245424,0.073548,0.161641,0.427508,0.131079,0.152726,0.431496,0.432189,0.540134,0.314442,0.298342,0.179664,0.320129,0.237344,0.10879,0.188521,0.213438
sedu_es_9ef-D23-02,0.221453,0.236601,0.257248,0.114944,0.288473,0.27012,0.362245,0.279131,0.090548,0.471414,0.086431,0.074803,0.126065,0.151947,0.105247,0.0105,0.111094,0.09304,0.1817,0.013416,0.166095,0.10706,0.35021,0.183672,0.250343,0.289726,0.244024,0.341436,0.322681,0.16572,0.263445,0.124576,0.233278,0.045494,0.073657,0.120064,0.161232,0.183954,0.14055,0.063889,0.145596,0.437748,0.074222,0.106111,0.111958,0.284263,0.400748,0.262611,0.306892,0.289789,0.314072,0.37806,0.35513,0.446875,0.32085,0.278052,0.037804,0.124565,0.143074,0.218884,0.14009,0.238396,0.157941,0.178904,0.170102,0.109056,0.096707,0.221762,0.374863,0.071184,0.228775,0.093528,0.096843,0.279254,0.337499,0.29823,0.340214,0.213326,0.283973,0.28787,0.167901,0.717605,0.326707,0.305988,0.319585,0.328815,0.309325,0.327368,0.095297,0.117251,0.205611,0.178187,0.142803,0.263475,0.104198,0.095199,0.124915,0.105211,0.352238,0.102889,0.059797,0.348655,0.330904,0.588033,1.0,0.625348,0.324275,0.341974,0.340018,0.274254,0.474361,0.427092,0.197829,0.309273,0.062929,0.117633,0.142907,0.128943,0.235009,0.196871,0.22689,0.153367,0.085342,0.093236,0.070186,0.047293,0.334635,0.316137,0.23716,0.214632,0.385824,0.158908,0.780684,0.695322,0.810457,0.834472,0.354049,0.327432,0.251752,0.324568,0.323614,0.296281,0.201034,0.165785,0.274838,0.235968,0.13815,0.151031,0.182005,0.18392,0.177127,0.119933,0.081193,0.062163,0.212438,0.225676,0.173347,0.066878,0.059427,0.113862,0.296105,0.240744,0.274836,0.321906,0.178419,0.223919,0.237942,0.6354,0.396232,0.348371,0.379583,0.357294,0.142075,0.115545,0.31986,0.5278,0.269925,0.299131,0.266558,0.196845,0.101393,0.147636,0.213643,0.264017,0.105427,0.222507,0.186995,0.21295,0.138199,0.295661,0.528523,0.488348,0.261684,0.06655,0.099413,0.020978,0.08272,0.241519,0.225526,0.348995,0.232117,0.328415,0.303036,0.284193,0.197952,0.208588,0.255314,0.265437,0.266192,0.180258,0.286919,0.166391,0.134162,0.202119,0.098305,0.245556,0.228572,0.229099,0.258428,0.087427,0.100124,0.079554,0.0,0.067016,0.306788,0.281622,0.371947,0.271403,0.227037,0.217436,0.15861,0.215225,0.287632,0.306044,0.208632,0.259389,0.232148,0.303026,0.164408,0.195518,0.079394,0.15515,0.246545,0.091139,0.078365,0.118146,0.049072,0.082133,0.075423,0.084464,0.145129,0.116717,0.016708,0.093878,0.015542,0.097367,0.192682,0.205349,0.170048,0.229535,0.190341,0.13905,0.104921,0.245805,0.137838,0.249482,0.101561,0.136561,0.133525,0.160204,0.128718,0.156799,0.217534,0.208037,0.161838,0.163449,0.056349,0.132693,0.099872,0.290649,0.26769,0.214477,0.259565,0.394015,0.197558,0.288334,0.239209,0.057668,0.428284,0.11286
sedu_es_9ef-D23-03,0.176036,0.217598,0.260219,0.148023,0.228236,0.238219,0.295112,0.233295,0.06669,0.203549,0.104823,0.093738,0.125981,0.146114,0.135592,0.01854,0.112274,0.108657,0.186483,0.020653,0.123745,0.11644,0.293567,0.186233,0.236364,0.243894,0.23441,0.279662,0.282739,0.148129,0.220748,0.130629,0.189806,0.057803,0.050061,0.123257,0.146612,0.204269,0.160261,0.073743,0.149259,0.428628,0.08023,0.06571,0.108347,0.271301,0.39898,0.243267,0.252062,0.251559,0.254449,0.309212,0.306668,0.419637,0.274099,0.203825,0.023427,0.129857,0.150144,0.177242,0.123947,0.24231,0.213338,0.203663,0.190869,0.109287,0.090107,0.207831,0.362161,0.066873,0.165808,0.07194,0.060385,0.274721,0.32235,0.256329,0.277087,0.167645,0.216058,0.212691,0.133013,0.733607,0.333762,0.286456,0.273989,0.263624,0.230429,0.287401,0.098366,0.103362,0.180035,0.15665,0.178278,0.277705,0.097598,0.085606,0.070475,0.10712,0.345459,0.058649,0.022389,0.332173,0.287784,0.579998,1.0,0.53058,0.360589,0.287861,0.269876,0.241154,0.38188,0.373955,0.174687,0.261434,0.043824,0.109646,0.144393,0.119911,0.22985,0.185203,0.200473,0.162904,0.07913,0.078502,0.05036,0.017571,0.284504,0.295585,0.183234,0.212164,0.37195,0.137952,0.726754,0.626133,0.791136,0.791287,0.315797,0.352676,0.243438,0.215548,0.27624,0.230774,0.187454,0.137115,0.227199,0.209681,0.154344,0.139224,0.16178,0.157649,0.180699,0.08592,0.098572,0.096241,0.192368,0.196982,0.130695,0.041065,0.030628,0.083745,0.263786,0.228494,0.186418,0.297921,0.139678,0.165989,0.210676,0.543448,0.374755,0.251394,0.326832,0.317665,0.153936,0.076835,0.276789,0.485107,0.205741,0.225567,0.214773,0.191146,0.073043,0.115466,0.151812,0.211064,0.09242,0.220036,0.152238,0.231643,0.147545,0.313316,0.504876,0.450634,0.265043,0.053509,0.120095,0.026827,0.056965,0.21851,0.205394,0.329372,0.242117,0.312485,0.231439,0.23648,0.177957,0.169086,0.238592,0.248372,0.213843,0.136497,0.258804,0.151186,0.142019,0.17909,0.061491,0.23715,0.261093,0.248562,0.248298,0.077275,0.095694,0.095481,0.002873,0.078865,0.289501,0.274378,0.351091,0.229667,0.249421,0.144454,0.143926,0.185692,0.233475,0.252183,0.149933,0.209734,0.175677,0.246388,0.192289,0.199016,0.074592,0.192059,0.223189,0.051847,0.051126,0.093925,0.05022,0.063335,0.050472,0.05614,0.139665,0.062731,0.0,0.131488,0.02773,0.104193,0.130566,0.176959,0.123598,0.194159,0.176301,0.109018,0.113985,0.172375,0.125542,0.199061,0.09015,0.102752,0.141023,0.147403,0.124535,0.141918,0.151684,0.153269,0.119832,0.150926,0.057987,0.094039,0.065766,0.235929,0.212639,0.23579,0.223659,0.094881,0.187012,0.248937,0.184927,0.059915,0.101593,0.094214
sedu_es_9ef-D23-04,0.394361,0.408712,0.628237,0.39621,0.330248,0.342934,0.193275,0.306799,0.154012,0.446854,0.29777,0.340079,0.236466,0.147818,0.290586,0.130539,0.005134,0.074859,0.324667,0.280046,0.205175,0.243906,0.286943,0.338565,0.622018,0.063042,0.314142,0.264629,0.529467,0.343437,0.089478,0.159208,0.214288,0.225462,0.479845,0.212429,0.203075,0.123839,0.073132,0.058798,0.093143,0.37434,0.278653,0.342809,0.142769,0.206958,0.132936,0.287692,0.321827,0.278129,0.493521,0.472428,0.5188,0.261508,0.156336,0.448808,0.243989,0.163935,0.210241,0.385868,0.435712,0.288493,0.126793,0.089065,0.046092,0.381818,0.044353,0.1958,0.418291,0.244173,0.342651,0.361143,0.116734,0.129551,0.182659,0.275647,0.261901,0.219334,0.510113,0.542927,0.178667,0.209204,0.293908,0.110042,0.355371,0.326281,0.447187,0.280273,0.403788,0.242721,0.153325,0.399144,0.115114,0.454059,0.065732,0.44449,0.0,0.452145,0.25559,0.225518,0.086379,0.178558,0.206148,0.261087,0.265805,0.310432,0.276887,0.281256,0.244156,0.222299,0.628364,0.399784,0.497359,0.826123,0.079769,0.133591,0.2356,0.146271,0.474109,0.25047,0.838354,0.135829,0.251912,0.239722,0.435724,0.162098,0.272568,0.214168,0.300509,0.191361,0.180345,0.388782,0.290272,0.315339,0.484656,0.358589,0.310351,0.429227,0.41106,0.41735,0.848876,0.238261,0.354396,0.131826,0.112624,0.356617,0.405701,0.30565,0.205885,0.231586,0.264102,0.361293,0.158008,0.154307,0.291408,0.417264,0.075204,0.491297,0.178699,0.180918,0.23261,0.331606,0.25653,0.257574,0.479548,0.51323,0.488433,0.499756,0.611888,0.324636,0.279423,0.340693,0.342917,0.234498,0.153578,0.251788,0.43296,0.297047,0.037224,0.24142,0.139413,0.297196,0.155371,0.185426,0.172408,0.156386,0.075501,0.169024,0.357459,0.132417,0.35228,0.432202,0.502736,0.226771,0.216812,0.273308,0.282332,0.164812,0.344433,0.369739,0.313513,0.04725,0.224514,0.293948,0.357179,0.245246,0.174002,0.114,0.372654,0.368064,0.464379,0.054094,0.104377,0.382309,0.073254,0.420784,0.187316,0.268337,0.280681,0.257484,0.133057,0.133379,0.367248,0.360403,0.258684,0.226963,0.228455,0.256051,0.328921,0.354372,0.574016,0.375756,0.275713,0.266948,0.195381,0.330178,0.237197,0.346009,0.116429,0.125058,0.248615,0.130491,0.250442,0.288115,0.54029,0.136457,0.222483,0.331486,0.278573,0.130316,0.331162,0.155792,0.400991,0.247793,0.178853,0.28481,0.244883,0.281673,0.3349,0.296639,0.210811,0.283862,0.130618,0.351669,0.248783,0.24447,0.288902,0.291149,0.378486,0.56538,0.169489,0.269234,0.185706,0.18476,0.130146,0.209485,0.11213,0.159749,0.24538,0.250241,0.240869,0.234516,0.107359,0.421249,0.154523,0.195636,0.183782,0.110638,0.578435,0.325325
sedu_es_9ef-D24-01,0.244489,0.211235,0.312207,0.178247,0.228997,0.322494,0.243671,0.221395,0.086698,0.083036,0.323148,0.359377,0.235199,0.174785,0.229916,0.122088,0.124844,0.20568,0.394454,0.165573,0.249702,0.132333,0.240693,0.196145,0.291243,0.166395,0.296541,0.158983,0.182501,0.229774,0.04736,0.089805,0.055608,0.258957,0.220752,0.154457,0.111852,0.079672,0.638247,0.18674,0.121295,0.378887,0.201996,0.316954,0.077265,0.179223,0.176784,0.279559,0.269388,0.630117,0.203784,0.220593,0.219491,0.330012,0.108597,0.322163,0.265684,0.162981,0.206462,0.110617,0.107198,0.326922,0.207735,0.168068,0.660547,0.201821,0.094155,0.251217,0.375272,0.068347,0.273911,0.483979,0.076493,0.161847,0.221032,0.193002,0.301906,0.306672,0.179539,0.255866,0.0,0.397807,0.385786,0.10911,0.145877,0.27072,0.310195,0.271839,0.268763,0.151758,0.166302,0.074003,0.126551,0.176938,0.172396,0.288266,0.241063,0.455955,0.196452,0.133647,0.057822,0.197059,0.1674,0.305491,0.375335,0.242845,0.269443,0.19946,0.184797,0.070106,0.147308,0.250071,0.37747,0.239799,0.223513,0.316722,0.190736,0.077972,0.11894,0.159272,0.252726,0.170539,0.143061,0.134193,0.218802,0.152148,0.185475,0.190204,0.17981,0.206849,0.193983,0.18132,0.223531,0.30136,0.289045,0.273114,0.248981,0.311767,0.230261,0.174301,0.215065,0.261593,0.150363,0.088657,0.155452,0.164846,0.138482,0.169047,0.23001,0.408182,0.251885,0.627252,0.246214,0.252915,0.153336,0.196057,0.184901,0.340835,0.137172,0.297454,0.190722,0.205522,0.143997,0.257682,0.24695,0.126404,0.241039,0.209,0.36746,0.207578,0.261527,0.263143,0.356927,0.065288,0.156028,0.179836,0.250321,0.227018,0.19615,0.20602,0.057254,0.142077,0.127242,0.185731,0.099534,0.215251,0.057725,0.167107,0.152275,0.289053,0.298073,0.151966,0.112995,0.222761,0.541328,0.18119,0.24353,0.217584,0.29034,0.256371,0.189527,0.256973,0.226304,0.414811,0.328204,0.295574,0.166485,0.15292,0.311263,0.154829,0.24103,0.109606,0.125931,0.299003,0.062769,0.166839,0.943745,0.288954,0.175971,0.220183,0.142869,0.176511,0.154447,0.104442,0.486309,0.558782,0.772552,0.771513,0.23382,0.289331,0.234649,0.13181,0.336432,0.243643,0.148994,0.250665,0.230214,0.270698,0.136735,0.244607,0.12931,0.24476,0.340206,0.19419,0.280027,0.144964,0.220058,0.1961,0.151379,0.158543,0.214473,0.035093,0.231738,0.200046,0.149068,0.175907,0.10888,0.218729,0.225119,0.168148,0.21732,0.440563,0.434823,0.196868,0.390575,0.120711,0.181972,0.205128,0.680564,0.392287,0.24497,0.192073,0.184349,0.245449,0.146184,0.301456,0.132693,0.104559,0.083517,0.262962,0.310345,0.230614,0.199567,0.127349,0.192933,0.245312,0.246649,0.110973,0.17738,0.243943
sedu_es_9ef-D24-02,0.355125,0.218027,0.267111,0.21013,0.395312,0.279993,0.800504,0.338244,0.064632,0.304778,0.083418,0.072729,0.099232,0.125583,0.081866,0.05724,0.116674,0.177497,0.231718,0.06624,0.115635,0.107175,0.641391,0.391329,0.381289,0.6418,0.282288,0.416109,0.311413,0.178194,0.394783,0.114604,0.31831,0.082207,0.036888,0.088716,0.11545,0.185171,0.168171,0.065977,0.196287,0.225112,0.138959,0.052541,0.117849,0.428782,1.0,0.312288,0.384842,0.451997,0.293609,0.344918,0.478812,0.70336,0.357666,0.368809,0.06746,0.093017,0.09515,0.136707,0.134206,0.249416,0.151612,0.215082,0.189332,0.089785,0.130403,0.228848,0.179047,0.082978,0.167659,0.061651,0.106989,0.556073,0.836831,0.424374,0.416041,0.352327,0.28424,0.237937,0.231203,0.559535,0.652636,0.41867,0.353417,0.33237,0.348585,0.481171,0.10053,0.084668,0.175246,0.134814,0.15052,0.239224,0.102098,0.124368,0.137592,0.114706,0.12435,0.06986,0.058767,0.659726,0.804494,0.44752,0.665317,0.647225,0.450712,0.628224,0.620308,0.303647,0.305712,0.247821,0.187312,0.257114,0.096202,0.147381,0.092278,0.131242,0.213116,0.178868,0.164796,0.157789,0.08361,0.123434,0.058655,0.04392,0.612862,0.757063,0.36438,0.353378,0.442228,0.255114,0.374638,0.589493,0.511347,0.494875,0.605824,0.459691,0.268636,0.407463,0.237544,0.359237,0.2548,0.189634,0.294157,0.22186,0.155292,0.142702,0.171895,0.160507,0.167816,0.127707,0.092907,0.087544,0.195149,0.431459,0.112995,0.030966,0.040441,0.074254,0.413246,0.249869,0.341513,0.479195,0.198603,0.165564,0.185947,0.308415,0.336373,0.538685,0.593185,0.6128,0.201694,0.123147,0.323569,0.271794,0.240469,0.26915,0.368621,0.23192,0.093529,0.1439,0.150825,0.229971,0.092607,0.211658,0.150691,0.208161,0.15097,0.273998,0.527002,0.442843,0.398326,0.103382,0.10309,0.026525,0.035724,0.406973,0.219712,0.354151,0.269251,0.311045,0.326975,0.280001,0.189599,0.195663,0.333711,0.368105,0.236229,0.171251,0.239594,0.179908,0.136643,0.187007,0.116674,0.230585,0.204176,0.198099,0.283242,0.024412,0.068961,0.077456,0.001097,0.026799,0.368125,0.626237,0.497254,0.45619,0.230743,0.127855,0.156146,0.176397,0.231886,0.212777,0.181832,0.172388,0.185252,0.244346,0.184652,0.186038,0.082998,0.175719,0.225654,0.080522,0.088645,0.049944,0.027414,0.078831,0.069353,0.107196,0.224448,0.098748,0.023224,0.101353,0.0,0.127139,0.186506,0.212395,0.106682,0.230545,0.153267,0.127885,0.155757,0.167966,0.164184,0.214599,0.139001,0.156123,0.192898,0.151457,0.149295,0.129268,0.208839,0.188058,0.120036,0.127244,0.137648,0.089426,0.039212,0.301416,0.25102,0.217939,0.213471,0.090152,0.153997,0.2636,0.191767,0.104858,0.132311,0.11657
sedu_es_9ef-D24-03,0.39609,0.263492,0.296069,0.216786,0.438571,0.295271,0.765962,0.394408,0.090533,0.293537,0.088494,0.096578,0.115081,0.140793,0.109216,0.058861,0.120689,0.18457,0.219841,0.036595,0.123821,0.132477,0.58674,0.380742,0.370651,0.625384,0.309093,0.447819,0.328094,0.210551,0.373232,0.130303,0.284305,0.088891,0.069175,0.119834,0.1239,0.173426,0.138166,0.074265,0.15258,0.206326,0.09256,0.105791,0.117296,0.446655,0.899531,0.327317,0.410329,0.465271,0.320485,0.371804,0.460024,0.64469,0.351724,0.402007,0.061785,0.144764,0.099332,0.138969,0.134478,0.208528,0.132915,0.182664,0.169927,0.086799,0.103992,0.218558,0.175903,0.042011,0.225115,0.124249,0.133394,0.537425,0.969301,0.43658,0.428367,0.338946,0.293317,0.279179,0.234386,0.502146,0.59953,0.396072,0.34718,0.347718,0.369114,0.467128,0.099009,0.097049,0.190361,0.161574,0.136578,0.228122,0.088495,0.123837,0.120478,0.139952,0.083291,0.129695,0.096034,0.61498,0.725713,0.438608,0.610867,0.601639,0.378435,0.601571,0.563939,0.313151,0.297106,0.257315,0.195442,0.291695,0.093824,0.13941,0.10848,0.149441,0.192789,0.187557,0.164125,0.145249,0.048731,0.06318,0.097957,0.07383,0.592324,0.657384,0.364469,0.378417,0.451014,0.246253,0.359251,0.554553,0.495438,0.493055,0.556887,0.452918,0.247147,0.371495,0.261741,0.359031,0.231097,0.195216,0.25645,0.204071,0.156777,0.154472,0.201857,0.170665,0.135613,0.091358,0.076426,0.080171,0.179348,0.354156,0.117755,0.065312,0.075633,0.092993,0.40586,0.229538,0.390824,0.503955,0.214104,0.167801,0.2021,0.304969,0.351467,0.549717,0.56519,0.600515,0.18942,0.141275,0.318782,0.268025,0.24728,0.255786,0.342466,0.204155,0.112551,0.147802,0.131989,0.207326,0.078236,0.223936,0.158521,0.217644,0.127571,0.26721,0.469247,0.401366,0.358644,0.079459,0.092615,0.072382,0.045783,0.408693,0.210879,0.361169,0.260846,0.279739,0.332784,0.283863,0.238336,0.270281,0.34763,0.369067,0.234625,0.18023,0.19145,0.180068,0.157856,0.202023,0.135666,0.217441,0.186647,0.221315,0.237212,0.051541,0.078807,0.068409,0.187207,0.037568,0.316797,0.590987,0.492114,0.473819,0.186344,0.161883,0.149293,0.184407,0.288095,0.191177,0.177492,0.174929,0.161647,0.251303,0.224212,0.17352,0.082449,0.163015,0.231102,0.057047,0.074559,0.057684,0.063126,0.079213,0.080842,0.114888,0.200483,0.115844,0.005969,0.097329,0.011476,0.124203,0.187981,0.256249,0.0774,0.196751,0.147477,0.135153,0.153689,0.178096,0.159104,0.243667,0.119753,0.121032,0.192887,0.134843,0.171083,0.124737,0.220129,0.246176,0.100015,0.173065,0.132929,0.141609,0.06517,0.337727,0.333488,0.193882,0.18068,0.121351,0.169312,0.247664,0.165787,0.073355,0.164174,0.097021
sedu_es_9ef-D24-04,0.248331,0.243971,0.265708,0.223199,0.181988,0.315095,0.233726,0.169633,0.090911,0.085025,0.213246,0.222955,0.212261,0.159102,0.209207,0.133339,0.133483,0.245075,0.392331,0.210112,0.259064,0.160451,0.211041,0.242266,0.24448,0.207076,0.259483,0.137958,0.194516,0.207334,0.076211,0.124621,0.05482,0.17915,0.230151,0.141746,0.116476,0.078868,0.693656,0.145976,0.093498,0.389291,0.284537,0.299565,0.083401,0.212125,0.213075,0.270414,0.173932,0.570045,0.159172,0.213037,0.240825,0.262616,0.106143,0.275311,0.178692,0.148399,0.213827,0.121977,0.109434,0.392263,0.253043,0.162339,0.703502,0.171492,0.087131,0.167414,0.389363,0.168409,0.253055,0.464063,0.069498,0.194393,0.229685,0.140865,0.249461,0.322888,0.193425,0.210567,0.051444,0.426585,0.389319,0.143297,0.179797,0.22678,0.288471,0.287192,0.186462,0.121328,0.127248,0.044623,0.156811,0.226486,0.159086,0.273429,0.251148,0.451698,0.257355,0.114603,0.059047,0.218751,0.192139,0.308066,0.39867,0.237643,0.322626,0.148228,0.163426,0.11405,0.20659,0.198256,0.385521,0.228138,0.175203,0.282667,0.191323,0.073333,0.150115,0.176126,0.238858,0.201768,0.243515,0.24534,0.209793,0.154563,0.168396,0.191409,0.157714,0.170322,0.222669,0.186137,0.255559,0.289403,0.281764,0.259597,0.25963,0.335189,0.254323,0.160719,0.218983,0.229034,0.138912,0.08979,0.192145,0.186486,0.161335,0.145886,0.150367,0.419733,0.238803,0.678142,0.219911,0.290504,0.110764,0.298693,0.213478,0.342066,0.158298,0.260815,0.193342,0.218932,0.09237,0.259871,0.232993,0.149979,0.225894,0.247841,0.339479,0.183779,0.311045,0.295276,0.316312,0.052466,0.195104,0.19556,0.223659,0.281773,0.17935,0.216577,0.012742,0.098481,0.092601,0.242017,0.122232,0.242118,0.060793,0.224637,0.188029,0.322791,0.323363,0.176613,0.167947,0.289551,0.551615,0.186697,0.26484,0.228583,0.326516,0.267212,0.20151,0.362372,0.234332,0.366263,0.246289,0.201696,0.162829,0.185108,0.283957,0.179053,0.303133,0.107747,0.130623,0.22417,0.0,0.175828,0.943745,0.334536,0.256184,0.211837,0.139753,0.171546,0.201297,0.144057,0.521942,0.554594,0.812605,0.766759,0.259856,0.278037,0.231132,0.161581,0.288472,0.254348,0.084286,0.234032,0.174411,0.173071,0.129387,0.149596,0.119048,0.276682,0.320941,0.256998,0.25127,0.160188,0.240621,0.190588,0.148844,0.131146,0.265402,0.049065,0.256404,0.170471,0.16459,0.213881,0.075272,0.203794,0.297093,0.180127,0.204934,0.407351,0.469218,0.1786,0.377414,0.183311,0.218434,0.278822,0.659541,0.425107,0.261026,0.171604,0.174941,0.176691,0.187566,0.24238,0.142724,0.08307,0.123654,0.261867,0.243088,0.224937,0.243277,0.061587,0.16125,0.196834,0.193082,0.064783,0.136961,0.255065
sedu_es_9ef-D25-01,0.26613,0.398848,0.469655,0.471837,0.279019,0.41623,0.235489,0.360456,0.273701,0.807353,0.369086,0.38456,0.309355,0.319988,0.232709,0.182159,0.092326,0.126469,0.237364,0.303061,0.677897,0.208314,0.204613,0.365912,0.474402,0.165107,0.422311,0.30853,0.294482,0.266334,0.188631,0.411276,0.37136,0.327003,0.185065,0.320082,0.363198,0.100105,0.0,0.039001,0.134943,0.177558,0.524679,0.380394,0.114976,0.178712,0.172203,0.357929,0.337829,0.231109,0.345034,0.31414,0.274513,0.421037,0.544822,0.643965,0.31095,0.297479,0.336017,0.301842,0.330492,0.777796,0.099168,0.038072,0.074319,0.443379,0.06468,0.17557,0.211497,0.449856,0.353063,0.510294,0.100439,0.171334,0.223903,0.502251,0.379194,0.382347,0.24813,0.323558,0.17435,0.227274,0.185668,0.242409,0.515548,0.407735,0.5,0.249265,0.358483,0.314016,0.310319,0.254433,0.058,0.333002,0.111565,0.132572,0.047297,0.150787,0.528529,0.292906,0.045222,0.136887,0.334703,0.602814,0.395867,0.27278,0.320596,0.188253,0.120052,0.251386,0.342196,0.420438,0.172077,0.332336,0.126565,0.238297,0.312683,0.259006,0.28163,0.162856,0.385698,0.187107,0.52128,0.538242,0.288819,0.344083,0.190156,0.113047,0.188826,0.280656,0.564399,0.292802,0.573369,0.5419,0.512492,0.354849,0.220144,0.306013,0.189414,0.299365,0.375122,0.267715,0.280138,0.235308,0.310889,0.360027,0.233302,0.148851,0.345605,0.1418,0.412834,0.285512,0.226905,0.252335,0.361499,0.644291,0.283503,0.285261,0.160122,0.345521,0.150726,0.23036,0.258897,0.262636,0.598874,0.620692,0.703624,0.662087,0.919876,0.340673,0.32543,0.317349,0.75113,0.316889,0.693798,0.732564,0.677664,0.300531,0.108897,0.391513,0.262835,0.327726,0.211761,0.270095,0.267689,0.347009,0.153131,0.333393,0.237326,0.171155,0.585688,0.267483,0.196434,0.209243,0.233775,0.174081,0.310418,0.224217,0.355199,0.384593,0.210949,0.189842,0.749629,0.340162,0.341145,0.234611,0.404296,0.347045,0.722586,0.265625,0.339779,0.135529,0.184379,0.37776,0.214714,0.522231,0.242279,0.345256,0.290461,0.334139,0.234738,0.233456,0.063942,0.20569,0.482917,0.204888,0.233763,0.215051,0.204396,0.414277,0.142284,0.186046,0.700932,0.406573,0.242018,0.420384,0.283645,0.291908,0.299155,0.138832,0.344518,0.348635,0.663441,0.306142,0.285314,0.416026,0.388615,0.22432,0.226792,0.0954,0.205264,0.245125,0.156135,0.137091,0.327697,0.20013,0.153719,0.212325,0.377667,0.268896,0.187419,0.251906,0.404746,0.340319,0.156937,0.273032,0.272185,0.288309,0.593927,0.240075,0.258101,0.274156,0.242211,0.245433,0.540473,0.409799,0.17307,0.205775,0.304887,0.685,0.6619,0.279976,0.223747,0.71795,0.349604,0.325044,0.312569,0.166403,0.86321,0.287764
sedu_es_9ef-D25-02,0.230304,0.237691,0.283002,0.118459,0.303662,0.321071,0.301246,0.26871,0.030958,0.295966,0.098532,0.122977,0.124485,0.097072,0.12429,0.018929,0.093445,0.088836,0.297682,0.110469,0.091532,0.150748,0.609448,0.444636,0.511237,0.271178,0.279189,0.324678,0.299748,0.179646,0.285541,0.196686,0.234749,0.120461,0.052366,0.112858,0.09902,0.182304,0.188242,0.053389,0.182915,0.293315,0.180061,0.079886,0.10329,0.293247,0.331158,0.287026,0.286109,0.331778,0.320078,0.355143,0.423901,0.46731,0.359179,0.359489,0.084417,0.104657,0.160479,0.12476,0.073517,0.331293,0.205045,0.219264,0.1894,0.084875,0.09171,0.242835,0.632064,0.117897,0.211184,0.088485,0.06282,0.225817,0.341245,0.334471,0.313501,0.277085,0.278165,0.337897,0.12024,0.442899,0.375324,0.377632,0.366925,0.343664,0.413162,0.444634,0.074584,0.15528,0.169962,0.150941,0.206098,0.197633,0.098263,0.209023,0.134494,0.151349,0.165115,0.075826,0.0,0.275916,0.252994,0.362802,0.497979,0.387085,0.297201,0.34452,0.34672,0.233476,0.371454,0.405824,0.545609,0.345542,0.102295,0.174061,0.15747,0.061174,0.151278,0.254143,0.237754,0.228761,0.167597,0.23243,0.121813,0.045726,0.292492,0.555297,0.270314,0.330649,0.404654,0.209666,0.368702,0.426034,0.421284,0.467077,0.395907,0.3481,0.28075,0.419481,0.326484,0.234376,0.221179,0.090225,0.266651,0.163698,0.058023,0.076849,0.215887,0.245885,0.183779,0.116344,0.125944,0.053925,0.233754,0.340154,0.116861,0.079238,0.057489,0.114455,0.323819,0.27119,0.185846,0.356698,0.226759,0.28068,0.249674,0.368474,0.5,0.292227,0.408836,0.421384,0.302449,0.139497,0.459609,0.456718,0.445088,0.457594,0.26548,0.245253,0.081211,0.150178,0.210587,0.286571,0.114845,0.279827,0.175307,0.275042,0.223385,0.314136,0.349938,0.306819,0.281258,0.147121,0.647787,0.035653,0.045347,0.3139,0.331896,0.389224,0.254967,0.359486,0.940767,0.422612,0.277772,0.376657,0.287772,0.311993,0.440233,0.20227,0.292904,0.142483,0.134395,0.259436,0.105778,0.294305,0.301623,0.27661,0.396562,0.03896,0.184325,0.215644,0.035609,0.079829,0.329968,0.347986,0.377853,0.324221,0.264504,0.272056,0.217855,0.255958,0.449922,0.32799,0.252366,0.353484,0.317203,0.420982,0.211409,0.22894,0.070569,0.196238,0.31391,0.207574,0.039557,0.080539,0.087108,0.086938,0.07655,0.192541,0.165246,0.115411,0.083942,0.141294,0.036395,0.134047,0.245147,0.271514,0.235011,0.345537,0.319507,0.24497,0.143147,0.316534,0.186598,0.186785,0.230181,0.284443,0.252043,0.279652,0.186168,0.266064,0.277179,0.279403,0.217248,0.212346,0.159091,0.153453,0.099821,0.361108,0.386993,0.197865,0.331253,0.143464,0.228469,0.362469,0.353048,0.030463,0.210346,0.237382
sedu_es_9ef-D25-03,0.227546,0.261821,0.340908,0.319281,0.30233,0.357723,0.380657,0.342593,0.073649,0.298712,0.113483,0.122463,0.153483,0.203984,0.10895,0.035105,0.063884,0.122182,0.281064,0.10292,0.310843,0.147568,0.33106,0.278169,0.315106,0.237023,0.384083,0.38526,0.386816,0.258114,0.230694,0.256266,0.272693,0.096254,0.050969,0.169868,0.220729,0.176158,0.08234,0.029418,0.097313,0.18307,0.29191,0.09461,0.105988,0.319577,0.362842,0.415048,0.320986,0.393401,0.399624,0.433097,0.383884,0.47651,0.415364,0.517453,0.126553,0.167064,0.181657,0.19981,0.184152,0.510977,0.148275,0.172717,0.087062,0.182661,0.074093,0.222739,0.15263,0.160487,0.207483,0.235143,0.062454,0.279599,0.431923,0.501172,0.390967,0.318882,0.374699,0.355032,0.137466,0.440957,0.367603,0.287453,0.377054,0.420781,0.390826,0.384212,0.168521,0.153193,0.275227,0.251625,0.138199,0.323841,0.105009,0.078905,0.009067,0.064119,0.241951,0.127897,0.0,0.35293,0.467996,0.510908,0.444063,0.370807,0.392022,0.413087,0.387882,0.275875,0.303044,0.636828,0.158978,0.375947,0.088878,0.186556,0.158238,0.165724,0.259165,0.175424,0.251277,0.182302,0.246023,0.27968,0.119101,0.168419,0.372046,0.305351,0.329791,0.332435,0.500596,0.238592,0.493938,0.519688,0.553908,0.482452,0.439718,0.312375,0.324974,0.587912,0.356996,0.288021,0.20986,0.172263,0.262218,0.238121,0.184715,0.17743,0.264635,0.204577,0.242593,0.192412,0.073843,0.090978,0.247849,0.452983,0.061683,0.094294,0.355546,0.102591,0.306275,0.310779,0.203652,0.382577,0.39619,0.407978,0.401381,0.535395,0.74724,0.282126,0.420089,0.413325,0.447441,0.441558,0.924373,0.574872,0.550971,0.431962,0.260683,0.256317,0.204204,0.239448,0.213508,0.311946,0.192504,0.342008,0.188463,0.336832,0.260556,0.304392,0.536873,0.349242,0.325245,0.110612,0.148998,0.064913,0.064897,0.343891,0.255395,0.4575,0.267254,0.212249,0.652352,0.37054,0.331772,0.294347,0.276552,0.26233,0.513428,0.238317,0.322085,0.208692,0.186901,0.313104,0.197109,0.488028,0.216133,0.279085,0.318961,0.08986,0.09121,0.070201,0.008603,0.057305,0.45497,0.359035,0.377284,0.323642,0.278563,0.258221,0.081055,0.183685,0.562652,0.301495,0.279418,0.308064,0.315816,0.358746,0.274099,0.198906,0.17408,0.227423,0.500597,0.104521,0.54171,0.11466,0.161658,0.08764,0.066191,0.081704,0.13631,0.186755,0.025683,0.112148,0.101123,0.368637,0.515358,0.282179,0.188263,0.564108,0.365195,0.262385,0.284912,0.303509,0.20113,0.264316,0.159911,0.190817,0.403454,0.152875,0.638814,0.171024,0.370359,0.335847,0.299396,0.223048,0.460566,0.138458,0.084356,0.508855,0.461927,0.492023,0.245011,0.216311,0.203174,0.371299,0.27551,0.107913,0.181993,0.133757
sedu_es_9ef-D25-04,0.499372,0.326024,0.562667,0.113532,0.373547,0.357768,0.399447,0.316481,0.019669,0.314466,0.071746,0.091559,0.040792,0.110351,0.085021,0.042545,0.0667,0.344284,0.17772,0.08696,0.157503,0.118782,0.376566,0.279306,0.481075,0.344244,0.302371,0.402667,0.367705,0.195974,0.35201,0.204121,0.310125,0.314753,0.113114,0.064045,0.115116,0.1588,0.142096,0.303544,0.139169,0.19846,0.147612,0.085409,0.131618,0.293275,0.387639,0.312159,0.31543,0.367226,0.362774,0.421189,0.41564,0.5,0.416965,0.271378,0.072656,0.049114,0.151173,0.165454,0.099619,0.243408,0.165604,0.157384,0.146879,0.101999,0.100217,0.171437,0.18523,0.146362,0.246712,0.054022,0.127865,0.297642,0.349935,0.619102,0.670108,0.836026,0.302528,0.311357,0.199163,0.386282,0.288984,0.377911,0.324687,0.678111,0.3461,0.738868,0.092718,0.130079,0.221135,0.156648,0.091449,0.226013,0.141061,0.233368,0.347076,0.111792,0.196593,0.102799,0.069524,0.329826,0.287416,0.317079,0.459109,0.396723,0.299989,0.370254,0.348175,0.3066,0.252117,0.65075,0.222292,0.26753,0.060081,0.387281,0.138724,0.121665,0.187165,0.150872,0.203728,0.124499,0.177577,0.22841,0.050315,0.079756,0.645608,0.282034,0.514158,0.317076,0.383387,0.150425,0.332611,0.379175,0.406006,0.43174,0.673114,0.409331,0.243372,0.328524,0.285704,0.287339,0.190012,0.146886,0.242828,0.178281,0.134455,0.572181,0.811173,0.191968,0.168916,0.139961,0.1452,0.090573,0.211501,0.29743,0.169742,0.054232,0.024992,0.140124,0.333734,0.240247,0.526349,0.765127,0.312787,0.302856,0.315815,0.389242,0.346444,0.602282,0.653292,0.746988,0.14829,0.197068,0.40822,0.41192,0.286444,0.796992,0.2733,0.169583,0.09929,0.173711,0.242435,0.262499,0.078773,0.285462,0.21812,0.261157,0.167114,0.257158,0.360691,0.301622,0.215953,0.193188,0.318518,0.0,0.076994,0.319482,0.271231,0.425037,0.240492,0.356578,0.849106,0.338162,0.269238,0.313184,0.654969,0.708495,0.291758,0.221881,0.257007,0.194538,0.215747,0.208479,0.113766,0.268397,0.237684,0.245205,0.364296,0.092251,0.15767,0.276778,0.000305,0.110466,0.256767,0.334149,0.426243,0.795477,0.208469,0.251273,0.14505,0.177479,0.353204,0.310559,0.611985,0.298234,0.192191,0.316684,0.259286,0.232604,0.109685,0.125978,0.315992,0.193434,0.07346,0.096598,0.03224,0.070434,0.06131,0.039975,0.096289,0.086319,0.058964,0.124196,0.043606,0.164032,0.216005,0.290619,0.222662,0.304346,0.21583,0.184681,0.200847,0.204984,0.167727,0.296683,0.212892,0.265162,0.141926,0.182679,0.257968,0.140064,0.297897,0.259579,0.233002,0.23906,0.166261,0.134309,0.115205,0.360677,0.33037,0.302426,0.244456,0.169432,0.241209,0.404701,0.33933,0.070454,0.200798,0.209719
sedu_es_9ef-D26-01,0.183625,0.274566,0.483425,0.262489,0.30751,0.332189,0.387813,0.383889,0.218824,0.286579,0.284479,0.212721,0.319069,0.211113,0.347701,0.078649,0.076403,0.125525,0.198679,0.032654,0.152356,0.229935,0.275063,0.522105,0.645634,0.428401,0.323059,0.405223,0.469316,0.392279,0.273343,0.249856,0.328323,0.220333,0.150923,0.302067,0.252654,0.639002,0.266246,0.074866,0.20412,0.14378,0.057953,0.194222,0.233565,0.295744,0.323207,0.334917,0.289693,0.345782,0.365971,0.442688,0.383776,0.5,0.273407,0.289842,0.273764,0.299685,0.309827,0.306495,0.271749,0.220969,0.321723,0.577811,0.251527,0.278092,0.127613,0.253811,0.173353,0.082577,0.251643,0.346953,0.220057,0.355266,0.318679,0.576237,0.347906,0.299193,0.327688,0.317496,0.329688,0.307481,0.254592,0.268029,0.283436,0.354875,0.315408,0.337318,0.318528,0.22192,0.293704,0.316484,0.269083,0.447448,0.18181,0.04992,0.091617,0.148635,0.088746,0.182862,0.121562,0.300662,0.233176,0.334951,0.372767,0.225743,0.300972,0.338747,0.328344,0.881117,0.290922,0.314836,0.323602,0.364762,0.211476,0.208315,0.293857,0.344775,0.346426,0.287179,0.412926,0.308416,0.160168,0.119658,0.090612,0.132743,0.309139,0.167884,0.292929,0.251568,0.328211,0.267777,0.331779,0.214261,0.392649,0.316232,0.242231,0.708805,0.457729,0.305508,0.373286,0.351549,0.329633,0.256899,0.309215,0.25113,0.391453,0.312329,0.400758,0.340194,0.356987,0.248349,0.180515,0.300708,0.367564,0.209704,0.076416,0.108703,0.264176,0.162096,0.344397,0.195915,0.233886,0.400496,0.272207,0.273762,0.276132,0.308774,0.321896,0.265518,0.341206,0.341347,0.197224,0.603571,0.254005,0.261878,0.294869,0.254264,0.346804,0.290909,0.297327,0.642411,0.344182,0.436066,0.268728,0.392442,0.363378,0.35367,0.229563,0.683148,0.366867,0.368814,0.225677,0.133426,0.08341,0.101284,0.094558,0.277565,0.182078,0.40474,0.254732,0.176156,0.366474,0.330294,0.286495,0.221574,0.248285,0.281763,0.287731,0.232974,0.301259,0.331517,0.226801,0.290145,0.283441,0.380147,0.584483,0.448666,0.322231,0.159271,0.135324,0.133697,0.0,0.094731,0.434287,0.301492,0.292973,0.344518,0.147071,0.131047,0.220543,0.22119,0.280956,0.424413,0.251145,0.32674,0.250569,0.347566,0.346189,0.347014,0.350163,0.182008,0.345726,0.09748,0.00247,0.065349,0.059289,0.082977,0.006983,0.058068,0.079027,0.285848,0.37243,0.170536,0.081941,0.19603,0.249939,0.234664,0.132629,0.225808,0.122288,0.215259,0.373415,0.253918,0.371293,0.336977,0.179116,0.195596,0.123598,0.169695,0.17903,0.206977,0.175596,0.213163,0.137913,0.11745,0.122613,0.103026,0.114659,0.288193,0.273781,0.245763,0.361585,0.299492,0.255595,0.239627,0.205035,0.210339,0.206079,0.152538
sedu_es_9ef-D26-02,0.187769,0.293541,0.3198,0.158837,0.2755,0.427508,0.311522,0.342474,0.075913,0.10412,0.481584,0.579503,0.235318,0.240158,0.403772,0.056021,0.168713,0.019486,0.052306,0.14646,0.160446,0.325407,0.218244,0.316085,0.277191,0.253277,0.325731,0.435566,0.46792,0.467523,0.234498,0.083937,0.087396,0.578872,0.088621,0.287138,0.284786,0.389138,0.40639,0.070836,0.207719,0.086884,0.090316,0.454121,0.215528,0.169936,0.11336,0.349182,0.291631,0.389729,0.327016,0.398488,0.44066,0.220006,0.140753,0.262473,0.601978,0.25131,0.425677,0.324027,0.193078,0.234386,0.398568,0.323621,0.199852,0.247159,0.172065,0.134897,0.137295,0.100823,0.242713,0.232698,0.203414,0.253167,0.3174,0.351132,0.596128,0.446172,0.420667,0.350964,0.316147,0.101557,0.142696,0.103769,0.161478,0.507412,0.415994,0.220101,0.572949,0.354155,0.221157,0.174344,0.322648,0.433953,0.143259,0.17443,0.122876,0.071857,0.093986,0.182379,0.157844,0.185153,0.10679,0.213347,0.164792,0.145627,0.380728,0.289078,0.287525,0.302323,0.400995,0.256135,0.501496,0.273311,0.618255,0.529443,0.406972,0.263809,0.539392,0.449965,0.321813,0.33555,0.151344,0.137872,0.252048,0.16111,0.170151,0.112823,0.30091,0.156939,0.214014,0.338646,0.202525,0.223792,0.305964,0.308702,0.284009,0.437176,0.466976,0.191344,0.282004,0.436521,0.369191,0.123775,0.260134,0.19255,0.637079,0.363486,0.396251,0.362738,0.373739,0.369093,0.380164,0.412339,0.901243,0.200821,0.053486,0.278764,0.146672,0.263452,0.282087,0.501857,0.244336,0.416859,0.493375,0.396194,0.47317,0.385255,0.379063,0.251923,0.295354,0.321037,0.138289,0.059752,0.151145,0.088807,0.274256,0.147203,0.298589,0.218313,0.206455,0.424579,0.216278,0.554006,0.574333,0.514236,0.444373,0.480353,0.293279,0.418385,0.381523,0.46773,0.271029,0.329629,0.241022,0.407371,0.320906,0.370337,0.386768,0.347033,0.585904,0.0,0.305778,0.149937,0.296179,0.205043,0.115917,0.13797,0.402883,0.406848,0.185816,0.349122,0.321734,0.485238,0.175696,0.42712,0.356088,0.527293,0.321467,0.210465,0.115719,0.152989,0.123883,0.229956,0.77145,0.305614,0.381417,0.337279,0.311958,0.136535,0.361887,0.363158,0.122985,0.250442,0.298321,0.532133,0.199206,0.167051,0.313616,0.350416,0.288486,0.493922,0.467459,0.203558,0.129937,0.20774,0.259146,0.258799,0.183103,0.237648,0.276201,0.229251,0.361553,0.780314,0.270849,0.341213,0.224596,0.349073,0.278994,0.493206,0.467226,0.265732,0.448056,0.277357,0.448033,0.374394,0.280214,0.309545,0.298832,0.5,0.194973,0.387777,0.165391,0.27742,0.292569,0.29274,0.092585,0.263379,0.200231,0.278304,0.256025,0.474187,0.343377,0.381421,0.332069,0.201369,0.238474,0.305705,0.235503,0.496583
sedu_es_9ef-D26-03,0.093815,0.256465,0.380732,0.527617,0.195005,0.308806,0.361968,0.271333,0.201881,0.128386,0.074138,0.093325,0.174953,0.105103,0.37325,0.216143,0.287128,0.340964,0.486421,0.023414,0.190001,0.222184,0.247921,0.584037,0.320656,0.310225,0.260042,0.252907,0.319248,0.272909,0.134767,0.07858,0.171472,0.066235,0.152806,0.111197,0.122494,0.358513,0.47703,0.076842,0.093646,0.469319,0.086012,0.187013,0.202612,0.462469,0.269199,0.284775,0.177052,0.219204,0.261912,0.29037,0.23351,0.294972,0.137104,0.142743,0.145763,0.110633,0.147953,0.186656,0.159556,0.665943,0.469091,0.434881,0.480856,0.170604,0.290592,0.369862,0.938875,0.149731,0.211265,0.143801,0.182717,0.262808,0.209313,0.219681,0.274957,0.288924,0.246133,0.186022,0.247191,0.607703,0.429042,0.153361,0.149334,0.270328,0.179755,0.148656,0.149405,0.080249,0.177805,0.161395,0.408437,0.277162,0.313505,0.321906,0.165956,0.80127,0.149903,0.15933,0.123983,0.296037,0.240313,0.464729,0.304151,0.292577,0.299854,0.230357,0.222466,0.243215,0.115473,0.098978,0.756957,0.181845,0.111474,0.15783,0.167214,0.134865,0.200269,0.383403,0.220309,0.155721,0.178754,0.141314,0.119553,0.141899,0.238908,0.212337,0.205382,0.073308,0.230484,0.150181,0.224504,0.275947,0.261852,0.260149,0.303468,0.286463,0.24865,0.116678,0.220206,0.182217,0.109267,0.115929,0.184536,0.150484,0.213077,0.238779,0.148516,0.152442,0.147732,0.164218,0.10488,0.124137,0.156405,0.238163,0.183328,0.123387,0.141464,0.145486,0.201437,0.222899,0.21627,0.290363,0.136546,0.137033,0.202621,0.230199,0.197238,0.272635,0.312233,0.292202,0.067288,0.070624,0.136714,0.117164,0.141213,0.115503,0.194992,0.121362,0.148021,0.146267,0.106862,0.207536,0.064567,0.188994,0.0956,0.173368,0.189429,0.479908,0.242242,0.2198,0.130791,0.229423,0.09179,0.115262,0.192888,0.203825,0.155755,0.333127,0.213841,0.203816,0.21966,0.171996,0.17445,0.069766,0.166397,0.159489,0.124851,0.158982,0.19349,0.216601,0.088564,0.15064,0.142226,0.198106,0.168262,0.242347,0.230191,0.204359,0.14971,0.126196,0.118262,0.1277,0.399549,0.213189,0.354626,0.287043,0.21785,0.122675,0.092873,0.138816,0.61705,0.166226,0.133992,0.140004,0.148008,0.19395,0.147708,0.172027,0.142148,0.354061,0.235373,0.123002,0.130566,0.107702,0.130408,0.118738,0.129872,0.287003,0.185914,0.089613,0.177036,0.126113,0.102182,0.219791,0.136274,0.20338,0.174496,0.169978,0.103097,0.104174,0.223543,0.158319,0.215276,0.201408,0.142922,0.193836,0.172488,0.611288,0.168034,0.173802,0.138634,0.123729,0.047261,0.166827,0.033111,0.132053,0.142665,0.170566,0.127419,0.264508,0.754187,0.073911,0.118748,0.192165,0.089934,0.098324,0.181222,0.155489
sedu_es_9ef-D26-04,0.162283,0.265128,0.284704,0.2421,0.171849,0.533492,0.377255,0.158097,0.081136,0.485954,0.176656,0.162426,0.180575,0.107168,0.704174,0.089048,0.19251,0.178034,0.179952,0.065321,0.2751,0.213245,0.216051,0.286665,0.635069,0.174136,0.443853,0.136501,0.169601,0.151769,0.078482,0.030529,0.092271,0.196885,0.148952,0.196292,0.114164,0.236875,0.349064,0.143535,0.223036,0.128951,0.071457,0.267586,0.216302,0.203437,0.231012,0.421746,0.191223,0.354331,0.370941,0.353271,0.201312,0.254874,0.111236,0.096539,0.173435,0.158653,0.219012,0.156979,0.118014,0.269207,0.301073,0.265246,0.378015,0.158778,0.221263,0.252975,0.132374,0.1049,0.223674,0.166429,0.206045,0.235674,0.362317,0.366533,0.370612,0.48674,0.275525,0.312294,0.16934,0.260594,0.225959,0.115724,0.152425,0.417033,0.157882,0.162433,0.137204,0.15748,0.161439,0.067088,0.236101,0.232761,0.254362,0.219025,0.304982,0.085273,0.158755,0.220302,0.15469,0.249858,0.181278,0.218487,0.315883,0.1972,0.44822,0.321265,0.267977,0.611502,0.117378,0.064733,0.170195,0.149174,0.200451,0.19807,0.261887,0.158371,0.103909,0.193696,0.203514,0.240952,0.204128,0.319821,0.204159,0.175574,0.148789,0.17683,0.349673,0.165938,0.20806,0.101241,0.373652,0.311835,0.440568,0.325758,0.359213,0.335339,0.314243,0.084937,0.177592,0.174745,0.206216,0.142218,0.213284,0.150636,0.104834,0.173557,0.224913,0.203739,0.161389,0.135067,0.209451,0.143786,0.171022,0.330987,0.251844,0.260259,0.165479,0.263396,0.143692,0.330957,0.19192,0.227139,0.189699,0.107187,0.261459,0.170511,0.202604,0.22515,0.188201,0.187602,0.156425,0.0,0.0779,0.108603,0.068648,0.057423,0.149979,0.140734,0.06624,0.125984,0.129001,0.194097,0.051632,0.254519,0.303064,0.218954,0.16128,0.521234,0.35409,0.319362,0.146372,0.397768,0.331251,0.174232,0.221355,0.496841,0.173375,0.191403,0.69456,0.223045,0.395471,0.204116,0.2234,0.085744,0.226644,0.234225,0.141638,0.089964,0.158737,0.130486,0.205959,0.176135,0.067324,0.370101,0.702574,0.516448,0.348522,0.252109,0.183175,0.128205,0.065891,0.179668,0.188956,0.181325,0.53558,0.263198,0.312896,0.165676,0.161156,0.06216,0.152263,0.121895,0.121874,0.154386,0.138633,0.125111,0.215269,0.418931,0.142296,0.289135,0.597083,0.366688,0.154928,0.228305,0.163193,0.133073,0.140735,0.177884,0.320548,0.02918,0.105386,0.365887,0.140379,0.276037,0.101976,0.153291,0.136098,0.065972,0.170164,0.166095,0.361364,0.138255,0.316953,0.141541,0.370573,0.437477,0.224673,0.244821,0.322884,0.305388,0.056861,0.079024,0.183403,0.278229,0.031983,0.167955,0.218863,0.197262,0.167064,0.19964,0.502755,0.632791,0.200682,0.195946,0.181729,0.141235,0.707073,0.397381
sedu_es_9ef-D27-01,0.32617,0.541256,0.401925,0.274453,0.486593,0.379284,0.376232,0.364915,0.270645,0.614355,0.165947,0.182526,0.191685,0.260951,0.167254,0.075653,0.137645,0.156597,0.202313,0.129673,0.402406,0.154333,0.492938,0.339202,0.481626,0.307094,0.374851,0.38663,0.380146,0.204291,0.337409,0.289125,0.351364,0.144164,0.119199,0.2201,0.281234,0.175543,0.097953,0.082546,0.152272,0.185647,0.140775,0.230488,0.139749,0.413271,0.382033,0.485863,0.494827,0.389863,0.572664,0.43153,0.384623,0.5,0.485358,0.379889,0.12927,0.215215,0.221318,0.29137,0.237888,0.251552,0.141606,0.144044,0.143379,0.253797,0.095473,0.201905,0.341519,0.125475,0.31295,0.199806,0.143832,0.311676,0.433142,0.389543,0.421851,0.351568,0.329152,0.305421,0.208589,0.485498,0.332225,0.507244,0.418204,0.408238,0.414958,0.395336,0.179132,0.201333,0.277324,0.230684,0.129936,0.321951,0.098104,0.132763,0.129179,0.091427,0.16905,0.215681,0.186886,0.341161,0.479091,0.488811,0.473764,0.532639,0.352503,0.396059,0.346865,0.334746,0.284363,0.343374,0.340446,0.290702,0.105673,0.161881,0.227076,0.209361,0.286161,0.176015,0.264685,0.192422,0.16987,0.173708,0.175358,0.180228,0.475831,0.409904,0.457333,0.373734,0.513062,0.1944,0.365244,0.600042,0.407161,0.474753,0.398957,0.655405,0.250636,0.372012,0.327111,0.317449,0.247003,0.226349,0.307196,0.282269,0.208279,0.186752,0.273586,0.189278,0.261431,0.150361,0.128735,0.129515,0.29883,0.354854,0.334563,0.194204,0.095435,0.193136,0.321528,0.245743,0.443977,0.514579,0.254481,0.283614,0.301065,0.381876,0.491826,0.527836,0.531313,0.527069,0.401556,0.236647,0.696957,0.685468,0.470054,0.336921,0.25602,0.280316,0.180242,0.217101,0.223408,0.270235,0.177251,0.316037,0.207868,0.307545,0.383753,0.271058,0.502042,0.322267,0.259607,0.137333,0.344812,0.074292,0.171282,0.361918,0.280768,0.424307,0.250357,0.296178,0.962711,0.342496,0.28222,0.265677,0.530976,0.514235,0.493855,0.224837,0.33133,0.175717,0.222006,0.257475,0.166598,0.407788,0.22119,0.281507,0.324884,0.195971,0.176452,0.149878,0.0,0.135847,0.461872,0.444912,0.422249,0.337397,0.22333,0.386115,0.153834,0.204195,0.508023,0.314326,0.244786,0.329154,0.274264,0.318901,0.292814,0.20577,0.193904,0.248181,0.439999,0.139321,0.16022,0.274233,0.101446,0.155192,0.151898,0.08458,0.162917,0.150691,0.053545,0.124786,0.056721,0.180659,0.2277,0.259044,0.284876,0.304764,0.199163,0.222122,0.436872,0.301261,0.166378,0.321798,0.198602,0.205813,0.337156,0.18877,0.198456,0.198046,0.308905,0.295403,0.385938,0.313624,0.183729,0.217114,0.217983,0.551519,0.525562,0.283486,0.242533,0.398932,0.308203,0.346055,0.32931,0.113813,0.546397,0.186372
sedu_es_9ef-D27-02,0.538678,0.73901,0.390035,0.330402,0.386148,0.368421,0.419916,0.331088,0.207832,0.615279,0.230962,0.209188,0.188001,0.216113,0.166751,0.069003,0.096904,0.108927,0.202653,0.118799,0.226171,0.167374,0.660953,0.411355,0.341832,0.340394,0.326627,0.395201,0.400823,0.282597,0.684017,0.201197,0.289627,0.154694,0.111084,0.21219,0.22871,0.245143,0.159068,0.089176,0.218728,0.211793,0.360495,0.225652,0.157353,0.559771,0.378109,0.328907,0.383037,0.331582,0.737371,0.424569,0.392858,0.5,0.550252,0.533956,0.198576,0.207737,0.27605,0.328335,0.242122,0.673377,0.223562,0.196522,0.174381,0.254933,0.138606,0.24799,0.208468,0.354406,0.329219,0.310598,0.177967,0.61966,0.327711,0.808572,0.702398,0.822565,0.344252,0.353408,0.230536,0.392395,0.753273,0.303375,0.50574,0.719468,0.390155,0.707742,0.24542,0.241191,0.300986,0.291782,0.159313,0.3901,0.145138,0.129967,0.142617,0.097661,0.403773,0.206958,0.113797,0.625637,0.28345,0.573382,0.488565,0.412679,0.366943,0.329732,0.301141,0.340467,0.347193,0.665205,0.290414,0.361725,0.146272,0.230831,0.266309,0.227832,0.367495,0.248489,0.358409,0.242633,0.426286,0.459121,0.13098,0.282832,0.33334,0.256566,0.77581,0.305729,0.360909,0.190786,0.599058,0.371408,0.612624,0.427779,0.585657,0.859959,0.290601,0.355768,0.36366,0.384647,0.293057,0.211635,0.352871,0.297349,0.275548,0.232545,0.381647,0.236475,0.342283,0.22205,0.196046,0.139261,0.40792,0.477284,0.215748,0.11995,0.109274,0.226959,0.276113,0.270077,0.599371,0.734811,0.605589,0.533278,0.613547,0.691684,0.60578,0.667215,0.674829,0.709029,0.208918,0.222924,0.389151,0.400517,0.396609,0.386808,0.331464,0.350282,0.224544,0.293752,0.301943,0.365696,0.166656,0.370063,0.266476,0.36546,0.58281,0.356128,0.388384,0.385894,0.338081,0.186803,0.151268,0.08805,0.161123,0.328488,0.333604,0.439919,0.283763,0.345918,0.815819,0.416175,0.319509,0.325722,0.392288,0.390775,0.438485,0.283224,0.317305,0.232993,0.289177,0.280485,0.203134,0.322482,0.300308,0.378642,0.380739,0.207404,0.213934,0.141867,0.0,0.191516,0.342968,0.299297,0.405055,0.780654,0.251979,0.324746,0.194849,0.277914,0.406468,0.415463,0.307713,0.379815,0.277403,0.384007,0.338284,0.2954,0.258116,0.18645,0.323111,0.226442,0.135681,0.218353,0.285309,0.147362,0.131989,0.100041,0.146351,0.190393,0.075685,0.149451,0.252843,0.176586,0.246212,0.316863,0.275327,0.34421,0.247167,0.240329,0.547004,0.296038,0.250412,0.347409,0.223283,0.280108,0.188135,0.214001,0.26158,0.222031,0.344829,0.347932,0.31839,0.283348,0.133414,0.191716,0.228421,0.416213,0.416865,0.319125,0.352164,0.576774,0.357824,0.376496,0.380078,0.195077,0.644768,0.223369
sedu_es_9ef-D27-03,0.390387,0.557118,0.4885,0.337059,0.58522,0.327711,0.438315,0.37489,0.226581,0.623969,0.128836,0.139312,0.10641,0.142302,0.212348,0.047115,0.101963,0.114277,0.155765,0.099332,0.340862,0.16546,0.599303,0.44923,0.602147,0.371867,0.321845,0.450569,0.355904,0.195631,0.421491,0.226872,0.373467,0.101832,0.038612,0.148393,0.180243,0.171093,0.11774,0.045693,0.142665,0.142051,0.126422,0.417377,0.138636,0.509904,0.496921,0.446094,0.515601,0.431193,0.544263,0.3959,0.471079,0.555353,0.517169,0.411301,0.057795,0.130811,0.130541,0.222333,0.163174,0.246597,0.193946,0.137242,0.162752,0.209664,0.073016,0.19529,0.299201,0.163271,0.264943,0.184707,0.121914,0.427873,0.480295,0.429852,0.424603,0.376667,0.298839,0.286353,0.289269,0.572004,0.38477,0.590174,0.469034,0.369694,0.443898,0.473792,0.099681,0.126568,0.184749,0.138296,0.14497,0.288147,0.076878,0.100356,0.080521,0.07726,0.206274,0.177195,0.151607,0.447352,0.549329,0.557214,0.560261,0.593085,0.536155,0.43424,0.384053,0.400548,0.332612,0.2824,0.329946,0.306044,0.034348,0.06863,0.156224,0.139379,0.227164,0.187232,0.180132,0.20287,0.183644,0.181585,0.134847,0.130209,0.53212,0.463066,0.500794,0.390315,0.564097,0.231415,0.553463,0.612898,0.479251,0.504047,0.439625,0.79337,0.267709,0.397382,0.314691,0.336928,0.259465,0.215877,0.287291,0.24254,0.123406,0.116289,0.233651,0.166427,0.193094,0.103629,0.06575,0.052398,0.231531,0.439308,0.291582,0.153313,0.046568,0.139947,0.390021,0.249398,0.651132,0.785406,0.408578,0.37568,0.425373,0.531353,0.614469,0.591664,0.567057,0.582732,0.350126,0.172797,0.634841,0.655789,0.421857,0.25331,0.381313,0.365468,0.08198,0.142663,0.121192,0.203446,0.097677,0.241663,0.133418,0.230535,0.374292,0.259395,0.398258,0.254846,0.308387,0.131154,0.360989,0.043724,0.139382,0.599895,0.228555,0.411409,0.272305,0.270335,0.915153,0.236421,0.202345,0.182182,0.579877,0.595084,0.414624,0.203023,0.231817,0.107964,0.152302,0.184977,0.067114,0.338504,0.225186,0.256969,0.355159,0.186086,0.183494,0.151634,0.0,0.119672,0.463747,0.513797,0.502824,0.448979,0.227453,0.300298,0.176717,0.197207,0.421405,0.217233,0.144614,0.24185,0.168494,0.252261,0.226162,0.176941,0.124565,0.240647,0.416633,0.133157,0.084893,0.242416,0.050158,0.093529,0.115918,0.055557,0.191701,0.074746,0.054992,0.113667,0.02992,0.144931,0.157269,0.183769,0.221397,0.239918,0.138206,0.13813,0.399942,0.217301,0.1335,0.300761,0.186043,0.202211,0.312974,0.168544,0.161119,0.151296,0.199464,0.180414,0.284961,0.221908,0.110593,0.17738,0.215514,0.531004,0.490287,0.222173,0.217554,0.325738,0.219307,0.283708,0.232105,0.002083,0.539652,0.162122
sedu_es_9ef-D27-04,0.229636,0.551738,0.337476,0.227448,0.362347,0.3625,0.378694,0.35553,0.114945,0.282206,0.154348,0.138627,0.137133,0.168835,0.148588,0.050636,0.077631,0.082891,0.168907,0.124898,0.15595,0.14402,0.337084,0.339461,0.313578,0.366999,0.313973,0.434058,0.415576,0.28603,0.340966,0.203994,0.310747,0.092032,0.083179,0.165276,0.18767,0.182396,0.137724,0.065947,0.132588,0.174598,0.296904,0.142843,0.15502,0.251299,0.369156,0.313868,0.357995,0.366898,0.612718,0.454724,0.398229,0.5,0.493808,0.42861,0.119087,0.172865,0.199095,0.241104,0.17524,0.448489,0.175096,0.149722,0.128444,0.165865,0.073964,0.164936,0.192981,0.288873,0.280083,0.195368,0.145294,0.296394,0.365789,0.682645,0.572818,0.630017,0.338174,0.321036,0.244683,0.339328,0.264834,0.3367,0.427248,0.584598,0.340029,0.590009,0.163746,0.170522,0.253023,0.241579,0.108786,0.282571,0.10479,0.069195,0.079062,0.106216,0.300572,0.13892,0.091248,0.30749,0.278634,0.448363,0.441354,0.365843,0.302647,0.378106,0.35269,0.363255,0.290566,0.555565,0.24874,0.359465,0.089372,0.158852,0.20174,0.178718,0.280754,0.215247,0.260469,0.17805,0.349005,0.380299,0.070481,0.191341,0.336739,0.255347,0.611966,0.342885,0.378426,0.21626,0.474621,0.340974,0.544224,0.434824,0.540935,0.693749,0.251993,0.337884,0.379433,0.310836,0.237648,0.185966,0.283313,0.229407,0.226866,0.199868,0.346645,0.243331,0.229397,0.181608,0.159349,0.119402,0.288869,0.393657,0.12618,0.090252,0.037976,0.160391,0.344101,0.254665,0.458059,0.644345,0.516527,0.465031,0.488455,0.538731,0.536346,0.518729,0.561907,0.628817,0.141744,0.219552,0.353642,0.3675,0.326979,0.364486,0.308726,0.248125,0.173579,0.259505,0.271474,0.32144,0.142242,0.339221,0.246423,0.298519,0.442895,0.299085,0.354622,0.335508,0.27361,0.174132,0.082783,0.039553,0.087515,0.293093,0.305399,0.456514,0.253269,0.324262,0.674197,0.367409,0.309256,0.312466,0.349859,0.373185,0.339345,0.279078,0.300846,0.205068,0.246343,0.268948,0.17025,0.306496,0.248818,0.34181,0.359578,0.127566,0.1501,0.054148,0.0,0.121237,0.285658,0.306351,0.388961,0.62918,0.202427,0.267576,0.174969,0.231261,0.370956,0.356418,0.273522,0.345395,0.252934,0.355842,0.292861,0.231734,0.163934,0.128295,0.321377,0.191133,0.06666,0.100744,0.159196,0.092363,0.078031,0.04542,0.101644,0.1537,0.072634,0.141442,0.157924,0.166645,0.255273,0.298621,0.213287,0.299286,0.225722,0.235765,0.397572,0.288588,0.225281,0.339987,0.214748,0.276983,0.156173,0.213412,0.750307,0.166206,0.286246,0.28097,0.226143,0.243589,0.140437,0.129705,0.132544,0.361647,0.336449,0.278002,0.260905,0.214422,0.268029,0.345289,0.31673,0.128504,0.188948,0.169014
sedu_es_9ef-D28-01,0.158354,0.415348,0.5,0.486738,0.280025,0.332389,0.357747,0.400777,0.425279,0.39005,0.253726,0.221422,0.418536,0.321159,0.241984,0.128778,0.165754,0.157185,0.26313,0.122757,0.298329,0.450609,0.308094,0.496978,0.471578,0.329757,0.293552,0.318089,0.472567,0.400413,0.502362,0.558176,0.70268,0.279499,0.162135,0.351805,0.346513,0.267411,0.181345,0.134657,0.186365,0.286681,0.128379,0.424732,0.430651,0.247825,0.33119,0.308398,0.273466,0.237195,0.314521,0.419111,0.313217,0.387616,0.325095,0.236061,0.416734,0.364935,0.378793,0.358487,0.410321,0.251441,0.179778,0.199926,0.237649,0.441477,0.132691,0.256829,0.280205,0.167537,0.432461,0.26932,0.384113,0.324717,0.247064,0.267602,0.260891,0.212293,0.309795,0.266989,0.439527,0.329542,0.389321,0.347792,0.362193,0.289803,0.289475,0.233595,0.38287,0.366942,0.33746,0.38424,0.196386,0.416843,0.17281,0.107138,0.19774,0.199228,0.234343,0.33415,0.300375,0.317623,0.323067,0.396866,0.529284,0.466172,0.622394,0.36186,0.310513,0.426217,0.268455,0.194675,0.28549,0.349982,0.319641,0.349717,0.473812,0.393091,0.394634,0.208325,0.466785,0.264224,0.261463,0.201905,0.251998,0.285986,0.318599,0.333462,0.250085,0.181022,0.28093,0.270871,0.387794,0.422946,0.265637,0.415538,0.441161,0.386875,0.451528,0.241408,0.386359,0.31156,0.318168,0.386364,0.306809,0.282345,0.346444,0.371907,0.24994,0.226014,0.329698,0.261866,0.14051,0.168436,0.2834,0.609427,0.303074,0.242404,0.262986,0.266015,0.230563,0.436475,0.32786,0.341838,0.228442,0.312783,0.316496,0.341913,0.337495,0.453432,0.397412,0.415437,0.229422,0.297744,0.277684,0.335341,0.246977,0.283178,0.403153,0.378662,0.426322,0.30853,0.229438,0.318511,0.224103,0.253176,0.267681,0.235321,0.226263,0.3151,0.276442,0.351217,0.289912,0.219397,0.182879,0.16522,0.264532,0.378325,0.269314,0.372094,0.764533,0.206738,0.250692,0.339119,0.378158,0.261893,0.386722,0.345081,0.354087,0.235264,0.331568,0.289145,0.216066,0.249671,0.338069,0.301637,0.238446,0.334854,0.338266,0.40336,0.248818,0.229188,0.117098,0.236383,0.36568,0.376277,0.378551,0.341993,0.431106,0.270059,0.189887,0.180548,0.362013,0.304473,0.239104,0.277857,0.279014,0.286587,0.207966,0.267648,0.397844,0.227752,0.355552,0.209892,0.242049,0.272967,0.180106,0.25343,0.266973,0.163322,0.180047,0.348117,0.079467,0.106135,0.184383,0.170581,0.222806,0.242089,0.330372,0.23363,0.223024,0.369369,0.231361,0.275771,0.343311,0.343377,0.223072,0.273844,0.205974,0.199401,0.177899,0.219466,0.302095,0.292239,0.291175,0.375072,0.0,0.245055,0.258322,0.35789,0.311885,0.235806,0.631609,0.238986,0.28539,0.269768,0.25887,0.299553,0.280861,0.268703
sedu_es_9ef-D28-02,0.13298,0.221674,0.436282,0.238836,0.232487,0.33812,0.318014,0.619549,0.098955,0.207233,0.178016,0.15564,0.135343,0.062231,0.335199,0.06044,0.538715,0.542202,0.336225,0.155275,0.152503,0.1271,0.282424,0.340584,0.40665,0.283931,0.293703,0.781577,0.290234,0.209903,0.158951,0.103329,0.211626,0.154942,0.004486,0.128879,0.08145,0.158036,0.893195,0.471077,0.103146,0.309474,0.229926,0.259599,0.146128,0.216432,0.265938,0.319829,0.251016,0.234361,0.771279,0.362201,0.256936,0.366964,0.225028,0.220138,0.073428,0.108786,0.135897,0.160381,0.10548,0.33143,0.219888,0.223597,0.910763,0.110961,0.046963,0.205111,0.354705,0.163617,0.177802,0.593202,0.077147,0.27419,0.223034,0.211705,0.290423,0.284087,0.269658,0.237116,0.160172,0.395255,0.348454,0.196992,0.184448,0.34185,0.191737,0.303491,0.163997,0.072189,0.130569,0.088186,0.253473,0.28151,0.137067,0.494156,0.454964,0.277002,0.217819,0.134483,0.0,0.266844,0.184054,0.276261,0.387954,0.278679,0.322293,0.20344,0.204587,0.692411,0.153431,0.284408,0.408049,0.276083,0.152329,0.175277,0.13571,0.064024,0.174708,0.304496,0.245597,0.303569,0.211631,0.183897,0.067545,0.018063,0.159213,0.170486,0.18093,0.124311,0.255424,0.137425,0.330345,0.240963,0.290823,0.25457,0.255436,0.357827,0.183163,0.200602,0.27729,0.206378,0.167973,0.172107,0.244284,0.199453,0.106706,0.059788,0.197262,0.197428,0.153144,0.087542,0.088419,0.06627,0.245899,0.317673,0.151045,0.096982,0.038729,0.111199,0.182668,0.703087,0.226024,0.319125,0.22388,0.121837,0.196818,0.296888,0.321612,0.25669,0.329822,0.271467,0.21941,0.136634,0.176003,0.244157,0.194903,0.110948,0.265163,0.142459,0.010417,0.111778,0.063057,0.272842,0.092237,0.209772,0.145436,0.189617,0.193047,0.380143,0.263958,0.214585,0.156292,0.197617,0.226906,0.086877,0.117505,0.219664,0.163873,0.359646,0.192915,0.195589,0.320357,0.261835,0.204728,0.042714,0.210427,0.255081,0.256025,0.14353,0.2881,0.008251,0.071481,0.146978,0.016161,0.269743,0.453015,0.344591,0.323849,0.092115,0.157722,0.238298,0.019317,0.05386,0.325119,0.281437,0.308946,0.284983,0.22645,0.186333,0.194937,0.14024,0.310636,0.150647,0.02392,0.178514,0.216404,0.183616,0.121605,0.263072,0.100559,0.192809,0.313714,0.195321,0.148464,0.04037,0.11737,0.162596,0.125516,0.103244,0.233474,0.068361,0.151643,0.155502,0.069587,0.160286,0.084962,0.097151,0.199764,0.28241,0.239344,0.145511,0.241888,0.208568,0.17765,0.263528,0.226054,0.278858,0.235477,0.183722,0.164213,0.222227,0.130432,0.139163,0.228892,0.227636,0.019244,0.065498,0.147436,0.298027,0.249157,0.269208,0.27718,0.141009,0.201948,0.263243,0.263468,0.087477,0.13586,0.244982
sedu_es_9ef-D28-03,0.180633,0.227498,0.421698,0.419408,0.221355,0.348725,0.320598,0.293219,0.160726,0.119565,0.205144,0.209222,0.194062,0.099018,0.288475,0.004487,0.0,0.065564,0.5,0.058311,0.165073,0.222042,0.469703,0.544871,0.519811,0.22678,0.304489,0.263895,0.252105,0.252544,0.086057,0.007181,0.135204,0.129759,0.089324,0.188674,0.11845,0.141332,0.216426,5.8e-05,0.129883,0.362466,0.050337,0.308439,0.162783,0.198411,0.24651,0.272215,0.266604,0.243156,0.288009,0.265044,0.268084,0.294543,0.147653,0.272222,0.137933,0.172139,0.214692,0.216604,0.185668,0.387874,0.235461,0.202753,0.279986,0.250893,0.115066,0.221834,0.923054,0.119106,0.250898,0.168384,0.094394,0.189216,0.21204,0.254436,0.300805,0.25622,0.208494,0.213204,0.206167,0.391095,0.371588,0.150009,0.140017,0.348725,0.228927,0.570147,0.152642,0.108935,0.239817,0.143019,0.172269,0.287031,0.082125,0.133099,0.071125,0.937678,0.160097,0.194321,0.083844,0.234263,0.195404,0.34007,0.401875,0.329383,0.324674,0.235204,0.171989,0.262521,0.14561,0.526541,0.544503,0.251232,0.108292,0.170414,0.243367,0.103045,0.281787,0.143506,0.270172,0.237204,0.136632,0.098487,0.117671,0.104487,0.180779,0.350744,0.190631,0.107717,0.187817,0.136457,0.302287,0.305117,0.320149,0.348335,0.267536,0.355031,0.294544,0.425135,0.267912,0.207631,0.163421,0.03637,0.23907,0.199084,0.184798,0.194947,0.212821,0.123298,0.252005,0.177483,0.166801,0.119926,0.234178,0.254248,0.13642,0.14139,0.234654,0.139057,0.200546,0.242186,0.287983,0.276096,0.215435,0.092272,0.195177,0.248507,0.308254,0.292328,0.301228,0.316055,0.24414,0.045595,0.179358,0.174789,0.243263,0.160963,0.132793,0.213518,0.077823,0.104816,0.150255,0.244938,0.054948,0.183221,0.050343,0.1809,0.19769,0.313136,0.233448,0.179815,0.235644,0.116321,0.46808,0.126499,0.201564,0.203061,0.175108,0.311122,0.27248,0.1545,0.545843,0.301587,0.2272,0.149228,0.172093,0.175699,0.256024,0.196002,0.229139,0.068078,0.125727,0.127986,0.120174,0.198315,0.306885,0.326254,0.203664,0.225676,0.155606,0.237961,0.118154,0.134028,0.296096,0.219241,0.353474,0.274723,0.323385,0.164637,0.088631,0.124634,0.319423,0.247879,0.137377,0.158242,0.247494,0.280456,0.110615,0.223059,0.176665,0.166738,0.250603,0.119788,0.160861,0.107341,0.158025,0.117739,0.162894,0.085921,0.232845,0.052398,0.147309,0.105682,0.119468,0.263415,0.127636,0.188082,0.322684,0.197891,0.101768,0.149607,0.216816,0.202617,0.212726,0.232579,0.104167,0.174114,0.234867,0.160298,0.176126,0.184688,0.173585,0.179355,0.154089,0.164272,0.07474,0.131356,0.245417,0.232546,0.244967,0.236978,0.315353,0.077401,0.101502,0.204625,0.215178,0.114425,0.229699,0.124417
sedu_es_9ef-D28-04,0.160962,0.255919,0.245053,0.411884,0.099392,0.224523,0.319335,0.244815,0.19661,0.109044,0.214508,0.184471,0.163626,0.106736,0.222806,0.079644,0.121079,0.180832,0.345462,0.104828,0.214231,0.212427,0.375963,0.534863,0.394464,0.253941,0.183825,0.206136,0.229265,0.27572,0.085997,0.286739,0.283682,0.15723,0.123406,0.137669,0.127401,0.177812,0.1968,0.151354,0.247433,0.288358,0.114375,0.196972,0.207586,0.157379,0.227877,0.155891,0.100575,0.178071,0.222996,0.181727,0.191852,0.196611,0.259184,0.142668,0.153142,0.111036,0.162141,0.148148,0.285351,0.332866,0.237552,0.209142,0.28508,0.205213,0.217427,0.300716,0.568564,0.129607,0.206953,0.329635,0.203369,0.192532,0.159232,0.179728,0.222995,0.330971,0.215604,0.188058,0.424533,0.419399,0.324603,0.121668,0.257917,0.239687,0.179104,0.62601,0.191498,0.093517,0.174719,0.168237,0.171037,0.240338,0.188484,0.154136,0.199086,0.753116,0.160603,0.156281,0.191463,0.228001,0.227874,0.362109,0.354334,0.252674,0.339831,0.190211,0.134912,0.540124,0.113376,0.400118,0.51086,0.234833,0.143617,0.170202,0.174939,0.175714,0.263126,0.12938,0.202109,0.098482,0.136939,0.334409,0.072488,0.144853,0.188177,0.426733,0.15068,0.301254,0.311963,0.307619,0.281749,0.249814,0.275086,0.261632,0.231031,0.27464,0.271747,0.491834,0.196189,0.133787,0.10012,0.069458,0.18045,0.17478,0.266692,0.243583,0.208854,0.271578,0.189429,0.487822,0.549386,0.181828,0.143226,0.206472,0.16497,0.143118,0.23558,0.182858,0.183094,0.24783,0.178101,0.239661,0.31752,0.193031,0.213482,0.254422,0.248545,0.22418,0.282955,0.293295,0.127729,0.098127,0.16502,0.133178,0.090886,0.118246,0.139471,0.138634,0.128906,0.11148,0.113038,0.158622,0.088861,0.198336,0.004788,0.188833,0.15497,0.220797,0.398647,0.33227,0.137235,0.150066,0.402035,0.125841,0.294402,0.145849,0.175027,0.237995,0.369269,0.197217,0.522192,0.081741,0.113044,0.453503,0.171062,0.192507,0.115121,0.145872,0.178621,0.155225,0.136152,0.122997,0.142293,0.291096,0.190027,0.22219,0.149712,0.395072,0.175589,0.163044,0.122059,0.132003,0.396438,0.391892,0.584727,0.559146,0.547248,0.092715,0.053953,0.057273,0.187188,0.193385,0.125284,0.158137,0.111113,0.125618,0.202943,0.278729,0.158941,0.702056,0.156383,0.128798,0.186862,0.305263,0.158046,0.157485,0.109772,0.243281,0.166195,0.054625,0.140326,0.122536,0.127323,0.26038,0.135413,0.241588,0.190933,0.167681,0.028385,0.218394,0.477334,0.086933,0.378098,0.16488,0.149511,0.134153,0.116206,0.400592,0.314485,0.146522,0.117793,0.104621,0.146071,0.184948,0.188407,0.143822,0.138581,0.125791,0.308722,0.301262,0.172782,0.0,0.136263,0.184541,0.128584,0.144114,0.193138,0.155762
sedu_es_9ef-D29-01,0.240625,0.324115,0.5,0.324977,0.331995,0.42486,0.38752,0.36071,0.183288,0.310491,0.218318,0.192226,0.231194,0.182137,0.334064,0.1448,0.066234,0.101826,0.367392,0.210538,0.267532,0.282433,0.33918,0.354026,0.703035,0.342184,0.400306,0.377742,0.350095,0.267749,0.208641,0.224571,0.328587,0.263608,0.078838,0.273859,0.187169,0.170258,0.311192,0.0,0.120785,0.327407,0.190516,0.330873,0.26247,0.334099,0.360489,0.393006,0.322674,0.339971,0.389313,0.407893,0.326076,0.416896,0.328612,0.357544,0.18697,0.270494,0.289362,0.219061,0.174848,0.240583,0.166327,0.208028,0.723633,0.255779,0.098222,0.289904,0.354693,0.131362,0.359049,0.488632,0.193175,0.32679,0.358239,0.340439,0.321662,0.297677,0.296767,0.315933,0.248898,0.290624,0.374156,0.318481,0.277419,0.395345,0.312681,0.383494,0.204308,0.250597,0.26283,0.251585,0.188283,0.318096,0.160682,0.228728,0.120838,0.202714,0.187083,0.316806,0.116174,0.340458,0.27368,0.268594,0.42687,0.317134,0.332687,0.339101,0.303523,0.919408,0.248513,0.449486,0.334252,0.345567,0.19504,0.209158,0.293744,0.136363,0.195395,0.243149,0.362456,0.342405,0.24673,0.184868,0.285127,0.168833,0.274908,0.214443,0.324299,0.282751,0.356906,0.251563,0.390825,0.336472,0.395663,0.379712,0.356039,0.398147,0.2312,0.317514,0.429028,0.242993,0.325927,0.164737,0.277632,0.218878,0.144238,0.150477,0.279322,0.353025,0.244054,0.218839,0.127432,0.109337,0.236592,0.321129,0.225348,0.219729,0.129867,0.196569,0.281719,0.243172,0.24454,0.385009,0.2586,0.245339,0.299481,0.327561,0.415795,0.297687,0.359213,0.363559,0.372548,0.255275,0.302324,0.355843,0.400378,0.285156,0.188875,0.24091,0.183949,0.271772,0.223926,0.325236,0.146782,0.304844,0.191882,0.25284,0.275845,0.376606,0.292536,0.300879,0.207216,0.206807,0.205105,0.151557,0.221559,0.359942,0.215093,0.426034,0.240142,0.238088,0.434801,0.380169,0.352653,0.239801,0.293815,0.296779,0.378139,0.246454,0.317065,0.1445,0.145249,0.287973,0.167937,0.317127,0.456136,0.424619,0.355193,0.191104,0.132474,0.189626,0.047504,0.126502,0.288858,0.308583,0.374242,0.401897,0.244262,0.405846,0.27616,0.196206,0.472528,0.299315,0.23819,0.307194,0.286912,0.36136,0.214225,0.257851,0.207274,0.189328,0.441838,0.247082,0.228559,0.106923,0.13169,0.169745,0.222345,0.191656,0.199194,0.121494,0.178583,0.119975,0.098169,0.212438,0.275282,0.241559,0.266727,0.335834,0.294268,0.307328,0.189551,0.328451,0.333337,0.364377,0.245434,0.308209,0.309157,0.21755,0.235011,0.215686,0.231803,0.233612,0.248376,0.308343,0.191806,0.217484,0.279563,0.442398,0.413787,0.27949,0.455966,0.263896,0.200852,0.329721,0.285528,0.133337,0.319281,0.298028
sedu_es_9ef-D29-02,0.059092,0.313038,0.473531,0.207811,0.260916,0.379085,0.301584,0.309902,0.0,0.121421,0.104972,0.094439,0.101931,0.027136,0.26454,0.049095,0.057705,0.085467,0.142298,0.151407,0.082862,0.192598,0.244248,0.534181,0.683484,0.235088,0.370545,0.369153,0.381721,0.240735,0.14336,0.060807,0.158912,0.068318,0.025577,0.123162,0.0783,0.228632,0.330783,0.051285,0.094256,0.137859,0.141423,0.194486,0.153658,0.275338,0.244422,0.39579,0.217297,0.339121,0.419138,0.449068,0.402954,0.406625,0.197232,0.347827,0.075783,0.120091,0.137877,0.138473,0.05817,0.249842,0.231227,0.252147,0.303814,0.123323,0.01895,0.207649,0.17126,0.145119,0.218967,0.159745,0.116405,0.260365,0.367348,0.604749,0.422606,0.228719,0.563765,0.527862,0.213254,0.339167,0.305667,0.185303,0.242811,0.431282,0.374165,0.264679,0.100326,0.104928,0.122912,0.09922,0.230695,0.307546,0.095693,0.120951,0.058027,0.117256,0.161775,0.154584,0.036014,0.26948,0.193346,0.314133,0.405509,0.269075,0.372405,0.3527,0.382451,0.732941,0.312474,0.3081,0.478818,0.630805,0.102281,0.106747,0.162367,0.046948,0.416804,0.277421,0.257333,0.277104,0.224853,0.186341,0.136332,0.045088,0.216631,0.192589,0.285826,0.158692,0.301755,0.245032,0.339203,0.268821,0.395025,0.398528,0.352776,0.823207,0.800265,0.316315,0.4039,0.181698,0.181316,0.041008,0.140951,0.096741,0.162383,0.119602,0.184639,0.266115,0.148515,0.241787,0.075776,0.100625,0.451558,0.31602,0.005326,0.143472,0.262951,0.078824,0.314445,0.258703,0.238424,0.335703,0.215493,0.206863,0.241876,0.293145,0.447023,0.240345,0.363039,0.291225,0.128561,0.045254,0.119069,0.210386,0.566402,0.209203,0.22811,0.132792,0.043165,0.483237,0.142766,0.258838,0.073939,0.210628,0.123347,0.169922,0.25839,0.399815,0.220573,0.251088,0.284463,0.160786,0.098913,0.099355,0.106219,0.335077,0.231585,0.447596,0.259124,0.286319,0.26366,0.308439,0.285148,0.175512,0.124312,0.157733,0.503139,0.559265,0.198684,0.105037,0.104718,0.23808,0.032993,0.253861,0.5,0.379519,0.378996,0.092629,0.044343,0.033549,0.066588,0.038037,0.265541,0.233154,0.382701,0.331726,0.167726,0.187971,0.271275,0.470656,0.253457,0.241125,0.11781,0.223771,0.419657,0.576863,0.132555,0.260596,0.126222,0.199031,0.389588,0.208656,0.01184,0.023116,0.041163,0.071824,0.094424,0.102353,0.145437,0.085257,0.435343,0.360692,0.04793,0.175166,0.207277,0.198391,0.2146,0.222186,0.223483,0.250553,0.260276,0.253027,0.233921,0.384248,0.186167,0.24458,0.232027,0.266788,0.115905,0.153259,0.322767,0.336502,0.139808,0.162222,0.005988,0.072994,0.184751,0.225754,0.196936,0.130399,0.301707,0.169008,0.086636,0.188435,0.185836,0.106096,0.154742,0.186266
sedu_es_9ef-D29-03,0.037942,0.284555,0.364433,0.130089,0.403308,0.312425,0.28193,0.253044,0.0,0.092001,0.369824,0.28508,0.232755,0.077762,0.331872,0.447346,0.413949,0.317489,0.162838,0.266422,0.166688,0.382788,0.126977,0.243395,0.334756,0.103951,0.300247,0.283233,0.380703,0.378382,0.124628,0.223807,0.148444,0.369572,0.173007,0.243183,0.14641,0.273525,0.262086,0.793551,0.692974,0.174451,0.194379,0.304757,0.248705,0.168439,0.093042,0.314821,0.263506,0.256555,0.309187,0.358651,0.283839,0.272329,0.133658,0.267324,0.712138,0.182174,0.306874,0.240595,0.158027,0.222032,0.669747,0.255686,0.1783,0.256931,0.584677,0.829436,0.18562,0.198241,0.224237,0.403435,0.19568,0.173164,0.195436,0.26366,0.3491,0.298691,0.347802,0.37009,0.16229,0.213974,0.203159,0.105637,0.143206,0.361806,0.282612,0.154192,0.430899,0.271456,0.180471,0.199079,0.303308,0.42253,0.611386,0.179784,0.212222,0.191853,0.275748,0.181022,0.120185,0.150181,0.132764,0.231192,0.308433,0.161887,0.319282,0.23884,0.246098,0.462788,0.242506,0.321604,0.465797,0.548329,0.250579,0.335471,0.321357,0.147419,0.292688,0.587976,0.363026,0.214169,0.257126,0.235653,0.220834,0.134744,0.15531,0.130724,0.248329,0.172828,0.219097,0.329569,0.276071,0.165249,0.278747,0.240687,0.261347,0.409684,0.316773,0.220113,0.553457,0.258035,0.270423,0.102238,0.201388,0.175494,0.261635,0.264992,0.486042,0.50228,0.252038,0.353677,0.281526,0.271474,0.376985,0.301298,0.058753,0.323897,0.099954,0.648233,0.27189,0.30348,0.217828,0.2959,0.358225,0.281501,0.352065,0.260687,0.543534,0.226897,0.279694,0.27552,0.307502,0.201044,0.151452,0.421472,0.52734,0.25931,0.275221,0.221371,0.21034,0.312385,0.330271,0.361354,0.246356,0.361809,0.198573,0.284397,0.314402,0.329642,0.301206,0.314617,0.240897,0.313784,0.398538,0.2018,0.228016,0.200538,0.264774,0.403299,0.312357,0.085843,0.252731,0.484569,0.491927,0.249983,0.200401,0.213627,0.465439,0.363658,0.261392,0.22601,0.292746,0.399128,0.152101,0.341685,0.393755,0.328745,0.355932,0.203789,0.152773,0.363528,0.16632,0.21309,0.33087,0.173048,0.288017,0.293112,0.251855,0.376315,1.0,0.500758,0.236032,0.357068,0.307122,0.38459,0.251469,0.319907,0.230705,0.437274,0.273612,0.286598,0.429351,0.326257,0.078163,0.186983,0.200847,0.184914,0.08305,0.42164,0.225085,0.213355,0.282216,0.380857,0.232805,0.267607,0.309053,0.322017,0.326615,0.290691,0.253709,0.30543,0.255937,0.35244,0.537846,0.258142,0.274196,0.327945,0.166886,0.760494,0.242856,0.511568,0.223053,0.20149,0.213629,0.258087,0.127794,0.168184,0.192417,0.239545,0.224211,0.279598,0.243113,0.271482,0.293239,0.296531,0.319489,0.245293,0.399924,0.26381
sedu_es_9ef-D29-04,0.070919,0.28577,0.637301,0.186431,0.258709,0.43178,0.404426,0.34021,0.130406,0.160574,0.068667,0.085916,0.165499,0.141654,0.280787,0.0,0.02137,0.029477,0.283007,0.038901,0.130586,0.216638,0.299354,0.495612,0.797231,0.321633,0.346487,0.400473,0.444217,0.295833,0.194178,0.143559,0.191574,0.079187,0.082991,0.188213,0.187693,0.266274,0.363587,0.009102,0.056309,0.262102,0.069901,0.184974,0.201418,0.279574,0.329453,0.392611,0.242754,0.340193,0.428616,0.486687,0.334413,0.363459,0.248647,0.506072,0.138922,0.196514,0.255938,0.23891,0.134216,0.254023,0.244982,0.28038,0.354858,0.181238,0.031002,0.15664,0.265801,0.105255,0.296437,0.161506,0.165216,0.249758,0.309615,0.57266,0.389873,0.277361,0.584094,0.521302,0.287133,0.341774,0.336779,0.231348,0.234099,0.419444,0.29593,0.271394,0.140438,0.219914,0.22912,0.234558,0.262163,0.570228,0.098668,0.17365,0.109753,0.112234,0.128588,0.221734,0.088275,0.300132,0.270541,0.299657,0.443681,0.315703,0.328699,0.373172,0.385404,0.69924,0.280648,0.331209,0.542423,0.561928,0.10337,0.120625,0.256047,0.16208,0.446939,0.353008,0.582361,0.353911,0.177621,0.364716,0.142643,0.121972,0.267968,0.240671,0.314916,0.204452,0.339326,0.267247,0.395713,0.274737,0.408295,0.391472,0.378309,0.661347,0.728213,0.321429,0.454827,0.258112,0.337636,0.182374,0.297039,0.216088,0.218939,0.213281,0.263198,0.397121,0.192437,0.233227,0.076829,0.134494,0.481928,0.287771,0.118519,0.139225,0.254713,0.123216,0.349777,0.282104,0.243365,0.366844,0.272969,0.49965,0.323409,0.358704,0.662386,0.28915,0.386873,0.354824,0.166864,0.120949,0.268327,0.568608,0.635625,0.311918,0.26986,0.178254,0.155348,0.541844,0.199465,0.352063,0.168566,0.328408,0.295683,0.31126,0.298646,0.449185,0.365751,0.384699,0.298633,0.172279,0.142181,0.311737,0.098166,0.296154,0.268347,0.5,0.288827,0.264737,0.408194,0.294665,0.316163,0.244747,0.212145,0.231979,0.514448,0.558278,0.295664,0.236111,0.194087,0.317176,0.158626,0.407336,0.445887,0.434467,0.381487,0.149618,0.139485,0.096106,0.04533,0.124915,0.310234,0.191213,0.344301,0.362948,0.223928,0.267724,0.294596,0.486143,0.398533,0.292475,0.267262,0.332458,0.464533,0.535292,0.259483,0.262988,0.155489,0.171657,0.465228,0.14933,0.032459,0.062219,0.059772,0.102398,0.124642,0.133631,0.138403,0.161311,0.630917,0.387178,0.089618,0.215855,0.322503,0.278918,0.243983,0.312188,0.245842,0.299263,0.251444,0.334791,0.364846,0.362813,0.161611,0.248259,0.186115,0.246662,0.175416,0.256877,0.416626,0.412442,0.155008,0.176791,0.116617,0.210296,0.172596,0.328091,0.2947,0.243826,0.479531,0.295252,0.20525,0.317924,0.2303,0.092971,0.234974,0.175716
sedu_es_9ef-D30-01,0.276774,0.242898,0.260438,0.164114,0.366035,0.397735,0.490062,0.34564,0.164496,0.288536,0.130937,0.097735,0.217933,0.363184,0.097081,0.027166,0.10557,0.137835,0.106938,0.0,0.374961,0.126474,0.371335,0.261109,0.275752,0.391113,0.34193,0.406662,0.381034,0.259384,0.369682,0.180442,0.33425,0.097308,0.084431,0.237439,0.340725,0.607964,0.133574,0.095212,0.084861,0.091518,0.050575,0.135375,0.138933,0.298399,0.441746,0.379209,0.38015,0.497313,0.382528,0.503905,0.394098,0.464646,0.338615,0.326499,0.160665,0.267091,0.282024,0.526467,0.279065,0.185528,0.125484,0.196466,0.12438,0.225572,0.056636,0.090859,0.114245,0.061275,0.295374,0.103367,0.16083,0.32883,0.468203,0.47764,0.504016,0.482288,0.424762,0.383813,0.2922,0.381945,0.311745,0.378513,0.343226,0.392141,0.341861,0.393982,0.238272,0.280675,0.580274,0.346658,0.134864,0.407639,0.038504,0.084142,0.154158,0.079335,0.061731,0.158546,0.117722,0.360449,0.463691,0.377499,0.409341,0.416686,0.317685,0.516643,0.520959,0.384319,0.305091,0.237825,0.246217,0.280519,0.194911,0.228549,0.245907,0.718345,0.744594,0.204962,0.482005,0.229047,0.093663,0.192019,0.075135,0.097318,0.392636,0.308871,0.414245,0.331869,0.543222,0.330352,0.434917,0.560116,0.502308,0.517644,0.463735,0.36047,0.316154,0.374109,0.310551,0.706511,0.620312,0.794237,0.881915,0.771252,0.343651,0.304446,0.262178,0.264623,0.322626,0.268979,0.136846,0.189012,0.508082,0.411877,0.180828,0.087254,0.111254,0.137944,0.40849,0.314479,0.282252,0.417143,0.219714,0.221602,0.275776,0.303916,0.452264,0.371002,0.40597,0.413674,0.349884,0.177038,0.501991,0.466461,0.473113,0.352201,0.66406,0.526508,0.266527,0.281763,0.308042,0.658252,0.326499,0.57091,0.665253,0.577957,0.124594,0.422185,0.737935,0.512337,0.388712,0.209627,0.146449,0.076886,0.09585,0.426042,0.170771,0.368004,0.470697,0.214703,0.683408,0.362721,0.27218,0.291143,0.352821,0.346401,0.469888,0.240016,0.450518,0.541921,0.428436,0.286607,0.266568,0.652138,0.266207,0.442282,0.357719,0.151632,0.082998,0.076111,0.016236,0.095693,0.946762,0.373932,0.507568,0.400347,0.252884,0.224402,0.163073,0.23849,0.4628,0.335743,0.340532,0.35067,0.385828,0.28882,0.485529,0.340936,0.237584,0.243775,0.612747,0.177226,0.088099,0.26123,0.084577,0.132932,0.083244,0.034396,0.276913,0.241041,0.051255,0.232267,0.059517,0.231579,0.262056,0.300086,0.17841,0.242919,0.163337,0.194299,0.440452,0.310755,0.372813,0.331548,0.227978,0.269514,0.256825,0.165237,0.124636,0.284052,0.33962,0.347949,0.338211,0.188631,0.125971,0.164999,0.102341,0.545319,0.537871,0.230861,0.404003,0.511032,0.73625,0.274086,0.283897,0.261424,0.197993,0.213485
sedu_es_9ef-D30-02,0.108032,0.257628,0.274124,0.187133,0.276989,0.248364,0.199639,0.150404,0.08153,0.1481,0.451732,0.578305,0.383959,0.225079,0.252858,0.381432,0.344396,0.299007,0.139284,0.189667,0.082557,0.190387,0.454153,0.267255,0.468689,0.14263,0.203774,0.186692,0.238835,0.252775,0.165198,0.179237,0.194879,0.654285,0.025015,0.421521,0.222082,0.363181,0.246285,0.33697,0.5256,0.087488,0.121993,0.126468,0.211215,0.136786,0.217596,0.189433,0.243624,0.196973,0.20385,0.252848,0.27345,0.28703,0.465432,0.150381,0.802948,0.387852,0.41781,0.286525,0.19534,0.289667,0.684688,0.336486,0.173228,0.284901,0.450753,0.815933,0.135747,0.07086,0.149989,0.046167,0.108711,0.192687,0.197268,0.259992,0.181071,0.307551,0.224111,0.250333,0.098415,0.218211,0.181069,0.15982,0.126656,0.240916,0.174649,0.283929,0.434357,0.314125,0.411907,0.325442,0.253711,0.361797,0.621498,0.155915,0.057798,0.0,0.151512,0.074501,0.01557,0.21695,0.17235,0.18456,0.252684,0.162432,0.150627,0.220017,0.192886,0.457782,0.122617,0.353369,0.228101,0.247091,0.325907,0.4755,0.386029,0.242791,0.342522,0.54753,0.359646,0.347665,0.197152,0.251083,0.081898,0.071761,0.224891,0.317048,0.258225,0.237237,0.24077,0.176311,0.161753,0.189639,0.312044,0.212965,0.281812,0.356814,0.180792,0.171793,0.264627,0.316491,0.650469,0.182007,0.343342,0.23124,0.295311,0.323846,0.731657,0.561158,0.41035,0.384923,0.264104,0.30779,0.340337,0.311233,0.050718,0.067142,0.06581,0.232602,0.156353,0.163719,0.114053,0.307782,0.257295,0.190312,0.303108,0.171216,0.266744,0.209629,0.26395,0.336932,0.274433,0.139533,0.216807,0.243917,0.376631,0.301808,0.314613,0.372252,0.315217,0.35391,0.382465,0.416448,0.289718,0.401949,0.29425,0.383329,0.282631,0.413266,0.327803,0.314804,0.335753,0.229619,0.105318,0.09051,0.080279,0.249868,0.256,0.326135,0.175085,0.111768,0.338941,0.456687,0.388742,0.30954,0.226355,0.211601,0.414736,0.288877,0.331776,0.351626,0.345912,0.3487,0.293054,0.429427,0.335319,0.448609,0.376335,0.069429,0.111772,0.123203,0.005429,0.108156,0.704564,0.286973,0.28193,0.342444,0.111108,0.24388,0.255045,0.239648,0.338709,0.408734,0.38303,0.352845,0.30927,0.33027,0.301824,0.441259,0.362307,0.257715,0.452583,0.218475,2.3e-05,0.064266,0.108417,0.131529,0.032965,0.15776,0.1366,0.210045,0.073143,0.217768,0.105105,0.14135,0.254382,0.31504,0.199169,0.337051,0.271401,0.398752,0.251853,0.293594,0.390258,0.160374,0.288654,0.290749,0.222596,0.244719,0.177172,0.211925,0.317918,0.316179,0.53541,0.250287,0.082999,0.167904,0.10576,0.523208,0.517439,0.339437,0.43296,0.311109,0.336783,0.288548,0.373931,0.316046,0.235674,0.257012
sedu_es_9ef-D30-03,0.286526,0.244932,0.382928,0.17543,0.504645,0.334411,0.354372,0.314169,0.132588,0.360834,0.075138,0.086197,0.083778,0.11982,0.103045,0.035964,0.061552,0.084691,0.167045,0.099801,0.28971,0.12611,0.455828,0.271184,0.462626,0.31024,0.306607,0.391942,0.375463,0.240461,0.30122,0.190614,0.271489,0.050018,0.028353,0.099504,0.136375,0.127081,0.048474,0.056602,0.07339,0.174417,0.128137,0.147503,0.090164,0.368457,0.322509,0.448723,0.439189,0.376251,0.346762,0.452996,0.413583,0.5,0.426803,0.40754,0.035178,0.107892,0.088411,0.156797,0.092158,0.214564,0.095884,0.10486,0.052122,0.103353,0.011522,0.17018,0.339922,0.085464,0.307591,0.135699,0.09402,0.231197,0.381318,0.360846,0.406069,0.30253,0.332469,0.342723,0.145557,0.456483,0.297324,0.4683,0.396591,0.410021,0.455311,0.45344,0.097882,0.144079,0.172517,0.144467,0.044378,0.227475,0.013782,0.105271,0.061737,0.119701,0.116092,0.133607,0.122369,0.258751,0.40669,0.411539,0.413111,0.481466,0.239388,0.3946,0.401333,0.321032,0.32197,0.425022,0.347556,0.358114,0.020824,0.081639,0.095875,0.089798,0.200211,0.161073,0.200182,0.129396,0.10245,0.143307,0.078864,0.103452,0.441301,0.338014,0.288309,0.330999,0.506056,0.230668,0.307799,0.559585,0.413955,0.477741,0.403512,0.361118,0.251809,0.455667,0.37529,0.277616,0.181799,0.142646,0.212461,0.170781,0.129133,0.113253,0.212308,0.178351,0.112757,0.106235,0.067618,0.07002,0.250365,0.327098,0.19322,0.151024,0.029123,0.101977,0.364587,0.224722,0.3493,0.51817,0.242389,0.258661,0.255057,0.350859,0.568068,0.416902,0.517779,0.523211,0.416447,0.194116,0.66279,0.69232,0.547928,0.441556,0.247794,0.13925,0.065933,0.14755,0.180133,0.248882,0.123612,0.267798,0.181794,0.238096,0.148092,0.234585,0.477235,0.297378,0.231704,0.105339,0.26185,0.035459,0.077991,0.297725,0.249739,0.447907,0.223437,0.248379,0.997378,0.405373,0.304646,0.393943,0.387982,0.407168,0.515492,0.22821,0.30625,0.142861,0.099262,0.264326,0.087011,0.373326,0.219635,0.22715,0.32575,0.067753,0.07562,0.068034,0.011574,0.030556,0.434065,0.440957,0.39551,0.343218,0.172526,0.422445,0.196343,0.24682,0.562036,0.256977,0.212187,0.321927,0.299717,0.37725,0.201365,0.120304,0.052719,0.176523,0.424224,0.156079,0.067323,0.139267,0.042646,0.098188,0.082722,0.060836,0.125635,0.104433,0.082002,0.066758,0.0,0.142008,0.256731,0.310811,0.2366,0.286933,0.193975,0.20976,0.222206,0.304884,0.144744,0.300455,0.154705,0.202772,0.300358,0.191042,0.114522,0.180805,0.321446,0.344599,0.291462,0.22246,0.147491,0.136229,0.107719,0.490973,0.541476,0.202183,0.165106,0.192856,0.22108,0.314476,0.296858,0.027713,0.349438,0.159066
sedu_es_9ef-D30-04,0.34027,0.533462,0.569809,0.409983,0.18883,0.373928,0.334792,0.232583,0.063328,0.112595,0.088461,0.375977,0.07308,0.080393,0.338826,0.043119,0.073784,0.082555,0.232181,0.051152,0.167603,0.163556,0.528172,0.575343,0.492035,0.270293,0.297834,0.279585,0.29673,0.189146,0.132357,0.021402,0.103632,0.065105,0.012535,0.082688,0.097935,0.232796,0.490354,0.12331,0.121885,0.254323,0.086046,0.16272,0.132741,0.254693,0.295327,0.30259,0.227793,0.266531,0.588812,0.327438,0.306776,0.298552,0.149478,0.217893,0.027287,0.078898,0.163825,0.416722,0.053612,0.426791,0.368797,0.287365,0.5,0.126509,0.103475,0.217044,0.697607,0.102995,0.211624,0.124381,0.105908,0.223399,0.246325,0.282764,0.31489,0.383893,0.287385,0.280068,0.219815,0.38878,0.293469,0.130934,0.165226,0.341385,0.23855,0.286316,0.060756,0.170226,0.180836,0.119308,0.368318,0.31627,0.128721,0.420521,0.419903,0.696163,0.148195,0.156994,0.081841,0.284773,0.279787,0.313094,0.419357,0.315275,0.344397,0.285623,0.254292,0.265523,0.211827,0.247097,0.698617,0.54611,0.072544,0.142218,0.186764,0.074607,0.236607,0.376719,0.251265,0.323412,0.200628,0.179366,0.096817,0.096288,0.224717,0.457777,0.235248,0.198471,0.266847,0.111018,0.346769,0.269437,0.596522,0.343905,0.358815,0.67695,0.275806,0.233743,0.585891,0.193369,0.70911,0.122431,0.272062,0.149947,0.166315,0.146322,0.284798,0.297947,0.176245,0.151172,0.146343,0.0,0.278007,0.303711,0.132362,0.137263,0.096262,0.142799,0.208634,0.288743,0.204998,0.341709,0.273944,0.176812,0.256602,0.341509,0.38351,0.258263,0.369908,0.355345,0.179417,0.027662,0.179282,0.182791,0.268113,0.274857,0.235823,0.146943,0.0429,0.071278,0.134561,0.266142,0.09626,0.271203,0.208315,0.260118,0.225002,0.368275,0.290067,0.29768,0.258746,0.176223,0.163305,0.070796,0.14094,0.295308,0.181947,0.383795,0.294629,0.161159,0.37351,0.259091,0.204293,0.212966,0.186986,0.203631,0.280932,0.224342,0.203723,0.150352,0.195074,0.19408,0.066071,0.314854,0.447783,0.346369,0.331094,0.167021,0.187429,0.170236,0.142203,0.151575,0.299571,0.214613,0.395667,0.330958,0.276967,0.227574,0.307439,0.225488,0.335815,0.200133,0.13687,0.198997,0.198994,0.246874,0.221785,0.284786,0.073041,0.204647,0.358488,0.183768,0.097633,0.114078,0.128162,0.154714,0.123495,0.149694,0.272983,0.097515,0.14114,0.249239,0.112231,0.227289,0.148409,0.227951,0.248708,0.272642,0.239744,0.147063,0.240553,0.225033,0.254785,0.222827,0.144496,0.239496,0.225739,0.307552,0.211683,0.231828,0.230375,0.218737,0.537914,0.23754,0.07659,0.145638,0.17295,0.510191,0.487856,0.235441,0.38858,0.156391,0.223,0.364702,0.321129,0.090199,0.204474,0.165996
sedu_es_9ef-D31-01,0.266334,0.331738,0.546793,0.32113,0.225018,0.366953,0.252996,0.263852,0.423263,0.250974,0.444363,0.319625,0.399602,0.241704,0.37394,0.127968,0.19153,0.355622,0.165275,0.224875,0.087846,0.232459,0.345864,0.572904,0.573956,0.228653,0.295093,0.277802,0.339546,0.322455,0.218307,0.119023,0.255544,0.396657,0.265157,0.398513,0.263232,0.499565,0.362063,0.307192,0.261966,0.180186,0.174583,0.174897,0.187475,0.237472,0.212052,0.303307,0.243663,0.260886,0.286569,0.372668,0.387478,0.307392,0.33786,0.221398,0.250433,0.358899,0.426289,0.281392,0.280636,0.39123,0.461632,0.352011,0.281172,0.367904,0.226979,0.239509,0.361312,0.175796,0.188582,0.137297,0.129449,0.295322,0.25189,0.413072,0.368403,0.463033,0.323829,0.333419,0.317388,0.273694,0.216109,0.158126,0.188001,0.241971,0.371931,0.385717,0.245726,0.37672,0.324097,0.327497,0.402268,0.643859,0.268739,0.288207,0.286708,0.172156,0.161676,0.103354,0.063637,0.273194,0.193804,0.242672,0.29093,0.219735,0.347292,0.244696,0.179233,0.324283,0.358006,0.388222,0.44933,0.318199,0.443146,0.315619,0.456255,0.315707,0.356573,0.583491,0.59878,0.416879,0.246699,0.221212,0.105426,0.091636,0.208567,0.269739,0.278832,0.170904,0.247538,0.300895,0.258954,0.241714,0.319754,0.2921,0.277276,0.404067,0.306745,0.338782,0.298994,0.264141,0.341231,0.241156,0.332126,0.260523,0.391218,0.235942,0.674769,0.524048,0.551644,0.425687,0.327576,0.756031,0.541483,0.282441,0.031634,0.14004,0.05294,0.194627,0.209147,0.293302,0.184087,0.357381,0.242715,0.280584,0.287868,0.226893,0.283661,0.264672,0.368234,0.32261,0.182325,0.104883,0.181197,0.167465,0.258787,0.337142,0.205482,0.384707,0.307614,0.415829,0.162525,0.462001,0.414141,0.390603,0.357679,0.397922,0.439742,0.47599,0.54731,0.603863,0.387248,0.253843,0.462238,0.17176,0.113141,0.275807,0.264585,0.349421,0.285059,0.152937,0.639649,0.205767,0.244671,0.204036,0.680542,0.591009,0.236184,0.311659,0.454155,0.302337,0.576491,0.388553,0.247942,0.669679,0.438178,0.587237,0.400497,0.127696,0.097744,0.284596,0.115776,0.223046,0.414316,0.274497,0.322437,0.344365,0.248518,0.095484,0.284039,0.292189,0.179979,0.216112,0.240645,0.366747,0.242311,0.243409,0.401625,0.588814,0.451451,0.503169,0.437862,0.194408,0.0,0.176695,0.177815,0.083583,0.065021,0.177394,0.174756,0.292054,0.162306,0.520441,0.152808,0.228997,0.154741,0.214731,0.165251,0.250524,0.225633,0.212575,0.530039,0.274152,0.362643,0.31104,0.291485,0.299096,0.308033,0.309354,0.213152,0.252504,0.106821,0.10349,0.132248,0.178044,0.121039,0.155704,0.180696,0.176721,0.164287,0.195361,0.482483,0.271826,0.376599,0.346525,0.375064,0.148696,0.157297,0.3179
sedu_es_9ef-D31-02,0.227355,0.265819,0.586069,0.205101,0.131692,0.416885,0.184471,0.220052,0.453449,0.28057,0.434132,0.469418,0.601466,0.663398,0.265621,0.120771,0.149224,0.278145,0.200108,0.077966,0.154005,0.213593,0.131977,0.289406,0.487527,0.148424,0.321484,0.184249,0.292588,0.422647,0.202653,0.121341,0.30818,0.532704,0.250091,0.573313,0.500937,0.469947,0.254722,0.240012,0.196653,0.200852,0.027154,0.242816,0.181921,0.142077,0.131512,0.3107,0.288711,0.149562,0.190923,0.446368,0.386046,0.335427,0.147294,0.173699,0.489953,0.518904,0.5832,0.423963,0.356725,0.417356,0.350205,0.3369,0.243449,0.436423,0.167241,0.181353,0.234807,0.176515,0.292793,0.222857,0.17457,0.135269,0.318513,0.161509,0.1705,0.193759,0.395422,0.379605,0.207914,0.293376,0.295224,0.108083,0.185712,0.197272,0.222807,0.16365,0.479798,0.471169,0.441542,0.497213,0.557843,0.911018,0.205175,0.427074,0.371907,0.117301,0.053218,0.199637,0.114869,0.136264,0.178724,0.442941,0.356433,0.230521,0.369945,0.212985,0.171328,0.236028,0.357348,0.255226,0.299305,0.224585,0.32236,0.482324,0.53083,0.464594,0.641376,0.546907,0.886514,0.409212,0.213557,0.070499,0.312642,0.13972,0.215308,0.174479,0.149545,0.211624,0.205552,0.21107,0.335755,0.345585,0.358778,0.434709,0.236371,0.221899,0.17331,0.146284,0.273541,0.331156,0.355238,0.369296,0.405763,0.350554,0.572517,0.441919,0.561811,0.573833,0.632228,0.417029,0.308979,0.722499,0.608763,0.231723,0.148293,0.328579,0.207904,0.340373,0.139624,0.151742,0.139755,0.251892,0.338369,0.378402,0.430408,0.332138,0.38179,0.293035,0.268798,0.331929,0.568879,0.093822,0.196464,0.176159,0.318019,0.315264,0.332086,0.479733,0.427944,0.435236,0.246457,0.596529,0.566906,0.537696,0.521923,0.602112,0.33487,0.610646,0.62074,0.789022,0.365341,0.259597,0.247814,0.253461,0.241858,0.21924,0.2166,0.314049,0.210878,0.09344,0.209868,0.260735,0.379135,0.306292,0.450276,0.29399,0.416771,0.218219,0.303592,0.416926,0.648771,0.546261,0.342752,0.744835,0.481828,0.962046,0.78169,0.184856,0.09323,0.271924,0.174923,0.348859,0.45075,0.278451,0.200233,0.227141,0.128324,0.250728,0.129361,0.272345,0.299149,0.303854,0.312143,0.371914,0.436081,0.357091,0.532301,0.520379,0.475173,0.304678,0.433871,0.088131,0.1111,0.239467,0.28058,0.186472,0.093588,0.162385,0.093039,0.428803,0.087298,0.466857,0.131311,0.197397,0.161499,0.253021,0.256731,0.213996,0.193325,0.325816,0.495183,0.322664,0.521268,0.235137,0.34003,0.13653,0.210953,0.234215,0.181553,0.281072,0.268731,0.286211,0.226864,0.328047,0.064316,0.163721,0.152965,0.356038,0.359118,0.240341,0.513801,0.33375,0.495291,0.272153,0.268521,0.239123,0.191378,0.4181
sedu_es_9ef-D31-03,0.201098,0.190675,0.291101,0.06315,0.343043,0.312595,0.285734,0.277651,0.035779,0.230117,0.13827,0.1345,0.129827,0.156577,0.088359,0.035034,0.062147,0.088497,0.172987,0.105224,0.157681,0.114595,0.335043,0.156554,0.254862,0.248126,0.260071,0.322225,0.348832,0.237638,0.276311,0.129264,0.258948,0.074316,0.044199,0.126459,0.144431,0.173212,0.11478,0.065315,0.128412,0.198172,0.138122,0.114242,0.137622,0.210087,0.286457,0.286084,0.292616,0.312463,0.307143,0.377179,0.403882,0.482728,0.272726,0.317177,0.099381,0.139296,0.133694,0.209045,0.106458,0.2207,0.155686,0.136436,0.08367,0.145002,0.06448,0.183147,0.20612,0.077314,0.307917,0.080957,0.138175,0.223487,0.297387,0.337317,0.342327,0.259971,0.289676,0.332238,0.136446,0.305073,0.230811,0.265834,0.283817,0.365025,0.355033,0.424093,0.148796,0.147397,0.221903,0.192434,0.065739,0.24397,0.047756,0.146147,0.128076,0.097587,0.111672,0.097196,0.077283,0.249801,0.20663,0.266167,0.377741,0.313539,0.201696,0.342061,0.361938,0.255671,0.298237,0.404211,0.257272,0.320609,0.072349,0.159472,0.132848,0.1257,0.233821,0.214044,0.214279,0.196566,0.128927,0.173951,0.063341,0.076051,0.297716,0.20299,0.280832,0.309188,0.32052,0.224169,0.279635,0.285538,0.413478,0.402586,0.359193,0.287952,0.268697,0.439666,0.326407,0.311173,0.231626,0.127573,0.257952,0.191024,0.185518,0.14834,0.241433,0.263011,0.225771,0.191933,0.115011,0.114285,0.255719,0.215534,0.10809,0.093515,0.040191,0.113488,0.340455,0.240183,0.212714,0.381252,0.260666,0.262383,0.297434,0.306603,0.386723,0.248817,0.309468,0.365895,0.238575,0.146577,0.331473,0.342526,0.403287,0.484184,0.288244,0.220241,0.122243,0.210467,0.267683,0.310027,0.137876,0.289058,0.2411,0.261715,0.171549,0.285925,0.363547,0.334084,0.274499,0.106832,0.086668,0.043515,0.047564,0.262121,0.289874,0.395254,0.226587,0.236304,0.397637,0.971405,0.344301,0.945931,0.239092,0.242305,0.370659,0.249643,0.309637,0.221166,0.176836,0.304714,0.131064,0.296737,0.261882,0.271006,0.323567,0.077592,0.082461,0.069671,0.0,0.058909,0.301372,0.321334,0.332454,0.317747,0.178031,0.251722,0.236756,0.279233,0.3903,0.302533,0.302665,0.324278,0.314459,0.39518,0.211348,0.185717,0.112305,0.087002,0.309563,0.156333,0.101436,0.120927,0.072832,0.114561,0.089219,0.061054,0.142046,0.112765,0.042855,0.104992,0.0344,0.100677,0.317061,0.301301,0.221954,0.307217,0.236846,0.245091,0.131714,0.30257,0.231874,0.250338,0.161424,0.232009,0.183879,0.229665,0.158497,0.200963,0.282376,0.290067,0.178332,0.179894,0.093708,0.117143,0.074515,0.276561,0.329523,0.234395,0.256084,0.209316,0.197194,0.278175,0.320918,0.123926,0.155759,0.15718
sedu_es_9ef-D31-04,0.289761,0.305557,0.435676,0.311942,0.371257,0.983269,0.506232,0.359076,0.052315,0.367363,0.049487,0.24154,0.120941,0.071575,0.268923,0.0,0.015549,0.043557,0.240071,0.022706,0.271215,0.140263,0.360487,0.552115,0.40138,0.445788,0.810316,0.428024,0.598221,0.202205,0.468465,0.101831,0.275906,0.038377,0.064407,0.147043,0.078552,0.249476,0.362392,0.052704,0.052128,0.211723,0.089253,0.121848,0.133714,0.599956,0.34592,0.656616,0.621074,0.591763,0.509572,0.692088,0.638306,0.42423,0.278123,0.372384,0.060324,0.174301,0.229069,0.153718,0.010975,0.588885,0.31033,0.241146,0.338349,0.131046,0.049925,0.114276,0.480009,0.086007,0.199556,0.080569,0.151923,0.633795,0.492919,0.596853,0.562331,0.677497,0.644157,0.533225,0.317712,0.369148,0.347744,0.29584,0.500627,0.52591,0.356363,0.476333,0.07009,0.158958,0.15648,0.429362,0.380334,0.370053,0.129119,0.383308,0.209568,0.196584,0.116856,0.105122,0.113551,0.600089,0.397907,0.356362,0.426913,0.285394,0.375405,0.560868,0.527821,0.405235,0.277816,0.311815,0.397827,0.260245,0.044784,0.055905,0.247389,0.102429,0.176955,0.500002,0.434703,0.316542,0.176421,0.257888,0.098597,0.145849,0.3328,0.230774,0.546562,0.357417,0.539945,0.285061,0.39551,0.450656,0.614425,0.511719,0.509272,0.526559,0.387766,0.325681,0.303709,0.28175,0.30184,0.137504,0.250918,0.195933,0.366047,0.409588,0.451899,0.51681,0.129803,0.45397,0.087574,0.162129,0.192984,0.479566,0.13312,0.182645,0.170783,0.5,0.431588,0.40398,0.427479,0.569077,0.275236,0.269256,0.482637,0.267459,0.420189,0.333916,0.464561,0.534932,0.267331,0.12693,0.332288,0.346986,0.471975,0.320794,0.262989,0.184736,0.116276,0.430707,0.146296,0.456426,0.357646,0.393549,0.488286,0.400547,0.235754,0.54673,0.544918,0.361019,0.265177,0.327942,0.176833,0.215107,0.415789,0.486906,0.219637,0.473852,0.550826,0.119556,0.748141,0.232253,0.26944,0.309099,0.281648,0.312849,0.400511,0.29267,0.192712,0.40078,0.49363,0.440222,0.110025,0.555128,0.495515,0.497753,0.561962,0.170249,0.175677,0.078523,0.084381,0.140836,0.612177,0.494394,0.883083,0.853239,0.317578,0.182411,0.208462,0.256266,0.434942,0.185478,0.197101,0.187461,0.134068,0.251011,0.407903,0.353218,0.085967,0.410124,0.725879,0.239658,0.038111,0.181174,0.226413,0.116491,0.09534,0.03305,0.452119,0.57296,0.123752,0.352525,0.095408,0.481947,0.227327,0.271825,0.260337,0.258837,0.26894,0.403146,0.70504,0.236628,0.621667,0.337906,0.282826,0.386677,0.268596,0.386158,0.189691,0.328931,0.188914,0.181092,0.302047,0.241645,0.130725,0.183463,0.102945,0.469839,0.483266,0.24407,0.455103,0.438429,0.149736,0.246567,0.218089,0.057553,0.170136,0.267738
sedu_es_9ef-D32-01,0.320415,0.317548,0.272108,0.215586,0.440724,0.298512,0.401238,0.276972,0.430384,0.496177,0.383745,0.361315,0.299076,0.261308,0.183953,0.255509,0.304045,0.18005,0.281779,0.131378,0.296514,0.165616,0.477263,0.234824,0.350942,0.330501,0.294911,0.365139,0.288868,0.192202,0.485908,0.573924,0.547447,0.174542,0.120906,0.342899,0.288573,0.138191,0.063619,0.149212,0.147797,0.134593,0.113162,0.16154,0.165497,0.358892,0.392071,0.384743,0.545901,0.312279,0.325751,0.348603,0.280828,0.393097,0.652505,0.313888,0.143805,0.242972,0.318669,0.287978,0.199009,0.211722,0.139301,0.113208,0.127216,0.205286,0.12364,0.202978,0.258408,0.088355,0.214755,0.160209,0.159056,0.277222,0.499266,0.292222,0.33752,0.312988,0.307117,0.263186,0.280465,0.358285,0.335244,0.608909,0.527478,0.337918,0.331738,0.395645,0.215828,0.257925,0.259181,0.254664,0.10172,0.20348,0.188669,0.185964,0.113619,0.102166,0.105461,0.191364,0.195759,0.329345,0.470921,0.428152,0.341926,0.533105,0.211979,0.320825,0.303975,0.376733,0.231508,0.335021,0.277526,0.215499,0.153484,0.189304,0.228628,0.23884,0.23771,0.171875,0.205093,0.169985,0.067416,0.200257,0.138413,0.189992,0.45504,0.378758,0.268139,0.413253,0.560953,0.303246,0.351739,0.543605,0.309173,0.323693,0.275034,0.270371,0.206133,0.382482,0.285484,0.319921,0.265877,0.304608,0.297111,0.343279,0.182173,0.218751,0.302708,0.27697,0.199174,0.146578,0.213228,0.120285,0.22168,0.224304,0.30903,0.162272,0.079585,0.403224,0.287574,0.214812,0.41412,0.395635,0.212945,0.279765,0.291952,0.395817,0.362467,0.474947,0.444,0.431953,0.467349,0.553588,0.897058,0.867261,0.582691,0.332621,0.22497,0.28091,0.213387,0.224449,0.248296,0.221747,0.231302,0.282633,0.213193,0.288205,0.166912,0.187699,0.51932,0.352156,0.243524,0.079803,0.375874,0.048188,0.129735,0.277291,0.238154,0.365495,0.172603,0.263416,0.948001,0.25317,0.439613,0.253812,0.783785,0.7898,0.574955,0.217968,0.330978,0.198032,0.197243,0.276042,0.197988,0.423002,0.166789,0.238554,0.212258,0.240071,0.224055,0.218276,0.130543,0.111712,0.379685,0.370378,0.2815,0.280011,0.274823,0.520271,0.127076,0.203495,0.586162,0.311873,0.261451,0.289507,0.276484,0.326737,0.286379,0.237292,0.179216,0.193673,0.362356,0.072743,0.07863,0.302328,0.072031,0.14446,0.050624,0.099597,0.113111,0.172729,0.033864,0.107819,0.033503,0.202355,0.356496,0.247128,0.262063,0.286497,0.173376,0.29825,0.224369,0.312716,0.160504,0.303449,0.152487,0.123816,0.242615,0.253126,0.179349,0.180853,0.429096,0.379573,0.360501,0.534996,0.247804,0.393034,0.153852,0.576373,0.547403,0.291772,0.199428,0.248056,0.287693,0.355518,0.300223,0.109022,0.343874,0.137591
sedu_es_9ef-D32-02,0.656524,0.32882,0.312411,0.247036,0.452261,0.325991,0.441099,0.374952,0.644424,0.733824,0.338894,0.326021,0.397679,0.646527,0.140342,0.123728,0.169651,0.164461,0.148518,0.139518,0.391819,0.349346,0.719452,0.273192,0.35133,0.4394,0.289676,0.447232,0.390955,0.239333,0.702159,0.635575,0.611115,0.285549,0.293977,0.39779,0.675481,0.150673,0.052119,0.258584,0.113444,0.149929,0.154433,0.264822,0.352934,0.476108,0.444891,0.327552,0.5718,0.36393,0.326491,0.63277,0.378832,0.506034,0.511635,0.343922,0.392236,0.424217,0.408576,0.449708,0.418551,0.168292,0.080802,0.091313,0.109148,0.393269,0.093254,0.168247,0.144947,0.118095,0.671814,0.205279,0.385163,0.555358,0.569838,0.355693,0.380769,0.364258,0.465676,0.300742,0.339314,0.328896,0.324059,0.502275,0.440473,0.317668,0.672822,0.387916,0.404621,0.47689,0.466886,0.460971,0.076685,0.397173,0.105761,0.045571,0.127701,0.120385,0.166399,0.256336,0.345687,0.538739,0.522643,0.425977,0.517762,0.672214,0.285791,0.45395,0.435813,0.423916,0.35193,0.302817,0.213379,0.289116,0.236413,0.280808,0.482805,0.45608,0.420052,0.170169,0.405759,0.204359,0.145478,0.191074,0.178398,0.29914,0.469068,0.482533,0.317995,0.425625,0.547094,0.303329,0.416817,0.64158,0.3611,0.478301,0.420251,0.352453,0.206141,0.39777,0.328851,0.626996,0.563064,0.485924,0.412917,0.432577,0.410378,0.327975,0.413457,0.237273,0.386853,0.186013,0.061112,0.163342,0.237799,0.334273,0.255121,0.139406,0.285666,0.311398,0.359178,0.207629,0.526557,0.568308,0.252168,0.359545,0.35227,0.421,0.41878,0.709731,0.616869,0.658313,0.547973,0.489797,0.786068,0.744286,0.643716,0.443148,0.439386,0.505345,0.419435,0.296388,0.272051,0.325006,0.263289,0.311675,0.29306,0.330716,0.163321,0.254487,0.618939,0.473249,0.323879,0.145762,0.109731,0.182317,0.124266,0.413809,0.221017,0.395799,0.161565,0.237573,0.757239,0.337122,0.476551,0.37459,0.629606,0.498182,0.665538,0.224223,0.387916,0.263424,0.223066,0.297187,0.360154,0.536361,0.171883,0.326218,0.301934,0.199455,0.386053,0.117024,0.0,0.136109,0.449251,0.411442,0.373831,0.388026,0.157248,0.518012,0.160748,0.213447,0.720853,0.358344,0.305608,0.368763,0.325969,0.343621,0.297621,0.371321,0.394129,0.176343,0.43868,0.134815,0.13252,0.336254,0.104151,0.196998,0.118941,0.048989,0.153909,0.315075,0.034732,0.076479,0.199049,0.151784,0.411566,0.254429,0.328904,0.259758,0.178875,0.429856,0.236381,0.332935,0.227116,0.372283,0.192487,0.220589,0.257061,0.162398,0.186234,0.375562,0.528225,0.484162,0.623116,0.434083,0.165048,0.356315,0.169377,0.918058,0.890281,0.395735,0.368927,0.292639,0.303136,0.329774,0.31168,0.145089,0.213521,0.183302
sedu_es_9ef-D32-03,0.280973,0.330294,0.366026,0.122691,0.32646,0.413216,0.27167,0.235008,0.135605,0.293719,0.138873,0.148114,0.083766,0.159244,0.0595,0.078909,0.130483,0.103696,0.532302,0.124449,0.557632,0.470926,0.341775,0.197483,0.358418,0.194382,0.335696,0.303925,0.293307,0.116151,0.277634,0.211515,0.318584,0.101062,0.115004,0.140787,0.203509,0.120398,0.030424,0.065887,0.052304,0.523247,0.196775,0.257788,0.382991,0.305556,0.320496,0.343281,0.399317,0.286686,0.339882,0.38075,0.371455,0.469156,0.366953,0.288862,0.090144,0.113883,0.199899,0.254,0.060338,0.277133,0.098808,0.08839,0.068268,0.166337,0.024829,0.10244,0.495252,0.186219,0.305866,0.18391,0.345537,0.218595,0.632951,0.328241,0.346099,0.32866,0.27975,0.272429,0.160123,0.309233,0.47322,0.343529,0.328819,0.349763,0.829545,0.375419,0.143439,0.259999,0.174113,0.086426,0.040475,0.207614,0.058901,0.124101,0.129879,0.080116,0.232386,0.223145,0.336602,0.258186,0.395451,0.323629,0.45856,0.432365,0.344994,0.310438,0.27561,0.281559,0.301402,0.298525,0.217369,0.235312,0.038859,0.099298,0.233906,0.138439,0.133314,0.176939,0.259162,0.045641,0.265707,0.213714,0.208812,0.326008,0.298949,0.232996,0.294265,0.253293,0.637154,0.175999,0.382269,0.568817,0.3574,0.417589,0.382757,0.373702,0.245115,0.650571,0.356287,0.313045,0.296278,0.243595,0.31159,0.270645,0.008447,0.087732,0.233658,0.177853,0.179743,0.165766,0.064421,0.060577,0.303603,0.456875,0.563823,0.388202,0.128773,0.248735,0.243585,0.272153,0.263594,0.285571,0.178877,0.307453,0.363658,0.395213,0.561885,0.407937,0.41205,0.382019,0.8071,0.393117,0.865527,0.626615,0.585312,0.405886,0.175175,0.197527,0.06373,0.117061,0.190143,0.22977,0.046301,0.219008,0.198095,0.237089,0.211127,0.145999,0.526645,0.276357,0.286137,0.208597,0.180531,0.098328,0.212922,0.284148,0.293177,0.374091,0.195192,0.25421,0.719675,0.320475,0.29896,0.282734,0.33899,0.326327,0.619119,0.23734,0.322762,0.109612,0.091429,0.252096,0.066065,0.443406,0.180567,0.173187,0.329871,0.277724,0.45337,0.44255,0.101784,0.204596,0.392239,0.247378,0.358213,0.290905,0.200982,0.674717,0.146355,0.247424,0.619584,0.313897,0.196837,0.323857,0.308193,0.35328,0.183493,0.1499,0.091924,0.293508,0.528503,0.247137,0.179891,0.353747,0.151164,0.168132,0.20234,0.054627,0.243677,0.086127,0.100483,0.08819,0.111793,0.138843,0.153239,0.288852,0.365192,0.291876,0.259234,0.218452,0.261043,0.316372,0.091309,0.250899,0.251322,0.298022,0.379426,0.228742,0.136694,0.26901,0.284093,0.44495,0.422561,0.317158,0.072434,0.229574,0.221773,0.639546,0.635054,0.20379,0.214903,0.184212,0.330911,0.5,0.45381,0.0,0.627047,0.257114
sedu_es_9ef-D32-04,0.635086,0.349254,0.311471,0.268221,0.440543,0.328578,0.451104,0.374913,0.664782,0.724931,0.1982,0.197929,0.409888,0.66131,0.156561,0.124697,0.167058,0.158373,0.129259,0.136488,0.401751,0.3722,0.688651,0.28054,0.348576,0.469037,0.286928,0.452509,0.399923,0.256438,0.712465,0.637093,0.61553,0.144059,0.170325,0.406562,0.681433,0.149986,0.059057,0.263776,0.114885,0.13275,0.149406,0.262545,0.388266,0.460314,0.44161,0.321694,0.418754,0.356024,0.32226,0.644544,0.371275,0.508156,0.512408,0.327907,0.250052,0.442665,0.41869,0.453712,0.42185,0.140773,0.082755,0.087559,0.126102,0.389014,0.103788,0.168944,0.13005,0.139914,0.684578,0.20289,0.40944,0.562224,0.568466,0.348411,0.3667,0.359732,0.464553,0.305085,0.359605,0.327041,0.306293,0.505849,0.450434,0.310625,0.647709,0.371937,0.299152,0.471791,0.475637,0.462613,0.076118,0.403511,0.11648,0.029796,0.121831,0.115066,0.17462,0.260491,0.359706,0.533738,0.522036,0.432908,0.524453,0.509316,0.294368,0.447794,0.420368,0.435176,0.344581,0.280138,0.212757,0.290561,0.218998,0.249819,0.480941,0.450382,0.418743,0.170632,0.404831,0.235889,0.159091,0.200357,0.175422,0.30822,0.465696,0.45008,0.316611,0.422878,0.559308,0.305257,0.427746,0.51421,0.359067,0.467419,0.412452,0.36658,0.20456,0.369221,0.327938,0.450962,0.558446,0.486864,0.415762,0.44143,0.431467,0.335841,0.314242,0.267373,0.385427,0.163075,0.060572,0.161899,0.218914,0.333183,0.267688,0.133478,0.286814,0.299381,0.362139,0.212777,0.380408,0.427883,0.260131,0.366275,0.365612,0.423053,0.4101,0.551742,0.474541,0.519934,0.521536,0.490751,0.786068,0.730862,0.629365,0.45789,0.425822,0.493538,0.412611,0.300017,0.261193,0.321599,0.269308,0.332323,0.295786,0.343828,0.158584,0.293509,0.625072,0.48542,0.29519,0.162651,0.096701,0.17885,0.131979,0.417648,0.206988,0.395711,0.159898,0.245632,0.74922,0.315537,0.467596,0.404597,0.637471,0.506241,0.642576,0.227641,0.384466,0.284823,0.244212,0.298541,0.354525,0.530259,0.201404,0.381006,0.300503,0.208068,0.403845,0.113628,0.0,0.14981,0.442576,0.395636,0.367195,0.396622,0.151673,0.489681,0.166677,0.203164,0.717281,0.349293,0.306051,0.362145,0.314413,0.337261,0.323936,0.241197,0.385698,0.179437,0.456325,0.143464,0.137431,0.344177,0.103413,0.178752,0.124403,0.050411,0.145389,0.304732,0.029646,0.073031,0.208512,0.161282,0.415068,0.243397,0.322586,0.268786,0.189258,0.436109,0.224479,0.318891,0.241798,0.384996,0.202032,0.238132,0.244162,0.15459,0.196279,0.373804,0.526298,0.477992,0.62801,0.434976,0.182644,0.373892,0.18041,0.902873,0.880253,0.237428,0.382027,0.31192,0.300433,0.306858,0.294963,0.132141,0.205342,0.188428
sedu_es_9ef-D33-01,0.196906,0.273372,0.402606,0.229207,0.307793,0.362819,0.378037,0.42079,0.174427,0.217217,0.084051,0.138774,0.125925,0.062777,0.096659,0.044636,0.099529,0.150625,0.496362,0.053927,0.330763,0.214418,0.491031,0.469168,0.500004,0.326572,0.366536,0.418735,0.459845,0.363085,0.238186,0.150442,0.266422,0.099822,0.110495,0.101051,0.066,0.067672,0.159475,0.088819,0.112127,0.5,0.163223,0.16824,0.1521,0.341207,0.321072,0.372686,0.321971,0.370353,0.41418,0.435039,0.361078,0.421448,0.273432,0.341457,0.124921,0.11237,0.132332,0.137351,0.147269,0.268894,0.109604,0.090997,0.173423,0.146569,0.060832,0.183299,0.689334,0.235988,0.245303,0.157721,0.152352,0.294953,0.322201,0.376785,0.40705,0.238309,0.385633,0.291777,0.260099,0.341155,0.487475,0.2464,0.208629,0.426568,0.318005,0.592313,0.133463,0.126385,0.136213,0.151919,0.134562,0.245255,0.132928,0.13247,0.11302,0.549309,0.177557,0.12041,0.049689,0.315493,0.389174,0.304672,0.400213,0.347217,0.419628,0.367471,0.35647,0.333289,0.277217,0.591767,0.556319,0.362502,0.069765,0.160709,0.160518,0.092845,0.201445,0.183429,0.196981,0.124211,0.179921,0.181499,0.082301,0.038709,0.272716,0.399631,0.276526,0.225269,0.421826,0.245545,0.308115,0.44728,0.389925,0.401213,0.343593,0.366826,0.377928,0.563842,0.37038,0.268285,0.183106,0.095056,0.128643,0.124321,0.157816,0.11138,0.213853,0.292831,0.140021,0.505071,0.021426,0.042085,0.198244,0.381688,0.134883,0.115931,0.013606,0.154255,0.322308,0.343074,0.348571,0.389142,0.262182,0.209204,0.258051,0.30956,0.527174,0.342989,0.340792,0.338161,0.341396,0.170235,0.424427,0.425021,0.51526,0.25507,0.282157,0.19042,0.128056,0.181386,0.124732,0.211565,0.024708,0.189561,0.114475,0.158279,0.198558,0.195457,0.379495,0.233064,0.206412,0.163304,0.341589,0.072984,0.124237,0.253034,0.297526,0.469063,0.282392,0.229543,0.803887,0.677389,0.28548,0.576649,0.250437,0.272506,0.468048,0.266621,0.166576,0.115213,0.102256,0.217717,0.139024,0.365774,0.169641,0.24554,0.319977,0.121196,0.115204,0.039168,0.066958,0.048604,0.46617,0.492285,0.675706,0.66699,0.324135,0.199068,0.161924,0.255056,0.424909,0.228311,0.134966,0.192168,0.177011,0.303058,0.131513,0.196989,0.125761,0.182077,0.45883,0.154635,0.142207,0.121382,0.051632,0.119061,0.10809,0.0,0.261899,0.140697,0.221679,0.154333,0.015245,0.210254,0.211315,0.237438,0.275661,0.250666,0.173192,0.332353,0.509331,0.239348,0.386391,0.290474,0.154054,0.222021,0.358246,0.180339,0.190879,0.146616,0.187022,0.191921,0.210528,0.1832,0.0233,0.061288,0.081845,0.396393,0.369562,0.233776,0.211087,0.078989,0.127844,0.211191,0.147855,0.088305,0.16006,0.119812
sedu_es_9ef-D33-02,0.294494,0.500948,0.870248,0.373529,0.189567,0.328622,0.23807,0.262159,0.159695,0.136949,0.187261,0.205406,0.143991,0.133188,0.323857,0.0,0.070133,0.064975,0.267103,0.073536,0.250998,0.234321,0.20364,0.442669,0.742069,0.170497,0.257723,0.272567,0.291914,0.24072,0.067035,0.065506,0.157839,0.113009,0.547159,0.147969,0.15741,0.140413,0.280407,0.102064,0.057184,0.31563,0.077447,0.3116,0.193605,0.146801,0.171318,0.247884,0.247132,0.224658,0.555554,0.325959,0.240904,0.266874,0.183123,0.240083,0.091696,0.133112,0.230733,0.422743,0.151871,0.308108,0.231227,0.184953,0.320612,0.23301,0.030605,0.160872,0.719973,0.13464,0.292971,0.232299,0.153849,0.13812,0.481508,0.23949,0.344151,0.285344,0.272197,0.310256,0.215405,0.31337,0.284281,0.124652,0.158253,0.332162,0.676565,0.149894,0.145554,0.188958,0.218677,0.120493,0.235231,0.25854,0.060326,0.22166,0.207917,0.796498,0.149833,0.204271,0.128659,0.162988,0.164798,0.30958,0.380349,0.290077,0.288569,0.248505,0.23957,0.32598,0.178248,0.236333,0.687941,0.496562,0.144966,0.201307,0.233066,0.125785,0.58565,0.301106,0.315003,0.165838,0.192193,0.088852,0.204425,0.15581,0.170532,0.158239,0.183265,0.121561,0.24141,0.211843,0.315552,0.268423,0.490529,0.327489,0.263549,0.580589,0.260725,0.16664,0.571178,0.239218,0.385783,0.164026,0.205665,0.226709,0.192328,0.108661,0.227061,0.223207,0.218491,0.240153,0.209636,0.157726,0.256269,0.165482,0.222523,0.244382,0.131559,0.178022,0.25326,0.293609,0.212048,0.218821,0.224502,0.205922,0.270739,0.276967,0.322914,0.277452,0.271005,0.276178,0.225468,0.100874,0.167042,0.21018,0.269587,0.306804,0.196146,0.218411,0.04329,0.11702,0.149357,0.188583,0.078101,0.168969,0.116792,0.174402,0.242663,0.258692,0.236259,0.251321,0.148965,0.150382,0.195931,0.174189,0.253978,0.179861,0.303331,0.36323,0.286654,0.247307,0.266562,0.780956,0.303257,0.701497,0.179231,0.153761,0.32722,0.271427,0.214556,0.082709,0.147761,0.231884,0.065503,0.229173,0.330703,0.306343,0.187164,0.272664,0.1801,0.145856,0.223014,0.209437,0.266184,0.13481,0.299524,0.24919,0.29626,0.28748,0.26616,0.261767,0.355081,0.25519,0.178794,0.252862,0.218063,0.299913,0.144598,0.233345,0.14463,0.181029,0.314663,0.161852,0.177569,0.243145,0.197363,0.266049,0.183298,0.076058,0.287766,0.098948,0.298971,0.255827,0.162172,0.263217,0.199953,0.245531,0.364195,0.265782,0.200031,0.131285,0.251523,0.232435,0.18997,0.341786,0.087563,0.167883,0.22867,0.340714,0.192913,0.225133,0.216663,0.226608,0.241197,0.273814,0.020431,0.132306,0.312494,0.288545,0.263964,0.237087,0.226915,0.130675,0.2207,0.244116,0.279264,0.139348,0.257549,0.155375
sedu_es_9ef-D33-03,0.286731,0.301629,0.354217,0.3511,0.431197,0.435966,0.494285,0.471351,0.211631,0.311758,0.118308,0.112916,0.128725,0.173213,0.079691,0.025087,0.044732,0.126788,0.264789,0.071368,0.206967,0.313974,0.4207,0.420843,0.339566,0.434635,0.396683,0.540319,0.603658,0.304437,0.38018,0.131709,0.377254,0.06873,0.101709,0.165951,0.157344,0.156113,0.125554,0.032165,0.086279,0.203603,0.268116,0.25972,0.31678,0.549698,0.460103,0.578002,0.564061,0.533075,0.444069,0.624603,0.595741,0.568016,0.519313,0.788742,0.248724,0.197343,0.18509,0.200491,0.135198,0.467359,0.126874,0.14029,0.124451,0.151692,0.06309,0.158324,0.234587,0.246661,0.415185,0.320358,0.284762,0.613406,0.635098,0.674915,0.655587,0.398717,0.548342,0.463793,0.297936,0.370576,0.699149,0.547172,0.655124,0.573585,0.419848,0.457649,0.212523,0.243879,0.217739,0.199183,0.103456,0.285561,0.093237,0.12595,0.112851,0.05457,0.260766,0.304612,0.204406,0.620443,0.667859,0.625164,0.570105,0.559635,0.45325,0.618615,0.699033,0.55756,0.717171,0.368334,0.261817,0.577209,0.190894,0.211712,0.302418,0.278549,0.204043,0.238952,0.233334,0.234665,0.301937,0.28658,0.248073,0.321137,0.68777,0.382943,0.57032,0.576951,0.588522,0.530083,0.538714,0.51577,0.656978,0.629033,0.659363,0.694511,0.339526,0.82128,0.524263,0.40761,0.329671,0.32003,0.335226,0.282693,0.166625,0.260857,0.27712,0.306005,0.183838,0.214751,0.033748,0.085185,0.274375,0.465629,0.265163,0.250591,0.208596,0.226785,0.584936,0.314597,0.423109,0.544667,0.46308,0.37572,0.521962,0.505535,0.544442,0.575365,0.679971,0.602485,0.294994,0.185976,0.343634,0.302054,0.382512,0.504645,0.601947,0.40729,0.246534,0.280183,0.17832,0.293846,0.121624,0.343229,0.232263,0.317087,0.265215,0.303372,0.370619,0.340777,0.423451,0.16711,0.123852,0.107443,0.11091,0.630231,0.308767,0.674964,0.26848,0.240948,0.434579,0.728545,0.433338,0.833234,0.379135,0.382972,0.417161,0.295143,0.252297,0.212994,0.248735,0.311953,0.18288,0.366464,0.191674,0.31953,0.487111,0.154161,0.131174,0.04901,0.0,0.261657,0.369439,0.523461,0.535033,0.571759,0.224919,0.345067,0.186223,0.251393,0.503955,0.242182,0.283451,0.236325,0.282271,0.364462,0.291857,0.236558,0.169674,0.096804,0.362723,0.128368,0.13101,0.192745,0.207812,0.215887,0.145092,0.083603,0.221814,0.151958,0.083159,0.151172,0.15551,0.226832,0.343376,0.301767,0.344596,0.343549,0.227068,0.349275,0.237649,0.310325,0.270327,0.512514,0.217176,0.260013,0.249553,0.211426,0.191229,0.21315,0.372626,0.348686,0.269231,0.306375,0.109142,0.207663,0.168755,0.523091,0.489186,0.243725,0.301599,0.232097,0.236574,0.316102,0.294875,0.095056,0.210911,0.158011
sedu_es_9ef-D33-04,0.189767,0.299306,0.236944,0.128439,0.310836,0.52893,0.402715,0.258875,0.135578,0.12916,0.265159,0.270229,0.112158,0.175302,0.139239,0.18729,0.251687,0.588527,0.456615,0.188268,0.346804,0.325633,0.299166,0.300846,0.258768,0.208672,0.452563,0.345386,0.346784,0.307758,0.219953,0.191077,0.159938,0.194648,0.135421,0.150207,0.157427,0.181916,0.141866,0.540673,0.436389,0.40217,0.256182,0.301227,0.2935,0.22164,0.306545,0.479229,0.35397,0.417902,0.433064,0.454627,0.33314,0.322608,0.269514,0.290011,0.253333,0.143717,0.287657,0.276458,0.108096,0.325044,0.223221,0.166415,0.11844,0.21567,0.384656,0.736651,0.390041,0.258735,0.30882,0.237803,0.208478,0.229277,0.414698,0.487717,0.55141,0.515451,0.508267,0.418798,0.145186,0.260794,0.413167,0.237035,0.234701,0.567254,0.305671,0.256491,0.256955,0.297604,0.239343,0.186275,0.17222,0.292144,0.4758,0.299762,0.408831,0.222721,0.286202,0.266911,0.227007,0.299034,0.28894,0.289294,0.336052,0.341726,0.503229,0.462136,0.482892,0.309383,0.284686,0.337711,0.43764,0.336088,0.180516,0.273791,0.265239,0.184048,0.194559,0.270703,0.332839,0.180935,0.312609,0.381734,0.196679,0.240906,0.280589,0.200143,0.424317,0.283749,0.277614,0.240533,0.368205,0.395782,0.510486,0.457643,0.446545,0.339478,0.451492,0.300554,0.406837,0.35002,0.316434,0.256932,0.261938,0.227411,0.166829,0.195609,0.368184,0.250538,0.287551,0.350179,0.126845,0.218931,0.318162,0.444077,0.212164,0.21276,0.156977,0.621551,0.29041,0.47486,0.284777,0.336467,0.325983,0.23435,0.383569,0.312821,0.39843,0.322822,0.350215,0.329596,0.178895,0.197779,0.285348,0.302773,0.358165,0.346626,0.342865,0.22354,0.197308,0.22437,0.221763,0.276769,0.085845,0.350268,0.352974,0.336207,0.345758,0.319872,0.376547,0.360521,0.469241,0.476542,0.307885,0.204034,0.249358,0.423214,0.358681,0.495708,0.529947,0.190492,0.486951,0.72482,0.364269,0.610774,0.312916,0.306283,0.376779,0.328481,0.196258,0.246816,0.312111,0.34219,0.193975,0.412856,0.301946,0.347694,0.438652,0.302208,0.213146,0.042695,0.212083,0.228159,0.309435,0.319268,0.587426,0.358313,0.403577,0.303729,0.228779,0.286385,0.422404,0.30263,0.243371,0.221874,0.296168,0.335941,0.297579,0.478811,0.230194,0.13845,0.531815,0.381256,0.153752,0.183746,0.192148,0.261315,0.177948,0.0,0.491739,0.118819,0.281564,0.379774,0.160755,0.383001,0.335309,0.351625,0.446966,0.33895,0.203776,0.28549,0.357571,0.226333,0.359548,0.249621,0.411055,0.468107,0.256397,0.284358,0.297526,0.281969,0.344044,0.300412,0.204539,0.306359,0.136282,0.233404,0.197986,0.459371,0.39158,0.333054,0.447478,0.271483,0.404509,0.5,0.454509,0.222778,0.282605,0.401653
sedu_es_9ef-D34-01,0.182488,0.27724,0.601808,0.629602,0.315287,0.390734,0.477001,0.439293,0.273067,0.147071,0.210886,0.200177,0.263243,0.225756,0.274781,0.072556,0.101799,0.145529,0.578511,0.072545,0.330738,0.269336,0.371002,0.446976,0.629121,0.262309,0.36178,0.363826,0.380809,0.306108,0.099342,0.120238,0.246564,0.138658,0.146791,0.284676,0.232701,0.158785,0.211931,0.131641,0.080358,0.525668,0.095857,0.390466,0.26407,0.202006,0.408446,0.37946,0.287043,0.267127,0.376447,0.472482,0.301226,0.408984,0.221075,0.527724,0.253607,0.279216,0.287233,0.282951,0.187062,0.313447,0.181932,0.163956,0.263661,0.273325,0.078979,0.167039,0.536858,0.123048,0.477677,0.288322,0.218962,0.281357,0.369685,0.251361,0.401248,0.333979,0.315993,0.424684,0.199128,0.43629,0.545295,0.170231,0.147944,0.401021,0.516199,0.262136,0.298471,0.295495,0.274977,0.170976,0.189065,0.372613,0.115279,0.249198,0.371478,0.542222,0.171751,0.294133,0.169794,0.323787,0.38869,0.415961,0.526599,0.469189,0.448407,0.354715,0.329205,0.378276,0.387325,0.320412,0.5,0.377752,0.283149,0.341917,0.373637,0.19692,0.237979,0.24683,0.279495,0.217788,0.148308,0.10241,0.248135,0.159537,0.432568,0.321755,0.218279,0.12903,0.2764,0.2073,0.331972,0.395225,0.317206,0.439294,0.418085,0.357641,0.300603,0.390267,0.401084,0.365357,0.227735,0.213387,0.274839,0.268498,0.224047,0.254514,0.189115,0.184264,0.177385,0.205554,0.050886,0.164168,0.210189,0.22782,0.242672,0.201474,0.307459,0.285518,0.204764,0.264226,0.314978,0.302997,0.157205,0.158252,0.302013,0.351832,0.379932,0.450581,0.409167,0.398585,0.282564,0.102784,0.263562,0.27347,0.338269,0.820282,0.339852,0.264082,0.161956,0.228531,0.137774,0.287802,0.120068,0.243763,0.12714,0.235292,0.183131,0.367503,0.368183,0.343542,0.213783,0.181495,0.118208,0.154934,0.244511,0.307519,0.224588,0.42183,0.225213,0.181134,0.359617,0.627779,0.828435,0.726632,0.167132,0.15822,0.447739,0.241676,0.298234,0.170524,0.106947,0.311879,0.107136,0.261082,0.336528,0.377197,0.252929,0.227079,0.11203,0.084824,0.223923,0.107662,0.314752,0.273616,0.398199,0.307031,0.231111,0.387254,0.110896,0.193849,0.819771,0.296464,0.232155,0.495895,0.311407,0.324346,0.118463,0.381991,0.213794,0.28651,0.338803,0.34356,0.161795,0.238434,0.154216,0.267284,0.18654,0.159986,0.250515,0.084188,0.208462,0.13362,0.030003,0.285704,0.418248,0.256321,0.434134,0.263682,0.142781,0.333322,0.129146,0.304181,0.248631,0.380589,0.145969,0.218037,0.221012,0.190207,0.088017,0.166644,0.496307,0.521076,0.243046,0.314949,0.0,0.158753,0.297929,0.540166,0.530265,0.26635,0.308821,0.096341,0.201838,0.177569,0.177726,0.094348,0.273241,0.173144
sedu_es_9ef-D34-02,0.20648,0.304518,0.370144,0.129714,0.278634,0.428963,0.453061,0.227521,0.155159,0.470395,0.250681,0.264827,0.229201,0.312019,0.35267,0.127127,0.06192,0.311761,0.517836,0.229444,0.16365,0.203396,0.46647,0.401673,0.518745,0.131178,0.367481,0.271343,0.253158,0.218601,0.106567,0.121003,0.179566,0.164195,0.0,0.228159,0.402819,0.157358,0.290998,0.019348,0.105061,0.551303,0.175284,0.464288,0.110466,0.204818,0.463089,0.360148,0.341157,0.272093,0.363577,0.528977,0.289215,0.235689,0.171625,0.383692,0.166605,0.199043,0.226714,0.191591,0.106036,0.393741,0.240437,0.177275,0.286319,0.235263,0.074769,0.261107,0.553804,0.089809,0.500757,0.432916,0.103283,0.349814,0.417032,0.287459,0.303576,0.312543,0.353828,0.408889,0.15544,0.207902,0.473697,0.116153,0.209166,0.385659,0.383771,0.262889,0.182054,0.26228,0.198023,0.232937,0.256543,0.238611,0.08068,0.22575,0.025844,0.43478,0.131354,0.449053,0.059955,0.414188,0.446647,0.279384,0.315792,0.282004,0.202789,0.272908,0.252617,0.357597,0.346658,0.439599,0.320786,0.429614,0.142808,0.217041,0.249498,0.106681,0.224405,0.386961,0.313445,0.280443,0.195012,0.16785,0.455811,0.119494,0.409405,0.415406,0.308454,0.268995,0.291848,0.302383,0.367857,0.308795,0.338578,0.32895,0.295656,0.214585,0.31186,0.350191,0.455399,0.21824,0.26494,0.119031,0.23069,0.235928,0.112822,0.098074,0.303681,0.330682,0.219354,0.312119,0.104044,0.127176,0.289334,0.251148,0.055881,0.462724,0.122096,0.284911,0.238566,0.309442,0.215457,0.26025,0.261468,0.359772,0.379672,0.37749,0.464564,0.319549,0.361819,0.357705,0.358888,0.21591,0.198825,0.275245,0.491062,0.786729,0.110486,0.321387,0.158107,0.257361,0.180485,0.246395,0.213429,0.283217,0.168663,0.269605,0.353764,0.272484,0.215284,0.269957,0.308226,0.140869,0.235913,0.182553,0.470622,0.238164,0.352752,0.444696,0.268657,0.114827,0.315589,0.330953,0.911576,0.739612,0.191521,0.14867,0.5,0.346395,0.216843,0.092045,0.158924,0.406223,0.115494,0.282097,0.370198,0.344129,0.326129,0.207881,0.203244,0.147315,0.332948,0.148561,0.280882,0.181677,0.256547,0.294271,0.238458,0.462617,0.3018,0.355413,0.739502,0.287919,0.266766,0.361062,0.297891,0.375783,0.227335,0.168745,0.193671,0.370349,0.374397,0.238194,0.492901,0.126707,0.383871,0.29266,0.41799,0.395028,0.290684,0.210213,0.2191,0.239798,0.092814,0.294791,0.643298,0.30595,0.335619,0.342632,0.335998,0.378528,0.197186,0.452269,0.264044,0.366979,0.202497,0.249198,0.344256,0.372079,0.198501,0.315524,0.289312,0.249292,0.274094,0.351779,0.145454,0.218522,0.255139,0.304185,0.305725,0.223728,0.284021,0.586863,0.182293,0.3244,0.29773,0.084461,0.686905,0.231941
sedu_es_9ef-D34-03,0.38544,0.326114,0.283041,0.522522,0.424725,0.293787,0.496066,0.355993,0.172476,0.240387,0.21986,0.401925,0.150423,0.210747,0.014471,0.094109,0.145193,0.200182,0.551526,0.120131,0.190674,0.213812,0.519264,0.405292,0.450056,0.275085,0.22419,0.393029,0.287373,0.213943,0.292234,0.141197,0.277909,0.471126,0.584075,0.152658,0.207849,0.133351,0.037557,0.08577,0.179788,0.586723,0.214269,0.271609,0.151189,0.354048,0.635753,0.224763,0.523796,0.346742,0.257594,0.330263,0.460989,0.492151,0.286713,0.344945,0.35988,0.160947,0.179953,0.214741,0.181019,0.307775,0.0944,0.090398,0.029944,0.174382,0.123744,0.171394,0.541486,0.190935,0.429967,0.217122,0.171038,0.490103,0.784076,0.375795,0.337027,0.380193,0.266766,0.341416,0.196505,0.447211,0.795229,0.389218,0.329886,0.28711,0.70731,0.398972,0.313991,0.215777,0.239763,0.094266,0.108404,0.28978,0.096439,0.238012,0.122891,0.263578,0.255613,0.226608,0.120353,0.531567,0.58171,0.478761,0.654644,0.833923,0.494779,0.487672,0.444957,0.306753,0.35095,0.251307,0.425527,0.537544,0.207221,0.356295,0.308146,0.270632,0.236807,0.137952,0.187866,0.066509,0.234559,0.282836,0.231161,0.129838,0.618427,0.528866,0.333685,0.413367,0.432567,0.299247,0.361661,0.719287,0.426746,0.620276,0.605887,0.499872,0.292342,0.350964,0.590602,0.648113,0.245623,0.336569,0.376675,0.318036,0.118762,0.22709,0.324342,0.152389,0.199446,0.226631,0.10512,0.032543,0.215218,0.43685,0.191819,0.165744,0.186377,0.238963,0.352043,0.231505,0.516213,0.677771,0.255584,0.249486,0.326063,0.310213,0.424624,0.770876,0.683461,0.799192,0.362536,0.137472,0.327589,0.296172,0.309488,0.751308,0.47906,0.329461,0.181472,0.201828,0.177588,0.271722,0.050617,0.273979,0.147779,0.256129,0.2212,0.272089,0.316722,0.293633,0.410201,0.189752,0.113609,0.087523,0.163732,0.479539,0.281892,0.369038,0.317799,0.212428,0.310198,0.41779,0.780503,0.643685,0.391198,0.416185,0.417604,0.253497,0.293988,0.133122,0.146397,0.240609,0.109466,0.289117,0.160651,0.246701,0.350356,0.184508,0.154824,0.066522,0.173813,0.132328,0.354491,0.474991,0.514133,0.461924,0.29087,0.309315,0.134681,0.222055,0.617635,0.291749,0.302428,0.251011,0.245344,0.285392,0.17359,0.569582,0.099496,0.274855,0.265216,0.213872,0.420187,0.251617,0.124254,0.209203,0.146813,0.178524,0.206251,0.069641,0.154003,0.353429,0.044111,0.13473,0.441618,0.289413,0.373288,0.231352,0.180489,0.289128,0.128032,0.288937,0.121434,0.268096,0.240345,0.282651,0.267652,0.190088,0.208759,0.167893,0.373251,0.335197,0.269239,0.278377,0.0,0.097874,0.156432,0.50405,0.455497,0.40479,0.230868,0.116372,0.251326,0.275853,0.273927,0.112999,0.257318,0.224401
sedu_es_9ef-D34-04,0.373736,0.261513,0.549855,0.150975,0.387976,0.655295,0.640408,0.518143,0.083607,0.37469,0.062834,0.150402,0.195155,0.20869,0.130521,0.12771,0.047318,0.206271,0.343452,0.049824,0.178544,0.176749,0.481135,0.304024,0.552778,0.331764,0.740033,0.458789,0.388755,0.264501,0.265342,0.262367,0.398699,0.171086,0.04391,0.209817,0.228346,0.165357,0.148326,0.12116,0.101665,0.319737,0.097177,0.17768,0.152557,0.356362,0.577935,0.664744,0.468359,0.751911,0.674601,0.540434,0.528346,0.491181,0.398346,0.901544,0.120673,0.219511,0.233009,0.230937,0.209698,0.438729,0.132075,0.155696,0.148075,0.179172,0.076379,0.246928,0.40709,0.150244,0.2913,0.166665,0.163583,0.396271,0.6514,0.686454,0.586876,0.517295,0.639061,0.672347,0.412764,0.393124,0.525458,0.32712,0.536958,0.528164,0.567458,0.591425,0.138557,0.22408,0.297283,0.434165,0.219721,0.341991,0.048758,0.301325,0.180821,0.205272,0.087932,0.205581,0.226582,0.500209,0.540038,0.408556,0.432636,0.452494,0.417197,0.748511,0.838451,0.54996,0.474924,0.55457,0.219922,0.386532,0.124952,0.288358,0.214274,0.191891,0.287805,0.345955,0.310925,0.22133,0.470844,0.427386,0.160997,0.11649,0.542759,0.559589,0.502265,0.448926,0.523401,0.482471,0.487201,0.527975,0.551217,0.594374,0.560274,0.390128,0.515897,0.847199,0.384655,0.353766,0.322848,0.217801,0.326338,0.305355,0.214883,0.213852,0.333134,0.402016,0.245389,0.200854,0.218962,0.095043,0.238032,0.457074,0.136959,0.12802,0.092853,0.109438,0.428969,0.505553,0.422965,0.467637,0.288224,0.285222,0.390722,0.41647,0.467974,0.415623,0.532134,0.517773,0.637492,0.454124,0.541359,0.494968,0.587788,0.647296,0.347336,0.329543,0.224804,0.377051,0.269646,0.484765,0.350218,0.47859,0.301941,0.327726,0.224644,0.383617,0.574151,0.515962,0.411564,0.197271,0.296309,0.06365,0.311121,0.518207,0.303349,0.472012,0.433446,0.209093,0.70233,0.453007,0.729856,0.60791,0.451122,0.431844,0.536147,0.294793,0.353323,0.201556,0.359775,0.316154,0.207845,0.517185,0.335693,0.417564,0.781231,0.216183,0.084641,0.145415,0.132015,0.04605,0.411722,0.441964,0.589992,0.488467,0.380697,0.484955,0.21711,0.241706,0.742791,0.335382,0.316897,0.481803,0.389581,0.445109,0.265087,0.429127,0.179984,0.326771,0.449846,0.360922,0.115944,0.136789,0.071303,0.156142,0.091869,0.330358,0.299518,0.199349,0.04819,0.129126,0.008771,0.499082,0.843336,0.360822,0.248315,0.560804,0.386177,0.414992,0.227669,0.361249,0.346264,0.338965,0.245652,0.302249,0.248909,0.336852,0.355813,0.256539,0.483754,0.470732,0.229436,0.339433,0.406044,0.356937,0.175615,0.529388,0.533214,0.437117,0.410693,0.357086,0.205506,0.332225,0.286273,0.107697,0.24495,0.239342
sedu_es_9ef-D35-01,0.219495,0.237764,0.241551,0.077714,0.438058,0.274474,0.499716,0.223971,0.300148,0.435526,0.19699,0.192433,0.411199,0.478766,0.099165,0.062014,0.116611,0.108928,0.559457,0.077784,0.493188,0.341524,0.355522,0.208823,0.320771,0.165358,0.229458,0.213219,0.256108,0.223884,0.225534,0.222542,0.225131,0.167693,0.160828,0.402154,0.486761,0.173041,0.043892,0.215098,0.157313,0.585849,0.072244,0.483961,0.28442,0.166033,0.424941,0.224398,0.315863,0.19364,0.226068,0.287574,0.26514,0.310389,0.252992,0.25167,0.31045,0.383146,0.449259,0.470629,0.444898,0.214195,0.109897,0.110176,0.075353,0.283924,0.11139,0.19116,0.52089,0.028534,0.933754,0.362368,0.350222,0.279186,0.33229,0.222866,0.252095,0.26137,0.247045,0.365563,0.119176,0.235419,0.586659,0.229047,0.265962,0.269613,0.310328,0.265977,0.342461,0.536558,0.533243,0.470443,0.106049,0.48437,0.070009,0.240391,0.302986,0.180711,0.078553,0.460465,0.323241,0.324453,0.424985,0.36674,0.40108,0.404752,0.264293,0.325496,0.305431,0.247615,0.264341,0.288583,0.329994,0.424978,0.310035,0.354725,0.51194,0.504184,0.348165,0.206941,0.331278,0.337453,0.096023,0.094041,0.36843,0.288996,0.440798,0.38364,0.220119,0.364225,0.283016,0.213238,0.298735,0.402146,0.24599,0.390001,0.323911,0.206074,0.189717,0.474928,0.459557,0.377475,0.347472,0.381321,0.426634,0.382971,0.297755,0.558549,0.473852,0.243764,0.52034,0.244148,0.163127,0.210809,0.311672,0.165522,0.399396,0.281977,0.347143,0.467933,0.214001,0.202971,0.183386,0.241865,0.224501,0.27387,0.357907,0.30471,0.444801,0.397706,0.381651,0.404062,0.582729,0.197182,0.382045,0.511413,0.545462,0.503903,0.466208,0.550681,0.455742,0.430983,0.683063,0.421272,0.415189,0.409267,0.28723,0.424934,0.15296,0.270099,0.424909,0.407026,0.277958,0.102423,0.155469,0.256531,0.36341,0.299188,0.233005,0.288194,0.213028,0.200657,0.318318,0.607338,0.703083,0.460201,0.348336,0.285002,0.666439,0.230217,0.40083,0.400878,0.38015,0.50671,0.380586,0.465103,0.236699,0.328155,0.237856,0.392926,0.129919,0.324056,0.111692,0.298593,0.361518,0.302961,0.237143,0.233019,0.176409,0.774122,0.384376,0.406932,0.484712,0.66041,0.504512,0.453907,0.640489,0.554905,0.326734,0.281323,0.307327,0.294109,0.294827,0.142438,0.335708,0.483071,0.300702,0.418517,0.308504,0.239687,0.191014,0.221791,0.064264,0.098243,0.199448,0.166997,0.384084,0.348962,0.51299,0.281341,0.250653,0.462921,0.154749,0.375197,0.247243,0.309492,0.159678,0.166338,0.191708,0.196643,0.194593,0.241487,0.56451,0.571817,0.447434,0.4831,0.160139,0.515026,0.38936,0.524315,0.569183,0.251092,0.305466,0.624919,0.51021,0.286774,0.478826,0.238036,0.673755,0.202147
sedu_es_9ef-D35-02,0.196451,0.328636,0.247717,0.146004,0.258876,0.322624,0.507162,0.211509,0.430932,0.598802,0.315195,0.289383,0.299491,0.304738,0.12887,0.099442,0.138766,0.140778,0.52682,0.079769,0.825513,0.369128,0.514357,0.378557,0.461907,0.202705,0.285771,0.200678,0.202586,0.244383,0.226692,0.186389,0.210935,0.220554,0.240541,0.305643,0.32427,0.156208,0.031747,0.080979,0.246274,0.548293,0.066897,0.823091,0.580403,0.17537,0.605193,0.214258,0.348586,0.115388,0.182136,0.179452,0.241657,0.32594,0.214506,0.15358,0.444788,0.278279,0.400618,0.401448,0.325984,0.235748,0.153362,0.082794,0.079105,0.381808,0.190896,0.205442,0.482251,0.100759,0.882797,0.592412,0.620715,0.558508,0.433118,0.183681,0.243243,0.269723,0.13488,0.252526,0.138462,0.19063,0.594378,0.171921,0.248653,0.253261,0.262276,0.147143,0.448359,0.556645,0.320133,0.259937,0.089817,0.316501,0.155705,0.319244,0.503047,0.346221,0.128346,0.693911,0.59835,0.521903,0.637247,0.438567,0.566054,0.457961,0.437805,0.292677,0.22388,0.211371,0.272219,0.075214,0.195299,0.219945,0.341999,0.416745,0.585294,0.509586,0.309405,0.175171,0.338252,0.115913,0.153754,0.077767,0.581288,0.526272,0.615701,0.533053,0.155379,0.383848,0.26379,0.199726,0.292095,0.373801,0.186758,0.373068,0.269606,0.289913,0.186755,0.142526,0.256,0.319549,0.369142,0.42372,0.415104,0.381847,0.31461,0.445745,0.343018,0.142633,0.410663,0.255479,0.264437,0.336597,0.340278,0.113919,0.573648,0.449924,0.582484,0.782729,0.127467,0.236016,0.272569,0.207763,0.220188,0.270151,0.454214,0.258114,0.222412,0.551944,0.378598,0.446477,0.388264,0.162475,0.236088,0.156093,0.17935,0.397002,0.34437,0.421272,0.379537,0.288971,0.275517,0.355728,0.225625,0.421801,0.186039,0.372377,0.158268,0.172508,0.304214,0.276931,0.240016,0.122728,0.183623,0.438421,0.666882,0.394157,0.27078,0.248302,0.274068,0.18892,0.11751,0.276651,0.725954,0.394551,0.361681,0.327891,0.466799,0.226733,0.301074,0.214598,0.278287,0.320949,0.16235,0.204866,0.187829,0.277287,0.149693,0.647823,0.207537,0.18195,0.247204,0.514932,0.266141,0.257829,0.219442,0.200539,0.207593,0.761622,0.188306,0.214661,0.42774,0.431765,0.282132,0.407995,0.283977,0.216144,0.34469,0.221515,0.336565,0.463783,0.229994,0.13081,0.519229,0.771745,0.490548,0.734948,0.464069,0.351056,0.280399,0.16717,0.049129,0.123867,0.382424,0.154448,0.410267,0.252994,0.761704,0.154379,0.1961,0.331522,0.155557,0.262598,0.183561,0.279968,0.135204,0.155096,0.192606,0.219226,0.332753,0.229489,0.321274,0.306032,0.503046,0.698918,0.044109,0.508702,0.583382,0.509397,0.480095,0.287876,0.267253,0.677755,0.645567,0.240998,0.280645,0.244044,0.810253,0.157628
sedu_es_9ef-D35-03,0.225162,0.262005,0.251179,0.078143,0.454063,0.304532,0.522231,0.233468,0.313225,0.442465,0.205211,0.205684,0.416282,0.498965,0.108186,0.052551,0.107079,0.108542,0.564613,0.075465,0.505222,0.350985,0.368849,0.22372,0.329364,0.184388,0.246332,0.23333,0.282836,0.245988,0.241485,0.230635,0.237347,0.168266,0.169389,0.409561,0.504767,0.171287,0.046515,0.214988,0.159077,0.593186,0.077174,0.489636,0.300304,0.173587,0.445405,0.244482,0.335213,0.205376,0.233051,0.313834,0.279419,0.325161,0.270428,0.258035,0.316032,0.387857,0.468027,0.488835,0.452946,0.209848,0.116077,0.108473,0.081397,0.296124,0.110738,0.196103,0.53234,0.039926,0.954351,0.363604,0.356676,0.299124,0.344002,0.232797,0.256342,0.277351,0.265849,0.384382,0.134307,0.237818,0.597598,0.243759,0.271321,0.279174,0.307502,0.261486,0.348668,0.54508,0.542492,0.472997,0.101445,0.497211,0.068391,0.22863,0.301492,0.18477,0.089698,0.469437,0.319467,0.346227,0.443399,0.376428,0.418354,0.4187,0.28082,0.332785,0.306887,0.273056,0.267023,0.285281,0.347238,0.434993,0.312578,0.353398,0.528802,0.515202,0.349598,0.213277,0.345946,0.340293,0.107861,0.101465,0.366721,0.287547,0.456675,0.388494,0.234823,0.373105,0.306408,0.22764,0.313474,0.404829,0.261744,0.394995,0.337479,0.221549,0.208621,0.462693,0.478143,0.394426,0.361725,0.392795,0.451745,0.405467,0.309497,0.572269,0.506261,0.260176,0.523399,0.254562,0.159948,0.214879,0.312383,0.183319,0.411548,0.284845,0.339498,0.482957,0.225906,0.218684,0.196309,0.261484,0.247343,0.28263,0.389402,0.31777,0.459748,0.422662,0.390886,0.425886,0.574083,0.20188,0.392211,0.513497,0.548856,0.518863,0.462213,0.55851,0.450121,0.4502,0.685816,0.440461,0.429887,0.448822,0.289627,0.455596,0.155783,0.287042,0.452303,0.426976,0.285118,0.119583,0.145496,0.254594,0.373211,0.304807,0.235108,0.318224,0.224372,0.216555,0.32336,0.607673,0.71503,0.476129,0.371104,0.309633,0.665754,0.243689,0.425857,0.414874,0.404559,0.529053,0.371962,0.481043,0.250597,0.356699,0.250115,0.402309,0.141257,0.314122,0.111692,0.308071,0.372541,0.310238,0.246261,0.258197,0.188632,0.765696,0.396693,0.41075,0.48999,0.678255,0.517449,0.477172,0.647545,0.558385,0.350068,0.291424,0.31504,0.294169,0.315758,0.153108,0.341986,0.499452,0.298538,0.416086,0.311098,0.228297,0.190089,0.206867,0.069489,0.101454,0.195641,0.18447,0.386723,0.356612,0.525623,0.290432,0.259964,0.469536,0.156047,0.390471,0.256496,0.338336,0.178955,0.190603,0.197594,0.211557,0.214352,0.249842,0.555371,0.552775,0.448814,0.49115,0.16255,0.520834,0.398699,0.531359,0.569183,0.268503,0.310476,0.639686,0.524266,0.300468,0.484749,0.232983,0.682982,0.214503
sedu_es_9ef-D35-04,0.227372,0.258727,0.243111,0.08001,0.442323,0.295073,0.510911,0.221641,0.319008,0.437857,0.214733,0.210646,0.421434,0.498264,0.111684,0.060013,0.116853,0.114544,0.568069,0.076825,0.513847,0.348233,0.36716,0.216811,0.321448,0.160691,0.239749,0.211859,0.257618,0.2289,0.229917,0.232575,0.229677,0.179922,0.168552,0.416573,0.509933,0.171528,0.045508,0.218031,0.166844,0.595244,0.072904,0.500594,0.293608,0.16993,0.435228,0.232717,0.331783,0.19327,0.22489,0.287238,0.266428,0.29991,0.258578,0.253623,0.327758,0.387976,0.475465,0.493745,0.459503,0.218911,0.118773,0.108676,0.081542,0.306773,0.122232,0.201445,0.53328,0.030772,0.950749,0.37082,0.358565,0.288571,0.3304,0.223215,0.247104,0.277108,0.255946,0.379488,0.124886,0.227099,0.589105,0.228107,0.262043,0.273406,0.302987,0.253342,0.358911,0.55596,0.547784,0.475362,0.107855,0.497934,0.074538,0.237235,0.310348,0.180679,0.086055,0.478277,0.328508,0.340734,0.44152,0.37434,0.405654,0.412318,0.27294,0.321185,0.294615,0.255494,0.261324,0.283811,0.342816,0.425039,0.32498,0.364536,0.536401,0.523793,0.354206,0.216838,0.347607,0.340688,0.102648,0.095848,0.379574,0.297165,0.448946,0.392167,0.230202,0.370874,0.288276,0.219445,0.311106,0.400664,0.24918,0.380797,0.321674,0.203868,0.198696,0.458874,0.466876,0.392839,0.367013,0.395332,0.451828,0.408365,0.308426,0.574715,0.504432,0.256958,0.535964,0.262835,0.167731,0.218923,0.317361,0.174295,0.423302,0.292837,0.351944,0.49736,0.209871,0.216131,0.192508,0.24468,0.243696,0.278195,0.384422,0.315075,0.437974,0.417298,0.384474,0.413277,0.586977,0.202577,0.384415,0.508746,0.547038,0.508523,0.45382,0.569959,0.461172,0.451873,0.690843,0.436453,0.433943,0.434249,0.287399,0.453438,0.156011,0.27522,0.439808,0.420642,0.283691,0.11522,0.151791,0.264815,0.384008,0.297805,0.23728,0.295305,0.224282,0.207029,0.314843,0.598193,0.710638,0.459847,0.367871,0.302271,0.672294,0.244022,0.415163,0.411302,0.405559,0.528146,0.380533,0.475467,0.245231,0.348675,0.233242,0.413608,0.142876,0.323866,0.111692,0.315756,0.370138,0.300166,0.231648,0.245719,0.190558,0.777701,0.396106,0.411658,0.481032,0.679523,0.519552,0.471992,0.64341,0.550021,0.347779,0.293722,0.326328,0.30294,0.309416,0.149501,0.351193,0.511007,0.309316,0.430017,0.316382,0.238153,0.19828,0.21706,0.068,0.10427,0.203521,0.183167,0.386095,0.352588,0.530127,0.28899,0.258649,0.470848,0.159245,0.386932,0.257316,0.327128,0.17447,0.179509,0.197415,0.212921,0.216875,0.252169,0.555479,0.55334,0.461506,0.497578,0.167474,0.530662,0.409498,0.531029,0.569183,0.265576,0.310605,0.635205,0.529333,0.296194,0.482938,0.246226,0.692051,0.212151
sedu_es_9ef-D36-01,0.425211,0.525159,0.50587,0.507816,0.342006,0.61678,0.375354,0.214046,0.24232,0.345151,0.098099,0.26056,0.145158,0.092534,0.304072,0.142744,0.150752,0.175956,0.200037,0.137977,0.351999,0.225503,0.265419,0.493963,0.437624,0.371805,0.55,0.262712,0.185383,0.199576,0.27435,0.141984,0.216318,0.098914,0.117687,0.148276,0.108422,0.187191,0.311899,0.15393,0.142974,0.252561,0.116084,0.379301,0.271131,0.283986,0.303318,0.33526,0.483101,0.396096,0.533188,0.210462,0.360807,0.386075,0.25152,0.391104,0.132269,0.169439,0.198615,0.322154,0.099764,0.591143,0.320163,0.248624,0.353924,0.175779,0.125682,0.191264,0.416722,0.140424,0.363663,0.28111,0.281984,0.311237,0.601391,0.375321,0.462297,0.533992,0.226719,0.295009,0.170076,0.271725,0.222436,0.294004,0.303129,0.341227,0.652901,0.308845,0.092781,0.137267,0.063095,0.272144,0.424931,0.227456,0.153024,0.507404,0.379635,0.252532,0.200224,0.349513,0.278699,0.299384,0.138754,0.284991,0.307206,0.21107,0.600923,0.362303,0.322962,0.275568,0.229284,0.158837,0.894669,0.469255,0.129154,0.167215,0.218522,0.043828,0.140814,0.430393,0.206766,0.253277,0.216948,0.166959,0.369275,0.33222,0.265474,0.196893,0.352624,0.293019,0.344726,0.352213,0.374072,0.301102,0.616337,0.399469,0.257933,0.58736,0.232964,0.149259,0.458414,0.118848,0.307921,0.0,0.160798,0.100051,0.164812,0.138752,0.154513,0.214821,0.11728,0.146938,0.141729,0.134403,0.195604,0.22066,0.265056,0.353721,0.284067,0.359531,0.338783,0.221444,0.372821,0.24404,0.189541,0.195694,0.489186,0.266467,0.322902,0.219437,0.284124,0.26484,0.138978,0.096939,0.138891,0.153686,0.191406,0.195436,0.116193,0.140483,0.050306,0.375466,0.048237,0.161552,0.082751,0.2448,0.024888,0.224935,0.249765,0.296142,0.186697,0.179084,0.2397,0.222953,0.225758,0.304732,0.601104,0.297641,0.258294,0.284473,0.246469,0.314781,0.199247,0.236864,0.199148,0.200674,0.207502,0.219584,0.189107,0.217374,0.157298,0.119818,0.316352,0.20412,0.049882,0.114103,0.5,0.325046,0.205363,0.39646,0.204607,0.150011,0.214246,0.351738,0.184992,0.136155,0.338826,0.313702,0.156559,0.330487,0.190306,0.184127,0.273481,0.158645,0.116358,0.194083,0.159539,0.222362,0.217465,0.15225,0.150138,0.361514,0.285534,0.211465,0.228834,0.336542,0.300194,0.281063,0.314534,0.182189,0.22197,0.109841,0.181554,0.187943,0.28121,0.418975,0.319767,0.155101,0.422761,0.176989,0.21587,0.221227,0.24274,0.197625,0.171472,0.3065,0.151806,0.217695,0.25953,0.329085,0.244676,0.161397,0.153891,0.162672,0.27489,0.659591,0.107629,0.336147,0.439083,0.154104,0.166371,0.105644,0.302551,0.227955,0.269832,0.10439,0.146878,0.063922,0.20449,0.144935
sedu_es_9ef-D36-02,0.369069,0.556088,0.681445,0.46389,0.257173,0.319105,0.235117,0.258595,0.273141,0.245503,0.218691,0.226532,0.26156,0.177869,0.338422,0.121205,0.218823,0.583849,0.203314,0.175096,0.288103,0.23834,0.409596,0.646277,0.786532,0.485587,0.288544,0.530611,0.335474,0.245246,0.202135,0.210155,0.279351,0.180106,0.26314,0.234056,0.250965,0.27568,0.231699,0.19548,0.15327,0.151817,0.22208,0.350937,0.382068,0.240641,0.247529,0.289747,0.275703,0.165385,0.46177,0.325882,0.549857,0.338711,0.244679,0.503844,0.157619,0.206991,0.268484,0.461146,0.20658,0.260124,0.253759,0.232521,0.225064,0.293495,0.1219,0.17967,0.203928,0.282619,0.310734,0.785656,0.179715,0.288462,0.471187,0.191375,0.239832,0.190059,0.207793,0.291621,0.33199,0.245157,0.163517,0.238858,0.507754,0.265037,0.675555,0.222079,0.218133,0.214785,0.205751,0.18199,0.254036,0.345999,0.193113,0.161331,0.197153,0.151803,0.618608,0.272923,0.367227,0.225709,0.151531,0.306096,0.399685,0.213326,0.548487,0.150054,0.358207,0.393052,0.309296,0.190231,0.469558,0.567233,0.166299,0.150728,0.279951,0.24654,0.23205,0.291842,0.350802,0.224254,0.262036,0.20876,0.196097,0.136865,0.172367,0.363803,0.177557,0.119903,0.309846,0.256904,0.348543,0.179444,0.443702,0.217305,0.167294,0.618552,0.458573,0.216042,0.619136,0.261342,0.464148,0.273825,0.298598,0.301883,0.205263,0.157734,0.261877,0.214418,0.264224,0.231956,0.273443,0.394364,0.318173,0.244366,0.22485,0.215737,0.230197,0.254139,0.236341,0.229974,0.207445,0.230337,0.173802,0.276484,0.323707,0.273668,0.546033,0.281814,0.298783,0.237494,0.460948,0.146369,0.127982,0.230586,0.206561,0.105305,0.164118,0.264192,0.13785,0.22593,0.188939,0.291306,0.196218,0.471145,0.274925,0.216836,0.248258,0.297653,0.2055,0.234329,0.21716,0.216205,0.266286,0.247414,0.239681,0.174587,0.176847,0.335039,0.276592,0.206584,0.177495,0.178033,0.245274,0.078204,0.244936,0.269043,0.25345,0.202843,0.275539,0.126039,0.187145,0.224098,0.093944,0.258379,0.303176,0.329519,0.302939,0.283962,0.250499,0.321879,0.154379,0.28452,0.285902,0.12933,0.157262,0.208765,0.231478,0.183737,0.302556,0.279493,0.187496,0.354444,0.149902,0.301614,0.17866,0.202973,0.211187,0.228087,0.230396,0.283177,0.250805,0.230457,0.168793,0.262961,0.234862,0.225893,0.215638,0.124102,0.214045,0.181712,0.242159,0.270456,0.235317,0.200547,0.078872,0.117723,0.223793,0.098393,0.109025,0.161812,0.277601,0.271073,0.162337,0.314097,0.239734,0.241423,0.21995,0.24343,0.187153,0.318459,0.059508,0.068115,0.10725,0.211802,0.0,0.181927,0.276344,0.244939,0.238011,0.176369,0.243448,0.216876,0.245221,0.195167,0.143397,0.132979,0.317448,0.236566
sedu_es_9ef-D36-03,0.336301,0.317218,0.390386,0.509541,0.477183,0.294799,0.31734,0.32503,0.325993,0.340794,0.421412,0.361336,0.298406,0.266611,0.230316,0.333027,0.380819,0.844567,0.175615,0.17644,0.731517,0.582756,0.428939,0.528222,0.469691,0.334878,0.26171,0.324338,0.276997,0.254711,0.398779,0.233197,0.478333,0.416362,0.245942,0.37495,0.293746,0.396275,0.206873,0.326825,0.350038,0.057761,0.146012,0.680746,0.581922,0.402305,0.417844,0.282598,0.410609,0.256249,0.168178,0.227097,0.341202,0.377138,0.357401,0.192846,0.415147,0.326141,0.382364,0.394257,0.288383,0.184105,0.255251,0.222083,0.200614,0.44101,0.337186,0.263928,0.085509,0.272644,0.615855,0.539397,0.561848,0.465433,0.278094,0.28924,0.289451,0.275496,0.12007,0.145266,0.479719,0.333855,0.198084,0.42104,0.361003,0.215547,0.315904,0.29525,0.41096,0.349317,0.273361,0.268675,0.246955,0.338225,0.315747,0.194058,0.427297,0.015794,0.302719,0.576756,0.547163,0.390991,0.273238,0.318059,0.417105,0.405194,0.353379,0.2391,0.219004,0.419423,0.320864,0.096955,0.171279,0.157318,0.27006,0.2661,0.42574,0.32424,0.271162,0.250549,0.296071,0.29433,0.776529,0.179069,0.450254,0.445113,0.304811,0.255836,0.291192,0.246542,0.331718,0.264123,0.353119,0.270413,0.334448,0.280768,0.241999,0.477226,0.19722,0.245046,0.213094,0.452788,0.530307,0.416571,0.457243,0.420011,0.254038,0.219713,0.263586,0.194014,0.342974,0.283937,0.203156,0.338382,0.309383,0.374643,0.42874,0.431256,0.558119,0.377873,0.272178,0.197815,0.501148,0.319714,0.101332,0.152292,0.346333,0.22368,0.187334,0.475613,0.300459,0.282715,0.081225,0.228132,0.178866,0.20792,0.161976,0.025201,0.295697,0.408035,0.336368,0.293146,0.216022,0.266289,0.241293,0.254171,0.291251,0.234403,0.19149,0.26234,0.198761,0.223604,0.459113,0.256081,0.513451,0.516808,0.617901,0.38175,0.157673,0.225424,0.234486,0.165008,0.142889,0.18369,0.242426,0.045526,0.496965,0.487516,0.217699,0.127819,0.249446,0.244413,0.240365,0.246694,0.251969,0.252601,0.249641,0.227004,0.308997,0.66513,0.512848,0.547157,0.176951,0.517914,0.275753,0.272482,0.374148,0.401656,0.203453,0.207098,0.252979,0.226061,0.161701,0.215178,0.192774,0.208634,0.200644,0.132967,0.203172,0.326539,0.402044,0.273724,0.268167,0.256569,0.270447,0.549296,0.344966,0.325431,0.32739,0.290027,0.422845,0.241829,0.150586,0.260442,0.47864,0.160472,0.163202,0.116984,0.309922,0.101839,0.186267,0.261084,0.170362,0.203688,0.271265,0.212593,0.266681,0.237073,0.168576,0.170702,0.248666,0.258686,0.153736,0.126238,0.207769,0.268811,0.0,0.548623,0.563872,0.400738,0.378402,0.290155,0.393689,0.260801,0.334571,0.223345,0.212424,0.31765,0.595784,0.289771
sedu_es_9ef-D36-04,0.054801,0.235661,0.383779,0.224273,0.188072,0.317048,0.25759,0.169619,0.116698,0.058713,0.113251,0.164458,0.161446,0.06639,0.437307,0.094898,0.050304,0.077743,0.224781,0.014743,0.512842,0.156688,0.471582,0.502065,0.596542,0.173647,0.293958,0.184473,0.209886,0.198877,0.024853,0.062667,0.083518,0.074185,0.129753,0.132714,0.143503,0.239348,0.381037,0.118751,0.106498,0.241321,0.009052,0.493806,0.27674,0.194277,0.10915,0.299415,0.167927,0.216473,0.264666,0.228238,0.467944,0.157573,0.036385,0.582831,0.091362,0.107143,0.185563,0.219609,0.079212,0.370826,0.357389,0.290861,0.347301,0.284295,0.127667,0.237946,0.281285,0.025795,0.449944,0.421317,0.318193,0.153296,0.142806,0.162849,0.293995,0.289407,0.247612,0.272524,0.160495,0.260142,0.197411,0.0,0.344563,0.27817,0.323078,0.110198,0.10292,0.183215,0.09063,0.142293,0.298335,0.27663,0.192684,0.256121,0.145852,0.61586,0.077969,0.433507,0.593961,0.161184,0.191724,0.257963,0.284671,0.161871,0.219284,0.162884,0.417111,0.356422,0.23705,0.198802,0.34657,0.296383,0.061068,0.044794,0.187477,0.13577,0.217369,0.362287,0.317288,0.258796,0.093903,0.00607,0.390363,0.345293,0.194513,0.396248,0.197139,0.098354,0.135961,0.227889,0.262992,0.134103,0.211489,0.184095,0.154236,0.233038,0.265068,0.205145,0.283484,0.077607,0.149206,0.078951,0.152114,0.126726,0.219545,0.175744,0.183495,0.244032,0.189627,0.209624,0.227936,0.213991,0.307253,0.062277,0.317559,0.753712,0.370889,0.247154,0.167187,0.257564,0.179239,0.181584,0.198963,0.233374,0.274285,0.251903,0.27105,0.210189,0.277072,0.224892,0.48258,0.103971,0.012124,0.086818,0.243653,0.167631,0.029005,0.139405,0.108346,0.163352,0.125242,0.147343,0.205122,0.203569,0.150351,0.182024,0.201782,0.306978,0.156206,0.214903,0.169722,0.051348,0.130661,0.356455,0.290696,0.174607,0.235688,0.303767,0.306003,0.157547,0.152173,0.104338,0.225822,0.184294,0.073414,0.064484,0.224964,0.270391,0.118745,0.118465,0.144024,0.27861,0.077838,0.191186,0.5,0.302135,0.090883,0.270433,0.175225,0.167206,0.176255,0.185791,0.213829,0.019396,0.181078,0.217018,0.227492,0.241501,0.305705,0.298547,0.188145,0.195955,0.093344,0.160783,0.121935,0.225796,0.191097,0.132349,0.16984,0.209313,0.298875,0.087626,0.169366,0.331659,0.36814,0.268982,0.351867,0.286625,0.266591,0.577845,0.155175,0.290337,0.200163,0.263158,0.171788,0.185948,0.227581,0.163243,0.26574,0.161926,0.272775,0.212911,0.591871,0.234069,0.024508,0.069311,0.134054,0.391762,0.155041,0.293627,0.105581,0.130929,0.357132,0.819972,0.060369,0.378095,0.244555,0.281998,0.283377,0.211235,0.245715,0.186735,0.160295,0.206008,0.142573,0.131591,0.247463,0.074192
sedu_es_9ef-D37-01,0.210531,0.436328,0.301816,0.336454,0.153146,0.315096,0.221931,0.172541,0.346787,0.084756,0.169756,0.123992,0.203994,0.319546,0.13788,0.212297,0.47541,0.788078,0.110137,0.110242,0.766212,0.439339,0.209768,0.47387,0.353835,0.40954,0.23012,0.326465,0.224729,0.230244,0.16941,0.105548,0.192157,0.134046,0.253755,0.21469,0.321532,0.151712,0.171316,0.454266,0.186916,0.080478,0.105179,0.897058,0.668558,0.11299,0.172071,0.207008,0.239276,0.057212,0.251324,0.293136,0.174432,0.222972,0.165071,0.003924,0.226028,0.374454,0.352282,0.391144,0.151207,0.173216,0.203162,0.165411,0.226796,0.203538,0.228197,0.139025,0.346463,0.203103,0.777446,0.507813,0.567286,0.189494,0.093544,0.142371,0.167519,0.250101,0.118706,0.166355,0.284811,0.142515,0.095627,0.13428,0.169108,0.191686,0.121018,0.008475,0.218862,0.322422,0.221863,0.155101,0.121354,0.18888,0.264061,0.180249,0.46277,0.357378,0.193702,0.717383,0.603106,0.141398,0.168667,0.270882,0.312076,0.247484,0.449537,0.123472,0.092898,0.370232,0.069548,0.0,0.360301,0.18639,0.227851,0.251085,0.433054,0.300866,0.165009,0.128779,0.174156,0.118562,0.213386,0.121339,0.620749,0.519887,0.14731,0.113893,0.165813,0.159772,0.212285,0.134467,0.231645,0.286489,0.265322,0.192637,0.176261,0.434777,0.304828,0.003327,0.298247,0.208865,0.34327,0.296576,0.324325,0.266144,0.204715,0.288372,0.273116,0.177512,0.124089,0.129984,0.202056,0.247873,0.19806,0.154055,0.545148,0.585681,0.533149,0.527326,0.150108,0.188093,0.230196,0.150244,0.126164,0.156921,0.400139,0.183266,0.245936,0.31695,0.220995,0.23276,0.064067,0.089381,0.092856,0.077866,0.063482,0.100234,0.2274,0.225868,0.208436,0.109967,0.147894,0.194555,0.129166,0.431131,0.237391,0.227388,0.142506,0.211545,0.204161,0.20687,0.120707,0.222473,0.317616,0.458288,0.735108,0.238101,0.149397,0.20827,0.238081,0.185958,0.133387,0.128134,0.26999,0.128074,0.318707,0.294412,0.179996,0.12809,0.195422,0.252744,0.224123,0.179077,0.173227,0.181873,0.192966,0.179172,0.162234,0.583675,0.398169,0.396008,0.131316,0.525775,0.125847,0.062257,0.222415,0.168177,0.179192,0.274512,0.074848,0.122451,0.245682,0.158444,0.167256,0.155826,0.129832,0.083305,0.262896,0.266639,0.214104,0.182899,0.255218,0.13258,0.325517,0.699531,0.539411,0.337571,0.521617,0.191993,0.232732,0.265111,0.152486,0.15491,0.452187,0.288373,0.189634,0.20945,0.428185,0.038522,0.145204,0.216995,0.236245,0.170083,0.168591,0.256971,0.172445,0.175706,0.091302,0.228818,0.279693,0.297752,0.193155,0.161465,0.380357,0.616905,0.020543,0.5917,0.470515,0.354394,0.319025,0.221777,0.284346,0.236712,0.363734,0.240707,0.251386,0.213388,0.416963,0.17203
sedu_es_9ef-D37-02,0.180735,0.301667,0.298854,0.245882,0.209131,0.272062,0.073764,0.089738,0.249982,0.103773,0.219276,0.231098,0.156135,0.28718,0.172063,0.118786,0.119801,0.250481,0.138474,0.174693,0.813694,0.512059,0.174103,0.312742,0.312524,0.0,0.190116,0.100653,0.158079,0.15022,0.060352,0.077705,0.112124,0.228401,0.195117,0.20773,0.351107,0.25009,0.176234,0.116775,0.116029,0.119663,0.29449,0.989537,0.579911,0.157458,0.096899,0.191669,0.217001,0.024481,0.119656,0.260483,0.221299,0.148417,0.189695,0.199413,0.282909,0.138065,0.310415,0.297906,0.181942,0.502643,0.200464,0.21299,0.16841,0.275288,0.150998,0.062113,0.166709,0.312092,0.863952,0.896357,0.6273,0.104978,0.022766,0.199073,0.116412,0.19488,0.135665,0.258453,0.166743,0.195206,0.130251,0.061114,0.244603,0.200743,0.223493,0.102433,0.289365,0.408021,0.181129,0.111789,0.277943,0.337424,0.178728,0.349004,0.398481,0.103653,0.360785,0.795249,0.69456,0.088145,0.1435,0.362508,0.305877,0.339259,0.398062,0.104041,0.086606,0.259551,0.283773,0.119481,0.228162,0.18106,0.264194,0.287973,0.390792,0.278493,0.22216,0.276923,0.282385,0.182323,0.388638,0.287401,0.815984,0.704098,0.126444,0.133335,0.159239,0.143898,0.187714,0.178597,0.343052,0.273402,0.225736,0.259632,0.407979,0.226064,0.260539,0.176272,0.212272,0.287353,0.307461,0.261914,0.309067,0.248059,0.142741,0.140216,0.244184,0.18654,0.22323,0.246455,0.172765,0.281048,0.379688,0.316176,0.489748,0.841031,0.728587,0.818379,0.072801,0.255471,0.19388,0.100613,0.235749,0.350682,0.495492,0.336318,0.3202,0.344381,0.224849,0.257362,0.31188,0.117101,0.082494,0.151369,0.180786,0.218562,0.133356,0.250939,0.205193,0.191015,0.301499,0.410784,0.184231,0.267384,0.235081,0.297308,0.308254,0.209732,0.171567,0.277783,0.237027,0.213333,0.554806,0.742366,0.803327,0.177933,0.230394,0.187317,0.344548,0.077637,0.107763,0.215484,0.364331,0.172999,0.226177,0.19801,0.322971,0.227561,0.20797,0.089844,0.225042,0.274051,0.080911,0.268763,0.232032,0.195722,0.245733,0.783388,0.494199,0.580849,0.556265,0.679557,0.236707,0.146645,0.150504,0.115174,0.28109,0.419696,0.165882,0.294888,0.24556,0.155126,0.153671,0.275011,0.365664,0.279287,0.224439,0.276015,0.250216,0.200927,0.22139,0.250463,0.607701,0.771074,0.869715,0.478181,0.821478,0.248148,0.409182,0.125532,0.229777,0.392213,0.709556,0.251639,0.212006,0.250671,0.51823,0.18335,0.230666,0.22837,0.183469,0.250492,0.171456,0.225799,0.210243,0.232289,0.275531,0.313073,0.253202,0.358771,0.237975,0.224466,0.490247,0.568367,0.005569,0.74488,0.624949,0.470159,0.43596,0.192006,0.221823,0.263382,0.435303,0.260962,0.323243,0.183798,0.520336,0.299953
sedu_es_9ef-D37-03,0.267826,0.401522,0.52035,0.331219,0.418167,0.456431,0.358699,0.294643,0.244005,0.276531,0.113064,0.127943,0.166948,0.381673,0.199437,0.039375,0.093789,0.255458,0.277229,0.0,0.799555,0.427372,0.501138,0.343379,0.566904,0.401554,0.442419,0.492181,0.507542,0.190725,0.359663,0.198129,0.306874,0.090357,0.310721,0.250797,0.422227,0.286762,0.198314,0.069287,0.117411,0.125021,0.118671,0.866047,0.659735,0.431822,0.381643,0.44647,0.458348,0.317661,0.33583,0.642749,0.514408,0.419627,0.640758,0.264235,0.130672,0.211973,0.318951,0.438382,0.171911,0.281612,0.224664,0.268465,0.221067,0.548282,0.164938,0.185839,0.184434,0.459258,0.805146,0.634871,0.538142,0.440722,0.525918,0.307386,0.302444,0.259267,0.392523,0.410408,0.209443,0.507987,0.235733,0.297133,0.69691,0.338196,0.266816,0.23511,0.127832,0.283263,0.324361,0.249392,0.235087,0.459953,0.23049,0.365644,0.403718,0.047405,0.18306,0.726002,0.527905,0.413921,0.36395,0.615989,0.450508,0.463433,0.581897,0.269167,0.22677,0.435728,0.39726,0.192668,0.284445,0.373191,0.180579,0.157451,0.360189,0.317463,0.369743,0.276858,0.495775,0.149209,0.2985,0.096206,0.652105,0.55178,0.39839,0.252834,0.328842,0.198332,0.482412,0.19316,0.416244,0.352992,0.317362,0.376649,0.369789,0.38357,0.472838,0.369926,0.270843,0.345399,0.304562,0.35599,0.431035,0.556586,0.275787,0.312401,0.313714,0.296701,0.233231,0.254847,0.126832,0.170279,0.363566,0.267411,0.495845,0.613596,0.844538,0.259088,0.217937,0.357485,0.369756,0.285296,0.158601,0.268189,0.430484,0.39242,0.413044,0.5,0.330607,0.343069,0.1901,0.245133,0.288601,0.29691,0.260628,0.292709,0.245217,0.2744,0.144985,0.19637,0.198568,0.354126,0.180769,0.545165,0.307053,0.444503,0.321995,0.285193,0.341778,0.372469,0.30617,0.211187,0.28575,0.542365,0.799704,0.462156,0.268171,0.361483,0.28386,0.293751,0.292374,0.288,0.341287,0.226681,0.498994,0.493956,0.306751,0.261348,0.267994,0.29016,0.344409,0.383251,0.13663,0.357127,0.185889,0.270088,0.287873,0.724947,0.632101,0.257747,0.210392,0.508604,0.278398,0.158156,0.313832,0.435114,0.304605,0.31932,0.252292,0.279796,0.382948,0.299126,0.237178,0.31862,0.25769,0.298489,0.405371,0.348041,0.218678,0.278579,0.3626,0.187618,0.384879,0.701451,0.581882,0.492185,0.624615,0.331013,0.281298,0.222672,0.102971,0.201155,0.36418,0.187856,0.344242,0.319319,0.450922,0.293888,0.279802,0.254815,0.234251,0.29193,0.199972,0.382682,0.177708,0.273469,0.442349,0.207934,0.224108,0.29375,0.308754,0.284884,0.39692,0.512244,0.041633,0.552992,0.610194,0.561322,0.500524,0.305788,0.298828,0.20865,0.480189,0.392455,0.369468,0.200777,0.449562,0.206442
sedu_es_9ef-D37-04,0.203671,0.420921,0.382173,0.309171,0.190123,0.268807,0.174824,0.149928,0.267027,0.264501,0.163425,0.143306,0.147874,0.269878,0.281025,0.114742,0.389109,0.287665,0.00066,0.041923,0.737497,0.371811,0.199976,0.362218,0.372048,0.15234,0.238102,0.15344,0.136056,0.106515,0.19897,0.134065,0.191751,0.115112,0.190766,0.170713,0.297518,0.219653,0.236034,0.227869,0.225371,0.019455,0.048071,0.922422,0.498281,0.195356,0.188976,0.213721,0.240139,0.108053,0.306772,0.240299,0.201133,0.250703,0.198689,0.070707,0.129667,0.152398,0.254525,0.444319,0.155321,0.151231,0.283172,0.164538,0.272085,0.238747,0.207116,0.166867,0.098591,0.18245,0.762918,0.532036,0.524627,0.226214,0.126703,0.154225,0.201181,0.196957,0.079124,0.181076,0.22853,0.148108,0.056952,0.180584,0.211239,0.195386,0.146667,0.092354,0.159435,0.256892,0.180368,0.128664,0.221805,0.256025,0.192461,0.269681,0.453419,0.139633,0.172183,0.686489,0.595282,0.181543,0.219664,0.305209,0.343488,0.300404,0.333681,0.157662,0.11314,0.301663,0.155907,0.022698,0.321545,0.226643,0.154994,0.153297,0.32791,0.224415,0.211487,0.255662,0.196818,0.204344,0.220737,0.079685,0.626523,0.524921,0.227931,0.151259,0.157159,0.142597,0.188813,0.102023,0.281214,0.172906,0.254397,0.216584,0.186886,0.425888,0.133173,0.06357,0.272439,0.143515,0.284053,0.235889,0.289158,0.21998,0.179508,0.202229,0.15714,0.216679,0.21984,0.040258,0.191097,0.123313,0.237231,0.144122,0.494489,0.5499,0.494215,0.355774,0.097574,0.189971,0.286332,0.16937,0.081154,0.134496,0.300143,0.230389,0.105486,0.366503,0.221746,0.235697,0.121877,0.091206,0.13898,0.137147,0.090258,0.129457,0.134809,0.201746,0.13665,0.070046,0.145971,0.174667,0.105544,0.191689,0.121082,0.17298,0.138871,0.198062,0.16165,0.211966,0.133865,0.156685,0.39451,0.41208,0.656012,0.302996,0.142586,0.151288,0.253763,0.344904,0.106417,0.139235,0.189607,0.152355,0.326962,0.299523,0.197419,0.121709,0.153841,0.122736,0.188248,0.132901,0.063063,0.153575,0.298126,0.254278,0.128921,0.580831,0.396608,0.426922,0.136693,0.53244,0.119268,0.239477,0.18439,0.18368,0.187555,0.258171,0.256443,0.167228,0.208127,0.19767,0.121049,0.149672,0.117459,0.120801,0.184384,0.231978,0.150371,0.208224,0.200742,0.135648,0.300356,0.699531,0.489216,0.366058,0.535333,0.229658,0.295921,0.080509,0.074852,0.185026,0.414724,0.156076,0.147132,0.096322,0.433721,0.100463,0.174898,0.242341,0.133644,0.127691,0.116269,0.215745,0.141295,0.155437,0.144479,0.225756,0.215212,0.257851,0.12295,0.126564,0.41866,0.45407,0.0,0.579706,0.584051,0.335781,0.348097,0.173932,0.25991,0.267595,0.327704,0.170244,0.206415,0.141043,0.553473,0.153065
