habilidade,radical,idf
EF01MA01,ascend,5.669881
EF01MA01,codigo,5.669881
EF01MA01,contag,3.271986
EF01MA01,cotidi,3.590439
EF01MA01,descen,5.669881
EF01MA01,diario,5.669881
EF01MA01,identi,3.030824
EF01MA01,indica,3.030824
EF01MA01,inform,3.184974
EF01MA01,natura,2.006319
EF01MA01,numero,1.287854
EF01MA01,ordem,3.878121
EF01MA01,organi,3.184974
EF01MA01,quanti,3.030824
EF01MA01,reconh,2.302585
EF01MA01,rotina,5.669881
EF01MA01,sim,5.669881
EF01MA02,agrupa,3.367296
EF01MA02,aproxi,3.878121
EF01MA02,coleca,4.283587
EF01MA02,compar,2.534387
EF01MA02,contag,3.271986
EF01MA02,contar,4.976734
EF01MA02,elemen,2.674149
EF01MA02,estima,2.625358
EF01MA02,exata,5.669881
EF01MA02,maneir,4.571269
EF01MA02,paream,4.976734
EF01MA02,quanti,3.030824
EF01MA03,agrupa,3.367296
EF01MA03,coleca,4.283587
EF01MA03,compar,2.534387
EF01MA03,conjun,3.472656
EF01MA03,contag,3.271986
EF01MA03,corres,4.571269
EF01MA03,dois,3.271986
EF01MA03,elemen,2.674149
EF01MA03,estima,2.625358
EF01MA03,indica,3.030824
EF01MA03,menos,4.283587
EF01MA03,mesma,3.472656
EF01MA03,objeto,2.411784
EF01MA03,paream,4.976734
EF01MA03,quanti,3.030824
EF01MA03,torno,5.669881
EF01MA04,aula,5.669881
EF01MA04,brinca,5.669881
EF01MA04,coleco,4.976734
EF01MA04,compar,2.534387
EF01MA04,contar,4.976734
EF01MA04,escrit,2.491827
EF01MA04,intere,4.571269
EF01MA04,jogos,5.669881
EF01MA04,leitur,2.374044
EF01MA04,materi,3.367296
EF01MA04,natura,2.006319
EF01MA04,numeri,2.14352
EF01MA04,numero,1.287854
EF01MA04,objeto,2.411784
EF01MA04,quanti,3.030824
EF01MA04,regist,2.779509
EF01MA04,result,2.451005
EF01MA04,reta,2.674149
EF01MA04,sala,5.669881
EF01MA04,simbol,4.283587
EF01MA04,unidad,2.451005
EF01MA04,verbai,5.669881
EF01MA05,compar,2.534387
EF01MA05,cotidi,3.590439
EF01MA05,duas,2.725442
EF01MA05,escrit,2.491827
EF01MA05,leitur,2.374044
EF01MA05,natura,2.006319
EF01MA05,numeri,2.14352
EF01MA05,numero,1.287854
EF01MA05,ordens,3.184974
EF01MA05,reta,2.674149
EF01MA05,suport,3.590439
EF01MA06,adicao,2.491827
EF01MA06,basico,4.571269
EF01MA06,calcul,1.662548
EF01MA06,constr,2.337676
EF01MA06,fatos,4.060443
EF01MA06,los,2.897292
EF01MA06,proced,4.283587
EF01MA06,utiliz,2.725442
EF01MA07,adicoe,4.060443
EF01MA07,calcul,1.662548
EF01MA07,caract,2.625358
EF01MA07,compor,4.283587
EF01MA07,compos,2.836668
EF01MA07,compre,3.271986
EF01MA07,contri,5.669881
EF01MA07,decima,2.451005
EF01MA07,decomp,3.590439
EF01MA07,desenv,3.472656
EF01MA07,duas,2.725442
EF01MA07,manipu,3.878121
EF01MA07,materi,3.367296
EF01MA07,natura,2.006319
EF01MA07,numera,3.184974
EF01MA07,numero,1.287854
EF01MA07,ordens,3.184974
EF01MA07,sistem,2.674149
EF01MA07,suport,3.590439
EF01MA08,acresc,4.283587
EF01MA08,adicao,2.491827
EF01MA08,algari,4.571269
EF01MA08,dois,3.271986
EF01MA08,formas,4.060443
EF01MA08,imagen,4.571269
EF01MA08,juntar,4.571269
EF01MA08,manipu,3.878121
EF01MA08,materi,3.367296
EF01MA08,numero,1.287854
EF01MA08,pessoa,2.897292
EF01MA08,regist,2.779509
EF01MA08,retira,4.571269
EF01MA08,separa,4.571269
EF01MA08,subtra,2.534387
EF01MA08,suport,3.590439
EF01MA09,atribu,4.571269
EF01MA09,cor,5.669881
EF01MA09,famili,4.060443
EF01MA09,figura,2.173373
EF01MA09,invest,3.723971
EF01MA09,medida,1.542747
EF01MA09,numeri,2.14352
EF01MA09,objeto,2.411784
EF01MA09,ordena,2.451005
EF01MA09,organi,3.184974
EF01MA09,padroe,4.283587
EF01MA09,regula,2.725442
EF01MA09,repres,1.575536
EF01MA09,sequen,3.030824
EF01MA10,ausent,4.571269
EF01MA10,elemen,2.674149
EF01MA10,explic,4.571269
EF01MA10,figura,2.173373
EF01MA10,menos,4.283587
EF01MA10,natura,2.006319
EF01MA10,numeri,2.14352
EF01MA10,numero,1.287854
EF01MA10,objeto,2.411784
EF01MA10,observ,4.571269
EF01MA10,padrao,4.283587
EF01MA10,reconh,2.302585
EF01MA10,recurs,3.367296
EF01MA10,regras,4.976734
EF01MA10,regula,2.725442
EF01MA10,sequen,3.030824
EF01MA10,seriac,5.669881
EF01MA10,usadas,4.571269
EF01MA10,utiliz,2.725442
EF01MA11,apropr,3.723971
EF01MA11,atras,5.669881
EF01MA11,direit,4.283587
EF01MA11,espaco,3.184974
EF01MA11,esquer,4.283587
EF01MA11,frente,5.669881
EF01MA11,locali,3.367296
EF01MA11,objeto,2.411784
EF01MA11,pessoa,2.897292
EF01MA11,pontos,2.779509
EF01MA11,posica,4.571269
EF01MA11,propri,2.961831
EF01MA11,refere,3.184974
EF01MA11,termos,3.472656
EF01MA11,vocabu,4.976734
EF01MA12,apropr,3.723971
EF01MA12,baixo,4.976734
EF01MA12,cima,5.669881
EF01MA12,compre,3.271986
EF01MA12,dado,4.571269
EF01MA12,direit,4.283587
EF01MA12,espaco,3.184974
EF01MA12,esquer,4.283587
EF01MA12,explic,4.571269
EF01MA12,locali,3.367296
EF01MA12,necess,3.271986
EF01MA12,objeto,2.411784
EF01MA12,pessoa,2.897292
EF01MA12,ponto,4.571269
EF01MA12,pontos,2.779509
EF01MA12,posica,4.571269
EF01MA12,refere,3.184974
EF01MA12,segund,4.060443
EF01MA12,termos,3.472656
EF01MA12,utiliz,2.725442
EF01MA12,vocabu,4.976734
EF01MA13,blocos,4.571269
EF01MA13,cilind,3.590439
EF01MA13,cones,4.283587
EF01MA13,esfera,4.283587
EF01MA13,espaci,3.472656
EF01MA13,famili,4.060443
EF01MA13,figura,2.173373
EF01MA13,fisico,4.571269
EF01MA13,geomet,2.173373
EF01MA13,mundo,4.283587
EF01MA13,objeto,2.411784
EF01MA13,reconh,2.302585
EF01MA13,relaci,2.897292
EF01MA13,retang,2.779509
EF01MA14,aprese,3.104932
EF01MA14,circul,4.283587
EF01MA14,contor,4.976734
EF01MA14,desenh,3.104932
EF01MA14,dispos,4.571269
EF01MA14,espaci,3.472656
EF01MA14,faces,4.283587
EF01MA14,figura,2.173373
EF01MA14,format,4.283587
EF01MA14,geomet,2.173373
EF01MA14,nomear,3.590439
EF01MA14,planas,2.961831
EF01MA14,quadra,3.104932
EF01MA14,reconh,2.302585
EF01MA14,retang,2.779509
EF01MA14,solido,4.060443
EF01MA14,triang,2.674149
EF01MA15,alto,5.669881
EF01MA15,baixo,4.976734
EF01MA15,cabe,5.669881
EF01MA15,capaci,3.271986
EF01MA15,compar,2.534387
EF01MA15,compri,3.184974
EF01MA15,conven,3.472656
EF01MA15,curto,5.669881
EF01MA15,fino,5.669881
EF01MA15,grosso,5.669881
EF01MA15,largo,5.669881
EF01MA15,leve,5.669881
EF01MA15,massa,3.723971
EF01MA15,massas,4.976734
EF01MA15,medida,1.542747
EF01MA15,menos,4.283587
EF01MA15,objeto,2.411784
EF01MA15,ordena,2.451005
EF01MA15,pesado,5.669881
EF01MA15,termos,3.472656
EF01MA15,unidad,2.451005
EF01MA16,aconte,4.976734
EF01MA16,calend,4.060443
EF01MA16,dia,4.060443
EF01MA16,evento,2.897292
EF01MA16,horari,4.283587
EF01MA16,lingua,3.472656
EF01MA16,medida,1.542747
EF01MA16,possiv,3.271986
EF01MA16,relata,5.669881
EF01MA16,relati,4.283587
EF01MA16,sequen,3.030824
EF01MA16,tempo,3.271986
EF01MA16,unidad,2.451005
EF01MA16,verbal,4.976734
EF01MA17,ano,4.571269
EF01MA17,calend,4.060443
EF01MA17,dia,4.060443
EF01MA17,dias,4.976734
EF01MA17,medida,1.542747
EF01MA17,meses,4.976734
EF01MA17,necess,3.271986
EF01MA17,period,4.283587
EF01MA17,relaci,2.897292
EF01MA17,semana,4.060443
EF01MA17,tempo,3.271986
EF01MA17,unidad,2.451005
EF01MA18,ano,4.571269
EF01MA18,aprese,3.104932
EF01MA18,calend,4.060443
EF01MA18,consul,5.669881
EF01MA18,data,5.669881
EF01MA18,dia,4.060443
EF01MA18,escrit,2.491827
EF01MA18,indica,3.030824
EF01MA18,medida,1.542747
EF01MA18,mes,5.669881
EF01MA18,semana,4.060443
EF01MA18,tempo,3.271986
EF01MA18,unidad,2.451005
EF01MA19,brasil,3.878121
EF01MA19,cedula,4.571269
EF01MA19,estuda,4.976734
EF01MA19,moedas,4.571269
EF01MA19,moneta,4.060443
EF01MA19,reconh,2.302585
EF01MA19,relaci,2.897292
EF01MA19,simple,2.625358
EF01MA19,sistem,2.674149
EF01MA19,valore,3.878121
EF01MA20,acaso,4.976734
EF01MA20,aconte,4.976734
EF01MA20,certez,5.669881
EF01MA20,classi,2.897292
EF01MA20,evento,2.897292
EF01MA20,imposs,4.976734
EF01MA20,nocao,3.367296
EF01MA20,talvez,5.669881
EF01MA21,coluna,2.961831
EF01MA21,dados,2.411784
EF01MA21,expres,2.491827
EF01MA21,grafic,2.173373
EF01MA21,leitur,2.374044
EF01MA21,ler,3.367296
EF01MA21,simple,2.625358
EF01MA21,tabela,2.534387
EF01MA22,catego,3.723971
EF01MA22,coleta,3.367296
EF01MA22,comuni,3.878121
EF01MA22,dados,2.411784
EF01MA22,duas,2.725442
EF01MA22,elemen,2.674149
EF01MA22,inform,3.184974
EF01MA22,intere,4.571269
EF01MA22,organi,3.184974
EF01MA22,pesqui,2.625358
EF01MA22,pessoa,2.897292
EF01MA22,regist,2.779509
EF01MA22,repres,1.575536
EF01MA22,univer,4.571269
EF01MA22,variav,3.030824
EF02MA01,caract,2.625358
EF02MA01,centen,4.976734
EF02MA01,compar,2.534387
EF02MA01,compre,3.271986
EF02MA01,decima,2.451005
EF02MA01,escrit,2.491827
EF02MA01,funcao,3.878121
EF02MA01,leitur,2.374044
EF02MA01,natura,2.006319
EF02MA01,numera,3.184974
EF02MA01,numero,1.287854
EF02MA01,ordem,3.878121
EF02MA01,ordena,2.451005
EF02MA01,ordens,3.184974
EF02MA01,papel,4.571269
EF02MA01,posici,4.283587
EF02MA01,sistem,2.674149
EF02MA01,tres,3.367296
EF02MA01,valor,3.590439
EF02MA01,zero,3.590439
EF02MA02,caract,2.625358
EF02MA02,coleco,4.976734
EF02MA02,compar,2.534387
EF02MA02,compre,3.271986
EF02MA02,contag,3.271986
EF02MA02,decima,2.451005
EF02MA02,desses,4.060443
EF02MA02,escrit,2.491827
EF02MA02,estima,2.625358
EF02MA02,fazer,3.723971
EF02MA02,leitur,2.374044
EF02MA02,numera,3.184974
EF02MA02,numero,1.287854
EF02MA02,objeto,2.411784
EF02MA02,ordena,2.451005
EF02MA02,ordens,3.184974
EF02MA02,papel,4.571269
EF02MA02,posici,4.283587
EF02MA02,quanti,3.030824
EF02MA02,regist,2.779509
EF02MA02,respei,4.571269
EF02MA02,result,2.451005
EF02MA02,sistem,2.674149
EF02MA02,tres,3.367296
EF02MA02,unidad,2.451005
EF02MA02,valor,3.590439
EF02MA02,zero,3.590439
EF02MA03,caract,2.625358
EF02MA03,caso,4.571269
EF02MA03,compar,2.534387
EF02MA03,compre,3.271986
EF02MA03,conjun,3.472656
EF02MA03,corres,4.571269
EF02MA03,decima,2.451005
EF02MA03,dois,3.271986
EF02MA03,escrit,2.491827
EF02MA03,estima,2.625358
EF02MA03,for,4.283587
EF02MA03,indica,3.030824
EF02MA03,leitur,2.374044
EF02MA03,menos,4.283587
EF02MA03,mesma,3.472656
EF02MA03,numera,3.184974
EF02MA03,numero,1.287854
EF02MA03,objeto,2.411784
EF02MA03,ordena,2.451005
EF02MA03,ordens,3.184974
EF02MA03,papel,4.571269
EF02MA03,posici,4.283587
EF02MA03,quanti,3.030824
EF02MA03,quanto,4.976734
EF02MA03,sistem,2.674149
EF02MA03,tres,3.367296
EF02MA03,valor,3.590439
EF02MA03,zero,3.590439
EF02MA04,adicoe,4.060443
EF02MA04,compor,4.283587
EF02MA04,compos,2.836668
EF02MA04,decomp,3.590439
EF02MA04,manipu,3.878121
EF02MA04,materi,3.367296
EF02MA04,natura,2.006319
EF02MA04,numero,1.287854
EF02MA04,ordens,3.184974
EF02MA04,suport,3.590439
EF02MA04,tres,3.367296
EF02MA05,adicao,2.491827
EF02MA05,basico,4.571269
EF02MA05,calcul,1.662548
EF02MA05,constr,2.337676
EF02MA05,escrit,2.491827
EF02MA05,fatos,4.060443
EF02MA05,fundam,3.878121
EF02MA05,los,2.897292
EF02MA05,mental,3.184974
EF02MA05,subtra,2.534387
EF02MA05,utiliz,2.725442
EF02MA06,acresc,4.283587
EF02MA06,adicao,2.491827
EF02MA06,juntar,4.571269
EF02MA06,numero,1.287854
EF02MA06,ordens,3.184974
EF02MA06,pessoa,2.897292
EF02MA06,retira,4.571269
EF02MA06,separa,4.571269
EF02MA06,subtra,2.534387
EF02MA06,tres,3.367296
EF02MA07,adicao,2.491827
EF02MA07,formas,4.060443
EF02MA07,ideia,3.472656
EF02MA07,iguais,3.723971
EF02MA07,imagen,4.571269
EF02MA07,manipu,3.878121
EF02MA07,materi,3.367296
EF02MA07,multip,2.235894
EF02MA07,parcel,4.060443
EF02MA07,pessoa,2.897292
EF02MA07,regist,2.779509
EF02MA07,suport,3.590439
EF02MA08,dobro,4.976734
EF02MA08,imagen,4.571269
EF02MA08,manipu,3.878121
EF02MA08,materi,3.367296
EF02MA08,metade,4.283587
EF02MA08,parte,3.104932
EF02MA08,pessoa,2.897292
EF02MA08,suport,3.590439
EF02MA08,terca,4.976734
EF02MA08,triplo,5.669881
EF02MA09,constr,2.337676
EF02MA09,cresce,5.669881
EF02MA09,decres,4.571269
EF02MA09,estabe,4.060443
EF02MA09,natura,2.006319
EF02MA09,numero,1.287854
EF02MA09,ordem,3.878121
EF02MA09,qualqu,3.878121
EF02MA09,recurs,3.367296
EF02MA09,regula,2.725442
EF02MA09,repeti,4.283587
EF02MA09,sequen,3.030824
EF02MA10,ausent,4.571269
EF02MA10,desenh,3.104932
EF02MA10,determ,2.625358
EF02MA10,elemen,2.674149
EF02MA10,identi,3.030824
EF02MA10,padrao,4.283587
EF02MA10,palavr,5.669881
EF02MA10,recurs,3.367296
EF02MA10,regula,2.725442
EF02MA10,repeti,4.283587
EF02MA10,sequen,3.030824
EF02MA10,simbol,4.283587
EF02MA11,ausent,4.571269
EF02MA11,determ,2.625358
EF02MA11,elemen,2.674149
EF02MA11,figura,2.173373
EF02MA11,identi,3.030824
EF02MA11,natura,2.006319
EF02MA11,numero,1.287854
EF02MA11,objeto,2.411784
EF02MA11,recurs,3.367296
EF02MA11,regula,2.725442
EF02MA11,repeti,4.283587
EF02MA11,sequen,3.030824
EF02MA12,desloc,3.878121
EF02MA12,direca,4.283587
EF02MA12,espaco,3.184974
EF02MA12,indica,3.030824
EF02MA12,lingua,3.472656
EF02MA12,locali,3.367296
EF02MA12,movime,4.060443
EF02MA12,mudanc,4.060443
EF02MA12,objeto,2.411784
EF02MA12,pessoa,2.897292
EF02MA12,ponto,4.571269
EF02MA12,pontos,2.779509
EF02MA12,refere,3.184974
EF02MA12,regist,2.779509
EF02MA12,segund,4.060443
EF02MA12,sentid,4.283587
EF02MA12,verbal,4.976734
EF02MA13,alguns,4.571269
EF02MA13,ambien,4.571269
EF02MA13,assina,5.669881
EF02MA13,entrad,3.367296
EF02MA13,esboca,5.669881
EF02MA13,esboco,4.976734
EF02MA13,famili,4.060443
EF02MA13,planta,4.283587
EF02MA13,pontos,2.779509
EF02MA13,refere,3.184974
EF02MA13,roteir,5.669881
EF02MA13,saidas,5.669881
EF02MA13,seguid,5.669881
EF02MA13,simple,2.625358
EF02MA14,bloco,4.060443
EF02MA14,caract,2.625358
EF02MA14,cilind,3.590439
EF02MA14,cone,4.571269
EF02MA14,cubo,4.571269
EF02MA14,esfera,4.283587
EF02MA14,espaci,3.472656
EF02MA14,figura,2.173373
EF02MA14,fisico,4.571269
EF02MA14,geomet,2.173373
EF02MA14,mundo,4.283587
EF02MA14,nomear,3.590439
EF02MA14,objeto,2.411784
EF02MA14,pirami,3.590439
EF02MA14,reconh,2.302585
EF02MA14,relaci,2.897292
EF02MA14,retang,2.779509
EF02MA15,aprese,3.104932
EF02MA15,caract,2.625358
EF02MA15,circul,4.283587
EF02MA15,comuns,5.669881
EF02MA15,desenh,3.104932
EF02MA15,dispos,4.571269
EF02MA15,figura,2.173373
EF02MA15,geomet,2.173373
EF02MA15,nomear,3.590439
EF02MA15,planas,2.961831
EF02MA15,quadra,3.104932
EF02MA15,reconh,2.302585
EF02MA15,retang,2.779509
EF02MA15,solido,4.060443
EF02MA15,triang,2.674149
EF02MA16,adequa,3.723971
EF02MA16,centim,4.571269
EF02MA16,compri,3.184974
EF02MA16,contor,4.976734
EF02MA16,estima,2.625358
EF02MA16,instru,3.590439
EF02MA16,lados,3.271986
EF02MA16,medida,1.542747
EF02MA16,medir,3.271986
EF02MA16,metro,4.283587
EF02MA16,milime,4.976734
EF02MA16,padron,4.060443
EF02MA16,poligo,2.674149
EF02MA16,salas,5.669881
EF02MA16,unidad,2.451005
EF02MA17,capaci,3.271986
EF02MA17,cm3,5.669881
EF02MA17,conven,3.472656
EF02MA17,estima,2.625358
EF02MA17,grama,4.976734
EF02MA17,litro,4.571269
EF02MA17,massa,3.723971
EF02MA17,medida,1.542747
EF02MA17,medir,3.271986
EF02MA17,milili,4.976734
EF02MA17,padron,4.060443
EF02MA17,pessoa,2.897292
EF02MA17,quilog,4.976734
EF02MA17,unidad,2.451005
EF02MA18,agenda,5.669881
EF02MA18,ano,4.571269
EF02MA18,calend,4.060443
EF02MA18,datas,4.283587
EF02MA18,dias,4.976734
EF02MA18,duas,2.725442
EF02MA18,duraca,4.060443
EF02MA18,horas,4.060443
EF02MA18,indica,3.030824
EF02MA18,interv,4.283587
EF02MA18,leitur,2.374044
EF02MA18,medida,1.542747
EF02MA18,meses,4.976734
EF02MA18,ordena,2.451005
EF02MA18,organi,3.184974
EF02MA18,planej,3.878121
EF02MA18,relogi,4.060443
EF02MA18,semana,4.060443
EF02MA18,tempo,3.271986
EF02MA19,calend,4.060443
EF02MA19,datas,4.283587
EF02MA19,duraca,4.060443
EF02MA19,fim,4.976734
EF02MA19,horari,4.283587
EF02MA19,horas,4.060443
EF02MA19,inicio,4.571269
EF02MA19,interv,4.283587
EF02MA19,leitur,2.374044
EF02MA19,medida,1.542747
EF02MA19,medir,3.271986
EF02MA19,ordena,2.451005
EF02MA19,regist,2.779509
EF02MA19,relogi,4.060443
EF02MA19,tempo,3.271986
EF02MA20,brasil,3.878121
EF02MA20,cedula,4.571269
EF02MA20,cotidi,3.590439
EF02MA20,equiva,3.104932
EF02MA20,moedas,4.571269
EF02MA20,moneta,4.060443
EF02MA20,reconh,2.302585
EF02MA20,sistem,2.674149
EF02MA20,valore,3.878121
EF02MA21,aleato,3.367296
EF02MA21,analis,2.836668
EF02MA21,classi,2.897292
EF02MA21,cotidi,3.590439
EF02MA21,evento,2.897292
EF02MA21,ideia,3.472656
EF02MA21,imposs,4.976734
EF02MA21,improv,5.669881
EF02MA21,provav,4.571269
EF02MA21,result,2.451005
EF02MA22,aprese,3.104932
EF02MA22,aspect,4.283587
EF02MA22,barras,3.590439
EF02MA22,classi,2.897292
EF02MA22,coleta,3.367296
EF02MA22,coluna,2.961831
EF02MA22,dados,2.411784
EF02MA22,dupla,3.472656
EF02MA22,entrad,3.367296
EF02MA22,grafic,2.173373
EF02MA22,inform,3.184974
EF02MA22,melhor,5.669881
EF02MA22,pesqui,2.625358
EF02MA22,proxim,4.571269
EF02MA22,realid,4.060443
EF02MA22,repres,1.575536
EF02MA22,simple,2.625358
EF02MA22,tabela,2.534387
EF02MA23,catego,3.723971
EF02MA23,classi,2.897292
EF02MA23,coleta,3.367296
EF02MA23,coluna,2.961831
EF02MA23,dados,2.411784
EF02MA23,dupla,3.472656
EF02MA23,elemen,2.674149
EF02MA23,entrad,3.367296
EF02MA23,escolh,4.060443
EF02MA23,grafic,2.173373
EF02MA23,intere,4.571269
EF02MA23,listas,4.976734
EF02MA23,organi,3.184974
EF02MA23,pesqui,2.625358
EF02MA23,repres,1.575536
EF02MA23,simple,2.625358
EF02MA23,tabela,2.534387
EF02MA23,tres,3.367296
EF02MA23,univer,4.571269
EF02MA23,variav,3.030824
EF03MA01,compar,2.534387
EF03MA01,escrev,3.590439
EF03MA01,escrit,2.491827
EF03MA01,estabe,4.060443
EF03MA01,leitur,2.374044
EF03MA01,ler,3.367296
EF03MA01,lingua,3.472656
EF03MA01,matern,5.669881
EF03MA01,milhar,4.571269
EF03MA01,natura,2.006319
EF03MA01,numeri,2.14352
EF03MA01,numero,1.287854
EF03MA01,ordem,3.878121
EF03MA01,ordena,2.451005
EF03MA01,ordens,3.184974
EF03MA01,quatro,4.571269
EF03MA01,regist,2.779509
EF03MA01,unidad,2.451005
EF03MA02,caract,2.625358
EF03MA02,compos,2.836668
EF03MA02,decima,2.451005
EF03MA02,decomp,3.590439
EF03MA02,natura,2.006319
EF03MA02,numera,3.184974
EF03MA02,numero,1.287854
EF03MA02,ordens,3.184974
EF03MA02,quatro,4.571269
EF03MA02,sistem,2.674149
EF03MA03,adicao,2.491827
EF03MA03,basico,4.571269
EF03MA03,calcul,1.662548
EF03MA03,constr,2.337676
EF03MA03,escrit,2.491827
EF03MA03,fatos,4.060443
EF03MA03,fundam,3.878121
EF03MA03,mental,3.184974
EF03MA03,multip,2.235894
EF03MA03,numeri,2.14352
EF03MA03,reta,2.674149
EF03MA03,subtra,2.534387
EF03MA04,adicao,2.491827
EF03MA04,constr,2.337676
EF03MA04,desloc,3.878121
EF03MA04,direit,4.283587
EF03MA04,esquer,4.283587
EF03MA04,fatos,4.060443
EF03MA04,fundam,3.878121
EF03MA04,multip,2.235894
EF03MA04,natura,2.006319
EF03MA04,numeri,2.14352
EF03MA04,numero,1.287854
EF03MA04,ordena,2.451005
EF03MA04,pontos,2.779509
EF03MA04,relaci,2.897292
EF03MA04,reta,2.674149
EF03MA04,subtra,2.534387
EF03MA04,utiliz,2.725442
EF03MA05,adicao,2.491827
EF03MA05,calcul,1.662548
EF03MA05,conven,3.472656
EF03MA05,escrit,2.491827
EF03MA05,mental,3.184974
EF03MA05,natura,2.006319
EF03MA05,numero,1.287854
EF03MA05,proced,4.283587
EF03MA05,signif,4.283587
EF03MA05,subtra,2.534387
EF03MA06,acresc,4.283587
EF03MA06,adicao,2.491827
EF03MA06,aproxi,3.878121
EF03MA06,calcul,1.662548
EF03MA06,comple,5.669881
EF03MA06,exato,5.669881
EF03MA06,juntar,4.571269
EF03MA06,mental,3.184974
EF03MA06,quanti,3.030824
EF03MA06,retira,4.571269
EF03MA06,separa,4.571269
EF03MA06,subtra,2.534387
EF03MA07,adicao,2.491827
EF03MA07,aprese,3.104932
EF03MA07,calcul,1.662548
EF03MA07,config,4.283587
EF03MA07,dispos,4.571269
EF03MA07,divisa,2.725442
EF03MA07,elemen,2.674149
EF03MA07,iguais,3.723971
EF03MA07,medida,1.542747
EF03MA07,multip,2.235894
EF03MA07,parcel,4.060443
EF03MA07,partes,3.367296
EF03MA07,regist,2.779509
EF03MA07,repart,4.283587
EF03MA07,retang,2.779509
EF03MA08,adicao,2.491827
EF03MA08,config,4.283587
EF03MA08,difere,3.723971
EF03MA08,divisa,2.725442
EF03MA08,equita,4.571269
EF03MA08,iguais,3.723971
EF03MA08,medida,1.542747
EF03MA08,multip,2.235894
EF03MA08,natura,2.006319
EF03MA08,numero,1.287854
EF03MA08,parcel,4.060443
EF03MA08,partes,3.367296
EF03MA08,pessoa,2.897292
EF03MA08,regist,2.779509
EF03MA08,repart,4.283587
EF03MA08,resto,4.571269
EF03MA08,retang,2.779509
EF03MA08,zero,3.590439
EF03MA09,decima,2.451005
EF03MA09,divisa,2.725442
EF03MA09,ideias,4.283587
EF03MA09,metade,4.283587
EF03MA09,natura,2.006319
EF03MA09,numero,1.287854
EF03MA09,parte,3.104932
EF03MA09,partes,3.367296
EF03MA09,quarta,4.976734
EF03MA09,quinta,5.669881
EF03MA09,quocie,4.060443
EF03MA09,resto,4.571269
EF03MA09,terca,4.976734
EF03MA09,zero,3.590439
EF03MA10,adicoe,4.060443
EF03MA10,descri,5.669881
EF03MA10,determ,2.625358
EF03MA10,elemen,2.674149
EF03MA10,faltan,5.669881
EF03MA10,formac,5.669881
EF03MA10,identi,3.030824
EF03MA10,natura,2.006319
EF03MA10,numeri,2.14352
EF03MA10,numero,1.287854
EF03MA10,ordena,2.451005
EF03MA10,realiz,3.878121
EF03MA10,recurs,3.367296
EF03MA10,regra,4.976734
EF03MA10,regula,2.725442
EF03MA10,result,2.451005
EF03MA10,seguin,4.571269
EF03MA10,sequen,3.030824
EF03MA10,subtra,2.534387
EF03MA10,sucess,4.283587
EF03MA11,adicoe,4.060443
EF03MA11,difere,3.723971
EF03MA11,dois,3.271986
EF03MA11,escrev,3.590439
EF03MA11,ideia,3.472656
EF03MA11,iguald,3.723971
EF03MA11,mesma,3.472656
EF03MA11,natura,2.006319
EF03MA11,numero,1.287854
EF03MA11,result,2.451005
EF03MA11,senten,4.060443
EF03MA11,soma,4.060443
EF03MA11,subtra,2.534387
EF03MA12,base,3.590439
EF03MA12,croqui,4.976734
EF03MA12,direca,4.283587
EF03MA12,esboco,4.976734
EF03MA12,espaco,3.184974
EF03MA12,locali,3.367296
EF03MA12,maquet,5.669881
EF03MA12,movime,4.060443
EF03MA12,mudanc,4.060443
EF03MA12,objeto,2.411784
EF03MA12,pessoa,2.897292
EF03MA12,pontos,2.779509
EF03MA12,refere,3.184974
EF03MA12,repres,1.575536
EF03MA12,sentid,4.283587
EF03MA12,trajet,5.669881
EF03MA13,analis,2.836668
EF03MA13,bloco,4.060443
EF03MA13,caract,2.625358
EF03MA13,cilind,3.590439
EF03MA13,cone,4.571269
EF03MA13,cubo,4.571269
EF03MA13,esfera,4.283587
EF03MA13,espaci,3.472656
EF03MA13,essas,4.571269
EF03MA13,figura,2.173373
EF03MA13,fisico,4.571269
EF03MA13,geomet,2.173373
EF03MA13,mundo,4.283587
EF03MA13,nomear,3.590439
EF03MA13,objeto,2.411784
EF03MA13,pirami,3.590439
EF03MA13,planif,4.060443
EF03MA13,reconh,2.302585
EF03MA13,retang,2.779509
EF03MA14,alguma,4.283587
EF03MA14,analis,2.836668
EF03MA14,bloco,4.060443
EF03MA14,caract,2.625358
EF03MA14,cilind,3.590439
EF03MA14,cone,4.571269
EF03MA14,cones,4.283587
EF03MA14,cubo,4.571269
EF03MA14,esfera,4.283587
EF03MA14,espaci,3.472656
EF03MA14,figura,2.173373
EF03MA14,geomet,2.173373
EF03MA14,pirami,3.590439
EF03MA14,planif,4.060443
EF03MA14,prisma,3.723971
EF03MA14,reconh,2.302585
EF03MA14,relaci,2.897292
EF03MA14,retang,2.779509
EF03MA14,retos,4.571269
EF03MA15,analis,2.836668
EF03MA15,caract,2.625358
EF03MA15,classi,2.897292
EF03MA15,compri,3.184974
EF03MA15,figura,2.173373
EF03MA15,geomet,2.173373
EF03MA15,lados,3.271986
EF03MA15,parale,3.271986
EF03MA15,planas,2.961831
EF03MA15,posico,5.669881
EF03MA15,quadra,3.104932
EF03MA15,quanti,3.030824
EF03MA15,reconh,2.302585
EF03MA15,relati,4.283587
EF03MA15,retang,2.779509
EF03MA15,trapez,5.669881
EF03MA15,triang,2.674149
EF03MA15,vertic,3.590439
EF03MA16,congru,4.060443
EF03MA16,desenh,3.104932
EF03MA16,figura,2.173373
EF03MA16,geomet,2.173373
EF03MA16,malhas,3.878121
EF03MA16,planas,2.961831
EF03MA16,quadri,3.184974
EF03MA16,sobrep,5.669881
EF03MA16,triang,2.674149
EF03MA16,usando,3.590439
EF03MA17,depend,4.571269
EF03MA17,medida,1.542747
EF03MA17,result,2.451005
EF03MA17,unidad,2.451005
EF03MA17,utiliz,2.725442
EF03MA18,apropr,3.723971
EF03MA18,capaci,3.271986
EF03MA18,compri,3.184974
EF03MA18,escolh,4.060443
EF03MA18,instru,3.590439
EF03MA18,medico,4.283587
EF03MA18,medida,1.542747
EF03MA18,tempo,3.271986
EF03MA18,unidad,2.451005
EF03MA19,centim,4.571269
EF03MA19,compar,2.534387
EF03MA19,compri,3.184974
EF03MA19,conven,3.472656
EF03MA19,estima,2.625358
EF03MA19,instru,3.590439
EF03MA19,medida,1.542747
EF03MA19,medir,3.271986
EF03MA19,metro,4.283587
EF03MA19,milime,4.976734
EF03MA19,padron,4.060443
EF03MA19,regist,2.779509
EF03MA19,unidad,2.451005
EF03MA19,usuais,3.878121
EF03MA20,capaci,3.271986
EF03MA20,compar,2.534387
EF03MA20,conven,3.472656
EF03MA20,embala,5.669881
EF03MA20,estima,2.625358
EF03MA20,grama,4.976734
EF03MA20,leitur,2.374044
EF03MA20,litro,4.571269
EF03MA20,massa,3.723971
EF03MA20,medida,1.542747
EF03MA20,medir,3.271986
EF03MA20,miligr,5.669881
EF03MA20,milili,4.976734
EF03MA20,padron,4.060443
EF03MA20,quilog,4.976734
EF03MA20,reconh,2.302585
EF03MA20,regist,2.779509
EF03MA20,rotulo,5.669881
EF03MA20,unidad,2.451005
EF03MA20,usuais,3.878121
EF03MA21,areas,3.030824
EF03MA21,compar,2.534387
EF03MA21,desenh,3.104932
EF03MA21,faces,4.283587
EF03MA21,figura,2.173373
EF03MA21,objeto,2.411784
EF03MA21,planas,2.961831
EF03MA21,superp,5.669881
EF03MA21,visual,5.669881
EF03MA22,analog,4.571269
EF03MA22,ativid,5.669881
EF03MA22,duraca,4.060443
EF03MA22,evento,2.897292
EF03MA22,horari,4.283587
EF03MA22,horas,4.060443
EF03MA22,inform,3.184974
EF03MA22,inicio,4.571269
EF03MA22,interv,4.283587
EF03MA22,leitur,2.374044
EF03MA22,ler,3.367296
EF03MA22,medida,1.542747
EF03MA22,realiz,3.878121
EF03MA22,reconh,2.302585
EF03MA22,regist,2.779509
EF03MA22,relogi,4.060443
EF03MA22,tempo,3.271986
EF03MA22,termin,4.976734
EF03MA22,unidad,2.451005
EF03MA23,analog,4.571269
EF03MA23,duraca,4.060443
EF03MA23,evento,2.897292
EF03MA23,hora,5.669881
EF03MA23,horas,4.060443
EF03MA23,leitur,2.374044
EF03MA23,ler,3.367296
EF03MA23,medida,1.542747
EF03MA23,minuto,4.976734
EF03MA23,reconh,2.302585
EF03MA23,relogi,4.060443
EF03MA23,segund,4.060443
EF03MA23,tempo,3.271986
EF03MA23,unidad,2.451005
EF03MA24,brasil,3.878121
EF03MA24,cedula,4.571269
EF03MA24,compar,2.534387
EF03MA24,compra,4.976734
EF03MA24,equiva,3.104932
EF03MA24,estabe,4.060443
EF03MA24,moedas,4.571269
EF03MA24,moneta,4.060443
EF03MA24,sistem,2.674149
EF03MA24,troca,5.669881
EF03MA24,utiliz,2.725442
EF03MA24,valor,3.590439
EF03MA24,valore,3.878121
EF03MA24,venda,4.976734
EF03MA25,acaso,4.976734
EF03MA25,aleato,3.367296
EF03MA25,amostr,3.030824
EF03MA25,analis,2.836668
EF03MA25,chance,4.283587
EF03MA25,espaco,3.184974
EF03MA25,estima,2.625358
EF03MA25,evento,2.897292
EF03MA25,famili,4.060443
EF03MA25,ideia,3.472656
EF03MA25,maiore,4.976734
EF03MA25,menore,4.571269
EF03MA25,ocorre,3.723971
EF03MA25,possiv,3.271986
EF03MA25,result,2.451005
EF03MA26,aprese,3.104932
EF03MA26,barras,3.590439
EF03MA26,coluna,2.961831
EF03MA26,cujos,4.976734
EF03MA26,dados,2.411784
EF03MA26,dupla,3.472656
EF03MA26,entrad,3.367296
EF03MA26,estao,5.669881
EF03MA26,grafic,2.173373
EF03MA26,interp,2.897292
EF03MA26,leitur,2.374044
EF03MA26,repres,1.575536
EF03MA26,tabela,2.534387
EF03MA27,aprese,3.104932
EF03MA27,apropr,3.723971
EF03MA27,aspect,4.283587
EF03MA27,barras,3.590439
EF03MA27,coluna,2.961831
EF03MA27,dados,2.411784
EF03MA27,desse,4.976734
EF03MA27,dupla,3.472656
EF03MA27,entrad,3.367296
EF03MA27,freque,3.878121
EF03MA27,grafic,2.173373
EF03MA27,interp,2.897292
EF03MA27,leitur,2.374044
EF03MA27,ler,3.367296
EF03MA27,lingua,3.472656
EF03MA27,maior,4.976734
EF03MA27,menor,5.669881
EF03MA27,pesqui,2.625358
EF03MA27,realid,4.060443
EF03MA27,repres,1.575536
EF03MA27,result,2.451005
EF03MA27,signif,4.283587
EF03MA27,socioc,4.571269
EF03MA27,tabela,2.534387
EF03MA27,termos,3.472656
EF03MA27,tipo,4.283587
EF03MA28,catego,3.723971
EF03MA28,classi,2.897292
EF03MA28,coleta,3.367296
EF03MA28,coluna,2.961831
EF03MA28,dados,2.411784
EF03MA28,dupla,3.472656
EF03MA28,elemen,2.674149
EF03MA28,entrad,3.367296
EF03MA28,grafic,2.173373
EF03MA28,listas,4.976734
EF03MA28,los,2.897292
EF03MA28,organi,3.184974
EF03MA28,pesqui,2.625358
EF03MA28,refere,3.184974
EF03MA28,repres,1.575536
EF03MA28,simple,2.625358
EF03MA28,tabela,2.534387
EF03MA28,univer,4.571269
EF03MA28,variav,3.030824
EF04MA01,cinco,4.976734
EF04MA01,compar,2.534387
EF04MA01,decima,2.451005
EF04MA01,dezena,5.669881
EF04MA01,escrev,3.590439
EF04MA01,escrit,2.491827
EF04MA01,leitur,2.374044
EF04MA01,ler,3.367296
EF04MA01,milhar,4.571269
EF04MA01,natura,2.006319
EF04MA01,numera,3.184974
EF04MA01,numero,1.287854
EF04MA01,ordem,3.878121
EF04MA01,ordena,2.451005
EF04MA01,ordens,3.184974
EF04MA01,sistem,2.674149
EF04MA02,adicoe,4.060443
EF04MA02,calcul,1.662548
EF04MA02,cinco,4.976734
EF04MA02,compos,2.836668
EF04MA02,decima,2.451005
EF04MA02,decomp,3.590439
EF04MA02,desenv,3.472656
EF04MA02,dez,5.669881
EF04MA02,escrit,2.491827
EF04MA02,mostra,4.976734
EF04MA02,multip,2.235894
EF04MA02,natura,2.006319
EF04MA02,numera,3.184974
EF04MA02,numero,1.287854
EF04MA02,ordens,3.184974
EF04MA02,pode,4.976734
EF04MA02,potenc,3.723971
EF04MA02,sistem,2.674149
EF04MA03,adicao,2.491827
EF04MA03,alem,5.669881
EF04MA03,algori,2.836668
EF04MA03,calcul,1.662548
EF04MA03,desenv,3.472656
EF04MA03,estima,2.625358
EF04MA03,fazer,3.723971
EF04MA03,mental,3.184974
EF04MA03,natura,2.006319
EF04MA03,numero,1.287854
EF04MA03,operac,2.961831
EF04MA03,propri,2.961831
EF04MA03,result,2.451005
EF04MA03,subtra,2.534387
EF04MA04,adicao,2.491827
EF04MA04,amplia,4.060443
EF04MA04,calcul,1.662548
EF04MA04,desenv,3.472656
EF04MA04,divisa,2.725442
EF04MA04,multip,2.235894
EF04MA04,natura,2.006319
EF04MA04,numero,1.287854
EF04MA04,operac,2.961831
EF04MA04,propri,2.961831
EF04MA04,subtra,2.534387
EF04MA05,calcul,1.662548
EF04MA05,desenv,3.472656
EF04MA05,natura,2.006319
EF04MA05,numero,1.287854
EF04MA05,operac,2.961831
EF04MA05,propri,2.961831
EF04MA06,adicao,2.491827
EF04MA06,algori,2.836668
EF04MA06,calcul,1.662548
EF04MA06,config,4.283587
EF04MA06,divisa,2.725442
EF04MA06,equita,4.571269
EF04MA06,estima,2.625358
EF04MA06,iguais,3.723971
EF04MA06,medida,1.542747
EF04MA06,mental,3.184974
EF04MA06,multip,2.235894
EF04MA06,organi,3.184974
EF04MA06,parcel,4.060443
EF04MA06,propor,2.897292
EF04MA06,repart,4.283587
EF04MA06,retang,2.779509
EF04MA07,adicao,2.491827
EF04MA07,algari,4.571269
EF04MA07,algori,2.836668
EF04MA07,calcul,1.662548
EF04MA07,config,4.283587
EF04MA07,cujo,4.283587
EF04MA07,divisa,2.725442
EF04MA07,diviso,3.723971
EF04MA07,dois,3.271986
EF04MA07,equita,4.571269
EF04MA07,estima,2.625358
EF04MA07,iguais,3.723971
EF04MA07,maximo,4.571269
EF04MA07,medida,1.542747
EF04MA07,mental,3.184974
EF04MA07,multip,2.235894
EF04MA07,parcel,4.060443
EF04MA07,propor,2.897292
EF04MA07,repart,4.283587
EF04MA07,retang,2.779509
EF04MA07,tenha,5.669881
EF04MA08,agrupa,3.367296
EF04MA08,coleca,4.283587
EF04MA08,combin,4.976734
EF04MA08,contag,3.271986
EF04MA08,determ,2.625358
EF04MA08,elemen,2.674149
EF04MA08,formas,4.060443
EF04MA08,imagem,4.571269
EF04MA08,manipu,3.878121
EF04MA08,materi,3.367296
EF04MA08,numero,1.287854
EF04MA08,pessoa,2.897292
EF04MA08,possiv,3.271986
EF04MA08,regist,2.779509
EF04MA08,simple,2.625358
EF04MA08,suport,3.590439
EF04MA09,fracoe,3.472656
EF04MA09,medida,1.542747
EF04MA09,menore,4.571269
EF04MA09,numeri,2.14352
EF04MA09,numero,1.287854
EF04MA09,racion,2.779509
EF04MA09,reta,2.674149
EF04MA09,unidad,2.451005
EF04MA09,unitar,5.669881
EF04MA09,usuais,3.878121
EF04MA10,brasil,3.878121
EF04MA10,centes,5.669881
EF04MA10,decima,2.451005
EF04MA10,decimo,5.669881
EF04MA10,escrev,3.590439
EF04MA10,estend,5.669881
EF04MA10,moneta,4.060443
EF04MA10,numera,3.184974
EF04MA10,numero,1.287854
EF04MA10,podem,3.367296
EF04MA10,racion,2.779509
EF04MA10,regras,4.976734
EF04MA10,relaci,2.897292
EF04MA10,repres,1.575536
EF04MA10,sistem,2.674149
EF04MA10,valore,3.878121
EF04MA11,compos,2.836668
EF04MA11,formad,3.878121
EF04MA11,multip,2.235894
EF04MA11,natura,2.006319
EF04MA11,numeri,2.14352
EF04MA11,numero,1.287854
EF04MA11,recurs,3.367296
EF04MA11,regula,2.725442
EF04MA11,sequen,3.030824
EF04MA12,deixam,5.669881
EF04MA12,determ,2.625358
EF04MA12,difere,3.723971
EF04MA12,dividi,4.283587
EF04MA12,diviso,3.723971
EF04MA12,formad,3.878121
EF04MA12,grupos,5.669881
EF04MA12,identi,3.030824
EF04MA12,iguais,3.723971
EF04MA12,invest,3.723971
EF04MA12,natura,2.006319
EF04MA12,numeri,2.14352
EF04MA12,numero,1.287854
EF04MA12,recurs,3.367296
EF04MA12,regula,2.725442
EF04MA12,resto,4.571269
EF04MA12,restos,5.669881
EF04MA12,result,2.451005
EF04MA12,sequen,3.030824
EF04MA12,zero,3.590439
EF04MA13,adicao,2.491827
EF04MA13,aplica,3.184974
EF04MA13,calcul,1.662548
EF04MA13,divisa,2.725442
EF04MA13,invers,4.060443
EF04MA13,invest,3.723971
EF04MA13,las,4.571269
EF04MA13,multip,2.235894
EF04MA13,necess,3.271986
EF04MA13,operac,2.961831
EF04MA13,resolu,3.271986
EF04MA13,subtra,2.534387
EF04MA14,adicio,4.571269
EF04MA14,desses,4.060443
EF04MA14,dois,3.271986
EF04MA14,existe,3.590439
EF04MA14,iguald,3.723971
EF04MA14,mostra,4.976734
EF04MA14,numero,1.287854
EF04MA14,perman,4.976734
EF04MA14,propri,2.961831
EF04MA14,subtra,2.534387
EF04MA14,termos,3.472656
EF04MA15,descon,4.283587
EF04MA15,determ,2.625358
EF04MA15,fundam,3.878121
EF04MA15,iguald,3.723971
EF04MA15,natura,2.006319
EF04MA15,numero,1.287854
EF04MA15,operac,2.961831
EF04MA15,propri,2.961831
EF04MA15,torna,5.669881
EF04MA15,verdad,5.669881
EF04MA16,baixa,5.669881
EF04MA16,croqui,4.976734
EF04MA16,desenh,3.104932
EF04MA16,desloc,3.878121
EF04MA16,direca,4.283587
EF04MA16,direit,4.283587
EF04MA16,empreg,4.571269
EF04MA16,espaco,3.184974
EF04MA16,esquer,4.283587
EF04MA16,inters,4.283587
EF04MA16,locali,3.367296
EF04MA16,malhas,3.878121
EF04MA16,mapas,4.571269
EF04MA16,movime,4.060443
EF04MA16,mudanc,4.060443
EF04MA16,objeto,2.411784
EF04MA16,parale,3.271986
EF04MA16,perpen,3.878121
EF04MA16,pessoa,2.897292
EF04MA16,planta,4.283587
EF04MA16,pontos,2.779509
EF04MA16,quadri,3.184974
EF04MA16,refere,3.184974
EF04MA16,repres,1.575536
EF04MA16,sentid,4.283587
EF04MA16,termos,3.472656
EF04MA16,transv,4.060443
EF04MA17,atribu,4.571269
EF04MA17,caract,2.625358
EF04MA17,espaci,3.472656
EF04MA17,estabe,4.060443
EF04MA17,figura,2.173373
EF04MA17,geomet,2.173373
EF04MA17,nomear,3.590439
EF04MA17,pirami,3.590439
EF04MA17,planas,2.961831
EF04MA17,planif,4.060443
EF04MA17,prisma,3.723971
EF04MA17,reconh,2.302585
EF04MA17,repres,1.575536
EF04MA18,angulo,2.725442
EF04MA18,dobrad,4.976734
EF04MA18,esquad,4.283587
EF04MA18,figura,2.173373
EF04MA18,geomet,2.173373
EF04MA18,poligo,2.674149
EF04MA18,retos,4.571269
EF04MA18,softwa,3.104932
EF04MA19,congru,4.060443
EF04MA19,constr,2.337676
EF04MA19,figura,2.173373
EF04MA19,geomet,2.173373
EF04MA19,malhas,3.878121
EF04MA19,pares,4.976734
EF04MA19,planas,2.961831
EF04MA19,quadri,3.184974
EF04MA19,reflex,4.283587
EF04MA19,simetr,4.060443
EF04MA19,softwa,3.104932
EF04MA19,utiliz,2.725442
EF04MA20,capaci,3.271986
EF04MA20,compri,3.184974
EF04MA20,conven,3.472656
EF04MA20,cultur,5.669881
EF04MA20,estima,2.625358
EF04MA20,instru,3.590439
EF04MA20,local,5.669881
EF04MA20,massa,3.723971
EF04MA20,massas,4.976734
EF04MA20,medida,1.542747
EF04MA20,medir,3.271986
EF04MA20,padron,4.060443
EF04MA20,perime,3.878121
EF04MA20,respei,4.571269
EF04MA20,unidad,2.451005
EF04MA20,usuais,3.878121
EF04MA20,utiliz,2.725442
EF04MA20,valori,5.669881
EF04MA21,area,3.184974
EF04MA21,areas,3.030824
EF04MA21,constr,2.337676
EF04MA21,contag,3.271986
EF04MA21,desenh,3.104932
EF04MA21,duas,2.725442
EF04MA21,estima,2.625358
EF04MA21,figura,2.173373
EF04MA21,format,4.283587
EF04MA21,malha,5.669881
EF04MA21,malhas,3.878121
EF04MA21,medida,1.542747
EF04MA21,medir,3.271986
EF04MA21,mesma,3.472656
EF04MA21,metade,4.283587
EF04MA21,planas,2.961831
EF04MA21,podem,3.367296
EF04MA21,quadra,3.104932
EF04MA21,quadri,3.184974
EF04MA21,reconh,2.302585
EF04MA22,analog,4.571269
EF04MA22,duraca,4.060443
EF04MA22,evento,2.897292
EF04MA22,horari,4.283587
EF04MA22,horas,4.060443
EF04MA22,inform,3.184974
EF04MA22,inicio,4.571269
EF04MA22,interv,4.283587
EF04MA22,leitur,2.374044
EF04MA22,ler,3.367296
EF04MA22,medida,1.542747
EF04MA22,minuto,4.976734
EF04MA22,realiz,3.878121
EF04MA22,regist,2.779509
EF04MA22,relaci,2.897292
EF04MA22,relogi,4.060443
EF04MA22,segund,4.060443
EF04MA22,tarefa,5.669881
EF04MA22,tempo,3.271986
EF04MA22,termin,4.976734
EF04MA22,unidad,2.451005
EF04MA23,ainda,5.669881
EF04MA23,aqueci,5.669881
EF04MA23,associ,3.030824
EF04MA23,brasil,3.878121
EF04MA23,celsiu,4.976734
EF04MA23,compar,2.534387
EF04MA23,constr,2.337676
EF04MA23,dado,4.571269
EF04MA23,dia,4.060443
EF04MA23,discus,5.669881
EF04MA23,exteri,5.669881
EF04MA23,global,5.669881
EF04MA23,grafic,2.173373
EF04MA23,grande,2.578838
EF04MA23,grau,3.271986
EF04MA23,indica,3.030824
EF04MA23,maxima,4.976734
EF04MA23,medida,1.542747
EF04MA23,minima,4.976734
EF04MA23,regioe,5.669881
EF04MA23,relaci,2.897292
EF04MA23,semana,4.060443
EF04MA23,temper,4.283587
EF04MA23,unidad,2.451005
EF04MA23,utiliz,2.725442
EF04MA23,variac,3.184974
EF04MA24,celsiu,4.976734
EF04MA24,coluna,2.961831
EF04MA24,constr,2.337676
EF04MA24,dado,4.571269
EF04MA24,dia,4.060443
EF04MA24,diaria,5.669881
EF04MA24,eletro,3.878121
EF04MA24,grafic,2.173373
EF04MA24,grau,3.271986
EF04MA24,indica,3.030824
EF04MA24,locais,5.669881
EF04MA24,maxima,4.976734
EF04MA24,medida,1.542747
EF04MA24,minima,4.976734
EF04MA24,planil,3.590439
EF04MA24,regist,2.779509
EF04MA24,semana,4.060443
EF04MA24,temper,4.283587
EF04MA24,variac,3.184974
EF04MA25,brasil,3.878121
EF04MA25,compra,4.976734
EF04MA25,consci,5.669881
EF04MA25,consum,4.976734
EF04MA25,descon,4.283587
EF04MA25,enfati,5.669881
EF04MA25,etico,5.669881
EF04MA25,formas,4.060443
EF04MA25,moneta,4.060443
EF04MA25,pagame,5.669881
EF04MA25,respon,4.976734
EF04MA25,sistem,2.674149
EF04MA25,termos,3.472656
EF04MA25,troco,5.669881
EF04MA25,venda,4.976734
EF04MA26,aleato,3.367296
EF04MA26,analis,2.836668
EF04MA26,aquele,4.976734
EF04MA26,caract,2.625358
EF04MA26,chance,4.283587
EF04MA26,cotidi,3.590439
EF04MA26,evento,2.897292
EF04MA26,fracoe,3.472656
EF04MA26,maior,4.976734
EF04MA26,ocorre,3.723971
EF04MA26,provav,4.571269
EF04MA26,reconh,2.302585
EF04MA26,result,2.451005
EF04MA27,agrupa,3.367296
EF04MA27,analis,2.836668
EF04MA27,aprese,3.104932
EF04MA27,areas,3.030824
EF04MA27,barras,3.590439
EF04MA27,base,3.590439
EF04MA27,coluna,2.961831
EF04MA27,conhec,3.271986
EF04MA27,dados,2.411784
EF04MA27,dupla,3.472656
EF04MA27,entrad,3.367296
EF04MA27,grafic,2.173373
EF04MA27,inform,3.184974
EF04MA27,interp,2.897292
EF04MA27,leitur,2.374044
EF04MA27,pictor,4.283587
EF04MA27,repres,1.575536
EF04MA27,simple,2.625358
EF04MA27,sintes,4.976734
EF04MA27,tabela,2.534387
EF04MA27,texto,4.571269
EF04MA28,agrupa,3.367296
EF04MA28,catego,3.723971
EF04MA28,classi,2.897292
EF04MA28,coleta,3.367296
EF04MA28,coluna,2.961831
EF04MA28,dados,2.411784
EF04MA28,difere,3.723971
EF04MA28,grafic,2.173373
EF04MA28,numeri,2.14352
EF04MA28,organi,3.184974
EF04MA28,pesqui,2.625358
EF04MA28,realiz,3.878121
EF04MA28,repres,1.575536
EF04MA28,simple,2.625358
EF04MA28,tabela,2.534387
EF04MA28,variav,3.030824
EF05MA01,caract,2.625358
EF05MA01,centen,4.976734
EF05MA01,compre,3.271986
EF05MA01,decima,2.451005
EF05MA01,escrev,3.590439
EF05MA01,escrit,2.491827
EF05MA01,leitur,2.374044
EF05MA01,ler,3.367296
EF05MA01,milhar,4.571269
EF05MA01,natura,2.006319
EF05MA01,numera,3.184974
EF05MA01,numero,1.287854
EF05MA01,ordem,3.878121
EF05MA01,ordena,2.451005
EF05MA01,ordens,3.184974
EF05MA01,princi,3.590439
EF05MA01,seis,5.669881
EF05MA01,sistem,2.674149
EF05MA02,caract,2.625358
EF05MA02,compos,2.836668
EF05MA02,compre,3.271986
EF05MA02,decima,2.451005
EF05MA02,decomp,3.590439
EF05MA02,escrev,3.590439
EF05MA02,expres,2.491827
EF05MA02,ler,3.367296
EF05MA02,numera,3.184974
EF05MA02,numeri,2.14352
EF05MA02,numero,1.287854
EF05MA02,ordena,2.451005
EF05MA02,princi,3.590439
EF05MA02,racion,2.779509
EF05MA02,repres,1.575536
EF05MA02,reta,2.674149
EF05MA02,sistem,2.674149
EF05MA03,associ,3.030824
EF05MA03,divisa,2.725442
EF05MA03,fracio,3.184974
EF05MA03,fracoe,3.472656
EF05MA03,ideia,3.472656
EF05MA03,leitur,2.374044
EF05MA03,maiore,4.976734
EF05MA03,menore,4.571269
EF05MA03,numeri,2.14352
EF05MA03,numero,1.287854
EF05MA03,parte,3.104932
EF05MA03,racion,2.779509
EF05MA03,reconh,2.302585
EF05MA03,repres,1.575536
EF05MA03,result,2.451005
EF05MA03,reta,2.674149
EF05MA03,unidad,2.451005
EF05MA04,compar,2.534387
EF05MA04,decima,2.451005
EF05MA04,equiva,3.104932
EF05MA04,fracio,3.184974
EF05MA04,fracoe,3.472656
EF05MA04,nocao,3.367296
EF05MA04,numero,1.287854
EF05MA04,ordena,2.451005
EF05MA04,racion,2.779509
EF05MA04,repres,1.575536
EF05MA05,compar,2.534387
EF05MA05,decima,2.451005
EF05MA05,equiva,3.104932
EF05MA05,fracio,3.184974
EF05MA05,nocao,3.367296
EF05MA05,numeri,2.14352
EF05MA05,numero,1.287854
EF05MA05,ordena,2.451005
EF05MA05,pontos,2.779509
EF05MA05,positi,4.283587
EF05MA05,racion,2.779509
EF05MA05,relaci,2.897292
EF05MA05,repres,1.575536
EF05MA05,reta,2.674149
EF05MA06,calcul,1.662548
EF05MA06,decima,2.451005
EF05MA06,educac,4.283587
EF05MA06,financ,3.723971
EF05MA06,fracio,3.184974
EF05MA06,inteir,3.184974
EF05MA06,mental,3.184974
EF05MA06,metade,4.283587
EF05MA06,parte,3.104932
EF05MA06,pessoa,2.897292
EF05MA06,porcen,4.060443
EF05MA06,quarta,4.976734
EF05MA06,quarto,5.669881
EF05MA06,repres,1.575536
EF05MA06,respec,5.669881
EF05MA06,tres,3.367296
EF05MA07,adicao,2.491827
EF05MA07,algori,2.836668
EF05MA07,calcul,1.662548
EF05MA07,cuja,3.723971
EF05MA07,decima,2.451005
EF05MA07,estima,2.625358
EF05MA07,finita,4.571269
EF05MA07,mental,3.184974
EF05MA07,natura,2.006319
EF05MA07,numero,1.287854
EF05MA07,racion,2.779509
EF05MA07,repres,1.575536
EF05MA07,subtra,2.534387
EF05MA08,algori,2.836668
EF05MA08,calcul,1.662548
EF05MA08,cuja,3.723971
EF05MA08,decima,2.451005
EF05MA08,difere,3.723971
EF05MA08,divisa,2.725442
EF05MA08,diviso,3.723971
EF05MA08,estima,2.625358
EF05MA08,finita,4.571269
EF05MA08,mental,3.184974
EF05MA08,multip,2.235894
EF05MA08,natura,2.006319
EF05MA08,numero,1.287854
EF05MA08,racion,2.779509
EF05MA08,repres,1.575536
EF05MA08,zero,3.590439
EF05MA09,agrupa,3.367296
EF05MA09,arvore,4.976734
EF05MA09,coleca,4.283587
EF05MA09,combin,4.976734
EF05MA09,contag,3.271986
EF05MA09,desse,4.976734
EF05MA09,determ,2.625358
EF05MA09,diagra,4.571269
EF05MA09,elemen,2.674149
EF05MA09,for,4.283587
EF05MA09,formad,3.878121
EF05MA09,multip,2.235894
EF05MA09,numero,1.287854
EF05MA09,objeto,2.411784
EF05MA09,podem,3.367296
EF05MA09,possiv,3.271986
EF05MA09,princi,3.590439
EF05MA09,quanto,4.976734
EF05MA09,simple,2.625358
EF05MA09,tabela,2.534387
EF05MA09,tipo,4.283587
EF05MA10,adicio,4.571269
EF05MA10,conclu,4.060443
EF05MA10,desses,4.060443
EF05MA10,dividi,4.283587
EF05MA10,dois,3.271986
EF05MA10,equiva,3.104932
EF05MA10,existe,3.590439
EF05MA10,iguald,3.723971
EF05MA10,invest,3.723971
EF05MA10,membro,4.976734
EF05MA10,multip,2.235894
EF05MA10,nocao,3.367296
EF05MA10,numero,1.287854
EF05MA10,perman,4.976734
EF05MA10,propri,2.961831
EF05MA10,subtra,2.534387
EF05MA11,conver,4.060443
EF05MA11,cuja,3.723971
EF05MA11,descon,4.283587
EF05MA11,equiva,3.104932
EF05MA11,iguald,3.723971
EF05MA11,matema,3.472656
EF05MA11,nocao,3.367296
EF05MA11,operac,2.961831
EF05MA11,propri,2.961831
EF05MA11,senten,4.060443
EF05MA11,termos,3.472656
EF05MA12,altera,4.976734
EF05MA12,amplia,4.060443
EF05MA12,direta,3.590439
EF05MA12,duas,2.725442
EF05MA12,escala,4.283587
EF05MA12,grande,2.578838
EF05MA12,ingred,5.669881
EF05MA12,mapas,4.571269
EF05MA12,pagar,5.669881
EF05MA12,partes,3.367296
EF05MA12,partic,4.283587
EF05MA12,produt,4.571269
EF05MA12,propor,2.897292
EF05MA12,quanti,3.030824
EF05MA12,receit,5.669881
EF05MA12,reduzi,4.976734
EF05MA12,valor,3.590439
EF05MA12,variac,3.184974
EF05MA13,compre,3.271986
EF05MA13,delas,5.669881
EF05MA13,desigu,4.976734
EF05MA13,direta,3.590439
EF05MA13,dividi,4.283587
EF05MA13,dobro,4.976734
EF05MA13,duas,2.725442
EF05MA13,grande,2.578838
EF05MA13,ideia,3.472656
EF05MA13,partes,3.367296
EF05MA13,partic,4.283587
EF05MA13,partil,4.976734
EF05MA13,propor,2.897292
EF05MA13,quanti,3.030824
EF05MA13,razao,3.271986
EF05MA14,cartes,2.897292
EF05MA14,celula,4.976734
EF05MA14,coorde,4.060443
EF05MA14,desenv,3.472656
EF05MA14,desloc,3.878121
EF05MA14,eletro,3.878121
EF05MA14,fim,4.976734
EF05MA14,geogra,5.669881
EF05MA14,locali,3.367296
EF05MA14,mapas,4.571269
EF05MA14,nocoes,4.060443
EF05MA14,objeto,2.411784
EF05MA14,planil,3.590439
EF05MA14,plano,2.725442
EF05MA14,primei,5.669881
EF05MA14,quadra,3.104932
EF05MA14,repres,1.575536
EF05MA15,cartes,2.897292
EF05MA15,coorde,4.060443
EF05MA15,desloc,3.878121
EF05MA15,direca,4.283587
EF05MA15,giros,5.669881
EF05MA15,indica,3.030824
EF05MA15,locali,3.367296
EF05MA15,movime,4.060443
EF05MA15,mudanc,4.060443
EF05MA15,objeto,2.411784
EF05MA15,plano,2.725442
EF05MA15,quadra,3.104932
EF05MA15,repres,1.575536
EF05MA15,sentid,4.283587
EF05MA16,atribu,4.571269
EF05MA16,caract,2.625358
EF05MA16,cilind,3.590439
EF05MA16,cones,4.283587
EF05MA16,espaci,3.472656
EF05MA16,figura,2.173373
EF05MA16,geomet,2.173373
EF05MA16,nomear,3.590439
EF05MA16,pirami,3.590439
EF05MA16,planif,4.060443
EF05MA16,prisma,3.723971
EF05MA16,reconh,2.302585
EF05MA16,repres,1.575536
EF05MA17,angulo,2.725442
EF05MA17,caract,2.625358
EF05MA17,desenh,3.104932
EF05MA17,figura,2.173373
EF05MA17,geomet,2.173373
EF05MA17,lados,3.271986
EF05MA17,los,2.897292
EF05MA17,materi,3.367296
EF05MA17,nomear,3.590439
EF05MA17,planas,2.961831
EF05MA17,poligo,2.674149
EF05MA17,repres,1.575536
EF05MA17,vertic,3.590439
EF05MA18,amplia,4.060443
EF05MA18,angulo,2.725442
EF05MA18,congru,4.060443
EF05MA18,corres,4.571269
EF05MA18,figura,2.173373
EF05MA18,lados,3.271986
EF05MA18,malhas,3.878121
EF05MA18,poligo,2.674149
EF05MA18,propor,2.897292
EF05MA18,quadri,3.184974
EF05MA18,reconh,2.302585
EF05MA18,reduca,4.976734
EF05MA18,usando,3.590439
EF05MA19,area,3.184974
EF05MA19,capaci,3.271986
EF05MA19,compri,3.184974
EF05MA19,conven,3.472656
EF05MA19,grande,2.578838
EF05MA19,massa,3.723971
EF05MA19,medida,1.542747
EF05MA19,recorr,4.283587
EF05MA19,socioc,4.571269
EF05MA19,temper,4.283587
EF05MA19,tempo,3.271986
EF05MA19,transf,3.723971
EF05MA19,unidad,2.451005
EF05MA19,usuais,3.878121
EF05MA19,utiliz,2.725442
EF05MA20,alguma,4.283587
EF05MA20,area,3.184974
EF05MA20,areas,3.030824
EF05MA20,conclu,4.060443
EF05MA20,figura,2.173373
EF05MA20,iguais,3.723971
EF05MA20,invest,3.723971
EF05MA20,mesma,3.472656
EF05MA20,perime,3.878121
EF05MA20,podem,3.367296
EF05MA20,poligo,2.674149
EF05MA21,associ,3.030824
EF05MA21,concre,5.669881
EF05MA21,cubos,5.669881
EF05MA21,empilh,5.669881
EF05MA21,geomet,2.173373
EF05MA21,grande,2.578838
EF05MA21,medir,3.271986
EF05MA21,nocao,3.367296
EF05MA21,objeto,2.411784
EF05MA21,prefer,4.283587
EF05MA21,solido,4.060443
EF05MA21,volume,3.472656
EF05MA22,aleato,3.367296
EF05MA22,amostr,3.030824
EF05MA22,analis,2.836668
EF05MA22,chance,4.283587
EF05MA22,espaco,3.184974
EF05MA22,esses,5.669881
EF05MA22,estima,2.625358
EF05MA22,evento,2.897292
EF05MA22,experi,3.723971
EF05MA22,igualm,4.976734
EF05MA22,possiv,3.271986
EF05MA22,provav,4.571269
EF05MA22,result,2.451005
EF05MA23,aleato,3.367296
EF05MA23,calcul,1.662548
EF05MA23,chance,4.283587
EF05MA23,determ,2.625358
EF05MA23,equipr,4.571269
EF05MA23,evento,2.897292
EF05MA23,mesma,3.472656
EF05MA23,ocorre,3.723971
EF05MA23,possiv,3.271986
EF05MA23,probab,3.472656
EF05MA23,result,2.451005
EF05MA24,agrupa,3.367296
EF05MA24,aprese,3.104932
EF05MA24,areas,3.030824
EF05MA24,classi,2.897292
EF05MA24,coleta,3.367296
EF05MA24,coluna,2.961831
EF05MA24,conclu,4.060443
EF05MA24,conhec,3.271986
EF05MA24,dados,2.411784
EF05MA24,dupla,3.472656
EF05MA24,entrad,3.367296
EF05MA24,estati,3.878121
EF05MA24,grafic,2.173373
EF05MA24,interp,2.897292
EF05MA24,leitur,2.374044
EF05MA24,linhas,4.283587
EF05MA24,objeti,4.976734
EF05MA24,pictor,4.283587
EF05MA24,refere,3.184974
EF05MA24,repres,1.575536
EF05MA24,saude,5.669881
EF05MA24,sintet,4.976734
EF05MA24,tabela,2.534387
EF05MA24,textos,4.571269
EF05MA24,transi,4.976734
EF05MA25,agrupa,3.367296
EF05MA25,catego,3.723971
EF05MA25,classi,2.897292
EF05MA25,coleta,3.367296
EF05MA25,coluna,2.961831
EF05MA25,dados,2.411784
EF05MA25,dupla,3.472656
EF05MA25,entrad,3.367296
EF05MA25,escrit,2.491827
EF05MA25,finali,5.669881
EF05MA25,grafic,2.173373
EF05MA25,interp,2.897292
EF05MA25,leitur,2.374044
EF05MA25,linhas,4.283587
EF05MA25,numeri,2.14352
EF05MA25,organi,3.184974
EF05MA25,pesqui,2.625358
EF05MA25,pictor,4.283587
EF05MA25,repres,1.575536
EF05MA25,result,2.451005
EF05MA25,sintes,4.976734
EF05MA25,tabela,2.534387
EF05MA25,texto,4.571269
EF05MA25,variav,3.030824
EF06MA01,caract,2.625358
EF06MA01,compar,2.534387
EF06MA01,cuja,3.723971
EF06MA01,decima,2.451005
EF06MA01,escrev,3.590439
EF06MA01,escrit,2.491827
EF06MA01,fazend,4.060443
EF06MA01,finita,4.571269
EF06MA01,leitur,2.374044
EF06MA01,ler,3.367296
EF06MA01,natura,2.006319
EF06MA01,numera,3.184974
EF06MA01,numeri,2.14352
EF06MA01,numero,1.287854
EF06MA01,ordena,2.451005
EF06MA01,racion,2.779509
EF06MA01,repres,1.575536
EF06MA01,reta,2.674149
EF06MA01,sistem,2.674149
EF06MA02,base,3.590439
EF06MA02,caract,2.625358
EF06MA02,compar,2.534387
EF06MA02,compos,2.836668
EF06MA02,decima,2.451005
EF06MA02,decomp,3.590439
EF06MA02,destac,4.283587
EF06MA02,difere,3.723971
EF06MA02,escrit,2.491827
EF06MA02,funcao,3.878121
EF06MA02,leitur,2.374044
EF06MA02,mundo,4.283587
EF06MA02,natura,2.006319
EF06MA02,numera,3.184974
EF06MA02,numero,1.287854
EF06MA02,ociden,5.669881
EF06MA02,posici,4.283587
EF06MA02,preval,5.669881
EF06MA02,princi,3.590439
EF06MA02,racion,2.779509
EF06MA02,repres,1.575536
EF06MA02,semelh,4.060443
EF06MA02,sistem,2.674149
EF06MA02,valor,3.590439
EF06MA02,zero,3.590439
EF06MA03,adicao,2.491827
EF06MA03,aproxi,3.878121
EF06MA03,calcul,1.662548
EF06MA03,compre,3.271986
EF06MA03,divisa,2.725442
EF06MA03,envolv,2.897292
EF06MA03,escrit,2.491827
EF06MA03,euclid,5.669881
EF06MA03,exatos,5.669881
EF06MA03,mentai,5.669881
EF06MA03,multip,2.235894
EF06MA03,natura,2.006319
EF06MA03,neles,5.669881
EF06MA03,numero,1.287854
EF06MA03,operac,2.961831
EF06MA03,potenc,3.723971
EF06MA03,proces,4.283587
EF06MA03,subtra,2.534387
EF06MA03,variad,4.571269
EF06MA04,algori,2.836668
EF06MA04,compos,2.836668
EF06MA04,determ,2.625358
EF06MA04,diviso,3.723971
EF06MA04,fluxog,3.184974
EF06MA04,indiqu,5.669881
EF06MA04,lingua,3.472656
EF06MA04,multip,2.235894
EF06MA04,natura,2.006319
EF06MA04,numero,1.287854
EF06MA04,par,5.669881
EF06MA04,parida,4.571269
EF06MA04,primos,4.571269
EF06MA04,qualqu,3.878121
EF06MA04,repres,1.575536
EF06MA04,resolu,3.271986
EF06MA04,simple,2.625358
EF06MA05,classi,2.897292
EF06MA05,compos,2.836668
EF06MA05,criter,5.669881
EF06MA05,determ,2.625358
EF06MA05,divisi,5.669881
EF06MA05,diviso,3.723971
EF06MA05,expres,2.491827
EF06MA05,fator,5.669881
EF06MA05,fluxog,3.184974
EF06MA05,invest,3.723971
EF06MA05,multip,2.235894
EF06MA05,natura,2.006319
EF06MA05,numero,1.287854
EF06MA05,parida,4.571269
EF06MA05,primos,4.571269
EF06MA05,termos,3.472656
EF06MA06,compos,2.836668
EF06MA06,determ,2.625358
EF06MA06,diviso,3.723971
EF06MA06,fluxog,3.184974
EF06MA06,ideias,4.283587
EF06MA06,multip,2.235894
EF06MA06,natura,2.006319
EF06MA06,numero,1.287854
EF06MA06,parida,4.571269
EF06MA06,primos,4.571269
EF06MA07,adicao,2.491827
EF06MA07,associ,3.030824
EF06MA07,calcul,1.662548
EF06MA07,compar,2.534387
EF06MA07,divisa,2.725442
EF06MA07,equiva,3.104932
EF06MA07,fracao,3.367296
EF06MA07,fracoe,3.472656
EF06MA07,ideias,4.283587
EF06MA07,identi,3.030824
EF06MA07,inteir,3.184974
EF06MA07,natura,2.006319
EF06MA07,numero,1.287854
EF06MA07,ordena,2.451005
EF06MA07,parte,3.104932
EF06MA07,partes,3.367296
EF06MA07,quocie,4.060443
EF06MA07,result,2.451005
EF06MA07,subtra,2.534387
EF06MA08,adicao,2.491827
EF06MA08,calcul,1.662548
EF06MA08,compar,2.534387
EF06MA08,decima,2.451005
EF06MA08,equiva,3.104932
EF06MA08,essas,4.571269
EF06MA08,expres,2.491827
EF06MA08,formas,4.060443
EF06MA08,fracao,3.367296
EF06MA08,fracio,3.184974
EF06MA08,fracoe,3.472656
EF06MA08,los,2.897292
EF06MA08,natura,2.006319
EF06MA08,numeri,2.14352
EF06MA08,numero,1.287854
EF06MA08,parte,3.104932
EF06MA08,passan,5.669881
EF06MA08,podem,3.367296
EF06MA08,pontos,2.779509
EF06MA08,positi,4.283587
EF06MA08,quocie,4.060443
EF06MA08,racion,2.779509
EF06MA08,relaci,2.897292
EF06MA08,repres,1.575536
EF06MA08,reta,2.674149
EF06MA08,subtra,2.534387
EF06MA09,adicao,2.491827
EF06MA09,calcul,1.662548
EF06MA09,compar,2.534387
EF06MA09,cujo,4.283587
EF06MA09,equiva,3.104932
EF06MA09,fracao,3.367296
EF06MA09,fracoe,3.472656
EF06MA09,natura,2.006319
EF06MA09,numero,1.287854
EF06MA09,parte,3.104932
EF06MA09,quanti,3.030824
EF06MA09,quocie,4.060443
EF06MA09,result,2.451005
EF06MA09,subtra,2.534387
EF06MA10,adicao,2.491827
EF06MA10,calcul,1.662548
EF06MA10,compar,2.534387
EF06MA10,equiva,3.104932
EF06MA10,fracao,3.367296
EF06MA10,fracio,3.184974
EF06MA10,fracoe,3.472656
EF06MA10,natura,2.006319
EF06MA10,numero,1.287854
EF06MA10,parte,3.104932
EF06MA10,positi,4.283587
EF06MA10,quocie,4.060443
EF06MA10,racion,2.779509
EF06MA10,repres,1.575536
EF06MA10,subtra,2.534387
EF06MA11,adicao,2.491827
EF06MA11,arredo,5.669881
EF06MA11,calcul,1.662548
EF06MA11,decima,2.451005
EF06MA11,divisa,2.725442
EF06MA11,estima,2.625358
EF06MA11,fundam,3.878121
EF06MA11,multip,2.235894
EF06MA11,numero,1.287854
EF06MA11,operac,2.961831
EF06MA11,positi,4.283587
EF06MA11,potenc,3.723971
EF06MA11,quatro,4.571269
EF06MA11,racion,2.779509
EF06MA11,razoab,5.669881
EF06MA11,repres,1.575536
EF06MA11,respos,5.669881
EF06MA11,subtra,2.534387
EF06MA11,verifi,4.060443
EF06MA12,aproxi,3.878121
EF06MA12,estima,2.625358
EF06MA12,fazer,3.723971
EF06MA12,multip,2.235894
EF06MA12,numero,1.287854
EF06MA12,potenc,3.723971
EF06MA12,proxim,4.571269
EF06MA12,quanti,3.030824
EF06MA13,base,3.590439
EF06MA13,calcul,1.662548
EF06MA13,educac,4.283587
EF06MA13,fazer,3.723971
EF06MA13,financ,3.723971
EF06MA13,ideia,3.472656
EF06MA13,mental,3.184974
EF06MA13,pessoa,2.897292
EF06MA13,porcen,4.060443
EF06MA13,propor,2.897292
EF06MA13,regra,4.976734
EF06MA13,tres,3.367296
EF06MA14,adicio,4.571269
EF06MA14,altera,4.976734
EF06MA14,descon,4.283587
EF06MA14,determ,2.625358
EF06MA14,dividi,4.283587
EF06MA14,dois,3.271986
EF06MA14,iguald,3.723971
EF06MA14,matema,3.472656
EF06MA14,membro,4.976734
EF06MA14,multip,2.235894
EF06MA14,nocao,3.367296
EF06MA14,numero,1.287854
EF06MA14,propri,2.961831
EF06MA14,resolu,3.271986
EF06MA14,subtra,2.534387
EF06MA14,valore,3.878121
EF06MA15,aditiv,4.976734
EF06MA15,desigu,4.976734
EF06MA15,duas,2.725442
EF06MA15,multip,2.235894
EF06MA15,partes,3.367296
EF06MA15,partic,4.283587
EF06MA15,partil,4.976734
EF06MA15,quanti,3.030824
EF06MA15,razao,3.271986
EF06MA15,razoes,4.976734
EF06MA15,tratam,4.976734
EF06MA16,associ,3.030824
EF06MA16,cartes,2.897292
EF06MA16,locali,3.367296
EF06MA16,numero,1.287854
EF06MA16,ordena,2.451005
EF06MA16,pares,4.976734
EF06MA16,plano,2.725442
EF06MA16,poligo,2.674149
EF06MA16,pontos,2.779509
EF06MA16,quadra,3.104932
EF06MA16,vertic,3.590439
EF06MA17,aresta,5.669881
EF06MA17,base,3.590439
EF06MA17,desenv,3.472656
EF06MA17,elemen,2.674149
EF06MA17,espaci,3.472656
EF06MA17,faces,4.283587
EF06MA17,funcao,3.878121
EF06MA17,numero,1.287854
EF06MA17,percep,5.669881
EF06MA17,pirami,3.590439
EF06MA17,planif,4.060443
EF06MA17,poligo,2.674149
EF06MA17,prisma,3.723971
EF06MA17,quanti,3.030824
EF06MA17,vertic,3.590439
EF06MA18,angulo,2.725442
EF06MA18,classi,2.897292
EF06MA18,faces,4.283587
EF06MA18,lados,3.271986
EF06MA18,los,2.897292
EF06MA18,medida,1.542747
EF06MA18,nomear,3.590439
EF06MA18,numero,1.287854
EF06MA18,parale,3.271986
EF06MA18,perpen,3.878121
EF06MA18,plano,2.725442
EF06MA18,polied,5.669881
EF06MA18,poligo,2.674149
EF06MA18,regula,2.725442
EF06MA18,repres,1.575536
EF06MA18,vertic,3.590439
EF06MA19,angulo,2.725442
EF06MA19,caract,2.625358
EF06MA19,classi,2.897292
EF06MA19,lados,3.271986
EF06MA19,los,2.897292
EF06MA19,medida,1.542747
EF06MA19,numero,1.287854
EF06MA19,parale,3.271986
EF06MA19,perpen,3.878121
EF06MA19,poligo,2.674149
EF06MA19,triang,2.674149
EF06MA19,vertic,3.590439
EF06MA20,angulo,2.725442
EF06MA20,caract,2.625358
EF06MA20,classe,4.976734
EF06MA20,classi,2.897292
EF06MA20,inclus,5.669881
EF06MA20,inters,4.283587
EF06MA20,lados,3.271986
EF06MA20,los,2.897292
EF06MA20,medida,1.542747
EF06MA20,numero,1.287854
EF06MA20,parale,3.271986
EF06MA20,perpen,3.878121
EF06MA20,poligo,2.674149
EF06MA20,quadri,3.184974
EF06MA20,vertic,3.590439
EF06MA21,amplia,4.060443
EF06MA21,cartes,2.897292
EF06MA21,constr,2.337676
EF06MA21,figura,2.173373
EF06MA21,malhas,3.878121
EF06MA21,planas,2.961831
EF06MA21,plano,2.725442
EF06MA21,quadri,3.184974
EF06MA21,reduca,4.976734
EF06MA21,semelh,4.060443
EF06MA22,constr,2.337676
EF06MA22,esquad,4.283587
EF06MA22,fazend,4.060443
EF06MA22,instru,3.590439
EF06MA22,parale,3.271986
EF06MA22,perpen,3.878121
EF06MA22,quadri,3.184974
EF06MA22,reguas,4.976734
EF06MA22,repres,1.575536
EF06MA22,retas,3.878121
EF06MA22,softwa,3.104932
EF06MA23,algori,2.836668
EF06MA23,constr,2.337676
EF06MA23,desloc,3.878121
EF06MA23,distan,4.571269
EF06MA23,dobrad,4.976734
EF06MA23,esquad,4.283587
EF06MA23,fazend,4.060443
EF06MA23,fornec,5.669881
EF06MA23,indica,3.030824
EF06MA23,objeto,2.411784
EF06MA23,parale,3.271986
EF06MA23,passo,5.669881
EF06MA23,perpen,3.878121
EF06MA23,plano,2.725442
EF06MA23,pontos,2.779509
EF06MA23,refere,3.184974
EF06MA23,reguas,4.976734
EF06MA23,retas,3.878121
EF06MA23,segund,4.060443
EF06MA23,softwa,3.104932
EF06MA24,area,3.184974
EF06MA24,areas,3.030824
EF06MA24,blocos,4.571269
EF06MA24,capaci,3.271986
EF06MA24,compri,3.184974
EF06MA24,conhec,3.271986
EF06MA24,formad,3.878121
EF06MA24,formul,3.878121
EF06MA24,grande,2.578838
EF06MA24,inseri,4.976734
EF06MA24,massa,3.723971
EF06MA24,medida,1.542747
EF06MA24,oriund,4.976734
EF06MA24,possiv,3.271986
EF06MA24,reais,3.472656
EF06MA24,relaci,2.897292
EF06MA24,retang,2.779509
EF06MA24,sempre,5.669881
EF06MA24,solido,4.060443
EF06MA24,temper,4.283587
EF06MA24,tempo,3.271986
EF06MA24,triang,2.674149
EF06MA24,volume,3.472656
EF06MA25,abertu,4.976734
EF06MA25,angulo,2.725442
EF06MA25,associ,3.030824
EF06MA25,figura,2.173373
EF06MA25,geomet,2.173373
EF06MA25,grande,2.578838
EF06MA25,medida,1.542747
EF06MA25,nocao,3.367296
EF06MA25,usos,3.590439
EF06MA26,angulo,2.725442
EF06MA26,medida,1.542747
EF06MA26,nocao,3.367296
EF06MA26,reais,3.472656
EF06MA26,usos,3.590439
EF06MA26,visao,5.669881
EF06MA27,abertu,4.976734
EF06MA27,angulo,2.725442
EF06MA27,determ,2.625358
EF06MA27,medida,1.542747
EF06MA27,nocao,3.367296
EF06MA27,transf,3.723971
EF06MA27,usos,3.590439
EF06MA28,aereas,5.669881
EF06MA28,baixas,5.669881
EF06MA28,desenh,3.104932
EF06MA28,planta,4.283587
EF06MA28,reside,5.669881
EF06MA28,simple,2.625358
EF06MA28,vistas,4.976734
EF06MA29,amplia,4.060443
EF06MA29,area,3.184974
EF06MA29,grande,2.578838
EF06MA29,igualm,4.976734
EF06MA29,lado,4.283587
EF06MA29,lados,3.271986
EF06MA29,medida,1.542747
EF06MA29,mudanc,4.060443
EF06MA29,ocorre,3.723971
EF06MA29,perime,3.878121
EF06MA29,propor,2.897292
EF06MA29,quadra,3.104932
EF06MA29,reduzi,4.976734
EF06MA30,aleato,3.367296
EF06MA30,amostr,3.030824
EF06MA30,calcul,1.662548
EF06MA30,decima,2.451005
EF06MA30,equipr,4.571269
EF06MA30,espaco,3.184974
EF06MA30,evento,2.897292
EF06MA30,experi,3.723971
EF06MA30,expres,2.491827
EF06MA30,favora,5.669881
EF06MA30,fracio,3.184974
EF06MA30,freque,3.878121
EF06MA30,muitas,5.669881
EF06MA30,numero,1.287854
EF06MA30,obtida,4.060443
EF06MA30,ocorre,3.723971
EF06MA30,percen,4.976734
EF06MA30,possiv,3.271986
EF06MA30,probab,3.472656
EF06MA30,racion,2.779509
EF06MA30,razao,3.271986
EF06MA30,repeti,4.283587
EF06MA30,result,2.451005
EF06MA30,sucess,4.283587
EF06MA30,total,5.669881
EF06MA31,barras,3.590439
EF06MA31,catego,3.723971
EF06MA31,coluna,2.961831
EF06MA31,consti,4.976734
EF06MA31,datas,4.283587
EF06MA31,eixos,4.571269
EF06MA31,elemen,2.674149
EF06MA31,fontes,4.571269
EF06MA31,freque,3.878121
EF06MA31,grafic,2.173373
EF06MA31,interp,2.897292
EF06MA31,legend,4.976734
EF06MA31,leitur,2.374044
EF06MA31,multip,2.235894
EF06MA31,numeri,2.14352
EF06MA31,refere,3.184974
EF06MA31,simple,2.625358
EF06MA31,tabela,2.534387
EF06MA31,tipos,3.723971
EF06MA31,titulo,5.669881
EF06MA31,variav,3.030824
EF06MA32,ambien,4.571269
EF06MA32,aprese,3.104932
EF06MA32,barras,3.590439
EF06MA32,catego,3.723971
EF06MA32,coluna,2.961831
EF06MA32,conclu,4.060443
EF06MA32,consum,4.976734
EF06MA32,dados,2.411784
EF06MA32,escrit,2.491827
EF06MA32,grafic,2.173373
EF06MA32,interp,2.897292
EF06MA32,leitur,2.374044
EF06MA32,midia,4.571269
EF06MA32,multip,2.235894
EF06MA32,numeri,2.14352
EF06MA32,objeti,4.976734
EF06MA32,pesqui,2.625358
EF06MA32,redigi,5.669881
EF06MA32,refere,3.184974
EF06MA32,respon,4.976734
EF06MA32,simple,2.625358
EF06MA32,sintet,4.976734
EF06MA32,susten,5.669881
EF06MA32,tabela,2.534387
EF06MA32,textos,4.571269
EF06MA32,tipos,3.723971
EF06MA32,transi,4.976734
EF06MA32,variav,3.030824
EF06MA33,alunos,5.669881
EF06MA33,coleta,3.367296
EF06MA33,constr,2.337676
EF06MA33,dados,2.411784
EF06MA33,eletro,3.878121
EF06MA33,escolh,4.060443
EF06MA33,fazer,3.723971
EF06MA33,grafic,2.173373
EF06MA33,inform,3.184974
EF06MA33,interp,2.897292
EF06MA33,los,2.897292
EF06MA33,organi,3.184974
EF06MA33,pesqui,2.625358
EF06MA33,planil,3.590439
EF06MA33,pratic,5.669881
EF06MA33,refere,3.184974
EF06MA33,regist,2.779509
EF06MA33,repres,1.575536
EF06MA33,sociai,4.976734
EF06MA33,tabela,2.534387
EF06MA33,texto,4.571269
EF06MA33,tipos,3.723971
EF06MA33,varios,5.669881
EF06MA34,cidade,5.669881
EF06MA34,desenv,3.472656
EF06MA34,empres,5.669881
EF06MA34,estrad,5.669881
EF06MA34,fluxog,3.184974
EF06MA34,funcio,4.976734
EF06MA34,grafic,2.173373
EF06MA34,hierar,5.669881
EF06MA34,identi,3.030824
EF06MA34,inform,3.184974
EF06MA34,objeto,2.411784
EF06MA34,posica,4.571269
EF06MA34,repres,1.575536
EF06MA34,simple,2.625358
EF06MA34,tipos,3.723971
EF06MA34,unem,5.669881
EF07MA01,algori,2.836668
EF07MA01,aplica,3.184974
EF07MA01,comum,5.669881
EF07MA01,diviso,3.723971
EF07MA01,inclui,5.669881
EF07MA01,maximo,4.571269
EF07MA01,minimo,4.976734
EF07MA01,multip,2.235894
EF07MA01,natura,2.006319
EF07MA01,nocoes,4.060443
EF07MA01,numero,1.287854
EF07MA01,podend,5.669881
EF07MA02,acresc,4.283587
EF07MA02,calcul,1.662548
EF07MA02,decres,4.571269
EF07MA02,educac,4.283587
EF07MA02,financ,3.723971
EF07MA02,lidam,5.669881
EF07MA02,mental,3.184974
EF07MA02,pessoa,2.897292
EF07MA02,porcen,4.060443
EF07MA02,simple,2.625358
EF07MA03,adicao,2.491827
EF07MA03,associ,3.030824
EF07MA03,histor,4.571269
EF07MA03,inteir,3.184974
EF07MA03,los,2.897292
EF07MA03,numeri,2.14352
EF07MA03,numero,1.287854
EF07MA03,operac,2.961831
EF07MA03,ordena,2.451005
EF07MA03,pontos,2.779509
EF07MA03,reta,2.674149
EF07MA03,subtra,2.534387
EF07MA03,usos,3.590439
EF07MA03,utiliz,2.725442
EF07MA04,associ,3.030824
EF07MA04,histor,4.571269
EF07MA04,inteir,3.184974
EF07MA04,numeri,2.14352
EF07MA04,numero,1.287854
EF07MA04,operac,2.961831
EF07MA04,ordena,2.451005
EF07MA04,pontos,2.779509
EF07MA04,reta,2.674149
EF07MA04,usos,3.590439
EF07MA05,algori,2.836668
EF07MA05,divisa,2.725442
EF07MA05,fracao,3.367296
EF07MA05,inteir,3.184974
EF07MA05,operad,4.060443
EF07MA05,parte,3.104932
EF07MA05,razao,3.271986
EF07MA05,result,2.451005
EF07MA06,divisa,2.725442
EF07MA06,estrut,4.976734
EF07MA06,fracao,3.367296
EF07MA06,grupo,4.976734
EF07MA06,inteir,3.184974
EF07MA06,mesma,3.472656
EF07MA06,mesmos,5.669881
EF07MA06,obtida,4.060443
EF07MA06,operad,4.060443
EF07MA06,parte,3.104932
EF07MA06,podem,3.367296
EF07MA06,proced,4.283587
EF07MA06,razao,3.271986
EF07MA06,resolu,3.271986
EF07MA06,result,2.451005
EF07MA07,divisa,2.725442
EF07MA07,fluxog,3.184974
EF07MA07,fracao,3.367296
EF07MA07,grupo,4.976734
EF07MA07,inteir,3.184974
EF07MA07,operad,4.060443
EF07MA07,parte,3.104932
EF07MA07,passos,5.669881
EF07MA07,razao,3.271986
EF07MA07,result,2.451005
EF07MA07,utiliz,2.725442
EF07MA08,associ,3.030824
EF07MA08,divisa,2.725442
EF07MA08,fracao,3.367296
EF07MA08,fracoe,3.472656
EF07MA08,ideias,4.283587
EF07MA08,inteir,3.184974
EF07MA08,operad,4.060443
EF07MA08,ordena,2.451005
EF07MA08,parte,3.104932
EF07MA08,partes,3.367296
EF07MA08,razao,3.271986
EF07MA08,result,2.451005
EF07MA09,associ,3.030824
EF07MA09,divisa,2.725442
EF07MA09,duas,2.725442
EF07MA09,expres,2.491827
EF07MA09,fracao,3.367296
EF07MA09,grande,2.578838
EF07MA09,inteir,3.184974
EF07MA09,mesma,3.472656
EF07MA09,operad,4.060443
EF07MA09,parte,3.104932
EF07MA09,partes,3.367296
EF07MA09,razao,3.271986
EF07MA09,resolu,3.271986
EF07MA09,result,2.451005
EF07MA09,tres,3.367296
EF07MA10,associ,3.030824
EF07MA10,decima,2.451005
EF07MA10,fracio,3.184974
EF07MA10,los,2.897292
EF07MA10,numeri,2.14352
EF07MA10,numero,1.287854
EF07MA10,operac,2.961831
EF07MA10,ordena,2.451005
EF07MA10,pontos,2.779509
EF07MA10,racion,2.779509
EF07MA10,repres,1.575536
EF07MA10,reta,2.674149
EF07MA10,usos,3.590439
EF07MA11,associ,3.030824
EF07MA11,decima,2.451005
EF07MA11,divisa,2.725442
EF07MA11,fracio,3.184974
EF07MA11,multip,2.235894
EF07MA11,numeri,2.14352
EF07MA11,numero,1.287854
EF07MA11,operac,2.961831
EF07MA11,operat,5.669881
EF07MA11,ordena,2.451005
EF07MA11,pontos,2.779509
EF07MA11,propri,2.961831
EF07MA11,racion,2.779509
EF07MA11,repres,1.575536
EF07MA11,reta,2.674149
EF07MA11,usos,3.590439
EF07MA12,associ,3.030824
EF07MA12,decima,2.451005
EF07MA12,fracio,3.184974
EF07MA12,numeri,2.14352
EF07MA12,numero,1.287854
EF07MA12,operac,2.961831
EF07MA12,ordena,2.451005
EF07MA12,pontos,2.779509
EF07MA12,racion,2.779509
EF07MA12,repres,1.575536
EF07MA12,reta,2.674149
EF07MA12,usos,3.590439
EF07MA13,algebr,2.779509
EF07MA13,difere,3.723971
EF07MA13,duas,2.725442
EF07MA13,expres,2.491827
EF07MA13,grande,2.578838
EF07MA13,ideia,3.472656
EF07MA13,incogn,4.060443
EF07MA13,letra,5.669881
EF07MA13,lingua,3.472656
EF07MA13,repres,1.575536
EF07MA13,simbol,4.283587
EF07MA13,variav,3.030824
EF07MA14,algebr,2.779509
EF07MA14,apenas,5.669881
EF07MA14,artes,4.976734
EF07MA14,classi,2.897292
EF07MA14,concei,4.060443
EF07MA14,incogn,4.060443
EF07MA14,lingua,3.472656
EF07MA14,litera,5.669881
EF07MA14,matema,3.472656
EF07MA14,presen,5.669881
EF07MA14,reconh,2.302585
EF07MA14,recurs,3.367296
EF07MA14,sequen,3.030824
EF07MA14,variav,3.030824
EF07MA15,algebr,2.779509
EF07MA15,encont,5.669881
EF07MA15,expres,2.491827
EF07MA15,incogn,4.060443
EF07MA15,lingua,3.472656
EF07MA15,numeri,2.14352
EF07MA15,regula,2.725442
EF07MA15,sequen,3.030824
EF07MA15,simbol,4.283587
EF07MA15,variav,3.030824
EF07MA16,algebr,2.779509
EF07MA16,duas,2.725442
EF07MA16,equiva,3.104932
EF07MA16,expres,2.491827
EF07MA16,identi,3.030824
EF07MA16,mesma,3.472656
EF07MA16,numeri,2.14352
EF07MA16,obtida,4.060443
EF07MA16,regula,2.725442
EF07MA16,sequen,3.030824
EF07MA17,algebr,2.779509
EF07MA17,direta,3.590439
EF07MA17,duas,2.725442
EF07MA17,expres,2.491827
EF07MA17,grande,2.578838
EF07MA17,invers,4.060443
EF07MA17,propor,2.897292
EF07MA17,senten,4.060443
EF07MA17,variac,3.184974
EF07MA18,equaco,4.060443
EF07MA18,fazend,4.060443
EF07MA18,grau,3.271986
EF07MA18,iguald,3.723971
EF07MA18,polino,3.472656
EF07MA18,possam,4.060443
EF07MA18,propri,2.961831
EF07MA18,reduti,5.669881
EF07MA18,repres,1.575536
EF07MA19,cartes,2.897292
EF07MA19,coorde,4.060443
EF07MA19,decorr,5.669881
EF07MA19,eixos,4.571269
EF07MA19,geomet,2.173373
EF07MA19,inteir,3.184974
EF07MA19,multip,2.235894
EF07MA19,numero,1.287854
EF07MA19,obtenc,4.060443
EF07MA19,origem,4.976734
EF07MA19,plano,2.725442
EF07MA19,poligo,2.674149
EF07MA19,repres,1.575536
EF07MA19,simetr,4.060443
EF07MA19,transf,3.723971
EF07MA19,vertic,3.590439
EF07MA20,cartes,2.897292
EF07MA20,coorde,4.060443
EF07MA20,eixos,4.571269
EF07MA20,figura,2.173373
EF07MA20,geomet,2.173373
EF07MA20,inteir,3.184974
EF07MA20,multip,2.235894
EF07MA20,numero,1.287854
EF07MA20,obtenc,4.060443
EF07MA20,origem,4.976734
EF07MA20,plano,2.725442
EF07MA20,poligo,2.674149
EF07MA20,simetr,4.060443
EF07MA20,transf,3.723971
EF07MA21,arquit,4.976734
EF07MA21,arte,4.976734
EF07MA21,desenh,3.104932
EF07MA21,dinami,3.590439
EF07MA21,elemen,2.674149
EF07MA21,estudo,5.669881
EF07MA21,figura,2.173373
EF07MA21,geomet,2.173373
EF07MA21,instru,3.590439
EF07MA21,obras,4.976734
EF07MA21,obtida,4.060443
EF07MA21,planas,2.961831
EF07MA21,reflex,4.283587
EF07MA21,repres,1.575536
EF07MA21,rotaca,4.571269
EF07MA21,simetr,4.060443
EF07MA21,softwa,3.104932
EF07MA21,transl,4.571269
EF07MA21,usando,3.590439
EF07MA21,vincul,4.976734
EF07MA22,artist,5.669881
EF07MA22,circun,4.283587
EF07MA22,compas,4.283587
EF07MA22,compos,2.836668
EF07MA22,equidi,5.669881
EF07MA22,fazer,3.723971
EF07MA22,geomet,2.173373
EF07MA22,las,4.571269
EF07MA22,lugar,5.669881
EF07MA22,objeto,2.411784
EF07MA22,reconh,2.302585
EF07MA22,utiliz,2.725442
EF07MA23,angulo,2.725442
EF07MA23,cortad,4.283587
EF07MA23,dinami,3.590439
EF07MA23,formad,3.878121
EF07MA23,geomet,2.173373
EF07MA23,inters,4.283587
EF07MA23,parale,3.271986
EF07MA23,retas,3.878121
EF07MA23,softwa,3.104932
EF07MA23,transv,4.060443
EF07MA23,verifi,4.060443
EF07MA24,angulo,2.725442
EF07MA24,compas,4.283587
EF07MA24,condic,4.283587
EF07MA24,constr,2.337676
EF07MA24,existe,3.590439
EF07MA24,intern,4.060443
EF07MA24,lados,3.271986
EF07MA24,medida,1.542747
EF07MA24,regua,4.976734
EF07MA24,soma,4.060443
EF07MA24,triang,2.674149
EF07MA24,usando,3.590439
EF07MA24,verifi,4.060443
EF07MA25,angulo,2.725442
EF07MA25,aplica,3.184974
EF07MA25,arquit,4.976734
EF07MA25,artes,4.976734
EF07MA25,condic,4.283587
EF07MA25,constr,2.337676
EF07MA25,estrut,4.976734
EF07MA25,existe,3.590439
EF07MA25,geomet,2.173373
EF07MA25,intern,4.060443
EF07MA25,medida,1.542747
EF07MA25,metali,5.669881
EF07MA25,plasti,5.669881
EF07MA25,rigide,5.669881
EF07MA25,soma,4.060443
EF07MA25,telhad,5.669881
EF07MA25,triang,2.674149
EF07MA26,algori,2.836668
EF07MA26,angulo,2.725442
EF07MA26,condic,4.283587
EF07MA26,conhec,3.271986
EF07MA26,constr,2.337676
EF07MA26,escrit,2.491827
EF07MA26,existe,3.590439
EF07MA26,fluxog,3.184974
EF07MA26,intern,4.060443
EF07MA26,lados,3.271986
EF07MA26,medida,1.542747
EF07MA26,qualqu,3.878121
EF07MA26,soma,4.060443
EF07MA26,tres,3.367296
EF07MA26,triang,2.674149
EF07MA27,angulo,2.725442
EF07MA27,calcul,1.662548
EF07MA27,constr,2.337676
EF07MA27,equila,4.976734
EF07MA27,extern,5.669881
EF07MA27,formul,3.878121
EF07MA27,intern,4.060443
EF07MA27,ladril,4.976734
EF07MA27,medida,1.542747
EF07MA27,mosaic,5.669881
EF07MA27,poligo,2.674149
EF07MA27,prefer,4.283587
EF07MA27,quadra,3.104932
EF07MA27,regula,2.725442
EF07MA27,triang,2.674149
EF07MA27,vincul,4.976734
EF07MA28,algori,2.836668
EF07MA28,conhec,3.271986
EF07MA28,constr,2.337676
EF07MA28,equila,4.976734
EF07MA28,escrit,2.491827
EF07MA28,fluxog,3.184974
EF07MA28,lado,4.283587
EF07MA28,medida,1.542747
EF07MA28,poligo,2.674149
EF07MA28,quadra,3.104932
EF07MA28,regula,2.725442
EF07MA28,triang,2.674149
EF07MA29,aproxi,3.878121
EF07MA29,areas,3.030824
EF07MA29,conhec,3.271986
EF07MA29,cotidi,3.590439
EF07MA29,empiri,5.669881
EF07MA29,grande,2.578838
EF07MA29,inseri,4.976734
EF07MA29,medico,4.283587
EF07MA29,medida,1.542747
EF07MA29,oriund,4.976734
EF07MA29,reconh,2.302585
EF07MA30,blocos,4.571269
EF07MA30,calcul,1.662548
EF07MA30,centim,4.571269
EF07MA30,conven,3.472656
EF07MA30,cubico,4.976734
EF07MA30,decime,4.976734
EF07MA30,medida,1.542747
EF07MA30,metro,4.283587
EF07MA30,retang,2.779509
EF07MA30,unidad,2.451005
EF07MA30,usuais,3.878121
EF07MA30,volume,3.472656
EF07MA31,area,3.184974
EF07MA31,areas,3.030824
EF07MA31,calcul,1.662548
EF07MA31,cujas,4.976734
EF07MA31,decomp,3.590439
EF07MA31,determ,2.625358
EF07MA31,equiva,3.104932
EF07MA31,expres,2.491827
EF07MA31,facilm,4.976734
EF07MA31,figura,2.173373
EF07MA31,planas,2.961831
EF07MA31,podem,3.367296
EF07MA31,quadri,3.184974
EF07MA31,triang,2.674149
EF07MA32,area,3.184974
EF07MA32,areas,3.030824
EF07MA32,calcul,1.662548
EF07MA32,cujas,4.976734
EF07MA32,decomp,3.590439
EF07MA32,determ,2.625358
EF07MA32,equiva,3.104932
EF07MA32,facilm,4.976734
EF07MA32,figura,2.173373
EF07MA32,medida,1.542747
EF07MA32,planas,2.961831
EF07MA32,podem,3.367296
EF07MA32,quadra,3.104932
EF07MA32,quadri,3.184974
EF07MA32,retang,2.779509
EF07MA32,triang,2.674149
EF07MA33,circun,4.283587
EF07MA33,compri,3.184974
EF07MA33,diamet,5.669881
EF07MA33,histor,4.571269
EF07MA33,medida,1.542747
EF07MA33,nature,3.878121
EF07MA33,numero,1.287854
EF07MA33,razao,3.271986
EF07MA34,aleato,3.367296
EF07MA34,amostr,3.030824
EF07MA34,calcul,1.662548
EF07MA34,envolv,2.897292
EF07MA34,espaco,3.184974
EF07MA34,estima,2.625358
EF07MA34,experi,3.723971
EF07MA34,freque,3.878121
EF07MA34,ocorre,3.723971
EF07MA34,probab,3.472656
EF07MA34,simula,4.976734
EF07MA35,amplit,3.878121
EF07MA35,calcul,1.662548
EF07MA35,conjun,3.472656
EF07MA35,dados,2.411784
EF07MA35,estati,3.878121
EF07MA35,indica,3.030824
EF07MA35,intuit,5.669881
EF07MA35,media,4.571269
EF07MA35,pesqui,2.625358
EF07MA35,relaci,2.897292
EF07MA35,signif,4.283587
EF07MA35,tenden,3.723971
EF07MA35,valor,3.590439
EF07MA36,amostr,3.030824
EF07MA36,censit,4.571269
EF07MA36,coleta,3.367296
EF07MA36,comuni,3.878121
EF07MA36,constr,2.337676
EF07MA36,dados,2.411784
EF07MA36,eletro,3.878121
EF07MA36,escrit,2.491827
EF07MA36,grafic,2.173373
EF07MA36,identi,3.030824
EF07MA36,inform,3.184974
EF07MA36,interp,2.897292
EF07MA36,los,2.897292
EF07MA36,necess,3.271986
EF07MA36,organi,3.184974
EF07MA36,pesqui,2.625358
EF07MA36,planej,3.878121
EF07MA36,planil,3.590439
EF07MA36,realid,4.060443
EF07MA36,relato,4.060443
EF07MA36,social,4.976734
EF07MA36,tabela,2.534387
EF07MA36,tema,4.976734
EF07MA36,usar,4.976734
EF07MA37,aprese,3.104932
EF07MA37,conjun,3.472656
EF07MA37,constr,2.337676
EF07MA37,conven,3.472656
EF07MA37,dados,2.411784
EF07MA37,divulg,4.283587
EF07MA37,grafic,2.173373
EF07MA37,interp,2.897292
EF07MA37,midia,4.571269
EF07MA37,pertin,5.669881
EF07MA37,possiv,3.271986
EF07MA37,setore,4.571269
EF07MA37,utiliz,2.725442
EF08MA01,calcul,1.662548
EF08MA01,cienti,4.283587
EF08MA01,conhec,3.271986
EF08MA01,efetua,4.976734
EF08MA01,expoen,4.571269
EF08MA01,inteir,3.184974
EF08MA01,notaca,4.571269
EF08MA01,numero,1.287854
EF08MA01,potenc,3.723971
EF08MA01,repres,1.575536
EF08MA02,expoen,4.571269
EF08MA02,fracio,3.184974
EF08MA02,potenc,3.723971
EF08MA02,radici,5.669881
EF08MA02,raiz,5.669881
EF08MA02,usando,3.590439
EF08MA03,aplica,3.184974
EF08MA03,contag,3.271986
EF08MA03,cuja,3.723971
EF08MA03,envolv,2.897292
EF08MA03,multip,2.235894
EF08MA03,princi,3.590439
EF08MA03,resolu,3.271986
EF08MA04,calcul,1.662548
EF08MA04,porcen,4.060443
EF08MA05,dizima,5.669881
EF08MA05,fracao,3.367296
EF08MA05,geratr,5.669881
EF08MA05,obtenc,4.060443
EF08MA05,period,4.283587
EF08MA05,proced,4.283587
EF08MA06,algebr,2.779509
EF08MA06,calcul,1.662548
EF08MA06,expres,2.491827
EF08MA06,numeri,2.14352
EF08MA06,operac,2.961831
EF08MA06,propri,2.961831
EF08MA06,valor,3.590439
EF08MA07,associ,3.030824
EF08MA07,cartes,2.897292
EF08MA07,duas,2.725442
EF08MA07,equaca,4.976734
EF08MA07,grau,3.271986
EF08MA07,incogn,4.060443
EF08MA07,linear,4.571269
EF08MA07,plano,2.725442
EF08MA07,reta,2.674149
EF08MA08,algebr,2.779509
EF08MA08,cartes,2.897292
EF08MA08,duas,2.725442
EF08MA08,equaco,4.060443
EF08MA08,grau,3.271986
EF08MA08,incogn,4.060443
EF08MA08,interp,2.897292
EF08MA08,los,2.897292
EF08MA08,plano,2.725442
EF08MA08,polino,3.472656
EF08MA08,possam,4.060443
EF08MA08,proxim,4.571269
EF08MA08,relaci,2.897292
EF08MA08,repres,1.575536
EF08MA08,resolu,3.271986
EF08MA08,sistem,2.674149
EF08MA09,ax2,4.976734
EF08MA09,equaca,4.976734
EF08MA09,equaco,4.060443
EF08MA09,grau,3.271986
EF08MA09,polino,3.472656
EF08MA09,possam,4.060443
EF08MA09,repres,1.575536
EF08MA09,tipo,4.283587
EF08MA10,algori,2.836668
EF08MA10,figura,2.173373
EF08MA10,fluxog,3.184974
EF08MA10,indica,3.030824
EF08MA10,numeri,2.14352
EF08MA10,numero,1.287854
EF08MA10,permit,4.976734
EF08MA10,recurs,3.367296
EF08MA10,regula,2.725442
EF08MA10,seguin,4.571269
EF08MA10,sequen,3.030824
EF08MA11,algori,2.836668
EF08MA11,fluxog,3.184974
EF08MA11,indica,3.030824
EF08MA11,numeri,2.14352
EF08MA11,numero,1.287854
EF08MA11,permit,4.976734
EF08MA11,recurs,3.367296
EF08MA11,regula,2.725442
EF08MA11,seguin,4.571269
EF08MA11,sequen,3.030824
EF08MA12,algebr,2.779509
EF08MA12,cartes,2.897292
EF08MA12,direta,3.590439
EF08MA12,duas,2.725442
EF08MA12,existe,3.590439
EF08MA12,expres,2.491827
EF08MA12,grande,2.578838
EF08MA12,invers,4.060443
EF08MA12,nature,3.878121
EF08MA12,plano,2.725442
EF08MA12,propor,2.897292
EF08MA12,repres,1.575536
EF08MA12,senten,4.060443
EF08MA12,variac,3.184974
EF08MA13,direta,3.590439
EF08MA13,grande,2.578838
EF08MA13,invers,4.060443
EF08MA13,propor,2.897292
EF08MA13,variac,3.184974
EF08MA13,variad,4.571269
EF08MA14,congru,4.060443
EF08MA14,demons,4.283587
EF08MA14,identi,3.030824
EF08MA14,propri,2.961831
EF08MA14,quadri,3.184974
EF08MA14,triang,2.674149
EF08MA15,angulo,2.725442
EF08MA15,bisset,4.976734
EF08MA15,constr,2.337676
EF08MA15,desenh,3.104932
EF08MA15,dinami,3.590439
EF08MA15,geomet,2.173373
EF08MA15,instru,3.590439
EF08MA15,mediat,4.976734
EF08MA15,poligo,2.674149
EF08MA15,regula,2.725442
EF08MA15,softwa,3.104932
EF08MA16,algori,2.836668
EF08MA16,angulo,2.725442
EF08MA16,area,3.184974
EF08MA16,centra,3.590439
EF08MA16,compas,4.283587
EF08MA16,constr,2.337676
EF08MA16,escrit,2.491827
EF08MA16,esquad,4.283587
EF08MA16,fluxog,3.184974
EF08MA16,geomet,2.173373
EF08MA16,hexago,5.669881
EF08MA16,medida,1.542747
EF08MA16,poligo,2.674149
EF08MA16,qualqu,3.878121
EF08MA16,regula,2.725442
EF08MA16,utiliz,2.725442
EF08MA17,bisset,4.976734
EF08MA17,concei,4.060443
EF08MA17,constr,2.337676
EF08MA17,geomet,2.173373
EF08MA17,lugare,5.669881
EF08MA17,mediat,4.976734
EF08MA17,resolu,3.271986
EF08MA18,compos,2.836668
EF08MA18,desenh,3.104932
EF08MA18,dinami,3.590439
EF08MA18,figura,2.173373
EF08MA18,geomet,2.173373
EF08MA18,instru,3.590439
EF08MA18,obtida,4.060443
EF08MA18,reflex,4.283587
EF08MA18,rotaca,4.571269
EF08MA18,simetr,4.060443
EF08MA18,softwa,3.104932
EF08MA18,transf,3.723971
EF08MA18,transl,4.571269
EF08MA19,area,3.184974
EF08MA19,calcul,1.662548
EF08MA19,circul,4.283587
EF08MA19,circun,4.283587
EF08MA19,compri,3.184974
EF08MA19,determ,2.625358
EF08MA19,expres,2.491827
EF08MA19,figura,2.173373
EF08MA19,geomet,2.173373
EF08MA19,medida,1.542747
EF08MA19,planas,2.961831
EF08MA19,quadri,3.184974
EF08MA19,terren,5.669881
EF08MA19,triang,2.674149
EF08MA20,bloco,4.060443
EF08MA20,calcul,1.662548
EF08MA20,capaci,3.271986
EF08MA20,cubico,4.976734
EF08MA20,decime,4.976734
EF08MA20,litro,4.571269
EF08MA20,medida,1.542747
EF08MA20,metro,4.283587
EF08MA20,recipi,4.976734
EF08MA20,retang,2.779509
EF08MA20,volume,3.472656
EF08MA21,bloco,4.060443
EF08MA21,calcul,1.662548
EF08MA21,capaci,3.271986
EF08MA21,cujo,4.283587
EF08MA21,format,4.283587
EF08MA21,medida,1.542747
EF08MA21,recipi,4.976734
EF08MA21,retang,2.779509
EF08MA21,volume,3.472656
EF08MA22,amostr,3.030824
EF08MA22,base,3.590439
EF08MA22,calcul,1.662548
EF08MA22,constr,2.337676
EF08MA22,contag,3.271986
EF08MA22,elemen,2.674149
EF08MA22,espaco,3.184974
EF08MA22,evento,2.897292
EF08MA22,igual,5.669881
EF08MA22,multip,2.235894
EF08MA22,princi,3.590439
EF08MA22,probab,3.472656
EF08MA22,soma,4.060443
EF08MA23,adequa,3.723971
EF08MA23,avalia,4.976734
EF08MA23,barras,3.590439
EF08MA23,coluna,2.961831
EF08MA23,conjun,3.472656
EF08MA23,consti,4.976734
EF08MA23,dados,2.411784
EF08MA23,determ,2.625358
EF08MA23,elemen,2.674149
EF08MA23,grafic,2.173373
EF08MA23,linhas,4.283587
EF08MA23,pesqui,2.625358
EF08MA23,setore,4.571269
EF08MA23,tipos,3.723971
EF08MA24,adequa,3.723971
EF08MA24,classe,4.976734
EF08MA24,classi,2.897292
EF08MA24,contin,5.669881
EF08MA24,dados,2.411784
EF08MA24,deciso,4.976734
EF08MA24,freque,3.878121
EF08MA24,maneir,4.571269
EF08MA24,organi,3.184974
EF08MA24,pesqui,2.625358
EF08MA24,resuma,5.669881
EF08MA24,tomada,5.669881
EF08MA24,variav,3.030824
EF08MA25,amplit,3.878121
EF08MA25,centra,3.590439
EF08MA25,compre,3.271986
EF08MA25,dados,2.411784
EF08MA25,disper,4.571269
EF08MA25,estati,3.878121
EF08MA25,indica,3.030824
EF08MA25,los,2.897292
EF08MA25,media,4.571269
EF08MA25,median,4.976734
EF08MA25,medida,1.542747
EF08MA25,moda,4.976734
EF08MA25,obter,5.669881
EF08MA25,pesqui,2.625358
EF08MA25,relaci,2.897292
EF08MA25,tenden,3.723971
EF08MA25,valore,3.878121
EF08MA26,amostr,3.030824
EF08MA26,casual,5.669881
EF08MA26,censit,4.571269
EF08MA26,econom,4.976734
EF08MA26,estrat,5.669881
EF08MA26,etica,5.669881
EF08MA26,execuc,4.283587
EF08MA26,feita,5.669881
EF08MA26,fisica,5.669881
EF08MA26,justif,5.669881
EF08MA26,maneir,4.571269
EF08MA26,nature,3.878121
EF08MA26,pesqui,2.625358
EF08MA26,planej,3.878121
EF08MA26,pode,4.976734
EF08MA26,razoes,4.976734
EF08MA26,realiz,3.878121
EF08MA26,seleca,5.669881
EF08MA26,seleci,4.976734
EF08MA26,simple,2.625358
EF08MA26,sistem,2.674149
EF08MA27,adequa,3.723971
EF08MA27,amostr,3.030824
EF08MA27,amplit,3.878121
EF08MA27,apropr,3.723971
EF08MA27,aspect,4.283587
EF08MA27,censit,4.571269
EF08MA27,centra,3.590439
EF08MA27,conclu,4.060443
EF08MA27,conjun,3.472656
EF08MA27,conten,4.571269
EF08MA27,dados,2.411784
EF08MA27,destac,4.283587
EF08MA27,escrev,3.590439
EF08MA27,execuc,4.283587
EF08MA27,execut,4.571269
EF08MA27,grafic,2.173373
EF08MA27,medida,1.542747
EF08MA27,pesqui,2.625358
EF08MA27,planej,3.878121
EF08MA27,relato,4.060443
EF08MA27,seleci,4.976734
EF08MA27,tecnic,4.976734
EF08MA27,tenden,3.723971
EF09MA01,alguns,4.571269
EF09MA01,altura,5.669881
EF09MA01,compri,3.184974
EF09MA01,cujo,4.283587
EF09MA01,diagon,5.669881
EF09MA01,existe,3.590439
EF09MA01,expres,2.491827
EF09MA01,fixada,5.669881
EF09MA01,irraci,4.976734
EF09MA01,lado,4.283587
EF09MA01,locali,3.367296
EF09MA01,medida,1.542747
EF09MA01,medir,3.271986
EF09MA01,necess,3.271986
EF09MA01,numeri,2.14352
EF09MA01,numero,1.287854
EF09MA01,poligo,2.674149
EF09MA01,qualqu,3.878121
EF09MA01,racion,2.779509
EF09MA01,reais,3.472656
EF09MA01,reconh,2.302585
EF09MA01,reta,2.674149
EF09MA01,segmen,4.571269
EF09MA01,toma,5.669881
EF09MA01,triang,2.674149
EF09MA01,unidad,2.451005
EF09MA01,vez,5.669881
EF09MA02,alguns,4.571269
EF09MA02,cuja,3.723971
EF09MA02,decima,2.451005
EF09MA02,deles,5.669881
EF09MA02,estima,2.625358
EF09MA02,infini,5.669881
EF09MA02,irraci,4.976734
EF09MA02,locali,3.367296
EF09MA02,medir,3.271986
EF09MA02,necess,3.271986
EF09MA02,numeri,2.14352
EF09MA02,numero,1.287854
EF09MA02,period,4.283587
EF09MA02,qualqu,3.878121
EF09MA02,reais,3.472656
EF09MA02,reconh,2.302585
EF09MA02,repres,1.575536
EF09MA02,reta,2.674149
EF09MA02,segmen,4.571269
EF09MA03,calcul,1.662548
EF09MA03,efetua,4.976734
EF09MA03,expoen,4.571269
EF09MA03,fracio,3.184974
EF09MA03,negati,5.669881
EF09MA03,numero,1.287854
EF09MA03,potenc,3.723971
EF09MA03,reais,3.472656
EF09MA04,cienti,4.283587
EF09MA04,notaca,4.571269
EF09MA04,numero,1.287854
EF09MA04,operac,2.961831
EF09MA04,reais,3.472656
EF09MA05,aplica,3.184974
EF09MA05,calcul,1.662548
EF09MA05,determ,2.625358
EF09MA05,educac,4.283587
EF09MA05,envolv,2.897292
EF09MA05,financ,3.723971
EF09MA05,ideia,3.472656
EF09MA05,percen,4.976734
EF09MA05,porcen,4.060443
EF09MA05,prefer,4.283587
EF09MA05,sucess,4.283587
EF09MA05,taxas,4.571269
EF09MA06,algebr,2.779509
EF09MA06,concei,4.060443
EF09MA06,depend,4.571269
EF09MA06,duas,2.725442
EF09MA06,funcio,4.976734
EF09MA06,funcoe,3.030824
EF09MA06,grafic,2.173373
EF09MA06,numeri,2.14352
EF09MA06,repres,1.575536
EF09MA06,univoc,5.669881
EF09MA06,variav,3.030824
EF09MA07,demogr,4.976734
EF09MA07,densid,4.976734
EF09MA07,duas,2.725442
EF09MA07,especi,5.669881
EF09MA07,grande,2.578838
EF09MA07,razao,3.271986
EF09MA07,veloci,4.571269
EF09MA08,ambien,4.571269
EF09MA08,areas,3.030824
EF09MA08,direta,3.590439
EF09MA08,divisa,2.725442
EF09MA08,duas,2.725442
EF09MA08,escala,4.283587
EF09MA08,grande,2.578838
EF09MA08,invers,4.060443
EF09MA08,partes,3.367296
EF09MA08,propor,2.897292
EF09MA08,socioc,4.571269
EF09MA08,taxa,5.669881
EF09MA08,variac,3.184974
EF09MA09,algebr,2.779509
EF09MA09,base,3.590439
EF09MA09,equaco,4.060443
EF09MA09,expres,2.491827
EF09MA09,fatora,5.669881
EF09MA09,grau,3.271986
EF09MA09,notave,5.669881
EF09MA09,polino,3.472656
EF09MA09,possam,4.060443
EF09MA09,proces,4.283587
EF09MA09,produt,4.571269
EF09MA09,repres,1.575536
EF09MA09,resolu,3.271986
EF09MA10,angulo,2.725442
EF09MA10,cortad,4.283587
EF09MA10,demons,4.283587
EF09MA10,formad,3.878121
EF09MA10,inters,4.283587
EF09MA10,parale,3.271986
EF09MA10,retas,3.878121
EF09MA10,simple,2.625358
EF09MA10,transv,4.060443
EF09MA11,angulo,2.725442
EF09MA11,arcos,5.669881
EF09MA11,centra,3.590439
EF09MA11,circul,4.283587
EF09MA11,circun,4.283587
EF09MA11,dinami,3.590439
EF09MA11,estabe,4.060443
EF09MA11,fazend,4.060443
EF09MA11,geomet,2.173373
EF09MA11,inscri,5.669881
EF09MA11,softwa,3.104932
EF09MA12,condic,4.283587
EF09MA12,dois,3.271986
EF09MA12,necess,3.271986
EF09MA12,sejam,4.976734
EF09MA12,semelh,4.060443
EF09MA12,sufici,5.669881
EF09MA12,triang,2.674149
EF09MA13,cortad,4.283587
EF09MA13,demons,4.283587
EF09MA13,experi,3.723971
EF09MA13,metric,4.571269
EF09MA13,parale,3.271986
EF09MA13,pitago,4.976734
EF09MA13,propor,2.897292
EF09MA13,retang,2.779509
EF09MA13,retas,3.878121
EF09MA13,semelh,4.060443
EF09MA13,teorem,4.976734
EF09MA13,transv,4.060443
EF09MA13,triang,2.674149
EF09MA13,verifi,4.060443
EF09MA14,aplica,3.184974
EF09MA14,cortad,4.283587
EF09MA14,demons,4.283587
EF09MA14,experi,3.723971
EF09MA14,metric,4.571269
EF09MA14,parale,3.271986
EF09MA14,pitago,4.976734
EF09MA14,propor,2.897292
EF09MA14,retang,2.779509
EF09MA14,retas,3.878121
EF09MA14,secant,5.669881
EF09MA14,teorem,4.976734
EF09MA14,transv,4.060443
EF09MA14,triang,2.674149
EF09MA14,verifi,4.060443
EF09MA15,algori,2.836668
EF09MA15,compas,4.283587
EF09MA15,conhec,3.271986
EF09MA15,constr,2.337676
EF09MA15,cuja,3.723971
EF09MA15,escrit,2.491827
EF09MA15,fluxog,3.184974
EF09MA15,lado,4.283587
EF09MA15,medida,1.542747
EF09MA15,poligo,2.674149
EF09MA15,regua,4.976734
EF09MA15,regula,2.725442
EF09MA15,softwa,3.104932
EF09MA16,areas,3.030824
EF09MA16,calcul,1.662548
EF09MA16,cartes,2.897292
EF09MA16,conhec,3.271986
EF09MA16,constr,2.337676
EF09MA16,coorde,4.060443
EF09MA16,dadas,5.669881
EF09MA16,desses,4.060443
EF09MA16,determ,2.625358
EF09MA16,distan,4.571269
EF09MA16,dois,3.271986
EF09MA16,figura,2.173373
EF09MA16,formul,3.878121
EF09MA16,medida,1.542747
EF09MA16,medio,5.669881
EF09MA16,perime,3.878121
EF09MA16,planas,2.961831
EF09MA16,plano,2.725442
EF09MA16,ponto,4.571269
EF09MA16,pontos,2.779509
EF09MA16,quaisq,5.669881
EF09MA16,reta,2.674149
EF09MA16,segmen,4.571269
EF09MA17,conhec,3.271986
EF09MA17,desenh,3.104932
EF09MA17,espaci,3.472656
EF09MA17,figura,2.173373
EF09MA17,objeto,2.411784
EF09MA17,ortogo,5.669881
EF09MA17,perspe,5.669881
EF09MA17,vistas,4.976734
EF09MA18,armaze,4.976734
EF09MA18,capaci,3.271986
EF09MA18,celula,4.976734
EF09MA18,comput,5.669881
EF09MA18,distan,4.571269
EF09MA18,expres,2.491827
EF09MA18,grande,2.578838
EF09MA18,inform,3.184974
EF09MA18,medida,1.542747
EF09MA18,medir,3.271986
EF09MA18,pequen,5.669881
EF09MA18,planet,5.669881
EF09MA18,sistem,2.674149
EF09MA18,solare,5.669881
EF09MA18,tamanh,5.669881
EF09MA18,unidad,2.451005
EF09MA18,usadas,4.571269
EF09MA18,utiliz,2.725442
EF09MA18,virus,5.669881
EF09MA19,calcul,1.662548
EF09MA19,cilind,3.590439
EF09MA19,cotidi,3.590439
EF09MA19,expres,2.491827
EF09MA19,medida,1.542747
EF09MA19,prisma,3.723971
EF09MA19,retos,4.571269
EF09MA19,volume,3.472656
EF09MA20,aleato,3.367296
EF09MA20,analis,2.836668
EF09MA20,calcul,1.662548
EF09MA20,casos,4.571269
EF09MA20,depend,4.571269
EF09MA20,dois,3.271986
EF09MA20,evento,2.897292
EF09MA20,experi,3.723971
EF09MA20,indepe,5.669881
EF09MA20,ocorre,3.723971
EF09MA20,probab,3.472656
EF09MA21,analis,2.836668
EF09MA21,corret,5.669881
EF09MA21,datas,4.283587
EF09MA21,divulg,4.283587
EF09MA21,elemen,2.674149
EF09MA21,erros,4.976734
EF09MA21,escala,4.283587
EF09MA21,explic,4.571269
EF09MA21,fontes,4.571269
EF09MA21,grafic,2.173373
EF09MA21,import,5.669881
EF09MA21,inapro,5.669881
EF09MA21,induzi,4.976734
EF09MA21,inform,3.184974
EF09MA21,interp,2.897292
EF09MA21,legend,4.976734
EF09MA21,leitur,2.374044
EF09MA21,midia,4.571269
EF09MA21,omissa,5.669881
EF09MA21,podem,3.367296
EF09MA21,propos,5.669881
EF09MA21,vezes,5.669881
EF09MA22,adequa,3.723971
EF09MA22,agrupa,3.367296
EF09MA22,aspect,4.283587
EF09MA22,barras,3.590439
EF09MA22,centra,3.590439
EF09MA22,coluna,2.961831
EF09MA22,conjun,3.472656
EF09MA22,dados,2.411784
EF09MA22,destac,4.283587
EF09MA22,determ,2.625358
EF09MA22,dupla,3.472656
EF09MA22,eletro,3.878121
EF09MA22,entrad,3.367296
EF09MA22,escolh,4.060443
EF09MA22,expres,2.491827
EF09MA22,grafic,2.173373
EF09MA22,interp,2.897292
EF09MA22,leitur,2.374044
EF09MA22,linhas,4.283587
EF09MA22,medida,1.542747
EF09MA22,pesqui,2.625358
EF09MA22,pictor,4.283587
EF09MA22,planil,3.590439
EF09MA22,repres,1.575536
EF09MA22,setore,4.571269
EF09MA22,simple,2.625358
EF09MA22,tabela,2.534387
EF09MA22,tenden,3.723971
EF09MA23,adequa,3.723971
EF09MA23,amostr,3.030824
EF09MA23,amplit,3.878121
EF09MA23,aprese,3.104932
EF09MA23,avalia,4.976734
EF09MA23,centra,3.590439
EF09MA23,comuni,3.878121
EF09MA23,constr,2.337676
EF09MA23,conten,4.571269
EF09MA23,eletro,3.878121
EF09MA23,execuc,4.283587
EF09MA23,execut,4.571269
EF09MA23,grafic,2.173373
EF09MA23,medida,1.542747
EF09MA23,pesqui,2.625358
EF09MA23,planej,3.878121
EF09MA23,planil,3.590439
EF09MA23,realid,4.060443
EF09MA23,relato,4.060443
EF09MA23,result,2.451005
EF09MA23,social,4.976734
EF09MA23,tabela,2.534387
EF09MA23,tema,4.976734
EF09MA23,tenden,3.723971
EM13MAT101,analis,2.836668
EM13MAT101,cienci,5.669881
EM13MAT101,critic,4.976734
EM13MAT101,econom,4.976734
EM13MAT101,fatos,4.060443
EM13MAT101,funcoe,3.030824
EM13MAT101,grafic,2.173373
EM13MAT101,grande,2.578838
EM13MAT101,nature,3.878121
EM13MAT101,relati,4.283587
EM13MAT101,repres,1.575536
EM13MAT101,sociai,4.976734
EM13MAT101,taxas,4.571269
EM13MAT101,variac,3.184974
EM13MAT102,amostr,3.030824
EM13MAT102,aprese,3.104932
EM13MAT102,apropr,3.723971
EM13MAT102,caso,4.571269
EM13MAT102,comuni,3.878121
EM13MAT102,divulg,4.283587
EM13MAT102,erros,4.976734
EM13MAT102,escala,4.283587
EM13MAT102,estati,3.878121
EM13MAT102,for,4.283587
EM13MAT102,grafic,2.173373
EM13MAT102,identi,3.030824
EM13MAT102,inadeq,5.669881
EM13MAT102,induzi,4.976734
EM13MAT102,interp,2.897292
EM13MAT102,meios,5.669881
EM13MAT102,pesqui,2.625358
EM13MAT102,possam,4.060443
EM13MAT102,relato,4.060443
EM13MAT102,tabela,2.534387
EM13MAT103,adotad,5.669881
EM13MAT103,armaze,4.976734
EM13MAT103,avanco,5.669881
EM13MAT103,cienti,4.283587
EM13MAT103,conver,4.060443
EM13MAT103,dados,2.411784
EM13MAT103,divulg,4.283587
EM13MAT103,empreg,4.571269
EM13MAT103,grande,2.578838
EM13MAT103,intern,4.060443
EM13MAT103,ligada,5.669881
EM13MAT103,medida,1.542747
EM13MAT103,midias,5.669881
EM13MAT103,possiv,3.271986
EM13MAT103,sistem,2.674149
EM13MAT103,tecnol,4.571269
EM13MAT103,textos,4.571269
EM13MAT103,transf,3.723971
EM13MAT103,unidad,2.451005
EM13MAT103,veloci,4.571269
EM13MAT104,argume,5.669881
EM13MAT104,calcul,1.662548
EM13MAT104,critic,4.976734
EM13MAT104,desenv,3.472656
EM13MAT104,desses,4.060443
EM13MAT104,humano,5.669881
EM13MAT104,indice,5.669881
EM13MAT104,inflac,5.669881
EM13MAT104,invest,3.723971
EM13MAT104,nature,3.878121
EM13MAT104,numero,1.287854
EM13MAT104,proces,4.283587
EM13MAT104,realid,4.060443
EM13MAT104,socioe,5.669881
EM13MAT104,taxas,4.571269
EM13MAT105,arte,4.976734
EM13MAT105,civis,5.669881
EM13MAT105,compos,2.836668
EM13MAT105,constr,2.337676
EM13MAT105,destas,5.669881
EM13MAT105,elemen,2.674149
EM13MAT105,figura,2.173373
EM13MAT105,fracta,5.669881
EM13MAT105,homote,5.669881
EM13MAT105,humana,5.669881
EM13MAT105,isomet,5.669881
EM13MAT105,nature,3.878121
EM13MAT105,nocoes,4.060443
EM13MAT105,obras,4.976734
EM13MAT105,produc,5.669881
EM13MAT105,reflex,4.283587
EM13MAT105,rotaca,4.571269
EM13MAT105,transf,3.723971
EM13MAT105,transl,4.571269
EM13MAT106,aquele,4.976734
EM13MAT106,conta,4.976734
EM13MAT106,contra,5.669881
EM13MAT106,cotidi,3.590439
EM13MAT106,detrim,5.669881
EM13MAT106,escolh,4.060443
EM13MAT106,fazer,3.723971
EM13MAT106,levand,5.669881
EM13MAT106,medico,4.283587
EM13MAT106,metodo,4.976734
EM13MAT106,necess,3.271986
EM13MAT106,optar,5.669881
EM13MAT106,probab,3.472656
EM13MAT106,riscos,5.669881
EM13MAT106,tratam,4.976734
EM13MAT106,usar,4.976734
EM13MAT201,acoes,4.976734
EM13MAT201,adequa,3.723971
EM13MAT201,area,3.184974
EM13MAT201,calcul,1.662548
EM13MAT201,capaci,3.271986
EM13MAT201,comuni,3.878121
EM13MAT201,demand,5.669881
EM13MAT201,massa,3.723971
EM13MAT201,medico,4.283587
EM13MAT201,partic,4.283587
EM13MAT201,perime,3.878121
EM13MAT201,prefer,4.283587
EM13MAT201,propor,2.897292
EM13MAT201,regiao,5.669881
EM13MAT201,volume,3.472656
EM13MAT202,amostr,3.030824
EM13MAT202,amplit,3.878121
EM13MAT202,centra,3.590439
EM13MAT202,coleta,3.367296
EM13MAT202,comuni,3.878121
EM13MAT202,conten,4.571269
EM13MAT202,dados,2.411784
EM13MAT202,desvio,4.976734
EM13MAT202,direta,3.590439
EM13MAT202,disper,4.571269
EM13MAT202,execut,4.571269
EM13MAT202,fontes,4.571269
EM13MAT202,grafic,2.173373
EM13MAT202,interp,2.897292
EM13MAT202,medida,1.542747
EM13MAT202,padrao,4.283587
EM13MAT202,pesqui,2.625358
EM13MAT202,questo,5.669881
EM13MAT202,relato,4.060443
EM13MAT202,releva,5.669881
EM13MAT202,result,2.451005
EM13MAT202,tecnol,4.571269
EM13MAT202,tenden,3.723971
EM13MAT202,usando,3.590439
EM13MAT203,acoes,4.976734
EM13MAT203,analis,2.836668
EM13MAT203,aplica,3.184974
EM13MAT203,calcul,1.662548
EM13MAT203,compos,2.836668
EM13MAT203,concei,4.060443
EM13MAT203,contro,5.669881
EM13MAT203,criaca,5.669881
EM13MAT203,deciso,4.976734
EM13MAT203,execuc,4.283587
EM13MAT203,famili,4.060443
EM13MAT203,juros,4.976734
EM13MAT203,matema,3.472656
EM13MAT203,orcame,5.669881
EM13MAT203,planej,3.878121
EM13MAT203,planil,3.590439
EM13MAT203,simple,2.625358
EM13MAT203,simula,4.976734
EM13MAT203,tomar,5.669881
EM13MAT203,utiliz,2.725442
EM13MAT301,algebr,2.779509
EM13MAT301,areas,3.030824
EM13MAT301,conhec,3.271986
EM13MAT301,envolv,2.897292
EM13MAT301,equaco,4.060443
EM13MAT301,grafic,2.173373
EM13MAT301,linear,4.571269
EM13MAT301,matema,3.472656
EM13MAT301,simult,5.669881
EM13MAT301,tecnic,4.976734
EM13MAT301,usando,3.590439
EM13MAT302,empreg,4.571269
EM13MAT302,funcoe,3.030824
EM13MAT302,graus,5.669881
EM13MAT302,modelo,5.669881
EM13MAT302,polino,3.472656
EM13MAT303,analis,2.836668
EM13MAT303,caso,4.571269
EM13MAT303,compos,2.836668
EM13MAT303,cresci,4.571269
EM13MAT303,destac,4.283587
EM13MAT303,envolv,2.897292
EM13MAT303,expone,4.283587
EM13MAT303,grafic,2.173373
EM13MAT303,juros,4.976734
EM13MAT303,linear,4.571269
EM13MAT303,planil,3.590439
EM13MAT303,repres,1.575536
EM13MAT303,simple,2.625358
EM13MAT304,envolv,2.897292
EM13MAT304,expone,4.283587
EM13MAT304,financ,3.723971
EM13MAT304,funcoe,3.030824
EM13MAT304,grande,2.578838
EM13MAT304,matema,3.472656
EM13MAT304,necess,3.271986
EM13MAT304,variac,3.184974
EM13MAT305,abalos,5.669881
EM13MAT305,envolv,2.897292
EM13MAT305,financ,3.723971
EM13MAT305,funcoe,3.030824
EM13MAT305,grande,2.578838
EM13MAT305,logari,4.976734
EM13MAT305,matema,3.472656
EM13MAT305,necess,3.271986
EM13MAT305,radioa,5.669881
EM13MAT305,sismic,5.669881
EM13MAT305,variac,3.184974
EM13MAT306,algebr,2.779509
EM13MAT306,aplica,3.184974
EM13MAT306,cartes,2.897292
EM13MAT306,ciclic,5.669881
EM13MAT306,cossen,4.976734
EM13MAT306,envolv,2.897292
EM13MAT306,fases,5.669881
EM13MAT306,fenome,5.669881
EM13MAT306,funcoe,3.030824
EM13MAT306,geomet,2.173373
EM13MAT306,lua,5.669881
EM13MAT306,movime,4.060443
EM13MAT306,ondas,5.669881
EM13MAT306,period,4.283587
EM13MAT306,plano,2.725442
EM13MAT306,reais,3.472656
EM13MAT306,repres,1.575536
EM13MAT306,seno,4.976734
EM13MAT306,sonora,5.669881
EM13MAT307,aplica,3.184974
EM13MAT307,aproxi,3.878121
EM13MAT307,area,3.184974
EM13MAT307,calcul,1.662548
EM13MAT307,cortes,5.669881
EM13MAT307,deduzi,5.669881
EM13MAT307,distri,5.669881
EM13MAT307,expres,2.491827
EM13MAT307,las,4.571269
EM13MAT307,medida,1.542747
EM13MAT307,metodo,4.976734
EM13MAT307,obtenc,4.060443
EM13MAT307,planta,4.283587
EM13MAT307,reais,3.472656
EM13MAT307,reconf,5.669881
EM13MAT307,remane,5.669881
EM13MAT307,superf,4.976734
EM13MAT308,congru,4.060443
EM13MAT308,cossen,4.976734
EM13MAT308,envolv,2.897292
EM13MAT308,leis,5.669881
EM13MAT308,metric,4.571269
EM13MAT308,nocoes,4.060443
EM13MAT308,semelh,4.060443
EM13MAT308,seno,4.976734
EM13MAT308,triang,2.674149
EM13MAT308,variad,4.571269
EM13MAT309,areas,3.030824
EM13MAT309,calcul,1.662548
EM13MAT309,compos,2.836668
EM13MAT309,corpos,5.669881
EM13MAT309,cujos,4.976734
EM13MAT309,envolv,2.897292
EM13MAT309,estuda,4.976734
EM13MAT309,format,4.283587
EM13MAT309,gasto,5.669881
EM13MAT309,materi,3.367296
EM13MAT309,objeto,2.411784
EM13MAT309,pintur,5.669881
EM13MAT309,pirami,3.590439
EM13MAT309,prisma,3.723971
EM13MAT309,reais,3.472656
EM13MAT309,redond,5.669881
EM13MAT309,revest,5.669881
EM13MAT309,sejam,4.976734
EM13MAT309,solido,4.060443
EM13MAT309,totais,5.669881
EM13MAT309,volume,3.472656
EM13MAT310,aditiv,4.976734
EM13MAT310,agrupa,3.367296
EM13MAT310,arvore,4.976734
EM13MAT310,contag,3.271986
EM13MAT310,diagra,4.571269
EM13MAT310,elemen,2.674149
EM13MAT310,multip,2.235894
EM13MAT310,ordena,2.451005
EM13MAT310,princi,3.590439
EM13MAT310,recorr,4.283587
EM13MAT311,aleato,3.367296
EM13MAT311,amostr,3.030824
EM13MAT311,calcul,1.662548
EM13MAT311,contag,3.271986
EM13MAT311,envolv,2.897292
EM13MAT311,espaco,3.184974
EM13MAT311,evento,2.897292
EM13MAT311,possib,5.669881
EM13MAT311,probab,3.472656
EM13MAT311,realiz,3.878121
EM13MAT312,aleato,3.367296
EM13MAT312,calcul,1.662548
EM13MAT312,envolv,2.897292
EM13MAT312,evento,2.897292
EM13MAT312,experi,3.723971
EM13MAT312,probab,3.472656
EM13MAT312,sucess,4.283587
EM13MAT313,acompa,5.669881
EM13MAT313,algari,4.571269
EM13MAT313,cienti,4.283587
EM13MAT313,compre,3.271986
EM13MAT313,duvido,5.669881
EM13MAT313,erro,5.669881
EM13MAT313,expres,2.491827
EM13MAT313,inevit,5.669881
EM13MAT313,medida,1.542747
EM13MAT313,necess,3.271986
EM13MAT313,nocoes,4.060443
EM13MAT313,notaca,4.571269
EM13MAT313,reconh,2.302585
EM13MAT313,signif,4.283587
EM13MAT314,demogr,4.976734
EM13MAT314,densid,4.976734
EM13MAT314,determ,2.625358
EM13MAT314,eletri,5.669881
EM13MAT314,energi,5.669881
EM13MAT314,envolv,2.897292
EM13MAT314,grande,2.578838
EM13MAT314,produt,4.571269
EM13MAT314,razao,3.271986
EM13MAT314,veloci,4.571269
EM13MAT315,algori,2.836668
EM13MAT315,fluxog,3.184974
EM13MAT315,possiv,3.271986
EM13MAT315,regist,2.779509
EM13MAT315,resolv,5.669881
EM13MAT316,amplit,3.878121
EM13MAT316,calcul,1.662548
EM13MAT316,centra,3.590439
EM13MAT316,desvio,4.976734
EM13MAT316,disper,4.571269
EM13MAT316,envolv,2.897292
EM13MAT316,interp,2.897292
EM13MAT316,media,4.571269
EM13MAT316,median,4.976734
EM13MAT316,medida,1.542747
EM13MAT316,moda,4.976734
EM13MAT316,padrao,4.283587
EM13MAT316,tenden,3.723971
EM13MAT316,varian,5.669881
EM13MAT401,algebr,2.779509
EM13MAT401,aplica,3.184974
EM13MAT401,cartes,2.897292
EM13MAT401,casos,4.571269
EM13MAT401,compor,4.283587
EM13MAT401,conver,4.060443
EM13MAT401,dinami,3.590439
EM13MAT401,distin,4.976734
EM13MAT401,funcoe,3.030824
EM13MAT401,geomet,2.173373
EM13MAT401,grau,3.271986
EM13MAT401,plano,2.725442
EM13MAT401,polino,3.472656
EM13MAT401,propor,2.897292
EM13MAT401,recorr,4.283587
EM13MAT401,repres,1.575536
EM13MAT401,softwa,3.104932
EM13MAT402,algebr,2.779509
EM13MAT402,aplica,3.184974
EM13MAT402,cartes,2.897292
EM13MAT402,casos,4.571269
EM13MAT402,conver,4.060443
EM13MAT402,dinami,3.590439
EM13MAT402,direta,3.590439
EM13MAT402,distin,4.976734
EM13MAT402,for,4.283587
EM13MAT402,funcoe,3.030824
EM13MAT402,geomet,2.173373
EM13MAT402,grau,3.271986
EM13MAT402,materi,3.367296
EM13MAT402,plano,2.725442
EM13MAT402,polino,3.472656
EM13MAT402,propor,2.897292
EM13MAT402,quadra,3.104932
EM13MAT402,recorr,4.283587
EM13MAT402,repres,1.575536
EM13MAT402,softwa,3.104932
EM13MAT402,variav,3.030824
EM13MAT403,caract,2.625358
EM13MAT403,cartes,2.897292
EM13MAT403,cresci,4.571269
EM13MAT403,domini,4.283587
EM13MAT403,expone,4.283587
EM13MAT403,expres,2.491827
EM13MAT403,funcao,3.878121
EM13MAT403,funcoe,3.030824
EM13MAT403,fundam,3.878121
EM13MAT403,imagem,4.571269
EM13MAT403,logari,4.976734
EM13MAT403,plano,2.725442
EM13MAT403,repres,1.575536
EM13MAT403,tabela,2.534387
EM13MAT404,agua,5.669881
EM13MAT404,algebr,2.779509
EM13MAT404,contas,5.669881
EM13MAT404,conver,4.060443
EM13MAT404,cresci,4.571269
EM13MAT404,decres,4.571269
EM13MAT404,defini,5.669881
EM13MAT404,domini,4.283587
EM13MAT404,essas,4.571269
EM13MAT404,funcoe,3.030824
EM13MAT404,gas,5.669881
EM13MAT404,grafic,2.173373
EM13MAT404,identi,3.030824
EM13MAT404,imagem,4.571269
EM13MAT404,impost,5.669881
EM13MAT404,luz,5.669881
EM13MAT404,renda,5.669881
EM13MAT404,repres,1.575536
EM13MAT404,senten,4.060443
EM13MAT404,tabela,2.534387
EM13MAT404,valida,5.669881
EM13MAT405,algori,2.836668
EM13MAT405,concei,4.060443
EM13MAT405,corren,5.669881
EM13MAT405,escrit,2.491827
EM13MAT405,implem,5.669881
EM13MAT405,inicia,5.669881
EM13MAT405,lingua,3.472656
EM13MAT405,matema,3.472656
EM13MAT405,progra,5.669881
EM13MAT406,algebr,2.779509
EM13MAT406,amostr,3.030824
EM13MAT406,base,3.590439
EM13MAT406,dados,2.411784
EM13MAT406,estati,3.878121
EM13MAT406,freque,3.878121
EM13MAT406,geomet,2.173373
EM13MAT406,grafic,2.173373
EM13MAT406,inter,5.669881
EM13MAT406,obtido,5.669881
EM13MAT406,pesqui,2.625358
EM13MAT406,relaci,2.897292
EM13MAT406,softwa,3.104932
EM13MAT406,tabela,2.534387
EM13MAT407,analis,2.836668
EM13MAT407,box,5.669881
EM13MAT407,caixa,5.669881
EM13MAT407,conjun,3.472656
EM13MAT407,dados,2.411784
EM13MAT407,diagra,4.571269
EM13MAT407,eficie,5.669881
EM13MAT407,estati,3.878121
EM13MAT407,folhas,5.669881
EM13MAT407,grafic,2.173373
EM13MAT407,histog,5.669881
EM13MAT407,plot,5.669881
EM13MAT407,ramos,5.669881
EM13MAT407,reconh,2.302585
EM13MAT501,algebr,2.779509
EM13MAT501,cartes,2.897292
EM13MAT501,conjec,4.571269
EM13MAT501,criand,4.976734
EM13MAT501,expres,2.491827
EM13MAT501,funcao,3.878121
EM13MAT501,genera,4.571269
EM13MAT501,grau,3.271986
EM13MAT501,identi,3.030824
EM13MAT501,los,2.897292
EM13MAT501,numero,1.287854
EM13MAT501,padroe,4.283587
EM13MAT501,plano,2.725442
EM13MAT501,polino,3.472656
EM13MAT501,reconh,2.302585
EM13MAT501,repres,1.575536
EM13MAT501,tabela,2.534387
EM13MAT502,algebr,2.779509
EM13MAT502,ax2,4.976734
EM13MAT502,cartes,2.897292
EM13MAT502,conjec,4.571269
EM13MAT502,criand,4.976734
EM13MAT502,expres,2.491827
EM13MAT502,funcao,3.878121
EM13MAT502,genera,4.571269
EM13MAT502,grau,3.271986
EM13MAT502,identi,3.030824
EM13MAT502,los,2.897292
EM13MAT502,numero,1.287854
EM13MAT502,padroe,4.283587
EM13MAT502,plano,2.725442
EM13MAT502,polino,3.472656
EM13MAT502,reconh,2.302585
EM13MAT502,repres,1.575536
EM13MAT502,tabela,2.534387
EM13MAT502,tipo,4.283587
EM13MAT503,cinema,5.669881
EM13MAT503,financ,3.723971
EM13MAT503,funcoe,3.030824
EM13MAT503,matema,3.472656
EM13MAT503,maximo,4.571269
EM13MAT503,minimo,4.976734
EM13MAT503,pontos,2.779509
EM13MAT503,quadra,3.104932
EM13MAT503,superf,4.976734
EM13MAT504,calcul,1.662548
EM13MAT504,cavali,5.669881
EM13MAT504,cilind,3.590439
EM13MAT504,cones,4.283587
EM13MAT504,dessas,5.669881
EM13MAT504,figura,2.173373
EM13MAT504,formul,3.878121
EM13MAT504,medida,1.542747
EM13MAT504,obtenc,4.060443
EM13MAT504,pirami,3.590439
EM13MAT504,princi,3.590439
EM13MAT504,prisma,3.723971
EM13MAT504,proces,4.283587
EM13MAT504,volume,3.472656
EM13MAT505,aplica,3.184974
EM13MAT505,compos,2.836668
EM13MAT505,conjec,4.571269
EM13MAT505,dinami,3.590439
EM13MAT505,genera,4.571269
EM13MAT505,geomet,2.173373
EM13MAT505,ladril,4.976734
EM13MAT505,observ,4.571269
EM13MAT505,padroe,4.283587
EM13MAT505,plano,2.725442
EM13MAT505,podem,3.367296
EM13MAT505,poligo,2.674149
EM13MAT505,respei,4.571269
EM13MAT505,tipos,3.723971
EM13MAT505,utiliz,2.725442
EM13MAT506,analis,2.836668
EM13MAT506,area,3.184974
EM13MAT506,classi,2.897292
EM13MAT506,compri,3.184974
EM13MAT506,envolv,2.897292
EM13MAT506,funcoe,3.030824
EM13MAT506,grafic,2.173373
EM13MAT506,lados,3.271986
EM13MAT506,perime,3.878121
EM13MAT506,poligo,2.674149
EM13MAT506,regula,2.725442
EM13MAT506,variac,3.184974
EM13MAT506,variam,5.669881
EM13MAT507,afins,5.669881
EM13MAT507,alguma,4.283587
EM13MAT507,analis,2.836668
EM13MAT507,aritme,5.669881
EM13MAT507,deduca,4.976734
EM13MAT507,discre,4.571269
EM13MAT507,domini,4.283587
EM13MAT507,formul,3.878121
EM13MAT507,funcoe,3.030824
EM13MAT507,progre,4.976734
EM13MAT507,propri,2.961831
EM13MAT507,resolu,3.271986
EM13MAT508,alguma,4.283587
EM13MAT508,analis,2.836668
EM13MAT508,deduca,4.976734
EM13MAT508,discre,4.571269
EM13MAT508,domini,4.283587
EM13MAT508,expone,4.283587
EM13MAT508,formul,3.878121
EM13MAT508,funcoe,3.030824
EM13MAT508,geomet,2.173373
EM13MAT508,progre,4.976734
EM13MAT508,propri,2.961831
EM13MAT508,resolu,3.271986
EM13MAT509,angulo,2.725442
EM13MAT509,areas,3.030824
EM13MAT509,cartog,5.669881
EM13MAT509,cilind,3.590439
EM13MAT509,conica,5.669881
EM13MAT509,deform,5.669881
EM13MAT509,projec,5.669881
EM13MAT509,provoc,5.669881
EM13MAT509,suport,3.590439
EM13MAT509,tecnol,4.571269
EM13MAT509,usadas,4.571269
EM13MAT510,apropr,3.723971
EM13MAT510,compor,4.283587
EM13MAT510,conjun,3.472656
EM13MAT510,conta,4.976734
EM13MAT510,dados,2.411784
EM13MAT510,duas,2.725442
EM13MAT510,inform,3.184974
EM13MAT510,levar,5.669881
EM13MAT510,numeri,2.14352
EM13MAT510,observ,4.571269
EM13MAT510,relati,4.283587
EM13MAT510,reta,2.674149
EM13MAT510,usando,3.590439
EM13MAT510,variac,3.184974
EM13MAT510,variav,3.030824
EM13MAT511,amostr,3.030824
EM13MAT511,calcul,1.662548
EM13MAT511,discre,4.571269
EM13MAT511,equipr,4.571269
EM13MAT511,espaco,3.184974
EM13MAT511,evento,2.897292
EM13MAT511,existe,3.590439
EM13MAT511,implic,5.669881
EM13MAT511,probab,3.472656
EM13MAT511,tipos,3.723971
